Eser Adı,İcracı,Eser Süresi,Yayın Adedi
"Nocturne No. 9 in B Major, Op. 32 No. 1",Frank Levy,00:05:01,19
0002__[No Copyright Music] @ScottBuckley  - Stars In Her Skies [Orchestral]__[HdBYkaOsLaI],,00:04:37,11
0004__[Non Copyrighted Music] @ScottBuckley - Phoenix [Epic]__[4HhM66X978U],,00:06:53,11
0006__[No Copyright Music] Scott Buckley - Sanctum [Epic]__[G_LeTJhjMR8],,00:04:15,11
0007__'Lonesome Journey' by @KeysofMoonMusic  🇺🇸 ｜ Melancholic Piano Music (No Copyright) 🙁__[p5cWMxzzMdA],,00:02:59,11
0010__'Awakening' by @SteffenDaum  🇩🇪 ｜ Epic Piano Music (No Copyright) 🌿__[6lWNCilZo1A],,00:02:25,11
0013__[Non Copyrighted Music] Scott Buckley - World of Magic [Epic]__[0ArLCRFBQrI],,00:01:38,11
0018__🌙 Copyright Free Orchestral Music - ＂Unexplored Moon＂ by @MiguelJohnson  🇺🇸__[1lmgmCmhRSc],,00:05:45,11
0020__😓 Sad Piano Ambient Music (Copyright Free) - ＂Undertow＂ by @ScottBuckley  🇦🇺__[3TKghKSDnEM],,00:04:10,11
0021__🌇 Movie Trailer Music (Copyright Free) - ＂Silhouette of War＂ by Keys Of Moon 🇺🇸__[Lzofxb1vATw],,00:04:07,11
0023__🏛️ Free Classical Music (For Videos) - ＂A Better Future＂ by Miguel Johnson 🇺🇸__[TjX34wmhFC4],,00:02:06,11
0024__🔮 Emotional Fantasy Piano Music (For Videos) - ＂Enchanted＂ by Keys Of Moon 🇺🇸__[HS6lu3NGRJY],,00:02:43,11
0029__😲 Dramatic Emotional Background Music (For Videos) - ＂This Too Shall Pass＂ by Scott Buckley 🇦🇺__[LlU2X2AWhho],,00:07:28,11
0040__🏛️ Free Classical & Ambiental Music - ＂Chasing Daylight＂ by Scott Buckley 🇦🇺__[DqR-_OKU4R4],,00:04:34,11
0041__🍬 Free Classical Fantasy Music - ＂Magic＂ by Savfk 🇮🇹 🇬🇧__[X7j3Kfsq56A],,00:03:47,11
0042__📽️ Free Film Orchestral Music - ＂Still A Long Way To Go＂ by Miguel Johnson 🇺🇸__[hxcNFgQ2hJE],,00:04:10,11
0056__Classical & Cinematic (Free Music) - ＂CELESTIAL＂ by @ScottBuckley 🇦🇺 🇸🇪__[8RvCmtaxpic],,00:05:38,11
0057__🧸 Lullaby & Classical (Free Music) - ＂LULLABY WALTZ＂ by @nspiliotis 🇬🇷__[WeWHfalQVx0],,00:02:24,11
0059__❤️‍🔥 Romantic & Piano (Royalty Free Music) - ＂LOVE＂ by Alex Productions 🇮🇹__[cDv_lNZ8VsM],,00:02:41,11
0061__🌳 Classical & Cinematic (Free Music) - ＂IN SEARCH OF SOLITUDE＂ by Scott Buckley 🇦🇺 🇸🇪__[vaKyCkG678c],,00:07:26,11
0062__🌄 Inspiring (Free Music) - ＂WAITING FOR YOU TILL THE END OF WAR＂ by Nikos Spiliotis 🇬🇷__[1dg_Ph7Ru_4],,00:02:40,11
0067__🌑 Dark Ambient (Free Music) - ＂THE LONG DARK＂ by Scott Buckley 🇦🇺__[zwyCdIF9flw],,00:07:20,11
0068__🎺 🎷 Jazz Trio (Free Music) - ＂ORNETTE ORNETTE＂ by Justin Allan Arnold 🇺🇸__[Jy7BEPFyB8o],,00:02:00,11
0073__🎶 Classical & Opera (Royalty Free Music) - ＂SEARCH FOR UTOPIA＂ by Nikos Spiliotis 🇬🇷__[KXGkKfPInD0],,00:03:31,11
0074__💫 Elegant & Classical (Royalty Free Music) - ＂SÉRÉNADE À NOTRE-DAME DE PARIS＂ by Amarià 🇫🇷__[CEx40FXzmsU],,00:02:43,11
0077__🫶 (Royalty Free Music) - ＂YOU ALWAYS CARRY THE SUN IN YOUR HANDS FOR ME＂ by Nikos Spiliotis 🇬🇷__[owXIN92v8sY],,00:04:03,11
0083__🎻 Classical (Royalty Free Music) - ＂ANCIENT WALTZ＂ by Nikos Spiliotis 🇬🇷__[cgd00sZ0nCA],,00:03:08,11
0084__🎻 Soundtrack (Royalty Free Music) - ＂BREATHTAKING＂ by Alex Productions 🇮🇹__[n9LX2-zolAc],,00:02:28,11
0085__🎻 Soundtrack (Royalty Free Music) - ＂WITH THESE HANDS＂ by Scott Buckley 🇦🇺__[Ta28no2P3uY],,00:05:06,11
0001__📜 Copyright Free Classical Music - ＂Ephemera＂ by Scott Buckley 🇦🇺__[uz2S8a2r5j8],,00:05:39,10
0003__🕰️ Mystery Music (No Copyright) - ＂Signal To Noise＂ by @ScottBuckley  🇦🇺__[yePye8-D0zs],,00:05:54,10
0005__'The Age Of Wood' by Savfk 🇮🇹 ｜ Cello Music (No Copyright) 🎻__[Q6CRmIXcrxw],,00:04:15,10
0008__[Free Music] @ContextSensitive  - Guardians [Classical]__[CyiF0YctsA8],,00:03:01,10
0009__🗡️ Free EPIC & FANTASY [No Copyright Music] - ＂For Tomorrow＂ by @SavfkMusic__[oh2u7aSxYIU],,00:03:39,10
0011__[Non Copyrighted Music] Scott Buckley - Growing Up [Piano]__[kQSoW1VnkH4],,00:01:56,10
0012__'The Medieval Banquet' by Silvermansound 🇬🇧 ｜ Medieval Music (No Copyright) 🏰__[m8DsRTCtCHI],,00:01:50,10
0014__'Filaments' by @ScottBuckley  🇦🇺 ｜ Sad Ambiental Music (No Copyright) 😔__[taAxpw03dgM],,00:05:40,10
0015__'Omega' by @ScottBuckley  🇦🇺 ｜ Epic Progressive Music (No Copyright) ⛰️__[AHsnHv-wkus],,00:04:06,10
0016__🗼 Copyright Free Inspirational Music - 'The Travelling Symphony' by @SavfkMusic  🇮🇹__[yIF56YN5M_Q],,00:05:01,10
0017__[Non Copyrighted Music] @MiguelJohnson - Good Day To Die [Epic]__[M_k-RQA7lBE],,00:06:06,10
0019__🍀 Celtic Music (Copyright Free) - ＂Towards The Horizon＂ by Alexander Nakarada 🇳🇴__[nFovhPQ_M_k],,00:03:46,10
0022__💃🏻 Romantic Instrumental Music (Free) - ＂Love Waltz＂ by Nikos Spiliotis 🇬🇷__[ZRgDMewQk-c],,00:03:19,10
0025__🛰️ Ambient Space Synth Music (For Videos) - ＂Adrift＂ by Hayden Folker 🇺🇸__[Ifzb0BZyzT0],,00:02:24,10
0026__❄️ Inspiring Cinematic Epic Music (For Videos) - ＂North Edge＂ by Keys Of Moon 🇺🇸__[smWb8dj1Jgs],,00:03:35,10
0027__🎻 Orchestral Classical Baroque Music (For Videos) - ＂The Invention Rooms＂ by Savfk 🇬🇧 🇮🇹__[MDzouLzKAP4],,00:03:33,10
0028__💤 Relaxing Ambient Instrumental Music (For Videos) - ＂Ethereal＂ by Punch Deck__[H4BAEf5V-Yc],,00:03:36,10
0030__🚁 Progressive trailer (Music For Videos) - ＂Infinitum＂ by Broken Elegance 🇫🇮__[NR-do-T_0vM],,00:03:37,10
0031__🎻 Classical Strings & Orchestral (Music For Videos) - ＂Eight Mountains＂ by Savfk 🇮🇹 🇬🇧__[SPOfbFjD9eU],,00:06:04,10
0033__⚗️ Mysterious & Inspiring (Music For Videos) - ＂The Climb＂ by Scott Buckley 🇦🇺__[cHo2qvFLOQo],,00:05:47,10
0034__👨‍🚀 Dramatic Epic & Orchestral (Music For Videos) - ＂Odyssey＂ by Savfk 🇮🇹 🇬🇧__[XuVK1TSTt6c],,00:05:24,10
0035__🤧 Emotional & Inspiring Piano (Music For Videos) - ＂Warm Memories＂ by Keys Of Moon 🇺🇸__[zpZB6kMKxeE],,00:02:07,10
0036__🦋 Beautiful Classical Piano (Music For Videos) - ＂Way To Dream＂ by Keys Of Moon 🇺🇸__[O2UEwitAR0Q],,00:02:00,10
0037__🏞️ Ambient & Classical Piano (Music For Videos) - ＂Horizons＂ by Scott Buckley 🇦🇺__[_D5Dc_BTdrw],,00:04:54,10
0038__🐎 Epic Background Instrumental (Music For Videos) - ＂All The King's Horses＂ by Savfk 🇮🇹 🇬🇧__[yO6EbSZXiSg],,00:04:44,10
0039__🌄 Cinematic Music For Videos - ＂No Matter What Occurs. I Will find You＂ by Nikos Spiliotis 🇬🇷__[Jfx3oxAg8Ak],,00:02:56,10
0043__🤧 Free Emotional Music (For Videos) - ＂fault＂ by @rexlambo 🇷🇺__[B2VmHfxmzFk],,00:01:59,10
0044__💒 Free Wedding Classical Music (For Videos) - ＂Devoted＂ by Hayden Folker 🇺🇸__[ucQrXOq-oGQ],,00:05:42,10
0045__🍃 Free Uplifting Music (For Videos) - ＂Clarion＂ by @ScottBuckley 🇦🇺__[hgn7kasl8Y0],,00:03:15,10
0046__🎭 Free Drama Suspense Music (For Videos) - ＂Sanctuary＂ by @ScottBuckley 🇦🇺 🇸🇪__[g_Chrd10ntA],,00:04:06,10
0047__👸 Free Fantasy Medieval Music (For Videos) - ＂River Dance＂ by @KeysofMoonMusic 🇺🇸 🇷🇺__[64MNNvCTuDU],,00:03:31,10
0048__🐫 Egyptian & Middle Eastern (Royalty Free Music) - ＂The Legend of Narmer＂ by WombatNoisesAudio__[tyFvpDLqRiA],,00:07:03,10
0049__🕕 6 Minutes of EPIC (Free Music) - ＂Goliath＂ by @ScottBuckley 🇦🇺__[zOrXW8kA-EY],,00:06:22,10
0050__🎥 trailer (Free Music) - ＂Myths＂ by Alex Productions 🇮🇹__[ljXdDidDS3g],,00:01:21,10
0051__🏛️ Classical Romantic Piano (Free Music) - ＂AUTUMN SCENE＂ by @KeysofMoonMusic 🇷🇺__[Lv-yOvwQ1_k],,00:02:56,10
0052__👅 Classical & Piano (Free Music) - ＂BITTERSWEET＂ by @PunchDeck 🌎__[HijA3Gr7ZkU],,00:03:30,10
0053__🌄 Inspirational (Royalty Free Music) - ＂PEAKS & VALLEYS＂ by Babak Kazemi 🇮🇷__[oGrWg1gt2_w],,00:03:15,10
0054__🦋 Fantasy & Inspirational (Free Music) - ＂BRING ME THE SKY＂ by @ScottBuckley 🇸🇪 🇦🇺__[6Z8v4lwYWe0],,00:03:53,10
0055__🍂 Trailer & Inspiring (Free Music) - ＂THE INSPIRATION＂ by @KeysofMoonMusic__[hLND7eGPaOc],,00:02:07,10
0058__👼 Hopeful & Angelic (Free Music) - ＂RESOLUTIONS＂ by @ScottBuckley 🇦🇺 🇸🇪__[LEm_RLKKGBQ],,00:05:28,10
0060__🎹 Piano & Classical (Free Music) - ＂ADRIFT AMONG INFINITE STARS＂ by  @Scott Buckley  🇸🇪 🇦🇺__[cJhBx4suhOE],,00:06:46,10
0063__🦌 Soundtrack & Cinematic (Free Music) - ＂LAST AND FIRST LIGHT＂ by Scott Buckley__[IxCj8GNqcrI],,00:07:49,10
0064__👼 Epic Classical (Royalty Free Music) - ＂CELESTIAL＂ by The Cause__[8qDdyHVSHgU],,00:01:28,10
0065__🎄 Christmas (Royalty Free Music) - ＂MAGIC LIGHTS＂ by Keys Of Moon 🇺🇸__[S6ZCv6RwbNU],,00:03:54,10
0066__💗 Sentimental & Piano (Free Music) - ＂YULETIDE＂ by The Piano Says 🇨🇦__[6gA7DDIL7WU],,00:03:11,10
0069__🚬 Detective & Suspense (Free Music) - ＂DETECTIVE GOOFARIAN＂ by Alexander Nakarada 🇳🇴__[b1DPRvLaaTM],,00:01:44,10
0070__🎵 Classical & Symphony (Royalty Free Music) - ＂ANTIGONE＂ by Justin Allan Arnold 🇺🇸__[wXpFhFM-dNs],,00:04:24,10
0071__🎶 Classical & Opera (Royalty Free Music) - ＂THE HUNTRESS＂ by Justin Allan Arnold 🇺🇸__[xctVZJjXP84],,00:02:25,10
0072__🍂 Melancholic & Classical (Royalty Free Music) - ＂THE FISHER KING＂ by Justin Allan Arnold 🇺🇸__[I3b_auyl2YY],,00:03:19,10
0075__🐥 Instrumental & Anime (Royalty Free Music) - ＂ALGOMA＂ by Ross Bugden 🇨🇦__[hQuNrzt7BEY],,00:02:28,10
0076__✨ Orchestral (Royalty Free Music) - ＂SHE LOOKED AT THE STARS HE LOOKED AT HER＂ by Nikos Spiliotis 🇬🇷__[JZFSe4Khsj8],,00:03:21,10
0079__🎹 Classical (Royalty Free Music) - ＂INCREDULITY＂ by Scott Buckley 🇦🇺__[cOcfIHi57Zw],,00:06:14,10
0080__🎹 Piano (Royalty Free Music) - ＂I'M NOT CRYING YOU'RE CRYING＂ by Alexander Nakarada 🇳🇴__[Z2NM5mJV6wM],,00:03:10,10
0081__🌸 Classical (Royalty Free Music) - ＂PENUMBRA＂ by Scott Buckley 🇦🇺__[b93NfVjoDiU],,00:07:30,10
0082__🎻 Classical (Royalty Free Music) - ＂CONVERGENCE＂ by Scott Buckley 🇦🇺__[u-d1G9AhMVc],,00:03:40,10
0032__🌅 Inspirational & Motivational (Music For Videos) - ＂Just Breathe＂ by Nikos Spiliotis 🇬🇷__[ol4Q1tK0z4g],,00:03:03,9
0078__🚀 Cinematic (Royalty Free Music) - ＂THIS TIME IS ALL YOU HAVE＂ by Nikos Spiliotis 🇬🇷__[O7XhwG1RZDE],,00:03:40,9
0002__[No Copyright Music] @ScottBuckley  - Stars In Her Skies [Orchestral]__[HdBYkaOsLaI],,00:04:37,6
0004__[Non Copyrighted Music] @ScottBuckley - Phoenix [Epic]__[4HhM66X978U],,00:06:53,6
0005__'The Age Of Wood' by Savfk 🇮🇹 ｜ Cello Music (No Copyright) 🎻__[Q6CRmIXcrxw],,00:04:15,6
0009__🗡️ Free EPIC & FANTASY [No Copyright Music] - ＂For Tomorrow＂ by @SavfkMusic__[oh2u7aSxYIU],,00:03:39,6
0010__'Awakening' by @SteffenDaum  🇩🇪 ｜ Epic Piano Music (No Copyright) 🌿__[6lWNCilZo1A],,00:02:25,6
0011__[Non Copyrighted Music] Scott Buckley - Growing Up [Piano]__[kQSoW1VnkH4],,00:01:56,6
0012__'The Medieval Banquet' by Silvermansound 🇬🇧 ｜ Medieval Music (No Copyright) 🏰__[m8DsRTCtCHI],,00:01:50,6
0016__🗼 Copyright Free Inspirational Music - 'The Travelling Symphony' by @SavfkMusic  🇮🇹__[yIF56YN5M_Q],,00:05:01,6
0017__[Non Copyrighted Music] @MiguelJohnson - Good Day To Die [Epic]__[M_k-RQA7lBE],,00:06:06,6
0018__🌙 Copyright Free Orchestral Music - ＂Unexplored Moon＂ by @MiguelJohnson  🇺🇸__[1lmgmCmhRSc],,00:05:45,6
0023__🏛️ Free Classical Music (For Videos) - ＂A Better Future＂ by Miguel Johnson 🇺🇸__[TjX34wmhFC4],,00:02:06,6
0024__🔮 Emotional Fantasy Piano Music (For Videos) - ＂Enchanted＂ by Keys Of Moon 🇺🇸__[HS6lu3NGRJY],,00:02:43,6
0025__🛰️ Ambient Space Synth Music (For Videos) - ＂Adrift＂ by Hayden Folker 🇺🇸__[Ifzb0BZyzT0],,00:02:24,6
0027__🎻 Orchestral Classical Baroque Music (For Videos) - ＂The Invention Rooms＂ by Savfk 🇬🇧 🇮🇹__[MDzouLzKAP4],,00:03:33,6
0028__💤 Relaxing Ambient Instrumental Music (For Videos) - ＂Ethereal＂ by Punch Deck__[H4BAEf5V-Yc],,00:03:36,6
0030__🚁 Progressive trailer (Music For Videos) - ＂Infinitum＂ by Broken Elegance 🇫🇮__[NR-do-T_0vM],,00:03:37,6
0031__🎻 Classical Strings & Orchestral (Music For Videos) - ＂Eight Mountains＂ by Savfk 🇮🇹 🇬🇧__[SPOfbFjD9eU],,00:06:04,6
0033__⚗️ Mysterious & Inspiring (Music For Videos) - ＂The Climb＂ by Scott Buckley 🇦🇺__[cHo2qvFLOQo],,00:05:47,6
0034__👨‍🚀 Dramatic Epic & Orchestral (Music For Videos) - ＂Odyssey＂ by Savfk 🇮🇹 🇬🇧__[XuVK1TSTt6c],,00:05:24,6
0035__🤧 Emotional & Inspiring Piano (Music For Videos) - ＂Warm Memories＂ by Keys Of Moon 🇺🇸__[zpZB6kMKxeE],,00:02:07,6
0036__🦋 Beautiful Classical Piano (Music For Videos) - ＂Way To Dream＂ by Keys Of Moon 🇺🇸__[O2UEwitAR0Q],,00:02:00,6
0037__🏞️ Ambient & Classical Piano (Music For Videos) - ＂Horizons＂ by Scott Buckley 🇦🇺__[_D5Dc_BTdrw],,00:04:54,6
0038__🐎 Epic Background Instrumental (Music For Videos) - ＂All The King's Horses＂ by Savfk 🇮🇹 🇬🇧__[yO6EbSZXiSg],,00:04:44,6
0039__🌄 Cinematic Music For Videos - ＂No Matter What Occurs. I Will find You＂ by Nikos Spiliotis 🇬🇷__[Jfx3oxAg8Ak],,00:02:56,6
0040__🏛️ Free Classical & Ambiental Music - ＂Chasing Daylight＂ by Scott Buckley 🇦🇺__[DqR-_OKU4R4],,00:04:34,6
0041__🍬 Free Classical Fantasy Music - ＂Magic＂ by Savfk 🇮🇹 🇬🇧__[X7j3Kfsq56A],,00:03:47,6
0043__🤧 Free Emotional Music (For Videos) - ＂fault＂ by @rexlambo 🇷🇺__[B2VmHfxmzFk],,00:01:59,6
0045__🍃 Free Uplifting Music (For Videos) - ＂Clarion＂ by @ScottBuckley 🇦🇺__[hgn7kasl8Y0],,00:03:15,6
0047__👸 Free Fantasy Medieval Music (For Videos) - ＂River Dance＂ by @KeysofMoonMusic 🇺🇸 🇷🇺__[64MNNvCTuDU],,00:03:31,6
0050__🎥 trailer (Free Music) - ＂Myths＂ by Alex Productions 🇮🇹__[ljXdDidDS3g],,00:01:21,6
0051__🏛️ Classical Romantic Piano (Free Music) - ＂AUTUMN SCENE＂ by @KeysofMoonMusic 🇷🇺__[Lv-yOvwQ1_k],,00:02:56,6
0052__👅 Classical & Piano (Free Music) - ＂BITTERSWEET＂ by @PunchDeck 🌎__[HijA3Gr7ZkU],,00:03:30,6
0054__🦋 Fantasy & Inspirational (Free Music) - ＂BRING ME THE SKY＂ by @ScottBuckley 🇸🇪 🇦🇺__[6Z8v4lwYWe0],,00:03:53,6
0056__Classical & Cinematic (Free Music) - ＂CELESTIAL＂ by @ScottBuckley 🇦🇺 🇸🇪__[8RvCmtaxpic],,00:05:38,6
0057__🧸 Lullaby & Classical (Free Music) - ＂LULLABY WALTZ＂ by @nspiliotis 🇬🇷__[WeWHfalQVx0],,00:02:24,6
0058__👼 Hopeful & Angelic (Free Music) - ＂RESOLUTIONS＂ by @ScottBuckley 🇦🇺 🇸🇪__[LEm_RLKKGBQ],,00:05:28,6
0059__❤️‍🔥 Romantic & Piano (Royalty Free Music) - ＂LOVE＂ by Alex Productions 🇮🇹__[cDv_lNZ8VsM],,00:02:41,6
0064__👼 Epic Classical (Royalty Free Music) - ＂CELESTIAL＂ by The Cause__[8qDdyHVSHgU],,00:01:28,6
0065__🎄 Christmas (Royalty Free Music) - ＂MAGIC LIGHTS＂ by Keys Of Moon 🇺🇸__[S6ZCv6RwbNU],,00:03:54,6
0066__💗 Sentimental & Piano (Free Music) - ＂YULETIDE＂ by The Piano Says 🇨🇦__[6gA7DDIL7WU],,00:03:11,6
0069__🚬 Detective & Suspense (Free Music) - ＂DETECTIVE GOOFARIAN＂ by Alexander Nakarada 🇳🇴__[b1DPRvLaaTM],,00:01:44,6
0070__🎵 Classical & Symphony (Royalty Free Music) - ＂ANTIGONE＂ by Justin Allan Arnold 🇺🇸__[wXpFhFM-dNs],,00:04:24,6
0071__🎶 Classical & Opera (Royalty Free Music) - ＂THE HUNTRESS＂ by Justin Allan Arnold 🇺🇸__[xctVZJjXP84],,00:02:25,6
0073__🎶 Classical & Opera (Royalty Free Music) - ＂SEARCH FOR UTOPIA＂ by Nikos Spiliotis 🇬🇷__[KXGkKfPInD0],,00:03:31,6
0074__💫 Elegant & Classical (Royalty Free Music) - ＂SÉRÉNADE À NOTRE-DAME DE PARIS＂ by Amarià 🇫🇷__[CEx40FXzmsU],,00:02:43,6
0076__✨ Orchestral (Royalty Free Music) - ＂SHE LOOKED AT THE STARS HE LOOKED AT HER＂ by Nikos Spiliotis 🇬🇷__[JZFSe4Khsj8],,00:03:21,6
0078__🚀 Cinematic (Royalty Free Music) - ＂THIS TIME IS ALL YOU HAVE＂ by Nikos Spiliotis 🇬🇷__[O7XhwG1RZDE],,00:03:40,6
0081__🌸 Classical (Royalty Free Music) - ＂PENUMBRA＂ by Scott Buckley 🇦🇺__[b93NfVjoDiU],,00:07:30,6
0082__🎻 Classical (Royalty Free Music) - ＂CONVERGENCE＂ by Scott Buckley 🇦🇺__[u-d1G9AhMVc],,00:03:40,6
0083__🎻 Classical (Royalty Free Music) - ＂ANCIENT WALTZ＂ by Nikos Spiliotis 🇬🇷__[cgd00sZ0nCA],,00:03:08,6
0084__🎻 Soundtrack (Royalty Free Music) - ＂BREATHTAKING＂ by Alex Productions 🇮🇹__[n9LX2-zolAc],,00:02:28,6
0085__🎻 Soundtrack (Royalty Free Music) - ＂WITH THESE HANDS＂ by Scott Buckley 🇦🇺__[Ta28no2P3uY],,00:05:06,6
Ethereal,Punch Deck,00:03:36,6
fault,rexlambo,00:01:59,6
I'M NOT CRYING YOU'RE CRYING,Alexander Nakarada,00:03:10,6
Infinitum,Broken Elegance,00:03:37,6
"Nocturne No. 9 in B Major, Op. 32 No. 1",Frank Levy,00:05:01,6
Omega,Scott Buckley,00:04:06,6
River Dance,Keysof Moon Music,00:03:31,6
THE INSPIRATION,Keysof Moon Music,00:02:07,6
The Invention Rooms,Savfk,00:03:33,6
The Legend of Narmer,WombatNoisesAudio,00:07:03,6
The Travelling Symphony,Savfk Music,00:05:01,6
0001__📜 Copyright Free Classical Music - ＂Ephemera＂ by Scott Buckley 🇦🇺__[uz2S8a2r5j8],,00:05:39,5
0003__🕰️ Mystery Music (No Copyright) - ＂Signal To Noise＂ by @ScottBuckley  🇦🇺__[yePye8-D0zs],,00:05:54,5
0006__[No Copyright Music] Scott Buckley - Sanctum [Epic]__[G_LeTJhjMR8],,00:04:15,5
0007__'Lonesome Journey' by @KeysofMoonMusic  🇺🇸 ｜ Melancholic Piano Music (No Copyright) 🙁__[p5cWMxzzMdA],,00:02:59,5
0008__[Free Music] @ContextSensitive  - Guardians [Classical]__[CyiF0YctsA8],,00:03:01,5
0013__[Non Copyrighted Music] Scott Buckley - World of Magic [Epic]__[0ArLCRFBQrI],,00:01:38,5
0014__'Filaments' by @ScottBuckley  🇦🇺 ｜ Sad Ambiental Music (No Copyright) 😔__[taAxpw03dgM],,00:05:40,5
0015__'Omega' by @ScottBuckley  🇦🇺 ｜ Epic Progressive Music (No Copyright) ⛰️__[AHsnHv-wkus],,00:04:06,5
0019__🍀 Celtic Music (Copyright Free) - ＂Towards The Horizon＂ by Alexander Nakarada 🇳🇴__[nFovhPQ_M_k],,00:03:46,5
0020__😓 Sad Piano Ambient Music (Copyright Free) - ＂Undertow＂ by @ScottBuckley  🇦🇺__[3TKghKSDnEM],,00:04:10,5
0021__🌇 Movie Trailer Music (Copyright Free) - ＂Silhouette of War＂ by Keys Of Moon 🇺🇸__[Lzofxb1vATw],,00:04:07,5
0022__💃🏻 Romantic Instrumental Music (Free) - ＂Love Waltz＂ by Nikos Spiliotis 🇬🇷__[ZRgDMewQk-c],,00:03:19,5
0026__❄️ Inspiring Cinematic Epic Music (For Videos) - ＂North Edge＂ by Keys Of Moon 🇺🇸__[smWb8dj1Jgs],,00:03:35,5
0029__😲 Dramatic Emotional Background Music (For Videos) - ＂This Too Shall Pass＂ by Scott Buckley 🇦🇺__[LlU2X2AWhho],,00:07:28,5
0032__🌅 Inspirational & Motivational (Music For Videos) - ＂Just Breathe＂ by Nikos Spiliotis 🇬🇷__[ol4Q1tK0z4g],,00:03:03,5
0042__📽️ Free Film Orchestral Music - ＂Still A Long Way To Go＂ by Miguel Johnson 🇺🇸__[hxcNFgQ2hJE],,00:04:10,5
0044__💒 Free Wedding Classical Music (For Videos) - ＂Devoted＂ by Hayden Folker 🇺🇸__[ucQrXOq-oGQ],,00:05:42,5
0046__🎭 Free Drama Suspense Music (For Videos) - ＂Sanctuary＂ by @ScottBuckley 🇦🇺 🇸🇪__[g_Chrd10ntA],,00:04:06,5
0048__🐫 Egyptian & Middle Eastern (Royalty Free Music) - ＂The Legend of Narmer＂ by WombatNoisesAudio__[tyFvpDLqRiA],,00:07:03,5
0049__🕕 6 Minutes of EPIC (Free Music) - ＂Goliath＂ by @ScottBuckley 🇦🇺__[zOrXW8kA-EY],,00:06:22,5
0053__🌄 Inspirational (Royalty Free Music) - ＂PEAKS & VALLEYS＂ by Babak Kazemi 🇮🇷__[oGrWg1gt2_w],,00:03:15,5
0055__🍂 Trailer & Inspiring (Free Music) - ＂THE INSPIRATION＂ by @KeysofMoonMusic__[hLND7eGPaOc],,00:02:07,5
0060__🎹 Piano & Classical (Free Music) - ＂ADRIFT AMONG INFINITE STARS＂ by  @Scott Buckley  🇸🇪 🇦🇺__[cJhBx4suhOE],,00:06:46,5
0061__🌳 Classical & Cinematic (Free Music) - ＂IN SEARCH OF SOLITUDE＂ by Scott Buckley 🇦🇺 🇸🇪__[vaKyCkG678c],,00:07:26,5
0062__🌄 Inspiring (Free Music) - ＂WAITING FOR YOU TILL THE END OF WAR＂ by Nikos Spiliotis 🇬🇷__[1dg_Ph7Ru_4],,00:02:40,5
0063__🦌 Soundtrack & Cinematic (Free Music) - ＂LAST AND FIRST LIGHT＂ by Scott Buckley__[IxCj8GNqcrI],,00:07:49,5
0067__🌑 Dark Ambient (Free Music) - ＂THE LONG DARK＂ by Scott Buckley 🇦🇺__[zwyCdIF9flw],,00:07:20,5
0068__🎺 🎷 Jazz Trio (Free Music) - ＂ORNETTE ORNETTE＂ by Justin Allan Arnold 🇺🇸__[Jy7BEPFyB8o],,00:02:00,5
0072__🍂 Melancholic & Classical (Royalty Free Music) - ＂THE FISHER KING＂ by Justin Allan Arnold 🇺🇸__[I3b_auyl2YY],,00:03:19,5
0075__🐥 Instrumental & Anime (Royalty Free Music) - ＂ALGOMA＂ by Ross Bugden 🇨🇦__[hQuNrzt7BEY],,00:02:28,5
0077__🫶 (Royalty Free Music) - ＂YOU ALWAYS CARRY THE SUN IN YOUR HANDS FOR ME＂ by Nikos Spiliotis 🇬🇷__[owXIN92v8sY],,00:04:03,5
0079__🎹 Classical (Royalty Free Music) - ＂INCREDULITY＂ by Scott Buckley 🇦🇺__[cOcfIHi57Zw],,00:06:14,5
0080__🎹 Piano (Royalty Free Music) - ＂I'M NOT CRYING YOU'RE CRYING＂ by Alexander Nakarada 🇳🇴__[Z2NM5mJV6wM],,00:03:10,5
A Better Future,Miguel Johnson,00:02:06,5
Adrift,Hayden Folker,00:02:24,5
ADRIFT AMONG INFINITE STARS,Scott Buckley,00:06:46,5
ALGOMA,Ross Bugden,00:02:28,5
All The King's Horses,Savfk,00:04:44,5
ANCIENT WALTZ,Nikos Spiliotis,00:03:08,5
ANTIGONE,Justin Allan Arnold,00:04:24,5
AUTUMN SCENE,Keysof Moon Music,00:02:56,5
Awakening,Steffen Daum,00:02:25,5
BITTERSWEET,Punch Deck,00:03:30,5
BREATHTAKING,Alex Productions,00:02:28,5
BRING ME THE SKY,Scott Buckley,00:03:53,5
CELESTIAL,Scott Buckley,00:05:38,5
CELESTIAL,The Cause,00:01:28,5
Chasing Daylight,Scott Buckley,00:04:34,5
Clarion,Scott Buckley,00:03:15,5
CONVERGENCE,Scott Buckley,00:03:40,5
DETECTIVE GOOFARIAN,Alexander Nakarada,00:01:44,5
Devoted,Hayden Folker,00:05:42,5
Eight Mountains,Savfk,00:06:04,5
Filaments,Scott Buckley,00:05:40,5
For Tomorrow,Savfk Music,00:03:39,5
Goliath,Scott Buckley,00:06:22,5
Good Day To Die,Miguel Johnson,00:06:06,5
Growing Up,Scott Buckley,00:01:56,5
Guardians,Context Sensitive,00:03:01,5
Horizons,Scott Buckley,00:04:54,5
IN SEARCH OF SOLITUDE,Scott Buckley,00:07:26,5
INCREDULITY,Scott Buckley,00:06:14,5
Just Breathe,Nikos Spiliotis,00:03:03,5
LAST AND FIRST LIGHT,Scott Buckley,00:07:49,5
Lonesome Journey,Keysof Moon Music,00:02:59,5
LOVE,Alex Productions,00:02:41,5
Love Waltz,Nikos Spiliotis,00:03:19,5
LULLABY WALTZ,nspiliotis,00:02:24,5
Magic,Savfk,00:03:47,5
MAGIC LIGHTS,Keys Of Moon,00:03:54,5
Myths,Alex Productions,00:01:21,5
No Matter What Occurs. I Will find You,Nikos Spiliotis,00:02:56,5
North Edge,Keys Of Moon,00:03:35,5
Odyssey,Savfk,00:05:24,5
ORNETTE ORNETTE,Justin Allan Arnold,00:02:00,5
PEAKS & VALLEYS,Babak Kazemi,00:03:15,5
PENUMBRA,Scott Buckley,00:07:30,5
Phoenix,Scott Buckley,00:06:53,5
RESOLUTIONS,Scott Buckley,00:05:28,5
Sanctuary,Scott Buckley,00:04:06,5
Sanctum,Scott Buckley,00:04:15,5
SEARCH FOR UTOPIA,Nikos Spiliotis,00:03:31,5
SHE LOOKED AT THE STARS HE LOOKED AT HER,Nikos Spiliotis,00:03:21,5
Silhouette of War,Keys Of Moon,00:04:07,5
Still A Long Way To Go,Miguel Johnson,00:04:10,5
SÉRÉNADE À NOTRE-DAME DE PARIS,Amarià,00:02:43,5
The Age Of Wood,Savfk,00:04:15,5
The Climb,Scott Buckley,00:05:47,5
THE FISHER KING,Justin Allan Arnold,00:03:19,5
THE HUNTRESS,Justin Allan Arnold,00:02:25,5
THE LONG DARK,Scott Buckley,00:07:20,5
The Medieval Banquet,Silvermansound,00:01:50,5
THIS TIME IS ALL YOU HAVE,Nikos Spiliotis,00:03:40,5
This Too Shall Pass,Scott Buckley,00:07:28,5
Towards The Horizon,Alexander Nakarada,00:03:46,5
Undertow,Scott Buckley,00:04:10,5
Unexplored Moon,Miguel Johnson,00:05:45,5
WAITING FOR YOU TILL THE END OF WAR,Nikos Spiliotis,00:02:40,5
Warm Memories,Keys Of Moon,00:02:07,5
Way To Dream,Keys Of Moon,00:02:00,5
WITH THESE HANDS,Scott Buckley,00:05:06,5
World of Magic,Scott Buckley,00:01:38,5
YOU ALWAYS CARRY THE SUN IN YOUR HANDS FOR ME,Nikos Spiliotis,00:04:03,5
YULETIDE,The Piano Says,00:03:11,5
Enchanted,Keys Of Moon,00:02:43,4
Ephemera,Scott Buckley,00:05:39,4
Signal To Noise,Scott Buckley,00:05:54,4
Stars In Her Skies,Scott Buckley,00:04:37,4
"11 Bagatelles for Piano, op. 119 no. 2 in C major: Andante con moto",Ludwig van Beethoven,00:00:57,3
"11 Danses, WoO 17 No.8 Landler",Ludwig van Beethoven,00:01:15,3
"11 Danses, WoO 17 No.9 Menuett",Ludwig van Beethoven,00:02:24,3
"13 Preludes, op. 32 no. 10 in B minor",Sergei Rachmaninoff,00:05:15,3
"13 Preludes, Op. 32, No. 10 in B Minor: Lento",Сергей Васильевич Рахманинов,00:07:27,3
"13 Preludes, Op. 32, No. 12 in G-sharp Minor. Allegro",Сергей Васильевич Рахманинов,00:02:20,3
"13 Preludes, Op. 32, No. 2 in B-flat Minor: Allegretto",Сергей Васильевич Рахманинов,00:04:10,3
"13 Preludes, Op. 32, No. 8 in A Minor: Vivo",Сергей Васильевич Рахманинов,00:01:46,3
"13 Preludes, Op. 32, No. 9 in A Major: Allegro Moderato",Сергей Васильевич Рахманинов,00:03:01,3
"20 Irish Songs, WoO 153 no. 1 “When eve’s last rays in twilight die”",Ludwig van Beethoven,00:03:20,3
"20 Irish Songs, WoO 153 no. 15 “’Tis but in vain, for nothing thrives”",Ludwig van Beethoven,00:04:12,3
"20 Irish Songs, WoO 153 no. 20 “Thy ship must sail, my Henry dear”",Ludwig van Beethoven,00:02:47,3
"20 Irish Songs, WoO 153 no. 5 “I dream’d I lay where flow’rs were springing”",Ludwig van Beethoven,00:02:40,3
"20 Irish Songs, WoO 153 no. 9 “The kiss, dear maid, thy lip has left”",Ludwig van Beethoven,00:03:01,3
"25 Irish Songs, WoO 152 no. 17 “In vain to this desert my fate I deplore”",Ludwig van Beethoven,00:03:31,3
"25 Scottish Songs, op. 108 no. 16 “Could this ill world have been contriv’d”",Ludwig van Beethoven,00:02:40,3
"3 Duos for Clarinet and Bassoon, WoO 27 No. 1 in C major: I. Allegro comodo",Ludwig van Beethoven,00:03:17,3
"3 Duos for Clarinet and Bassoon, WoO 27 No. 1 in C major: II. Larghetto sostenuto",Ludwig van Beethoven,00:02:22,3
"3 Duos for Clarinet and Bassoon, WoO 27 No. 2 in F major: I. Allegro affettuoso",Ludwig van Beethoven,00:03:51,3
"3 Duos for Clarinet and Bassoon, WoO 27 No. 3 in B-flat major: I. Allegro sostenuto",Ludwig van Beethoven,00:04:06,3
90歳の少女,久石譲,00:01:01,3
90歳の少女,久石譲,00:01:01,3
A New Year,Scott Andrew,00:04:32,3
"Ach Gott, vom Himmel sieh darein, BWV 741",Johann Sebastian Bach,00:06:21,3
Adagio in G minor,Tomaso Giovanni Albinoni,00:06:58,3
Adrift Among Infinite Stars,Scott Buckley,00:06:46,3
"Allein Gott in der Höh sei Ehr, BWV 676",Johann Sebastian Bach,00:04:47,3
Allein Gott inder Höh' sei Ehr' BWV 260,Johann Sebastian Bach,00:00:51,3
"Allein zu dir, Herr Jesu Christ, BWV 1100",Johann Sebastian Bach,00:02:30,3
Als Jesus Christus in der Nacht BWV 265,Johann Sebastian Bach,00:01:29,3
amour,Jean‐Michel Blais,00:04:38,3
"Angel vopiyashe, op. 22 no. 18",Pavel Chesnokov,00:03:37,3
Any Other Name,Johannes Bornlöf,00:04:04,3
"Argippo, RV 697: Se lento ancora il fulmine",Romina Basso,00:03:55,3
"Aus tiefer Not schrei ich zu dir, BWV 686",Johann Sebastian Bach,00:06:14,3
Ave Maria (after J.S. Bach),Charles‐François Gounod,00:02:34,3
Ave María - Upright Piano,Sigvaldi Kaldalóns arr. Víkingur Ólafsson,00:03:36,3
"Bagatelle for Piano, op. 126 no. 1 in G major: Andante con moto cantabile e compiacevole",Ludwig van Beethoven,00:03:56,3
"Bagatelle in A minor, WoO 59 ""Für Elise""",Ludwig van Beethoven,00:03:16,3
"Bagatelle in C minor, WoO 52: Presto",Ludwig van Beethoven,00:03:58,3
Bambaló,Gabríel Ólafs & Steiney Sigurðardóttir,00:02:41,3
"Bassoon Concerto in A minor, RV 497: II. Andante molto",Antonio Vivaldi,00:03:26,3
"Bassoon Concerto in A minor, RV 497: III. Allegro",Antonio Vivaldi,00:02:39,3
"Bassoon Concerto in B-flat major, RV 501 (La notte): I. Largo",Antonio Vivaldi,00:01:53,3
"Bassoon Concerto in B-flat major, RV 501 (La notte): II. ""I Fantamil"", Presto",Antonio Vivaldi,00:01:47,3
"Bassoon Concerto in B-flat major, RV 501 (La notte): III. ""Il Sonno"", Andante molto",Antonio Vivaldi,00:02:26,3
"Bassoon Concerto in B-flat major, RV 501 (La notte): III. ""Il Sonno"", Andante molto",Antonio Vivaldi,00:02:26,3
"Bassoon Concerto in F major, RV 488: I. Allegro non molto",Antonio Vivaldi,00:02:58,3
"Bassoon Concerto in F major, RV 488: I. Allegro non molto",Antonio Vivaldi,00:02:58,3
"Bassoon Concerto in F major, RV 488: III. Allegro",Antonio Vivaldi,00:02:26,3
Befiehl du deine Wege BWV 272,Johann Sebastian Bach,00:01:04,3
"Berceuse in D-flat Major, Op. 57",Frédéric Chopin,00:04:28,3
Bring Me The Sky,Scott Buckley,00:03:53,3
"Bundeslied, Op. 122",Ludwig van Beethoven,00:04:05,3
"BWV 29: Wir danken dir, Gott: Sinfonia",Johann Sebastian Bach,00:03:21,3
"BWV 53: ""Schlage Doch, Gewünschte Stunde""",Johann Sebastian Bach,00:08:09,3
"BWV 60 Choral: Es ist genung; Herr, wenn es dir gefallt",Johann Sebastian Bach,00:01:27,3
BWV 995 (after BWV 1011) Gigue,Johann Sebastian Bach,00:02:35,3
BWV 995 (after BWV 1011) Sarabande,Johann Sebastian Bach,00:03:03,3
"Cantata BWV 9: Recitativo (B) ""Doch Mußte Das Gesetz Erfüllet Werden""",Johann Sebastian Bach,00:01:17,3
"Cantata, BWV 122 ""Das neugeborne Kindelein"": IV. Terzetto con Choral",Johann Sebastian Bach,00:02:44,3
"Cantata, BWV 122 ""Das neugeborne Kindelein"": V. Recitativo",Johann Sebastian Bach,00:01:28,3
"Cantata, BWV 91 ""Gelobt seist Du, Jesu Christ"": II. Recitativo E Choral",Johann Sebastian Bach,00:02:13,3
"Cantata, RV 684 “Cessate, omai cessate”: I. “Cessate”",Antonio Vivaldi,00:01:59,3
"Cantata, RV 684 “Cessate, omai cessate”: I. “Cessate”",Antonio Vivaldi,00:01:59,3
Carmen Suite no. 2: Habanera,Georges Bizet,00:02:13,3
Cavatina,Stanley Myers,00:04:00,3
Cavatina,Stanley Myers,00:04:00,3
"Cessate, omai cessate, RV 684: II. Aria: ""Ah, Ch’infelice Sempre""",Antonio Vivaldi,00:05:17,3
Chansons érotiques: Vivons folâtres,Olivier Kaspar,00:02:50,3
Chasing Rainbows,Anne Dudley,00:02:31,3
"Choralsatz, BWV 1084 “O hilf Christe, Gottes Sohn”",Johann Sebastian Bach,00:01:10,3
"Choralsatz, BWV 333 “Herr Jesu Christ, du hast bereit’”",Johann Sebastian Bach,00:01:07,3
"Choralsatz, BWV 368 “In dulci jubilo”",Johann Sebastian Bach,00:02:18,3
"Choralsatz, BWV 407 “O wir armen Sünder”",Johann Sebastian Bach,00:01:37,3
"Choralsatz, BWV 414 “Uns ist ein Kindlein heut geborn”",Johann Sebastian Bach,00:00:54,3
Christ ist serstanden BWV 276,Johann Sebastian Bach,00:01:49,3
"Christ lag in Todes Banden, BWV 718",Johann Sebastian Bach,00:04:58,3
"Christ, unser Herr, zum Jordan kam, BWV 684",Johann Sebastian Bach,00:04:26,3
"Christe, aller Welt Trost, BWV 670",Johann Sebastian Bach,00:04:52,3
"Christe, der du bist Tag und Licht BWV 274",Johann Sebastian Bach,00:01:06,3
"Christus, der ist mein Leben BWV 282",Johann Sebastian Bach,00:00:43,3
"Christus, der uns selig macht, BWV 747",Johann Sebastian Bach,00:04:32,3
"Chromatische Fantasie und Fuge d‐Moll, BWV 903: II. Fuga",Johann Sebastian Bach,00:05:06,3
"Clavier‐büchlein für Anna Magdalena Bach 1725: Aria di Giovannini “Willst du dein Herz mir schenken”, BWV 518",Johann Sebastian Bach,00:02:23,3
Close to Evil,Mikko Tarmia,00:01:52,3
"Concerto A‐Dur, BWV 1055: I. Allegro",Johann Sebastian Bach,00:04:05,3
"Concerto A‐Dur, BWV 1055: II. Larghetto",Johann Sebastian Bach,00:04:55,3
"Concerto A‐Dur, BWV 1055: III. Allegro ma non tanto",Johann Sebastian Bach,00:04:18,3
"Concerto BWV 1044 en la mineur, Allegro",Johann Sebastian Bach,00:08:21,3
"Concerto C‐Dur, BWV 976: III. Allegro",Johann Sebastian Bach,00:03:29,3
"Concerto c‐Moll, BWV 1062: I. (ohne Bezeichnung)",Johann Sebastian Bach,00:03:37,3
"Concerto D‐Dur, BWV 1054: II. Adagio e piano sempre",Johann Sebastian Bach,00:05:45,3
"Concerto D‐Dur, BWV 972: III. Allegro",Johann Sebastian Bach,00:02:44,3
"Concerto d‐Moll, BWV 1052: III. Allegro",Johann Sebastian Bach,00:07:08,3
"Concerto d‐Moll, BWV 974: II. Adagio",Johann Sebastian Bach,00:03:30,3
"Concerto en ré mineur F.III/24, RV 405 : II. Adagio",Antonio Vivaldi,00:02:59,3
"Concerto en ré mineur F.III/24, RV 405 : II. Adagio",Antonio Vivaldi,00:02:59,3
"Concerto en si bémol majeur F.III/25, RV 423 : III. Allegro",Antonio Vivaldi,00:03:40,3
"Concerto for Violin & Orchestra in E Minor, op. 64: II. Andante",Felix Mendelssohn,00:08:00,3
"Concerto for Violin, Cello and Orchestra in A minor, Op. 102: II. Andante",Johannes Brahms,00:08:24,3
"Concerto F‐Dur, BWV 1057: II. Andante",Johann Sebastian Bach,00:03:02,3
"Concerto F‐Dur, BWV 978: III. Allegro",Johann Sebastian Bach,00:02:47,3
"Concerto g‐Moll, BWV 1058: II. Andante",Johann Sebastian Bach,00:05:40,3
"Concerto g‐Moll, BWV 1058: III. Allegro assai",Johann Sebastian Bach,00:03:43,3
"Concerto g‐Moll, BWV 975: II. Largo",Johann Sebastian Bach,00:03:32,3
"Concerto in C minor, op. 6 no. 3: V. Allegro",Arcangelo Corelli,00:02:29,3
"Concerto in C minor, op. 6 no. 3: V. Allegro",Arcangelo Corelli,00:02:29,3
"Concerto in D minor, BWV 1052R: I. Allegro",Johann Sebastian Bach,00:07:10,3
"Concerto in G Minor for Violin and Strings, BWV 1056R: II. Arioso: Largo",Johann Sebastian Bach,00:03:15,3
"Concerto in G minor, BWV 1056R: II. Largo",Johann Sebastian Bach,00:02:50,3
"Concerto No. 4 in Fa minore, RV 297 ""L'inverno"": I. Allegro non molto",Antonio Vivaldi,00:03:31,3
"Concerto No. 4 in Fa minore, RV 297 ""L'inverno"": I. Allegro non molto",Antonio Vivaldi,00:03:31,3
Concerto No. 8 en ré mineur BWV 1059: III. Sinfonia: presto,Johann Sebastian Bach,00:03:18,3
"Concierto para piano n.º 2 en do menor, op. 18: I. Moderato",Sergei Rachmaninov,00:11:36,3
Conclusion in e minor: Allegro - Largo - Allegro D.C.,Georg Philipp Telemann,00:04:40,3
Coppélia: Act I. Valse,Léo Delibes,00:02:23,3
Da der Herr Christ zu Tische sass BWV 285,Johann Sebastian Bach,00:00:52,3
"Daisies, Op. 38 No. 3",Сергей Васильевич Рахманинов,00:02:25,3
"Das Schweigen, WoO 168a (Puzzle canon)",Ludwig van Beethoven,00:01:07,3
Dearly Beloved,下村陽子,00:02:23,3
Dearly Beloved,下村陽子,00:02:23,3
Der du bist drei in Einigkeit BWV 293,Johann Sebastian Bach,00:00:36,3
Devotions (String Quartet No. 3): IV.,Edmund Finnis & Solem Quartet,00:01:59,3
Die Sonn' hat sich mit ihrem Glanz BWV 297,Johann Sebastian Bach,00:00:51,3
"Dies sind die heiligen zehen Gebot, BWV 678",Johann Sebastian Bach,00:04:52,3
Different Trains: III. After the War (Pt. 1),Steve Reich,00:04:45,3
Different Trains: III. After the War (Pt. 1),Steve Reich,00:04:45,3
"Dir, dir, Jehova, will ich singen BWV 299",Johann Sebastian Bach,00:00:49,3
Divertimento K131,Kevin MacLeod,00:02:02,3
Du grosser Schmerzensmann BWV 300,Johann Sebastian Bach,00:01:01,3
"Duet: ""Ne' giorni tuoi felici"" WoO 93",Ludwig van Beethoven,00:08:05,3
"Egmont, op. 84: Overture",Ludwig van Beethoven,00:07:58,3
Ein' feste Burg ist unser Gott BWV 302,Johann Sebastian Bach,00:00:55,3
"Einige canonische Veränderungen über das Weihnachtslied Vom Himmel hoch, da komm ich her, BWV 769a: IV. Canon alla Settima (Variatio 4)",Johann Sebastian Bach,00:03:00,3
Eldur,Jórunn Viðar,00:09:14,3
"English Suite no. 4 in F major, BWV 809: VI. Menuet II",Johann Sebastian Bach,00:01:31,3
"Erbarm dich mein, o Herre Gott, BWV 721",Johann Sebastian Bach,00:03:56,3
Es spricht der Unweisen Mund wohl BWV 308,Johann Sebastian Bach,00:00:55,3
Es woll' uns Gott genädig sein BWV 312,Johann Sebastian Bach,00:01:40,3
Experience (Kizomba Remix 2015 by Mestah),Ludovico Einaudi,00:04:31,3
"Fantasia in c, BWV 1121",Johann Sebastian Bach,00:02:59,3
"Fantasia super: Christ lag in Todesbanden, BWV 695",Johann Sebastian Bach,00:02:59,3
"Fantasia und Fuge in B‐Dur, BWV 907: I. Fantasia",Johann Sebastian Bach,00:01:51,3
"Fantasia und Fuge in B‐Dur, BWV 907: II. Fughetta",Johann Sebastian Bach,00:02:23,3
"Fantasie und Fuge (fragment) c‐Moll, BWV 562: II. Fuge",Johann Sebastian Bach,00:02:25,3
"Fantasie und Fuge a‐Moll, BWV 904: II. Fuge",Johann Sebastian Bach,00:05:49,3
"Fantasie und Fuge a‐Moll, BWV 944: II. Fuga",Johann Sebastian Bach,00:05:39,3
"Fantasie und Fuge C-moll, BWV 537: II. Fuge",Johann Sebastian Bach,00:04:27,3
"Fantasie und Fuge c‐Moll, BWV 906 (fragment): I. Fantasie",Johann Sebastian Bach,00:05:00,3
"Fantasie und Fuge in g‐Moll, BWV 542: I. Fantasie",Johann Sebastian Bach,00:05:59,3
Fawkes Is Reborn,John Williams,00:03:21,3
Fawkes Is Reborn,John Williams,00:03:21,3
Feed the Birds,Lang Lang,00:04:21,3
"Fidelio, op. 72: Act I. “Hauptmann! Besteigen Sie mit einem Trompeter…”",Ludwig van Beethoven,00:00:23,3
Four Seasons Winter Variation,Antonio Vivaldi,00:01:44,3
"Fuga super Allein Gott in der Höh sei Ehr, BWV 716",Johann Sebastian Bach,00:02:36,3
"Fughetta super Dies sind die heiligen zehen Gebot, BWV 679",Johann Sebastian Bach,00:01:56,3
"Fugue g-Moll, BWV 578",Johann Sebastian Bach,00:03:34,3
Für Elise,Ludwig van Beethoven,00:02:31,3
"Geistliches Lied, BWV 458 “Es ist vollbracht! Vergiß ja nicht dies Wort”",Johann Sebastian Bach,00:02:29,3
"Geistliches Lied, BWV 498 “Selig! wer an Jesum denkt”",Johann Sebastian Bach,00:01:17,3
Gloria RV 589: “Qui sedes ad dexteram Patris” – Allegro,Antonio Vivaldi,00:02:05,3
Gloria RV 589: “Qui sedes ad dexteram Patris” – Allegro,Antonio Vivaldi,00:02:05,3
Goodnight,Danny Norbury,00:03:16,3
Goodnight,Danny Norbury,00:03:16,3
"Gott, durch deine Güte, BWV 724",Johann Sebastian Bach,00:01:43,3
Gramophone,Евгений Дога,00:02:30,3
Gramophone,Евгений Дога,00:02:30,3
Greater Antiphons: I. O Wisdom,Arvo Pärt,00:01:19,3
"Grenadiermarsch, Hess 107",Ludwig van Beethoven,00:04:50,3
Gymnopédie no. 1,Erik Satie,00:03:41,3
"Harpsichord Concerto no. 5 in F minor, BWV 1056: II. Largo",Johann Sebastian Bach,00:02:50,3
"Herr Jesu Christ, dich zu uns wend' BWV 332",Johann Sebastian Bach,00:00:34,3
"Herr Jesu Christ, dich zu uns wend, BWV 749",Johann Sebastian Bach,00:01:01,3
"Herr Jesu Christ, meins Lebens Licht, BWV 750",Johann Sebastian Bach,00:01:02,3
"Herzlich lieb hab' ich dich, o Herr BWV 340",Johann Sebastian Bach,00:01:36,3
"Herzliebster Jesu, was hast du verbrochen, BWV 1093",Johann Sebastian Bach,00:02:49,3
Hungarian Dance no. 5 in G minor,Johannes Brahms,00:02:39,3
Háry János Suite: V. Közjáték (“Intermezzo”),Zoltán Kodály,00:05:00,3
Hébé‐Polka,Isaac Strauss,00:04:16,3
Ich hab' mein' Sach' Gott heimgestellt BWV 351,Johann Sebastian Bach,00:00:46,3
"In dulci jubilo, BWV 729",Johann Sebastian Bach,00:02:11,3
In Search of Solitude,Scott Buckley,00:07:26,3
"Italienisches Konzert F‐Dur, BWV 971: I. (ohne Bezeichnung)",Johann Sebastian Bach,00:03:53,3
"Jesu, der du meine Seele BWV 352",Johann Sebastian Bach,00:01:11,3
"Jesu, der du meine Seele BWV 353",Johann Sebastian Bach,00:01:10,3
"Jesu, der du meine Seele, BWV 752",Johann Sebastian Bach,00:01:37,3
"Jesu, meine Freude, BWV 1105",Johann Sebastian Bach,00:02:14,3
"Jesu, meine Freunde BWV 358",Johann Sebastian Bach,00:01:13,3
"Jesus Christus, unser Heiland, BWV 688",Johann Sebastian Bach,00:03:41,3
"Johannes‐Passion, BWV 245: Teil II no. 28 Choral “Er nahm alles wohl in acht”",Johann Sebastian Bach,00:01:20,3
"Johannes‐Passion, BWV 245: Teil II no. 34 Arioso (Tenor) “Mein Herz, in dem die ganze Welt”",Johann Sebastian Bach,00:00:58,3
"Jupiter, the Bringer of Jollity",Gustav Holst,00:07:51,3
"Kanon zu acht Stimmen, BWV 1072",Johann Sebastian Bach,00:01:50,3
"Kanon zu vier Stimmen und Baß, BWV 1077",Johann Sebastian Bach,00:00:39,3
"Kanon zu zwei Stimmen, BWV 1086",Johann Sebastian Bach,00:00:43,3
"Kantate ""Ach wie flüchtig, ach wie nichtig"", BWV 26: V. Recitativo ""Die höchste Herrlichkeit und Pracht""",Johann Sebastian Bach,00:00:45,3
"Kantate ""Ach wie flüchtig, ach wie nichtig"", BWV 26: VI. Choral ""Ach wie flüchtig, ach wie nichtig""",Johann Sebastian Bach,00:00:51,3
"Kantate, BWV 104 ""Du Hirte Israel, höre"": II. Recitativo (Tenore) ""Der höchste Hüter sorgt für mich""",Johann Sebastian Bach,00:00:44,3
"Kantate, BWV 104 ""Du Hirte Israel, höre"": IV. Recitativo (Basso) ""Ja, dieses Wort ist meiner Seelen Speise""",Johann Sebastian Bach,00:01:00,3
"Kantate, BWV 119 “Preise, Jerusalem, den Herrn”: VIII. Recitativo (Alt) “Zuletzt! Da du uns Herr, zu deinem Volk gesetzt”",Johann Sebastian Bach,00:00:47,3
"Kantate, BWV 126 “Erhalt uns Herr bei deinem Wort”: V. Recitativo (Tenor) “So wird dein Wort und Wahrheit offenbar”",Johann Sebastian Bach,00:01:02,3
"Kantate, BWV 132 “Bereitet die Wege, bereitet die Bahn”: II. Recitativo (Tenor) “Willst du dich Gottes Kind und Christi Bruder nennen”",Johann Sebastian Bach,00:02:29,3
"Kantate, BWV 134 “Ein Herz, das seinen Jesum lebend weiß”: V. Recitativo (Alt, Tenor) “Doch würke selbst den Dank in unserm Munde”",Johann Sebastian Bach,00:02:08,3
"Kantate, BWV 135 “Ach Herr, mich armen Sünder”: II. Recitativo (Tenor) “Ach heile mich, du Arzt der Seelen”",Johann Sebastian Bach,00:01:13,3
"Kantate, BWV 139 “Wohl dem, der sich auf seinen Gott”: V. Recitativo (Sopran) “Ja, trag ich gleich den größten Feind in mir”",Johann Sebastian Bach,00:01:07,3
"Kantate, BWV 14 “Wär Gott nicht mit uns diese Zeit”: I. Coro “Wär Gott nicht mit uns diese Zeit”",Johann Sebastian Bach,00:05:08,3
"Kantate, BWV 14 “Wär Gott nicht mit uns diese Zeit”: II. Aria (Soprano) “Unsre Stärke heißt zu schwach”",Johann Sebastian Bach,00:04:33,3
"Kantate, BWV 144 “Nimm, was dein ist, und gehe hin”: III. Choral “Was Gott tut, das ist wohlgetan”",Johann Sebastian Bach,00:01:03,3
"Kantate, BWV 144 “Nimm, was dein ist, und gehe hin”: V. Aria (Sopran) “Genügsamkeit ist ein Schatz in diesem Leben”",Johann Sebastian Bach,00:02:52,3
"Kantate, BWV 144 “Nimm, was dein ist, und gehe hin”: VI. Choral “Was mein Gott will, das gscheh allzeit”",Johann Sebastian Bach,00:01:25,3
"Kantate, BWV 147 “Herz und Mund und Tat und Leben”: IV. Recitativo (Bass) “Verstockung kann Gewaltige verblenden”",Johann Sebastian Bach,00:01:49,3
"Kantate, BWV 147 “Herz und Mund und Tat und Leben”: VII. Aria (Tenor) “Hilf, Jesu, hilf, daß ich auch dich bekenne”",Johann Sebastian Bach,00:03:04,3
"Kantate, BWV 149 “Man singet mit Freuden vom Sieg”: III. Recitativo (Alt) “Ich fürchte mich vor tausend Feinden nicht”",Johann Sebastian Bach,00:00:47,3
"Kantate, BWV 149 “Man singet mit Freuden vom Sieg”: V. Recitativo (Tenor) “Ich danke dir, mein lieber Gott, dafür”",Johann Sebastian Bach,00:00:47,3
"Kantate, BWV 150 “Nach dir, Herr, verlanget mich”: V. Aria (Terzetto Alt, Tenor, Bass) “Zedern müssen von den Winden”",Johann Sebastian Bach,00:01:23,3
"Kantate, BWV 151 “Süßer Trost, mein Jesus kömmt”: V. Choral “Heut schleußt er wieder auf die Tür”",Johann Sebastian Bach,00:00:40,3
"Kantate, BWV 158 “Der Friede sei mit dir”: II. Aria (Bass) con Choral “Welt, ade, ich bin dein müde”",Johann Sebastian Bach,00:05:50,3
"Kantate, BWV 158 “Der Friede sei mit dir”: IV. Choral “Hier ist das rechte Osterlamm”",Johann Sebastian Bach,00:01:14,3
"Kantate, BWV 16 “Herr Gott, dich loben wir”: I. Coro “Herr Gott, dich loben wir”",Johann Sebastian Bach,00:02:23,3
"Kantate, BWV 16 “Herr Gott, dich loben wir”: III. Aria (Basso) e Coro “Laßt uns jauchzen, lasst uns freuen”",Johann Sebastian Bach,00:03:49,3
"Kantate, BWV 16 “Herr Gott, dich loben wir”: IV. Recitativo (Alto) “Ach treuer Hort”",Johann Sebastian Bach,00:01:49,3
"Kantate, BWV 16 “Herr Gott, dich loben wir”: V. Aria (Tenore) “Geliebter Jesu, du allein sollst meiner Seelen Reichtum sein”",Johann Sebastian Bach,00:06:48,3
"Kantate, BWV 16 “Herr Gott, dich loben wir”: VI. Choral “All solch dein Güt wir preisen”",Johann Sebastian Bach,00:01:20,3
"Kantate, BWV 161 “Komm, du süße Todesstunde”: III. Aria (Tenor) “Mein Verlangen ist, den Heiland zu umfangen”",Johann Sebastian Bach,00:04:49,3
"Kantate, BWV 163 “Nur jedem das Seine”: II. Recitativo (Bass) “Du bist, mein Gott, der Geber aller Gaben”",Johann Sebastian Bach,00:01:38,3
"Kantate, BWV 163 “Nur jedem das Seine”: IV. Recitativo (Sopran, Alt) “Ich wollte dir, o Gott, das Herze”",Johann Sebastian Bach,00:03:07,3
"Kantate, BWV 166 “Wo gehest du hin”: IV. Recitativo (Bass) “Gleichwie die Regenwasser bald verfließen”",Johann Sebastian Bach,00:00:58,3
"Kantate, BWV 166 “Wo gehest du hin”: VI. Choral “Wer weiß, wie nahe mir mein Ende”",Johann Sebastian Bach,00:00:58,3
"Kantate, BWV 17 “Wer Dank opfert, der preiset mich”: Teil II, VI. Recitativo (Basso) “Sieh meinen Willen an”",Johann Sebastian Bach,00:01:31,3
"Kantate, BWV 173 “Erhöhtes Fleisch und Blut”: V. Recitativo (Sopran, Tenor) “Unendlichster, den man doch Vater nennt”",Johann Sebastian Bach,00:01:22,3
"Kantate, BWV 177 “Ich ruf zu dir, Herr Jesu Christ”: I. Coro “Ich ruf zu dir, Herr Jesu Christ”",Johann Sebastian Bach,00:07:17,3
"Kantate, BWV 177 “Ich ruf zu dir, Herr Jesu Christ”: V. Coro “Ich lieg im Streit und widerstreb”",Johann Sebastian Bach,00:01:35,3
"Kantate, BWV 18 “Gleichwie der Regen und Schnee vom Himmel fällt”: I. Sinfonia",Johann Sebastian Bach,00:04:04,3
"Kantate, BWV 18 “Gleichwie der Regen und Schnee vom Himmel fällt”: IV. Aria (Soprano) “Mein Seelenschatz ist Gottes Wort”",Johann Sebastian Bach,00:03:02,3
"Kantate, BWV 18 “Gleichwie der Regen und Schnee vom Himmel fällt”: V. Chorale “Ich bitt, o Gott, aus Herzensgrund”",Johann Sebastian Bach,00:01:16,3
"Kantate, BWV 180 “Schmücke dich, o liebe Seele”: IV. Recitativo (Alt) “Mein Herz fühlt in sich Furcht und Freude”",Johann Sebastian Bach,00:01:30,3
"Kantate, BWV 182 “Himmelskönig, sei willkommen”: VIII. Coro “So lasset uns gehen in Salem der Freuden”",Johann Sebastian Bach,00:05:12,3
"Kantate, BWV 184 “Erwünschtes Freudenlicht”: V. Choral “Herr, ich hoffe je, du werdest die”",Johann Sebastian Bach,00:01:11,3
"Kantate, BWV 186 “Ärgre dich, o Seele, nicht”: II. Recitativo (Bass) “Die Knechtsgestalt, die Not, der Mangel”",Johann Sebastian Bach,00:02:11,3
"Kantate, BWV 186 “Ärgre dich, o Seele, nicht”: IV. Recitativo (Tenor) “Ach, daß ein Christ so sehr”",Johann Sebastian Bach,00:02:18,3
"Kantate, BWV 193 “Ihr Tore zu Zion”: II. Recitativo (Sopran) “Der Hüter Israel entschläft noch schlummert nicht”",Johann Sebastian Bach,00:00:41,3
"Kantate, BWV 194 “Höchsterwünschtes Freudenfest”: IV. Recitativo (Sopran) “Wie könnte dir, du höchstes Angesicht”",Johann Sebastian Bach,00:01:46,3
"Kantate, BWV 195 “Dem Gerechten muß das Licht”: II. Recitativo (Bass) “Dem Freudenlicht gerechter Frommen”",Johann Sebastian Bach,00:01:19,3
"Kantate, BWV 197 “Gott ist unsre Zuversicht”: X. Choral “So wandelt froh auf Gottes Wegen”",Johann Sebastian Bach,00:00:57,3
"Kantate, BWV 20, “O Ewigkeit, du Donnerwort”: Teil I, II. Recitativo (Tenore) “Kein Unglück ist in aller Welt zu finden”",Johann Sebastian Bach,00:01:02,3
"Kantate, BWV 20, “O Ewigkeit, du Donnerwort”: Teil I, IV. Recitativo (Basso) “Gesetzt, es dau’rte der Verdammten Qual”",Johann Sebastian Bach,00:01:39,3
"Kantate, BWV 202 “Weichet nur, betrübte Schatten”: I. Aria (Sopran) “Weichet nur, betrübte Schatten”",Johann Sebastian Bach,00:05:59,3
"Kantate, BWV 202 “Weichet nur, betrübte Schatten”: II. Recitativo (Sopran) “Die Welt wird wieder neu”",Johann Sebastian Bach,00:00:27,3
"Kantate, BWV 202 “Weichet nur, betrübte Schatten”: IV. Recitativo (Sopran) “Drum sucht auch Amor sein Vergnügen”",Johann Sebastian Bach,00:00:34,3
"Kantate, BWV 202 “Weichet nur, betrübte Schatten”: IX. Gavotte (Sopran) “Sehet in Zufriedenheit”",Johann Sebastian Bach,00:01:39,3
"Kantate, BWV 207a “Auf, schmetternde Töne der muntern Trompeten”: X. Marche",Johann Sebastian Bach,00:01:38,3
"Kantate, BWV 23 “Du wahrer Gott und Davids Sohn”: III. Coro “Aller Augen warten, Herr”",Johann Sebastian Bach,00:04:40,3
"Kantate, BWV 25 “Es ist nichts Gesundes an meinem Leibe”: IV. Recitativo (Soprano) “O Jesu, lieber Meister”",Johann Sebastian Bach,00:01:22,3
"Kantate, BWV 25 “Es ist nichts Gesundes an meinem Leibe”: VI. Choral “Ich will alle meine Tage”",Johann Sebastian Bach,00:01:16,3
"Kantate, BWV 3 ""Ach Gott, wie manches Herzeleid"": IV. Recitativo (Tenore) ""Es mag mir Leib und Geist verschmachten""",Johann Sebastian Bach,00:01:16,3
"Kantate, BWV 31 “Der Himmel lacht! die Erde jubilieret”: I. Sonata",Johann Sebastian Bach,00:02:56,3
"Kantate, BWV 38 ""Aus tiefer Not schrei ich zu dir"": II. Récitatif. ""In Jesu Gnade wird allein""",Johann Sebastian Bach,00:00:58,3
"Kantate, BWV 38 ""Aus tiefer Not schrei ich zu dir"": IV. Récitatif. ""Ach! dass mein Glaube noch so schwach""",Johann Sebastian Bach,00:01:31,3
"Kantate, BWV 39 ""Brich dem Hungrigen dein Brot"": Teil I, II. Recitativo (Basso) ""Der reiche Gott wirft seinen Überfluß""",Johann Sebastian Bach,00:01:48,3
"Kantate, BWV 39 ""Brich dem Hungrigen dein Brot"": Teil II, IV. Aria (Basso) ""Wohlzutum und mitzuteilen""",Johann Sebastian Bach,00:03:23,3
"Kantate, BWV 39 ""Brich dem Hungrigen dein Brot"": Teil II, V. Aria (Soprano) ""Höchster, was ich habe""",Johann Sebastian Bach,00:02:45,3
"Kantate, BWV 39 ""Brich dem Hungrigen dein Brot"": Teil II, VII. Choral ""Selig sind, die aus Erbarmen""",Johann Sebastian Bach,00:01:21,3
"Kantate, BWV 4 ""Christ lag in Todesbanden"": VIII. Choral Versus VII ""Wir essen und leben wohl""",Johann Sebastian Bach,00:01:22,3
"Kantate, BWV 40 ""Darzu ist erschienen der Sohn Gottes"": II. Récitatif. ""Das Wort ward Fleisch und wohnt in der Welt""",Johann Sebastian Bach,00:01:40,3
"Kantate, BWV 40 ""Darzu ist erschienen der Sohn Gottes"": III. Choral. ""Die Sünd macht Leid""",Johann Sebastian Bach,00:00:54,3
"Kantate, BWV 41 ""Jesu, nun sei gepreiset"": V. Récitatif. ""Doch weil der Feind bei Tag und Nacht",Johann Sebastian Bach,00:01:00,3
"Kantate, BWV 42 ""Am Abend aber desselbigen Sabbats"": III. Aria (Alto) ""Wo zwei und drei versammlet sind""",Johann Sebastian Bach,00:12:10,3
"Kantate, BWV 42 ""Am Abend aber desselbigen Sabbats"": V. Recitativo (Basso) "" Mann kann hiervon ein schön Exempel sehen""",Johann Sebastian Bach,00:00:54,3
"Kantate, BWV 42 ""Am Abend aber desselbigen Sabbats"": VI. Aria (Basso) ""Jesus ist ein Schild der Steinen""",Johann Sebastian Bach,00:03:27,3
"Kantate, BWV 43 ""Gott fähret auf mit Jauchzen"": Teil I, IV. Recitativo (Soprano) ""Und der Herr, nachdem er mit ihnen geredet hatte""",Johann Sebastian Bach,00:00:31,3
"Kantate, BWV 49 ""Ich geh und suche mit Verlangen"": V. Récitatif. ""Meine Glaube hat mich selbst so angezogen!",Johann Sebastian Bach,00:02:05,3
"Kantate, BWV 57 “Selig ist der Mann”: I. Aria (Basso) “Selig ist der Mann, der die Anfechtung erduldet”",Johann Sebastian Bach,00:04:46,3
"Kantate, BWV 57 “Selig ist der Mann”: VIII. Choral “Richte dich, Liebste, nach meinem Gefallen”",Johann Sebastian Bach,00:01:07,3
"Kantate, BWV 66 “Erfreut euch, ihr Herzen”: III. Aria (Bass) “Lasset dem Höchsten ein Danklied erschallen”",Johann Sebastian Bach,00:07:22,3
"Kantate, BWV 69 “Lobe den Herrn, meine Seele”: IV. Recitativo (Tenor) “Der Herr hat große Ding an uns getan”",Johann Sebastian Bach,00:02:20,3
"Kantate, BWV 70 “Wachet! betet! betet! wachet!”: IX. Recitativo (Bass) “Ach, soll nicht dieser große Tag”",Johann Sebastian Bach,00:02:20,3
"Kantate, BWV 75 “Die Elenden sollen essen”: II. Recitativo (Bass) “Was hilft des Purpurs Majestät”",Johann Sebastian Bach,00:01:07,3
"Kantate, BWV 75 “Die Elenden sollen essen”: VI. Recitativo (Sopran) “Indes schenkt Gott ein gut Gewissen”",Johann Sebastian Bach,00:00:49,3
"Kantate, BWV 75 “Die Elenden sollen essen”: X. Aria (Alt) “Jesus macht mich geistlich reich”",Johann Sebastian Bach,00:02:46,3
"Kantate, BWV 75 “Die Elenden sollen essen”: XIII. Recitativo (Tenor) “O Armut, der kein Reichtum gleicht!”",Johann Sebastian Bach,00:00:45,3
"Kantate, BWV 75 “Die Elenden sollen essen”: XIV. Choral “Was Gott tut, das ist wohlgetan”",Johann Sebastian Bach,00:02:22,3
"Kantate, BWV 78 “Jesu, der du meine Seele”: II. Aria (Duetto Sopran, Alt) “Wir eilen mit schwachen, doch emsigen Schritten”",Johann Sebastian Bach,00:04:38,3
"Kantate, BWV 78 “Jesu, der du meine Seele”: VII. Choral “Herr, ich glaube, hilf mir Schwachen”",Johann Sebastian Bach,00:01:01,3
"Kantate, BWV 85 ""Ich bin ein guter Hirt"": III. Choral ""Der Herr ist mein getreuer Hirt""",Johann Sebastian Bach,00:05:21,3
"Kantate, BWV 85 ""Ich bin ein guter Hirt"": VI. Choral ""Ist Gott mein Schutz und treuer Hirt""",Johann Sebastian Bach,00:01:16,3
"Kantate, BWV 88 “Siehe, ich will viel Fischer aussenden”: VI. Recitativo (Sopran) “Was kann dich denn in deinem Wandel schrecken”",Johann Sebastian Bach,00:01:42,3
"Kantate, BWV 92 “Ich hab in Gottes Herz und Sinn”: II. Choral e Recitativo (Bass) “Es kann mir fehlen nimmermehr”",Johann Sebastian Bach,00:04:01,3
"Kantate, BWV 93, ""Wer nur den lieben Gott läßt walten"": Aria (Duetto) con Choral",Johann Sebastian Bach,00:03:18,3
"Kantate, BWV 94 “Was frag ich nach der Welt”: II. Aria (Bass) “Die Welt ist wie ein Rauch und Schatten”",Johann Sebastian Bach,00:02:14,3
Keinen hat Gott verlassen BWV 369,Johann Sebastian Bach,00:00:58,3
"Komm, Gott Schöpfer, heiliger Geist BWV 370",Johann Sebastian Bach,00:00:34,3
"Kyrie, Gott Vater in Ewigkeit BWV 371",Johann Sebastian Bach,00:03:04,3
L'Arlesienne Suite no. 1: I. Prelude,Georges Bizet,00:06:53,3
Lakmé: Flower Duet,Léo Delibes arr. Émile Naoumoff,00:02:14,3
"Largo, From Cello Concerto in G major",Nicola Porpora,00:03:23,3
"Lauda Jerusalem (psaume 147), RV 609",Antonio Vivaldi,00:06:08,3
"Lauda Jerusalem (psaume 147), RV 609",Antonio Vivaldi,00:06:08,3
"Le nozze di Figaro, K. 492: Sinfonia",Wolfgang Amadeus Mozart,00:03:59,3
"Leonore, Hess 109: Florestans Not im Dunkel tauber Einsamkeit",Ludwig van Beethoven,00:01:21,3
"Leonore, Hess 109: Gefühl ist gut, doch Geld ist besser",Ludwig van Beethoven,00:00:14,3
Les baricades mystérieuses,François Couperin,00:02:44,3
Les tendres plaintes,Jean‐Philippe Rameau,00:02:37,3
"Liebster Jesu, wir sind hier, BWV 754",Johann Sebastian Bach,00:02:56,3
"Lobt Gott, ihr Christen, allzugleich, BWV 732",Johann Sebastian Bach,00:01:29,3
Love Story,Richard Clayderman,00:03:02,3
Lumières,Alexandra Stréliski,00:03:49,3
"Mach's mit mir, Gott, nach deiner Güt' BWV 377",Johann Sebastian Bach,00:00:49,3
"Magnificat, RV 611: VIII. Esurientes",Antonio Vivaldi,00:02:07,3
"Medea Ballet Suite, op. 23: I. Parodos",Samuel Barber,00:03:19,3
"Medea’s Meditation and Dance of Vengeance, Op. 29A",Samuel Barber,00:12:48,3
Meines Lebens letzte Zeit BWV 381,Johann Sebastian Bach,00:01:04,3
Melodiya,Rachmaninoff arr. Arcadi Volodos,00:03:42,3
Memory One,Ludovico Einaudi,00:04:24,3
Merry-Go-Round of Life (from 'Howl's Moving Castle'),久石譲 & ロイヤル・フィルハーモニー管弦楽団,00:02:45,3
"Messa da Requiem: Part II. Dies irae, II. Tuba Mirum",Giuseppe Verdi,00:03:55,3
"Messe A‐Dur, BWV 234: Cum sancto spiritu",Johann Sebastian Bach,00:03:16,3
"Messe A‐Dur, BWV 234: Kyrie eleison",Johann Sebastian Bach,00:06:41,3
"Messe A‐Dur, BWV 234: Quoniam tu solus sanctus",Johann Sebastian Bach,00:03:26,3
"Messe F‐Dur, BWV 233: Domine Deus",Johann Sebastian Bach,00:03:18,3
"Messe F‐Dur, BWV 233: Gloria in excelsis Deo",Johann Sebastian Bach,00:05:20,3
"Messe F‐Dur, BWV 233: Kyrie eleison",Johann Sebastian Bach,00:03:43,3
"Messe F‐Dur, BWV 233: Qui tollis peccata mundi",Johann Sebastian Bach,00:04:52,3
"Messe F‐Dur, BWV 233: Quoniam tu solus sanctus",Johann Sebastian Bach,00:03:54,3
"Messe G‐Dur, BWV 236: Quoniam tu solus sanctus",Johann Sebastian Bach,00:04:16,3
Mi manchi (feat. Kenny G.),Andrea Bocelli,00:03:38,3
Mia & Sebastian’s Theme,Justin Hurwitz,00:03:16,3
Michael Kills Judith,John Carpenter,00:03:11,3
Midsommar,Scott Buckley,00:03:54,3
Missa Faysant regretz: 5c. Agnus Dei III,"Josquin des Prez; The Tallis Scholars, Peter Phillips",00:03:10,3
"Missa pro Defunctis in E-Flat Major, HocJ A1.3: I. Introitus, ""Requiem æternam""",Niccolò Jommelli,00:02:16,3
"Motette, BWV Anh. 159 “Ich lasse dich nicht, du segnest mich denn”",Johann Sebastian Bach,00:05:25,3
"Music, Love and Wine",Ludwig van Beethoven,00:01:56,3
Má Vlast (My Fatherland): Vltava (The Moldau),Bedřich Smetana,00:11:27,3
"Nocturne in F Minor, Op. 55, No. 1",Chad Lawson,00:06:21,3
"Nocturne in F Minor, Op. 55, No. 1",Chad Lawson,00:06:21,3
"Nocturne no. 14 in G major, H. 58",John Field,00:02:34,3
"Nocturne no. 19 in E minor, op. 72, no. 1",Fryderyk Chopin,00:04:02,3
"Nocturne no. 2 in E-flat major, op. 9 no. 2",Frédéric Chopin,00:04:53,3
"Nocturnes, op.9: No.2 in E-Flat Major",Frédéric Chopin,00:04:29,3
Northern Lights,Alexis Ffrench,00:02:56,3
"Nun freut euch, lieben Christen, g'mein, BWV 755",Johann Sebastian Bach,00:02:38,3
"O Ewigkeit, du Donnerwort BWV 397",Johann Sebastian Bach,00:02:35,3
"O Lamm Gottes, unschuldig, BWV 1085",Johann Sebastian Bach,00:02:21,3
"Oboe Concerto in C major, K. 314: I. Allegro aperto",Wolfgang Amadeus Mozart,00:07:29,3
"On the Beautiful Blue Danube, op. 314",Johann Strauss II,00:05:51,3
On the Nature of Daylight,Max Richter,00:06:12,3
"Orchestersuite no. 1 C‐dur, BWV 1066: VII. Passepied I - alternativement Passepied II",Johann Sebastian Bach,00:03:39,3
"Orchestral Suite no. 3 in D major, BWV 1068: II. Air",Johann Sebastian Bach,00:04:14,3
"Orchestral Suite no. 3 in D major, BWV 1068: II. Air",Johann Sebastian Bach,00:04:14,3
Pacific Visions,Kenneth Fuchs,00:08:24,3
"Partita E‐Dur, BWV 1006a: I. Preludio",Johann Sebastian Bach,00:03:39,3
"Partita E‐Dur, BWV 1006a: II. Loure",Johann Sebastian Bach,00:03:29,3
"Partita für Violine no. 1 h‐Moll, BWV 1002: III. Corrente",Johann Sebastian Bach,00:03:37,3
"Partita für Violine no. 1 h‐Moll, BWV 1002: VI. Double",Johann Sebastian Bach,00:01:23,3
"Partita für Violine no. 3 E‐dur, BWV 1006: II. Loure",Johann Sebastian Bach,00:03:35,3
"Partita für Violine no. 3 E‐dur, BWV 1006: VI. Bourrée",Johann Sebastian Bach,00:01:45,3
Partita g‐Moll nach BWV 1004: III. Sarabanda,Johann Sebastian Bach,00:04:03,3
Partita g‐Moll nach BWV 1004: IV. Giga,Johann Sebastian Bach,00:04:06,3
Partita g‐Moll nach BWV 1004: V. Ciaccona,Johann Sebastian Bach,00:12:41,3
"Pavane, op. 50",Gabriel Fauré,00:05:07,3
Piano Concerto in One Movement: Andantino – Allegretto,Florence Price,00:03:35,3
"Piano Concerto no. 1 in A minor, op. 7: I. Allegro maestoso",Clara Wieck-Schumann,00:06:06,3
"Piano Concerto no. 21 in C major, K. 467: II. Andante",Wolfgang Amadeus Mozart,00:07:18,3
"Piano Concerto no. 27 in B-flat major, K. 595: I. Allegro",Wolfgang Amadeus Mozart,00:14:31,3
"Piano Concerto no. 27 in B-flat major, K. 595: I. Allegro",Wolfgang Amadeus Mozart,00:14:31,3
Piano Concerto no.3: III. Rondo. Allegro,Ludwig van Beethoven,00:09:14,3
"Piano Sonata no. 11 in A major, K. 331: III. Rondo. Alla turca",Wolfgang Amadeus Mozart,00:03:25,3
"Piano Sonata No. 14 in C-Sharp Minor, Op. 27 No. 2 ""Moonlight"": I. Adagio sostenuto",Alice Sara Ott,00:05:24,3
"Pomp and Circumstance, op. 39: I. Land of Hope and Glory",Sir Edward Elgar,00:05:46,3
"Poème Lyrique in D-flat major, Op. 12",Glazunov,00:12:16,3
Prelude and Fugue in G minor (BWV 535a)(incomplete),Johann Sebastian Bach,00:05:01,3
"Prelude in C-sharp minor, op. 3, no. 2",Сергей Васильевич Рахманинов,00:04:02,3
"Prelude in E minor, BWV 938",Johann Sebastian Bach,00:01:54,3
Prelude No. 13,Chris Zabriskie,00:01:20,3
Prelude No. 20,Chris Zabriskie,00:00:44,3
"Prelude no. 4 in E minor, op. 28",Fryderyk Chopin,00:02:39,3
"Prelude, Trio and Fugue in B flat major, BWV 545 Anh.II 45: II. Trio",Johann Sebastian Bach,00:05:35,3
"Prelude, Trio and Fugue in B flat major, BWV 545 Anh.II 45: III. Fugue",Johann Sebastian Bach,00:04:47,3
Preludes op. 32 no.2 in B-flat minor: Allegretto,Сергей Васильевич Рахманинов,00:03:08,3
"Preludes, Book 1, L. 117, no. 8: The Girl With the Flaxen Hair",Claude Debussy,00:02:52,3
"Preludes, op. 23: No. 1 in F-sharp minor. Largo",Sergei Rachmaninov,00:02:58,3
"Preludes, op. 23: No. 4 in D major. Andante cantabile",Sergei Rachmaninov,00:04:29,3
"Preludes, op. 23: No. 6 in E-flat major. Andante",Sergei Rachmaninov,00:02:53,3
Pride and Prejudice,Carl Davis,00:03:34,3
Pride and Prejudice,Carl Davis,00:03:34,3
Primo libro d’arie musicali per cantarsi: Aria di Passacaglia. Così mi disprezzate?,Girolamo Frescobaldi,00:02:29,3
Prologue,John Williams,00:02:12,3
"Präludium und Fuge e‐Moll, BWV 548: I. Präludium",Johann Sebastian Bach,00:08:26,3
"Präludium und Fuge e‐Moll, BWV 548: II. Fuge",Johann Sebastian Bach,00:08:47,3
"Präludium, Fuge und Allegro in Es‐Dur, BWV 998: I. Prelude",Johann Sebastian Bach,00:03:54,3
"Präludium, Fuge und Allegro in Es‐Dur, BWV 998: II. Fuga",Johann Sebastian Bach,00:06:09,3
"Quintet for oboe, 3 horns and bassoon in E-flat major, Hess 19: III. Minuetto",Ludwig van Beethoven,00:00:53,3
"Quintet for Strings in C minor, Op. 104: II. Andante cantabile con variazioni",Ludwig van Beethoven,00:08:05,3
"Quodlibet, BWV 524",Johann Sebastian Bach,00:10:08,3
"Radetzky March, op. 228",Johann Strauss I,00:03:06,3
River Flows in You,Yiruma,00:03:31,3
River Flows in You,Yiruma,00:03:31,3
"Romance cantabile for Piano, Flute, and Bassoon accompanied by two Oboes and Strings, Hess 13",Ludwig van Beethoven,00:04:52,3
"Romance in F-sharp major (Einfach), op. 28/2",Robert Schumann,00:03:50,3
"Salve Regina, RV 618",Antonio Vivaldi,00:13:28,3
"Sans frayeur dans ce bois, H. 467",Marc‐Antoine Charpentier,00:03:40,3
"Sarabande in G minor, BWV 839",Johann Sebastian Bach,00:02:09,3
Say Hello to Mr. Akers,Mikko Tarmia,00:00:58,3
"Scene & aria: ""No, non turbati"" WoO 92a",Ludwig van Beethoven,00:06:19,3
"Sei gegrüsset, Jesu gütig BWV 410",Johann Sebastian Bach,00:00:56,3
Sheep May Safely Graze (Arr. by Alexis Ffrench),Alexis Ffrench,00:02:04,3
"Sinfonia in D major, BWV 1045",Johann Sebastian Bach,00:05:36,3
"Sonata d‐Moll, BWV 964: III. Andante",Johann Sebastian Bach,00:04:26,3
"Sonata for Piano No. 14 in C minor, K. 457: II. Adagio",Wolfgang Amadeus Mozart,00:08:07,3
"Sonata for Piano no. 17 in D minor, op. 31 no. 2 “Tempest”: II. Adagio",Ludwig van Beethoven; Herbert Waltl,00:09:38,3
"Sonata for Piano no. 2 in A major, op. 2 no. 2: IV. Rondo. Grazioso",Ludwig van Beethoven,00:06:59,3
"Sonata for Piano no. 3 in B minor, op. 58 B. 155: II. Scherzo. Molto vivace",Chopin,00:02:32,3
"Sonata for Piano no. 3 in C major, op. 2 no. 3: III. Scherzo. Allegro",Ludwig van Beethoven,00:03:19,3
"Sonata for Piano, WoO 47 no. 2 in F minor: I. Larghetto maestoso - Allegro assai",Ludwig van Beethoven,00:04:31,3
"Sonata G‐Dur, BWV 968: III. Largo",Johann Sebastian Bach,00:03:08,3
"Sonata G‐Dur, BWV 968: IV. Allegro assai",Johann Sebastian Bach,00:02:53,3
"Sonata In E Major, K. 206",Domenico Scarlatti,00:09:00,3
"Sonata quasi una fantasia, op. 27 no. 2: I. Adagio sostenuto",Ludwig van Beethoven arr. Paul Cassidy,00:06:44,3
"Sonate A‐Dur, BWV 1015: I.",Johann Sebastian Bach,00:02:26,3
"Sonate A‐Dur, BWV 1015: II. Allegro",Johann Sebastian Bach,00:03:05,3
"Sonate c‐Moll, BWV 1017: IV. Allegro",Johann Sebastian Bach,00:02:19,3
"Sonate für Violine no. 1 g‐Moll, BWV 1001: IV. Presto",Johann Sebastian Bach,00:03:52,3
"Sonate für Violine no. 2 a‐Moll, BWV 1003: II. Fuga",Johann Sebastian Bach,00:08:21,3
"Sonate für Violine no. 3 C‐Dur, BWV 1005: I. Adagio",Johann Sebastian Bach,00:04:48,3
"Sonate für Violine no. 3 C‐Dur, BWV 1005: II. Fuga",Johann Sebastian Bach,00:10:18,3
"Sonate für Violine no. 3 C‐Dur, BWV 1005: IV. Allegro assai",Johann Sebastian Bach,00:05:33,3
"Sonate f‐Moll, BWV 1018: II. Allegro",Johann Sebastian Bach,00:02:17,3
Sonate g-Moll »Teufelstriller-Sonate«,Giuseppe Tartini,00:16:30,3
Sonate g‐Moll »Teufelstriller‐Sonate«,Giuseppe Tartini,00:16:30,3
"Sonate h‐Moll, BWV 1014: II. Allegro",Johann Sebastian Bach,00:02:53,3
"Sonate nr. 6 A‐Dur, op. 30 nr. 1: I. Allegro",Ludwig van Beethoven,00:07:49,3
"Sonate nr. 6 A‐Dur, op. 30 nr. 1: II. Adagio molto espressivo",Ludwig van Beethoven,00:06:43,3
"Sonate nr. 6 A‐Dur, op. 30 nr. 1: III. Allegretto con variazioni (I–VI)",Ludwig van Beethoven,00:07:40,3
"Sonate nr. 7 c‐Moll, op. 30 nr. 2: I. Allegro con brio",Ludwig van Beethoven,00:07:36,3
"Sonate nr. 7 c‐Moll, op. 30 nr. 2: III. Scherzo. Allegro",Ludwig van Beethoven,00:03:36,3
"Sonate nr. 8 G‐Dur, op. 30 nr. 3: III. Allegro vivace",Ludwig van Beethoven,00:03:24,3
Song of the Fisherwomen,"George Gurdjieff, Thomas de Hartmann",00:02:19,3
"Souvenirs (Ballet Suite), op. 28: IV. Two‐Step (Tea in the Palm Court)",Samuel Barber,00:01:49,3
Spring 1,Max Richter,00:02:32,3
St Andrews,Alexis Ffrench,00:03:42,3
"Stabat Mater pour contre-ténor et orchestre en fa mineur, RV 621 : Eja mater",Antonio Vivaldi,00:03:12,3
"Stabat Mater pour contre-ténor et orchestre en fa mineur, RV 621 : Eja mater",Antonio Vivaldi,00:03:12,3
Stars In Her Skies,Scott Buckley,00:04:37,3
"String Quartet No. 14 in D Minor, D. 810, ""Death and the Maiden"": II. Andante con moto",Franz Schubert,00:14:40,3
"String Quintet No. 3 in C Major, K. 515: I. Allegro",Wolfgang Amadeus Mozart,00:14:04,3
Suite E Major BWV 1006a (after BWV 1006) Loure,Johann Sebastian Bach,00:05:19,3
"Suite for String Orchestra No. 3 in D Major, BWV 1068: Air (Arr. for Piano by A. Siloti)",Johann Sebastian Bach,00:04:29,3
"Suite in A minor, BWV 818: II. Courante",Johann Sebastian Bach,00:01:16,3
"Suite in A minor, BWV 818: III. Sarabande simple",Johann Sebastian Bach,00:03:48,3
"Suite in A minor, BWV 818: V. Gigue",Johann Sebastian Bach,00:02:38,3
"Suite in A minor, BWV 818a: I. Prelude",Johann Sebastian Bach,00:02:11,3
"Suite in A minor, BWV 818a: IV. Sarabande",Johann Sebastian Bach,00:03:39,3
"Suite in c‐Moll, BWV 997: IV. Gigue",Johann Sebastian Bach,00:02:47,3
"Suite in c‐Moll, BWV 997: V. Double",Johann Sebastian Bach,00:02:37,3
"Suite in E-flat major, BWV 819: II. Allemande, BWV 819a",Johann Sebastian Bach,00:03:43,3
"Suite in e‐Moll, BWV 996: II. Allemande",Johann Sebastian Bach,00:03:20,3
"Suite in e‐Moll, BWV 996: IV. Sarabande",Johann Sebastian Bach,00:03:43,3
Suite No. 1 C Major BWV 1066: Forlane,Johann Sebastian Bach,00:01:22,3
"Suite No. 1 C‐Dur, BWV 1066: Forlane",Johann Sebastian Bach,00:02:47,3
Suite No. 2 B Minor BWV 1067: Ouverture,Johann Sebastian Bach,00:07:35,3
"Suite no. 2 in F major, HWV 427: I. Adagio",George Frideric Handel,00:02:36,3
"Symphony no. 12 in D minor, op. 112 “The Year 1917”: II. Razliv. Allegro – Adagio",Dmitri Shostakovich,00:14:02,3
"Symphony no. 40 in G minor, K. 550: I. Allegro molto",Wolfgang Amadeus Mozart,00:07:02,3
"Symphony no. 45 in F-sharp minor, Hob. I:45 “Farewell”: I. Allegro assai",Franz Joseph Haydn,00:07:40,3
Symphony no. 59 in A major “Feuersinfonie”: I. Presto,Franz Joseph Haydn,00:05:52,3
Symphony no. 59 in A major “Feuersinfonie”: I. Presto,Franz Joseph Haydn,00:05:52,3
"Symphony no. 9 in E minor, op. 95 ""From the New World"": II. Largo",Antonín Dvořák,00:12:49,3
"Symphony no. 9 in E-flat major, op. 70: I. Allegro",Dmitri Shostakovich,00:05:11,3
"Ten Preludes, op. 23: No. 10 in G-flat major",Sergei Rachmaninov,00:04:11,3
Tephra Horizon,Eydís Evensen,00:03:02,3
Thaïs: Meditation,Jules Massenet,00:05:01,3
The Arctic Suite: VI. Sea Ice Melting,Jacob Shea,00:03:45,3
The Arts and the Hours,"Víkingur Ólafsson, Jean‐Philippe Rameau",00:04:45,3
The Barber of Seville: Overture,Gioachino Rossini,00:06:58,3
The Blue Danube,James Last,00:11:30,3
The Blue Danube Waltz,Johann Strauss II,00:10:59,3
The Blue Danube Waltz,Johann Strauss II,00:10:59,3
The Cloud Atlas Sextet for Orchestra,"Tom Tykwer, Johnny Klimek & Reinhold Heil",00:04:57,3
The Duchess,Rachel Portman,00:02:33,3
The Grey Lady,Alexandre Desplat,00:05:58,3
"The Isle of the Dead, symphonic poem, op. 29",Сергей Васильевич Рахманинов,00:19:48,3
"The Messiah, HWV 56: Hallelujah Chorus",Georg Friedrich Händel,00:03:32,3
"The Rains of Castamere (from ""Game of Thrones"")",Camille and Kennerly,00:02:48,3
The Sacred Veil: XII. Child of Wonder,Eric Whitacre,00:04:42,3
The Seal Lullaby,Eric Whitacre,00:04:35,3
The Shallows,Adam Hurst,00:02:51,3
The Shallows,Adam Hurst,00:02:51,3
"The Tempest, Op. 18: I. Andante con moto","Пётр Ильич Чайковский, BBC Scottish Symphony Orchestra & Alpesh Chauhan",00:03:44,3
"The Theory of Everything (From ""The Theory of Everything"")",Jóhann Jóhannsson,00:01:31,3
The Truman Show: Truman Sleeps,Philip Glass,00:02:40,3
The Valkyrie: Ride of the Valkyries,Richard Wagner,00:05:11,3
The Wanderer,Stephan Moccio,00:03:30,3
The Wanderer,Stephan Moccio,00:03:30,3
"The Well‐Tempered Clavier, Book I, BWV 846–869: Prelude & Fugue in C Major, BWV 846: I. Prelude (Transcr. for Guitar)",Johann Sebastian Bach,00:01:56,3
"Theme (From ""American Beauty"")",Thomas Newman,00:03:52,3
Three Pieces for String Quartet: I.,Igor Stravinsky,00:00:55,3
Three Pieces for String Quartet: I.,Igor Stravinsky,00:00:55,3
"Trio d‐Moll, BWV 583",Johann Sebastian Bach,00:05:19,3
"Trio Sonata in G major, BWV 1038: II. Vivace",Johann Sebastian Bach,00:00:54,3
"Trio Sonata no. 2 in C minor, BWV 526: II. Largo",Johann Sebastian Bach,00:03:56,3
"Trio Sonata no. 4 in E minor, BWV 528: II. Andante",Johann Sebastian Bach,00:05:00,3
"Triosonate für Orgel Nr. 1 Es‐Dur, BWV 525: I. (Allegro)",Johann Sebastian Bach,00:03:12,3
"Turandot: Act II: Scene 2, “In questa Reggia”",Giacomo Puccini,00:02:46,3
"Turandot: Act II: Scene 2, “In questa Reggia”",Giacomo Puccini,00:02:46,3
"Two Elegiac Melodies, op. 34: Heart Wounds / The Last Spring",Grieg,00:07:34,3
Utro,Rachmaninoff arr. Arcadi Volodos,00:02:03,3
Valadier,"Olivia Belli, Louisa Fuller, John Metcalfe & Chris Worsey",00:03:51,3
"Vater unser im Himmelreich alio modo, BWV 683",Johann Sebastian Bach,00:01:11,3
"Vater unser im Himmelreich, BWV 737",Johann Sebastian Bach,00:02:30,3
"Violin Concerto in A minor, op. 4 no. 4: III. Allegro",Antonio Vivaldi,00:02:25,3
"Violin Concerto in D Major, Op. 61: II. Larghetto",Beethoven,00:10:26,3
"Violin Concerto in E minor, op. 4 no. 2: I. Allegro",Antonio Vivaldi,00:04:12,3
"Violin Concerto in E minor, op. 4 no. 2: III. Allegro",Antonio Vivaldi,00:02:59,3
"Violin Concerto in F major, op. 4 no. 9: I. Allegro",Antonio Vivaldi,00:02:51,3
"Violin Concerto in F major, op. 4 no. 9: I. Allegro",Antonio Vivaldi,00:02:51,3
"Violin Concerto in F major, op. 4 no. 9: III. Allegro",Antonio Vivaldi,00:02:16,3
"Violin Concerto in F major, op. 4 no. 9: III. Allegro",Antonio Vivaldi,00:02:16,3
"Violin Concerto in G major, op. 4 no. 12: I. Spirituoso e non presto",Antonio Vivaldi,00:02:48,3
"Violin Concerto in G major, op. 4 no. 12: III. Allegro",Antonio Vivaldi,00:03:39,3
"Violin Concerto in G major, op. 4 no. 12: III. Allegro",Antonio Vivaldi,00:03:39,3
"Violin Concerto in G major, op. 4 no. 3: II. Largo",Antonio Vivaldi,00:02:32,3
"Violin Concerto in G major, op. 4 no. 3: III. Allegro assai",Antonio Vivaldi,00:02:56,3
"Violin Concerto no. 2 in G minor, op. 63: III. Allegro, ben marcato",Сергей Сергеевич Прокофьев,00:06:05,3
"Violin Concerto, op. 14: I. Allegro",Samuel Barber,00:10:18,3
"Violin Sonata in F major, op. 24 “Spring”: II. Adagio molto espressivo",Ludwig van Beethoven,00:06:08,3
"Violin Sonata no. 10 in G major, op. 96: III. Scherzo. Allegro",Ludwig van Beethoven,00:01:56,3
"Violin Sonata no. 10 in G major, op. 96: IV. Poco allegretto",Ludwig van Beethoven,00:08:23,3
"Violinkonzert a‐Moll, BWV 1041: I. (ohne Bezeichnung)",Johann Sebastian Bach,00:03:27,3
"Violinkonzert d‐Moll, BWV 1043: I. Vivace",Johann Sebastian Bach,00:03:35,3
"Violinkonzert d‐Moll, BWV 1043: II. Largo ma non tanto",Johann Sebastian Bach,00:05:32,3
"Violinkonzert d‐Moll, BWV 1043: III. Allegro",Johann Sebastian Bach,00:04:34,3
"Violinkonzert E‐Dur, BWV 1042: I. Allegro",Johann Sebastian Bach,00:07:33,3
"Violinkonzert E‐Dur, BWV 1042: II. Adagio",Johann Sebastian Bach,00:06:06,3
Vivrai je tousjours,Josquin des Prez,00:03:09,3
Von Gott will ich nicht lassen BWV 417,Johann Sebastian Bach,00:00:56,3
"Vor deinen Thron tret ich hiermit, BWV 668",Johann Sebastian Bach,00:06:37,3
Vos mépris chaque jour,Michel Lambert,00:03:12,3
"Was bist du doch, o Seele, so betrübet BWV 424",Johann Sebastian Bach,00:00:52,3
WE (West & East),Tan Dun & WE Orchestra,00:02:51,3
We Contain Multitudes — piano reworks,Yiruma,00:04:24,3
We Move Lightly,Dustin O’Halloran,00:03:10,3
"Weihnachts‐Oratorium, BWV 248: Teil III, XIII. Coro “Herrscher des Himmels, erhöre das Lallen”",Johann Sebastian Bach,00:01:47,3
"Well‐Tempered Clavier, Book 2, Prelude and Fugue No. 8 in D‐Sharp Minor, BWV 877: I. Prelude",Johann Sebastian Bach,00:05:20,3
Wenn wir in höchsten Nöthen sein BWV 432,Johann Sebastian Bach,00:00:58,3
"Widmung, op. 25 no. 1",Robert Schumann arr. Franz Liszt,00:04:15,3
Wind Song,Ludovico Einaudi,00:03:19,3
"Wir gläuben all an einen Gott, BWV 680",Johann Sebastian Bach,00:03:04,3
Wo Gott der Herr nicht bei uns hält BWV 256,Johann Sebastian Bach,00:00:51,3
Wo Gott der Herr nicht bei uns hält BWV 257,Johann Sebastian Bach,00:00:54,3
Wo Gott zum Haus nicht gibt sein' Gunst BWV 438,Johann Sebastian Bach,00:00:29,3
"Württemberg Sonatas, Wq 49: Sonata I in a minor: Andante",Carl Philipp Emanuel Bach,00:03:15,3
yanni (piano version),Jean‐Michel Blais,00:04:45,3
You Come Here Often?,Yuja Wang,00:04:34,3
Élégie,Alexandra Stréliski,00:04:13,3
"Études Tableaux, op. 33: No. 8 in C‐sharp minor: Grave",Sergei Rachmaninov,00:02:34,3
—エンヂィング— 世界の約束～人生のメリーゴーランド,久石譲,00:06:51,3
—エンヂィング— 世界の約束～人生のメリーゴーランド,久石譲,00:06:51,3
"“Das Schöne zu dem Guten”, WoO 203 (Puzzle canon)",Ludwig van Beethoven,00:00:20,3
"“Wir irren allesamt”, WoO 198 (Puzzle canon)",Ludwig van Beethoven,00:00:30,3
さすらいのソフィー,久石譲,00:04:20,3
キリコのテーマ,川井憲次,00:01:56,3
ファミリー,久石譲,00:01:25,3
大掃除,久石譲,00:01:23,3
引越し,久石譲,00:03:06,3
恋だね,久石譲,00:01:12,3
恋だね,久石譲,00:01:12,3
星の湖へ,久石譲,00:04:13,3
消えない呪い,久石譲,00:00:45,3
消えない呪い,久石譲,00:00:45,3
秘密の洞窟,久石譲,00:02:34,3
空中散歩,久石譲,00:02:15,3
走れ!,久石譲,00:00:57,3
陽気な軽騎兵,久石譲,00:00:51,3
陽気な軽騎兵,久石譲,00:00:51,3
魔法の扉,久石譲,00:05:27,3
魔法の扉,久石譲,00:05:27,3
"""O holder Tag, erwünschte Zeit"", BWV 210: Recitativo ""Hochteurer Mann, so fahre ferner fort""",Johann Sebastian Bach,00:01:22,2
"""O holder Tag, erwünschte Zeit"", BWV 210: Recitativo ""So glaubt man denn, daß die Musik verführe""",Johann Sebastian Bach,00:02:07,2
"""Weinen, Klagen, Sorgen, Zagen"" Prelude after Bach",Franz Liszt,00:05:12,2
'Filaments' by @ScottBuckley  🇦🇺 | Sad Ambiental Music (No Copyright) 😔,BreakingCopyright — Royalty Free Music,00:05:40,2
'The Medieval Banquet' by Silvermansound 🇬🇧 | Medieval Music (No Copyright) 🏰,BreakingCopyright — Royalty Free Music,00:01:50,2
"02 Messe g-Moll, BWV 235_ 2. Gloria in excelsis Deo",Johann Sebastian Bach,00:03:12,2
"02 Symphony no. 1 in C major, op. 21_ 2. Andante cantabile con moto",Ludwig van Beethoven,00:06:46,2
"02 Symphony no. 9 in D minor, op. 125 “Choral”_ 2. Molto vivace",Ludwig van Beethoven,00:12:21,2
"02 Symphony No.4 In E Flat Major _Romantic_, Version_ 1878-80_ Andante Quasi Allegretto","Bruckner; Karajan, Berliner Philharmoniker",00:14:34,2
"03 Messe g-Moll, BWV 235_ 3. Gratias agimus tibi",Johann Sebastian Bach,00:03:36,2
"03 Symphony no. 1 in C, op. 21_ 3. Menuetto (Allegro molto e vivace)",Ludwig van Beethoven,00:03:34,2
"04 Symphony no. 2 in D major, op. 36_ 4. Allegro molto",Ludwig van Beethoven,00:06:45,2
"04 Symphony no. 7 in A major, op. 92_ 4. Allegro con brio",Ludwig van Beethoven,00:07:06,2
"04 “Fra tutte le pene”, WoO 99_11a",Ludwig van Beethoven,00:01:19,2
"05 Nocturnes, op. 48 B. 142_ 2. Nocturne in F-sharp minor. Andantino",Chopin,00:06:25,2
"05 Nocturnes, op. 48 B. 142_ 2. Nocturne in F-sharp minor. Andantino",Chopin,00:06:25,2
"05 Nocturnes, op. 48 B. 142_ 2. Nocturne in F-sharp minor. Andantino (1)",Chopin,00:06:25,2
"05 Symphony no. 3 in E-flat, op. 55 “Eroica”_ 1. Allegro con brio",Ludwig van Beethoven,00:16:11,2
"05 Symphony no. 8 in F major, op. 93_ 1. Allegro vivace e con brio",Ludwig van Beethoven,00:09:47,2
"05 “Salvo tu vuoi lo sposo_”, WoO 99_12b",Ludwig van Beethoven,00:00:35,2
"06 Messe g-Moll, BWV 235_ 6. Cum Sancto Spiritu",Johann Sebastian Bach,00:04:36,2
"06 Symphony no. 8 in F, op. 93_ 2. Allegretto scherzando",Ludwig van Beethoven,00:03:48,2
"07 Symphony no. 3 in E-flat, op. 55 “Eroica”_ 3. Scherzo_ Allegro vivace",Ludwig van Beethoven,00:06:07,2
"07 Symphony no. 4 in B-flat major, op. 60_ 3. Allegro vivace",Ludwig van Beethoven,00:06:31,2
"07 Symphony no. 6 in F major, op. 68 “Pastoral”_ 3. Allegro_ Lustiges Zusammensein der Landleute",Ludwig van Beethoven,00:05:54,2
"07 Symphony no. 8 in F major, op. 93_ 3. Tempo di menuetto",Ludwig van Beethoven,00:05:15,2
08 36. BWV 635 Dies' sind die heil'gen zehn Gebot',Johann Sebastian Bach,00:01:46,2
08 Beethoven_ 2. Arietta (Adagio molto semplice e cantabile),Claudio Arrau,00:19:40,2
"08 Symphony no. 3 in E-flat, op. 55 “Eroica”_ 4. Finale_ Allegro molto",Ludwig van Beethoven,00:12:13,2
"08 Symphony no. 4 in B-flat major, op. 60_ 4. Allegro ma non troppo",Ludwig van Beethoven,00:07:16,2
"08 Symphony no. 8 in F major, op. 93_ 4. Allegro vivace",Ludwig van Beethoven,00:07:34,2
"08 “Per te d'amico aprile”, WoO 99_9",Ludwig van Beethoven,00:00:47,2
"09 “Fra tutte le pene”, WoO 99_11b",Ludwig van Beethoven,00:01:05,2
10 38. BWV 637 Durch Adams Fall ist ganz verderbt,Johann Sebastian Bach,00:02:16,2
"11 Bagatelles for Piano, op. 119 no. 10 in A major: Allegramente",Ludwig van Beethoven,00:00:17,2
"11 Bagatelles for Piano, op. 119 no. 4 in A major: Andante cantabile",Ludwig van Beethoven,00:01:41,2
"11 Danses, WoO 17 No.6 Landler",Ludwig van Beethoven,00:01:21,2
"11 Daphnis et Chloé, M. 57, Deuxième Partie. Camp des pirates_ 9. Danse suppliante de Chloé (1)",Maurice Ravel,00:05:06,2
"11 “Chi mai di questo core”, WoO 99_7",Ludwig van Beethoven,00:01:02,2
"12 Études, Op. 8: No. 11 in B-Flat Minor",Александр Николаевич Скрябин,00:03:55,2
"12 Études, Op. 8: No. 11 in B-Flat Minor",Александр Николаевич Скрябин,00:03:55,2
"13 Preludes, Op. 32, No. 11 in B Major: Allegretto",Сергей Васильевич Рахманинов,00:02:10,2
"13 Preludes, Op. 32, No. 12 in G-sharp Minor. Allegro",Сергей Васильевич Рахманинов,00:02:20,2
"13 Preludes, Op. 32, No. 13 in D-flat Major: Grave-Allegro",Сергей Васильевич Рахманинов,00:07:09,2
"13 Preludes, Op. 32, No. 3 in E Major: Allegro Vivace",Сергей Васильевич Рахманинов,00:03:02,2
"13 Preludes, Op. 32, No. 4 in E Minor - Allegro Con Brio",Сергей Васильевич Рахманинов,00:05:56,2
"13 Preludes, Op. 32, No. 5 in G Major: Moderato",Сергей Васильевич Рахманинов,00:03:23,2
"13 Preludes, Op. 32, No. 6 in F Minor: Allegro Appasionata",Сергей Васильевич Рахманинов,00:01:30,2
14 42. BWV 641 Wenn wir in hochsten Noten sein,Johann Sebastian Bach,00:02:13,2
14 Concerto in C for 2 Oboes & 2 Clarinets_ 2. Largo,Antonio Vivaldi,00:02:42,2
14 Concerto in C for 2 Oboes & 2 Clarinets_ 2. Largo (1),Antonio Vivaldi,00:02:42,2
15 43. BWV 642 Wer nut den lieben Gott lasst walten,Johann Sebastian Bach,00:02:18,2
15 Concerto in C for 2 Oboes & 2 Clarinets_ 3. Allegro Molto,Antonio Vivaldi,00:03:04,2
"18 “Quella cetra ah pur tu sei”, WoO 99_13b [Hess 219] (2nd version)",Ludwig van Beethoven,00:00:39,2
"1812 Overture, op. 49",Пётр Ильич Чайковский,00:16:24,2
"1812 Overture, op. 49",Пётр Ильич Чайковский,00:16:24,2
"19 Études, Book 2_ No. 13. L'escalier du diable (1)",György Ligeti,00:05:15,2
"20 Irish Songs, WoO 153 no. 12 “I’ll praise the saints with early song”",Ludwig van Beethoven,00:04:31,2
"20 Irish Songs, WoO 153 no. 18 “No more, my Mary, I sigh for splendour”",Ludwig van Beethoven,00:01:53,2
"20 Irish Songs, WoO 153 no. 4 “Since greybeards inform us that youth will decay”",Ludwig van Beethoven,00:01:47,2
"25 Irish Songs, WoO 152 no. 18 “They bid me slight my dermot dear”",Ludwig van Beethoven,00:03:22,2
"25 Irish Songs, WoO 152 no. 8 “Come draw we round a cheerful ring”",Ludwig van Beethoven,00:01:41,2
"25 Scottish Songs, op. 108 no. 11 “Oh! thou art the lad of my heart, Willy”",Ludwig van Beethoven,00:02:23,2
"25 Scottish Songs, op. 108 no. 9 “Behold, my love, how green the groves”",Ludwig van Beethoven,00:02:16,2
"28 Rhapsody on a Theme of Paganini, Op. 43_ Var. 18. Andante cantabile",王羽佳,00:02:47,2
"3 Duos for Clarinet and Bassoon, WoO 27 No. 2 in F major: II. Aria. Larghetto",Ludwig van Beethoven,00:02:24,2
3 Gymnopédies_ No. 1. Lent et douloureux,Erik Satie,00:02:58,2
3 Gymnopédies_ No. 3. Lent et grave,Erik Satie,00:02:30,2
"3 Intermezzi, op. 117: No. 1, Andante moderato",Johannes Brahms,00:04:50,2
"3 Intermezzi, op. 117: No. 1, Andante moderato",Johannes Brahms,00:04:50,2
"3 Intermezzi, op. 117: No. 2 in B-flat minor",Johannes Brahms,00:04:54,2
"31 “Ewig dein”, WoO 161 (3-part canon)",Ludwig van Beethoven,00:01:12,2
"32 “Kurz ist der Schmerz”, WoO 163 (3-part canon) (1st setting)",Ludwig van Beethoven,00:01:23,2
"33 “Freundschaft ist die Quelle wahrer Glückselighkeit”, WoO 164 (3-part canon)",Ludwig van Beethoven,00:00:55,2
"34 “Glück zem neuen Jahr!”, WoO 165 (4-part canon)",Ludwig van Beethoven,00:00:32,2
"38 Das Reden, WoO 168b (3-part canon)",Ludwig van Beethoven,00:01:14,2
"39 “Ich küsse Sie”, WoO 169 (2-part puzzle canon)",Ludwig van Beethoven,00:00:15,2
"47 “Signor Abate, WoO 178 (3-part canon)”",Ludwig van Beethoven,00:00:45,2
"49 Auf einen, welcher Hoffmann geheißen (“Hoffman, sei ja kein Hoffmann”), WoO 180 (2-part canon)",Ludwig van Beethoven,00:00:40,2
"50 “O Tobias!”, WoO 182 (3-part canon)",Ludwig van Beethoven,00:00:36,2
"51 “Bester Graf, Sie sind ein Schaf!”, WoO 183 (4-part canon)",Ludwig van Beethoven,00:00:31,2
"52 “Falstafferel, lass dich sehen”, WoO 184 (5-part canon)",Ludwig van Beethoven,00:01:02,2
"53 “Edel sei der Mensch”, WoO 185 (6-part canon)",Ludwig van Beethoven,00:02:36,2
"55 Auf einen, welcher Schwencke geheißen (“Schwenke dich ohne Schwänke!”), WoO 187 (4-part canon)",Ludwig van Beethoven,00:00:38,2
"56 “Gott ist eine feste Burg”, WoO 188 (2-part canon)",Ludwig van Beethoven,00:00:18,2
"57 “Doktor sperrt das Tor dem Tod”, WoO 189 (4-part canon)",Ludwig van Beethoven,00:01:03,2
"58 “Ich war hier, Doktor, ich war hier”, WoO 190 (2-part canon)",Ludwig van Beethoven,00:00:19,2
"6 Trio Sonatas, Op. 1, Sonata No. 2 for 2 Violins and Bass in A Minor: I. Allegro ma non tropo",Jacques-Philippe Lamoninary,00:05:07,2
"6 Trio Sonatas, Op. 1, Sonata No. 2 for 2 Violins and Bass in A Minor: I. Allegro ma non tropo",Jacques-Philippe Lamoninary,00:05:07,2
"60 “Ars longa, vita brevis”, WoO 192 (4-part canon) (2nd setting)",Ludwig van Beethoven,00:00:24,2
"63 “Freu dich des Lebens!”, WoO 195 (2-part canon)",Ludwig van Beethoven,00:00:24,2
"64 “Es muss sein!”, WoO 196 (4-part canon)",Ludwig van Beethoven,00:00:31,2
"7 Bagatelles for Piano, op. 33 no. 2 in C major: Scherzo. Allegro",Ludwig van Beethoven,00:03:17,2
"7 Bagatelles for Piano, op. 33 no. 3 in F major: Allegretto",Ludwig van Beethoven,00:02:11,2
[Free Music] @ContextSensitive  - Guardians [Classical],BreakingCopyright — Royalty Free Music,00:03:01,2
[No Copyright Music] @ScottBuckley  - Stars In Her Skies [Orchestral],BreakingCopyright — Royalty Free Music,00:04:37,2
[Non Copyrighted Music] @MiguelJohnson - Good Day To Die [Epic],BreakingCopyright — Royalty Free Music,00:06:06,2
A Dead Sea’s Ripples,Sophie Hutchings,00:03:01,2
A Dead Sea’s Ripples,Sophie Hutchings,00:03:01,2
A Sense of Place,Sophie Hutchings,00:03:15,2
A Sense of Place,Sophie Hutchings,00:03:15,2
Abschiedsgesang WoO 102,Ludwig van Beethoven,00:04:03,2
"Ach bleib bei uns, Herr Jesu Christ, BWV 649",Johann Sebastian Bach,00:02:26,2
"Ach was ist doch unser Leben, BWV 743",Johann Sebastian Bach,00:03:28,2
Adagio for Strings,Samuel Barber,00:08:23,2
Adagio for Strings,Samuel Barber,00:10:00,2
Adagio for Strings,Samuel Barber,00:10:00,2
"Adagio for Strings, op. 11",Samuel Barber,00:07:53,2
"Adagio for Strings, op. 11",Samuel Barber,00:07:53,2
Adagio in C Minor,Yanni,00:03:47,2
Adagio in C Minor,Yanni,00:03:47,2
Aeon,Nick Murray & Juliet Lyons,00:03:19,2
Aeon,Nick Murray & Juliet Lyons,00:03:19,2
All Seems Beautiful to Me,Eric Whitacre,00:04:53,2
"All-Night Vigil, Op. 37: VI. Rejoice, O Virgin",Sergei Rachmaninoff,00:02:40,2
"All-Night Vigil, Op. 37: VI. Rejoice, O Virgin",Sergei Rachmaninoff,00:02:40,2
Allegro molto e vivace,Ludwig van Beethoven,00:06:09,2
Allegro vivace,Ludwig van Beethoven,00:10:30,2
"Allein Gott in der Höh sei Ehr, BWV 675",Johann Sebastian Bach,00:03:10,2
"Allein zu dir, Herr Jesu Christ BWV 261",Johann Sebastian Bach,00:01:29,2
"Als Jesus Christus in der Nacht, BWV 1108",Johann Sebastian Bach,00:02:30,2
"Also sprach Zarathustra, Op. 30, TrV 176: I. Prelude (Sonnenaufgang)",Richard Strauss,00:01:22,2
"Also sprach Zarathustra, Op. 30, TrV 176: I. Prelude (Sonnenaufgang)",Richard Strauss,00:01:22,2
amour,Jean‐Michel Blais,00:04:38,2
An Affair to Remember,Emile Pandolfi,00:04:21,2
An Affair to Remember,Emile Pandolfi,00:04:21,2
An Upsetting Theme,Kevin MacLeod,00:01:03,2
"Andante in C Major for Flute and Orchestra, K. 315 (Arife Gülsen Tatu and Salzburg Soloists)",Wolfgang Amadeus Mozart,00:07:29,2
"Angel vopiyashe, op. 22 no. 18",Pavel Chesnokov,00:03:37,2
"Anglaise in D major, H. 61",Ludwig van Beethoven,00:00:30,2
"Annen Polka, op. 117",Johann Strauss II,00:02:38,2
"Argippo, RV 697: Se lento ancora il fulmine",Romina Basso,00:03:55,2
Assai meno presto,Ludwig van Beethoven,00:08:48,2
Aura,Lara Somogyi & Jean‐Michel Blais,00:03:33,2
"Aus tiefer Not schrei ich zu dir alio modo, BWV 687",Johann Sebastian Bach,00:04:48,2
"Bagatelle for Piano, op. 126 no. 2 in G minor: Allegro",Ludwig van Beethoven,00:01:53,2
"Bagatelle no. 25 in A minor, WoO 59 ""Für Elise""",Ludwig van Beethoven,00:03:26,2
"Ballade no. 1 en sol mineur, op. 23",Frédéric Chopin,00:09:16,2
"Barcarolle in F-sharp major, op. 60 B. 158: Allegretto",Chopin,00:08:11,2
"Bassoon Concerto in A minor, RV 497: I. Allegro molto",Antonio Vivaldi,00:03:38,2
"Bassoon Concerto in A minor, RV 497: I. Allegro molto",Antonio Vivaldi,00:03:38,2
"Bassoon Concerto in A minor, RV 497: II. Andante molto",Antonio Vivaldi,00:03:26,2
"Bassoon Concerto in A minor, RV 497: III. Allegro",Antonio Vivaldi,00:02:39,2
"Bassoon Concerto in B-flat major, RV 501 (La notte): I. Largo",Antonio Vivaldi,00:01:53,2
"Bassoon Concerto in B-flat major, RV 501 (La notte): II. ""I Fantamil"", Presto",Antonio Vivaldi,00:01:47,2
"Bassoon Concerto in F major, RV 488: III. Allegro",Antonio Vivaldi,00:02:26,2
"Berceuse in D‐flat major, op. 57",Fryderyk Chopin,00:05:40,2
"Brandenburg Concerto no. 3 in G major, BWV 1048: I. Allegro",Johann Sebastian Bach,00:05:45,2
"Brandenburgisches Konzert no. 1 F‐Dur, BWV 1046: III. Allegro",Johann Sebastian Bach,00:04:11,2
"Brandenburgisches Konzert no. 2 F‐Dur, BWV 1047: I. (Allegro)",Johann Sebastian Bach,00:05:04,2
"Brandenburgisches Konzert no. 2 F‐Dur, BWV 1047: II. Andante",Johann Sebastian Bach,00:03:47,2
"Brandenburgisches Konzert no. 3 G‐Dur, BWV 1048: I. (Allegro)",Johann Sebastian Bach,00:05:56,2
"Brandenburgisches Konzert no. 3 G‐Dur, BWV 1048: II. Adagio",Johann Sebastian Bach,00:00:25,2
"BWV 190, Cantata: Singet dem Herrn ein neues Lied-Coro",Helmuth Rilling,00:05:21,2
"BWV 58 Aria con Choral (Coro S,B): Ich hab fur mir ein schwere Reis",Johann Sebastian Bach,00:02:36,2
"BWV 61 Recitativo (B): Sieche, ich stehe vor der Tur und klopfe an",Johann Sebastian Bach,00:01:06,2
"BWV 67, Cantata No. 67: Halt im Gedächtnis Jesum Christ~Coro",Helmuth Rilling,00:03:24,2
BWV 995 (after BWV 1011) Courante,Johann Sebastian Bach,00:02:31,2
Canon in D major,Johann Pachelbel,00:03:30,2
"Cantata No. 211 (Coffee Cantata): IX. Recitative: ""Nun geht und sucht die alte Schlendrian""",Johann Sebastian Bach,00:00:45,2
"Cantata, BWV 121 ""Christum wir sollen loben schon"": V. Recitativo",Johann Sebastian Bach,00:01:17,2
"Cantata, BWV 122 ""Das neugeborne Kindelein"": II. Aria",Johann Sebastian Bach,00:06:24,2
"Cantata, BWV 122 ""Das neugeborne Kindelein"": VI. Choral",Johann Sebastian Bach,00:00:45,2
"Cantata, BWV 133 ""Ich freue mich in dir"": III. Recitativo",Johann Sebastian Bach,00:01:02,2
"Cantata, BWV 133 ""Ich freue mich in dir"": IV. Aria",Johann Sebastian Bach,00:07:15,2
"Cantata, BWV 133 ""Ich freue mich in dir"": V. Recitativo",Johann Sebastian Bach,00:01:08,2
"Cantata, BWV 91 ""Gelobt seist Du, Jesu Christ"": V. Aria (Duetto)",Johann Sebastian Bach,00:08:34,2
"Canzonetta for Oboe and Strings, op. posth. 48",Samuel Barber,00:08:46,2
"Capriccio B‐Dur sopra la lontananza de il fratro dilettissimo, BWV 992: III. Adagioissimo",Johann Sebastian Bach,00:03:19,2
"Capriccio B‐Dur sopra la lontananza de il fratro dilettissimo, BWV 992: VI. Fuga all’imitatione di Posta",Johann Sebastian Bach,00:02:32,2
"Capricorn Concerto, op. 21: I. Allegro ma non troppo",Samuel Barber,00:06:26,2
"Capricorn Concerto, op. 21: III. Allegro con brio",Samuel Barber,00:04:40,2
Carmen: Act I. Chanson et duo “Près des remparts de Séville”,Georges Bizet,00:04:30,2
Carmina Burana: O Fortuna,Carl Orff,00:02:43,2
"Carnival of the Animals, R. 125: VII. Aquarium",Camille Saint‐Saëns,00:02:30,2
Cavalleria rusticana: Intermezzo,Pietro Mascagni,00:04:03,2
Celestial,Scott Buckley,00:05:38,2
"Cello Concerto, op. 22: II. Andante sostenuto",Samuel Barber,00:07:22,2
"Cello Concerto, op. 22: II. Andante sostenuto",Samuel Barber,00:07:22,2
"Cello Concerto, op. 22: III. Molto allegro e appassionato",Samuel Barber,00:09:14,2
"Cello Concerto, op. 22: III. Molto allegro e appassionato",Samuel Barber,00:09:14,2
"Cello Suite no. 3 in C major, BWV 1009: I. Prélude",Johann Sebastian Bach,00:05:20,2
"Cello Suite no. 3 in C major, BWV 1009: I. Prélude",Johann Sebastian Bach,00:05:20,2
"Cessate, omai cessate, RV 684: II. Aria: ""Ah, Ch’infelice Sempre""",Antonio Vivaldi,00:05:17,2
"Chanson perpétuelle, op. 37",Ernest Chausson,00:07:28,2
"Chanson perpétuelle, op. 37",Ernest Chausson,00:07:28,2
Chansons érotiques: Vivons folâtres,Olivier Kaspar,00:02:50,2
"Children's Corner, CD. 119, L. 113: I. Doctor Gradus ad Parnassum (Transcr. Rondeau)",Claude Debussy,00:02:59,2
"Children's Corner, CD. 119, L. 113: I. Doctor Gradus ad Parnassum (Transcr. Rondeau)",Claude Debussy,00:02:59,2
"Children’s Corner, CD 119: VI. Cakewalk",Claude Debussy,00:03:03,2
"Children’s Corner, L.113: IV. The Snow Is Dancing",Claude Debussy,00:02:28,2
Chocolat,Rachel Portman,00:02:53,2
"Choralsatz, BWV 264 “Als der gütige Gott”",Johann Sebastian Bach,00:01:14,2
"Choralsatz, BWV 336 “Herr Jesu Christ, wahr’ Mensch und Gott”",Johann Sebastian Bach,00:01:16,2
"Choralsatz, BWV 341 “Heut ist, o Mensch, ein großer Trauertag”",Johann Sebastian Bach,00:01:13,2
"Choralsatz, BWV 362 “Jesu, nun sei gepreiset”",Johann Sebastian Bach,00:01:53,2
"Choralsatz, BWV 394 “O Welt, sieh hier dein Leben”",Johann Sebastian Bach,00:01:45,2
"Choralsatz, BWV 400 “O Herzensangst”",Johann Sebastian Bach,00:00:49,2
"Choralsatz, BWV 408 “Schaut, ihr Sünder”",Johann Sebastian Bach,00:00:56,2
Christ lag in Todesbanden BWV 277,Johann Sebastian Bach,00:01:10,2
"Christe eleison g‐Moll, BWV 242",Johann Sebastian Bach,00:01:49,2
"Christe, du Beistand deiner Kreuzgemeinde BWV 275",Johann Sebastian Bach,00:01:08,2
"Christus, der ist mein Leben BWV 281",Johann Sebastian Bach,00:00:36,2
"Christus, der uns selig macht BWV 283",Johann Sebastian Bach,00:01:08,2
Clair de lune,Anna Lapwood,00:06:53,2
"Clairs de lune: No. 4, La mer",Abel Decaux,00:05:36,2
"Clairs de lune: No. 4, La mer",Abel Decaux,00:05:36,2
Clarion,Scott Buckley,00:03:15,2
Communion,Stephan Moccio,00:04:15,2
Communion,Stephan Moccio,00:04:15,2
"Concerto BWV 1065 en la mineur, Largo",Johann Sebastian Bach,00:02:01,2
"Concerto C‐Dur, BWV 976: I. (Allegro)",Johann Sebastian Bach,00:04:08,2
"Concerto C‐Dur, BWV 976: II. Largo",Johann Sebastian Bach,00:03:15,2
"Concerto C‐Dur, BWV 977: I. (Allegro)",Johann Sebastian Bach,00:02:48,2
"Concerto C‐Dur, BWV 977: II. Adagio",Johann Sebastian Bach,00:01:31,2
"Concerto C‐Dur, BWV 984: II. Adagio e affettuoso",Johann Sebastian Bach,00:02:08,2
"Concerto c‐Moll, BWV 1060: I. Allegro",Johann Sebastian Bach,00:04:38,2
"Concerto c‐Moll, BWV 1060: II. Largo ovvero Adagio",Johann Sebastian Bach,00:04:18,2
"Concerto D‐Dur, BWV 1054: III. Allegro",Johann Sebastian Bach,00:02:32,2
"Concerto D‐Dur, BWV 972: I. (Allegro)",Johann Sebastian Bach,00:02:28,2
"Concerto D‐Dur, BWV 972: II. Larghetto",Johann Sebastian Bach,00:03:39,2
"Concerto d‐Moll, BWV 1052: II. Adagio",Johann Sebastian Bach,00:05:46,2
"Concerto d‐Moll, BWV 974: I. (Andante)",Johann Sebastian Bach,00:03:16,2
"Concerto en ré mineur F.III/24, RV 405 : I. Allegro",Antonio Vivaldi,00:03:02,2
"Concerto en ré mineur F.III/24, RV 405 : III. Allegro",Antonio Vivaldi,00:02:32,2
"Concerto en ré mineur F.III/24, RV 405 : III. Allegro",Antonio Vivaldi,00:02:32,2
"Concerto en si bémol majeur F.III/25, RV 423 : I. Allegro",Antonio Vivaldi,00:03:44,2
"Concerto en si bémol majeur F.III/25, RV 423 : I. Allegro",Antonio Vivaldi,00:03:44,2
"Concerto en si bémol majeur F.III/25, RV 423 : II. Largo",Antonio Vivaldi,00:02:32,2
"Concerto en si bémol majeur F.III/25, RV 423 : II. Largo",Antonio Vivaldi,00:02:32,2
"Concerto en si bémol majeur F.III/25, RV 423 : III. Allegro",Antonio Vivaldi,00:03:40,2
"Concerto en ut majeur F.III/23, RV 400 : I. Allegro",Antonio Vivaldi,00:02:55,2
"Concerto en ut majeur F.III/23, RV 400 : I. Allegro",Antonio Vivaldi,00:02:55,2
"Concerto en ut majeur F.III/23, RV 400 : II. Largo",Antonio Vivaldi,00:04:26,2
"Concerto en ut majeur F.III/23, RV 400 : III. Allegro non molto",Antonio Vivaldi,00:02:24,2
"Concerto en ut majeur F.III/23, RV 400 : III. Allegro non molto",Antonio Vivaldi,00:02:24,2
"Concerto en ut mineur F.III/1, RV 401 : I. Allegro non molto",Antonio Vivaldi,00:04:45,2
"Concerto en ut mineur F.III/1, RV 401 : I. Allegro non molto",Antonio Vivaldi,00:04:45,2
"Concerto en ut mineur F.III/1, RV 401 : II. Adagio",Antonio Vivaldi,00:03:17,2
"Concerto en ut mineur F.III/1, RV 401 : III. Allegro ma non molto",Antonio Vivaldi,00:03:16,2
"Concerto E‐Dur, BWV 1053: I. (ohne Bezeichnung)",Johann Sebastian Bach,00:08:00,2
"Concerto E‐Dur, BWV 1053: II. Siciliano",Johann Sebastian Bach,00:04:52,2
"Concerto E‐Dur, BWV 1053: III. Allegro",Johann Sebastian Bach,00:06:25,2
"Concerto for Clarinet in A major, K. 622: II. Adagio",Wolfgang Amadeus Mozart,00:08:54,2
"Concerto for Piano and Orchestra no. 4 in G major, op. 58: I. Allegro moderato",Ludwig van Beethoven,00:17:20,2
"Concerto F‐Dur, BWV 1057: I. (ohne Bezeichnung)",Johann Sebastian Bach,00:07:12,2
"Concerto F‐Dur, BWV 1057: III. Allegro assai",Johann Sebastian Bach,00:05:03,2
"Concerto F‐Dur, BWV 978: II. Largo",Johann Sebastian Bach,00:02:06,2
"Concerto f‐Moll, BWV 1056: II. Largo",Johann Sebastian Bach,00:02:42,2
"Concerto Grosso no. 8 in G minor, op. 6 no. 8 ""Christmas Concerto"": II. Allegro",Arcangelo Corelli,00:02:28,2
"Concerto G‐Dur, BWV 973: I. (Allegro)",Johann Sebastian Bach,00:02:45,2
"Concerto G‐Dur, BWV 973: II. Largo",Johann Sebastian Bach,00:02:06,2
"Concerto G‐Dur, BWV 973: III. Allegro",Johann Sebastian Bach,00:02:37,2
"Concerto G‐Dur, BWV 980: I. (Allegro)",Johann Sebastian Bach,00:04:10,2
"Concerto G‐Dur, BWV 980: II. Largo",Johann Sebastian Bach,00:03:39,2
"Concerto G‐Dur, BWV 980: III. (Allegro)",Johann Sebastian Bach,00:03:34,2
"Concerto G‐Dur, BWV 986: I. (Allegro)",Johann Sebastian Bach,00:02:12,2
"Concerto G‐Dur, BWV 986: II. Adagio",Johann Sebastian Bach,00:01:21,2
"Concerto G‐Dur, BWV 986: III. Allegro",Johann Sebastian Bach,00:02:48,2
"Concerto g‐Moll, BWV 1058: I. (ohne Bezeichnung)",Johann Sebastian Bach,00:03:37,2
"Concerto g‐Moll, BWV 975: III. Giga (Presto)",Johann Sebastian Bach,00:02:09,2
"Concerto in B-flat, RV 547: I. Allegro",Antonio Vivaldi,00:03:59,2
"Concerto in B-flat, RV 547: I. Allegro",Antonio Vivaldi,00:03:59,2
"Concerto in B-flat, RV 547: II. Andante",Antonio Vivaldi,00:02:04,2
"Concerto in D major, BWV 1064R: II. Adagio",Johann Sebastian Bach,00:05:16,2
"Concerto in D minor, BWV 1052R: II. Adagio",Johann Sebastian Bach,00:06:14,2
"Concerto No. 23 in A Major for Piano and Orchestra, K. 488: II. Adagio (Saint Petersburg Soloists)",Wolfgang Amadeus Mozart,00:06:01,2
Concerto para violino e orquestra no. 3 em sol maior K 216: II. Adagio,Wolfgang Amadeus Mozart,00:08:03,2
Cornfield Chase (From “Interstellar”),Anna Lapwood,00:02:11,2
"Corpse Bride / Victor's Piano Solo, The Piano Duet (From ""Corpse Bride"")",Myuu,00:03:33,2
"Corpse Bride / Victor's Piano Solo, The Piano Duet (From ""Corpse Bride"")",Myuu,00:03:33,2
"Courante in G major, BWV 840",Johann Sebastian Bach,00:01:58,2
Credo: Allegro ma non troppo,Ludwig van Beethoven; Arturo Toscanini; NBC Symphony Orchestra,00:18:03,2
Cum Dederit,Armand Amar,00:05:04,2
Dance of the Sugar Plum Fairy,Myuu,00:02:15,2
Dance of the Sugar Plum Fairy,Myuu,00:02:15,2
"Danse macabre, Op. 40",Camille Saint‐Saëns,00:06:52,2
"Danse macabre, Op. 40",Camille Saint‐Saëns,00:06:52,2
"Das Jesulein soll doch mein Trost, BWV 702",Johann Sebastian Bach,00:02:49,2
"Das Orgelbüchlein: Chorale for the Song of Simeon ""Herr Gott, nun schleuß den Himmel auf"", BWV 617",Johann Sebastian Bach,00:02:28,2
"Der Tag, der ist so freudenreich BWV 294",Johann Sebastian Bach,00:01:09,2
Devotions (String Quartet No. 3): IV.,Edmund Finnis & Solem Quartet,00:01:59,2
"Die schöne Müllerin, D. 795: Tränenregen",Franz Schubert,00:04:32,2
"Die schöne Müllerin, D. 795: Tränenregen",Franz Schubert,00:04:32,2
"Dixit Dominus, HWV 232: No. 4, Chorus, ""Juravit Dominus"" (Chorus)","George Frideric Handel, Il Gardellino, Bart Van Reyn, Déborah Cachet, Sophie Rennert & Rachel Redmond",00:02:11,2
"Don Quixote: Act I. ""Quiteria's Variation""",Ludwig Minkus,00:00:47,2
"Don Quixote: Act I. ""Quiteria's Variation""",Ludwig Minkus,00:00:47,2
"Double Concerto in D minor for Two Violins, BWV 1043: I. Vivace",Johann Sebastian Bach,00:03:39,2
Dreamy,Hania Rani,00:03:00,2
"Durch Adams Fall ist ganz verderbt, BWV 705",Johann Sebastian Bach,00:02:58,2
Ein' feste Burg ist unser Gott BWV 303,Johann Sebastian Bach,00:00:56,2
Eine kleine Nachtmusik: Allegro,Wolfgang Amadeus Mozart,00:05:52,2
Eine kleine Nachtmusik: Allegro,Wolfgang Amadeus Mozart,00:05:52,2
"Eins ist noth, ach Herr, dies Eine BWV 304",Johann Sebastian Bach,00:00:52,2
Eldur,Jórunn Viðar,00:09:14,2
"Elegiac Song, op. 118",Beethoven,00:07:06,2
Ellis Island,Meredith Monk,00:03:02,2
Emma,Clement Panchout,00:01:55,2
"English Suite no. 1 in A major, BWV 806: IV. Courante II",Johann Sebastian Bach,00:02:07,2
"English Suite no. 2 in A minor, BWV 807: V. Bourrée I",Johann Sebastian Bach,00:02:13,2
Ephemera,Scott Buckley,00:05:39,2
"Erbarm' dich mein, o Herre Gott BWv 305",Johann Sebastian Bach,00:01:19,2
Es steh'n vor Gottes Throne BWV 309,Johann Sebastian Bach,00:01:09,2
Etude pour viole de gambe No. 1: III. Troisième mouvement,Robin Pharo,00:03:16,2
Etude pour viole de gambe No. 1: III. Troisième mouvement,Robin Pharo,00:03:16,2
Evoke,Steve Gibbs,00:04:58,2
Evoke,Steve Gibbs,00:04:58,2
Experience,Ludovico Einaudi,00:05:17,2
Experience,Ludovico Einaudi,00:05:17,2
Experience (Kizomba Remix 2015 by Mestah),Ludovico Einaudi,00:04:31,2
Experience (Solo Piano Version),Ludovico Einaudi,00:05:07,2
"Fadograph of a Yestern Scene, op. 44",Samuel Barber,00:09:40,2
"Fanatasia con imitazione h-Moll, BWV 563",Johann Sebastian Bach,00:04:13,2
"Fantasia in C minor, BWV 919",Johann Sebastian Bach,00:01:32,2
"Fantasia on a Rondo in C minor, BWV 918",Johann Sebastian Bach,00:04:56,2
"Fantasia und Fuge in D‐Dur, BWV 908: I. Fantasia",Johann Sebastian Bach,00:01:49,2
"Fantasia und Fuge in D‐Dur, BWV 908: II. Fughetta",Johann Sebastian Bach,00:01:37,2
"Fantasie und Fuge c‐Moll, BWV 906 (fragment): II. Fuge",Johann Sebastian Bach,00:02:10,2
Filaments,Scott Buckley,00:05:40,2
Filaments,Scott Buckley,00:05:40,2
"Finlandia, op. 26",Jean Sibelius,00:08:01,2
"First Essay for Orchestra, op. 12",Samuel Barber,00:08:20,2
Foray,Subheim,00:05:08,2
"Fra Holbergs tid, op. 40: II. Sarabande",Edvard Grieg,00:04:03,2
Fracture,Stephan Moccio,00:03:28,2
Fracture,Stephan Moccio,00:03:28,2
"Fragment from Violin Concerto in C major, WoO 5",Ludwig van Beethoven,00:08:20,2
"Fragment from Violin Concerto in C major, WoO 5",Ludwig van Beethoven,00:08:20,2
"French suite no. 1 in D minor, BWV 812: I. Allemande",Johann Sebastian Bach,00:03:48,2
"French suite no. 2 in C minor, BWV 813: I. Allemande",Johann Sebastian Bach,00:03:05,2
"French suite no. 3 in B minor, BWV 814: I. Allemande",Johann Sebastian Bach,00:02:57,2
"French Suite no. 5 in G major, BWV 816: I. Allemande",Johann Sebastian Bach,00:02:26,2
"French Suite no. 5 in G major, BWV 816: I. Allemande",Johann Sebastian Bach,00:02:53,2
"French Suite no. 6 in E major, BWV 817: I. Allemande",Johann Sebastian Bach,00:03:15,2
Frühlingslied,Felix Mendelssohn,00:02:47,2
"Fuga super Jesus Christus, unser Heiland, BWV 689",Johann Sebastian Bach,00:04:38,2
"Fuge für Orgel c‐Moll, BWV 575",Johann Sebastian Bach,00:03:42,2
Fuge G-Dur BWV 581,Johann Sebastian Bach,00:02:15,2
"Fuge G-Dur, BWV 577",Johann Sebastian Bach,00:03:19,2
"Fughetta super Allein Gott in der Höh sei Ehr, BWV 677",Johann Sebastian Bach,00:01:23,2
Für Alina,Arvo Pärt,00:10:43,2
"Geisliches Lied, BWV 454 “Ermuntre dich, mein schwacher Geist”",Johann Sebastian Bach,00:02:19,2
"Geistliches Lied, BWV 444 “Brich entzwei, mein armes Herze”",Johann Sebastian Bach,00:01:42,2
"Geistliches Lied, BWV 450 “Die bittre Leidenszeit beginnt”",Johann Sebastian Bach,00:01:33,2
"Geistliches Lied, BWV 465 “Ich freue mich in dir”",Johann Sebastian Bach,00:02:26,2
"Geistliches Lied, BWV 469 “Ich steh an deiner Krippen hier”",Johann Sebastian Bach,00:02:43,2
"Geistliches Lied, BWV 491 “O du Liebe meiner Liebe”",Johann Sebastian Bach,00:01:55,2
"Geistliches Lied, BWV 493 “O Jesulein süß”",Johann Sebastian Bach,00:02:36,2
"Gelobet seist du, Jesu Christ BWV 314",Johann Sebastian Bach,00:00:41,2
"Gelobet seist du, Jesu Christ, BWV 697",Johann Sebastian Bach,00:00:49,2
"Gelobet seist du, Jesu Christ, BWV 723",Johann Sebastian Bach,00:02:05,2
Gold Rush,Kevin MacLeod,00:00:48,2
"Goldberg Variations, BWV 988: Aria",Johann Sebastian Bach,00:04:05,2
"Goldberg Variations, BWV 988: Aria",Johann Sebastian Bach,00:04:05,2
"Goldberg Variations, BWV 988: Aria",Johann Sebastian Bach,00:04:05,2
Goliath,Scott Buckley,00:06:22,2
Gott lebet noch BWV 320,Johann Sebastian Bach,00:01:00,2
"Gottes Sohn ist kommen, BWV 703",Johann Sebastian Bach,00:00:56,2
Greater Antiphons: I. O Wisdom,Arvo Pärt,00:01:19,2
Growing Up,Scott Buckley,00:01:56,2
Having Run,Dexter Britain,00:05:03,2
Having Run,Dexter Britain,00:05:03,2
"Herr Gott, dich loben alle wir BWV 328",Johann Sebastian Bach,00:06:44,2
"Herr Jesu Christ, dich zu uns wend, BWV 709",Johann Sebastian Bach,00:03:38,2
"Herr Jesu Christ, du höchstes Gut BWV 334",Johann Sebastian Bach,00:01:02,2
"Herr, ich habe missgehandelt BWV 330",Johann Sebastian Bach,00:00:55,2
"Herr, nun lass in Friede BWV 337",Johann Sebastian Bach,00:00:49,2
"Hilf, Gott, dass mir's gelinge BWV 343",Johann Sebastian Bach,00:01:01,2
Horizons,Scott Buckley,00:04:54,2
How Deep Is Your Love,Richard Clayderman,00:03:50,2
Hébé‐Polka,Isaac Strauss,00:04:16,2
I Didn't Know What to Say,Andrew Prahlow,00:01:37,2
I Giorni,Johannes Bornlöf,00:06:21,2
ICARUS (Orchestral Version),Tony Ann,00:02:50,2
ICARUS (Orchestral Version),Tony Ann,00:02:50,2
"Ich dank' dir, lieber Herre BWV 347",Johann Sebastian Bach,00:01:03,2
"Ich dank' dir, lieber Herre BWV 348",Johann Sebastian Bach,00:01:00,2
"Ich hab mein Sach Gott heimgestellt, BWV 707",Johann Sebastian Bach,00:06:31,2
"Ich hab mein Sach Gott heimgestellt, BWV 708",Johann Sebastian Bach,00:01:14,2
Ida,Joep Beving,00:02:31,2
Ida,Joep Beving,00:02:31,2
In Abandoned Places,raison d’être,00:09:08,2
Inception: Time,Hans Zimmer & The Disruptive Collective,00:04:37,2
Inception: Time,Hans Zimmer & The Disruptive Collective,00:04:37,2
Iris,Caricature,00:04:16,2
"Italienisches Konzert F‐Dur, BWV 971: III. Presto",Johann Sebastian Bach,00:03:23,2
"Jesu, der du meine Seele BWV 354",Johann Sebastian Bach,00:01:12,2
"Jesu, Jesu, du bist mein BWV 357",Johann Sebastian Bach,00:01:03,2
"Jesus, meine Zuverischt BWv 365",Johann Sebastian Bach,00:00:53,2
"Johannes‐Passion, BWV 245 no. 1/II Choral “O Mensch, bewein dein Sünde groß”",Johann Sebastian Bach,00:06:36,2
"Johannes‐Passion, BWV 245: Teil II no. 37 Choral “O hilf, Christe, Gottes Sohn”",Johann Sebastian Bach,00:01:11,2
"Johannes‐Passion, BWV 245: Teil II no. 39 Chorus “Ruht wohl, ihr heiligen Gebeine”",Johann Sebastian Bach,00:06:29,2
"Johannes‐Passion, BWV 245: Teil II no. 40 Choral “Ach Herr, laß dein lieb Engelein”",Johann Sebastian Bach,00:02:11,2
Kanon,Johann Pachelbel,00:05:01,2
"Kanon zu sieben Stimmen und Basso ostinato, BWV 1078",Johann Sebastian Bach,00:01:38,2
"Kanon zu vier Stimmen, BWV 1073",Johann Sebastian Bach,00:00:52,2
"Kantate ""Ach wie flüchtig, ach wie nichtig"", BWV 26: I. Choral ""Ach wie flüchtig, ach wie nichtig""",Johann Sebastian Bach,00:02:23,2
"Kantate ""Ach wie flüchtig, ach wie nichtig"", BWV 26: II. Aria ""So schnell ein rauschend Wasser schießt""",Johann Sebastian Bach,00:05:20,2
"Kantate ""Ach wie flüchtig, ach wie nichtig"", BWV 26: III. Recitativo ""Die Freud wird zur Traurigkeit""",Johann Sebastian Bach,00:00:56,2
"Kantate ""Ach wie flüchtig, ach wie nichtig"", BWV 26: IV. Aria ""An irdische Schätze das Herze zu hängen""",Johann Sebastian Bach,00:04:29,2
"Kantate ""Es reißet euch ein schrecklich Ende"", BWV 90: II. ""Des Höchsten Güte wird von Tag zu Tage neu""",Johann Sebastian Bach,00:01:44,2
"Kantate ""Falsche Welt, dir trau ich nicht"", BWV 52: I. Sinfonia",Johann Sebastian Bach,00:04:33,2
"Kantate, BWV 10 ""Meine Seel erhebt den Herren"": Duetto con Choral",Johann Sebastian Bach,00:02:00,2
"Kantate, BWV 104 ""Du Hirte Israel, höre"": VI. Chorale ""Der Herr ist mein getreuer Hirt""",Johann Sebastian Bach,00:01:05,2
"Kantate, BWV 112 “Der Herr ist mein getreuer Hirt”: III. Recitativo (Bass) “Und ob ich wandert im finstern Tal”",Johann Sebastian Bach,00:01:48,2
"Kantate, BWV 113 “Herr Jesu Christ, du höchstes Gut”: II. Aria (Choral, Alt) “Erbarm dich mein in solcher Last”",Johann Sebastian Bach,00:05:36,2
"Kantate, BWV 113 “Herr Jesu Christ, du höchstes Gut”: IV. Recitativo (Bass) “Jedoch dein heilsam Wort, das macht”",Johann Sebastian Bach,00:02:26,2
"Kantate, BWV 114 “Ach lieben Christen, seid getrost”: V. Aria (Alt) “Du machst, o Tod, mir nun nicht ferner bange”",Johann Sebastian Bach,00:05:42,2
"Kantate, BWV 119 “Preise, Jerusalem, den Herrn”: IV. Recitativo (Bass) “So herrlich stehst du, liebe Stadt”",Johann Sebastian Bach,00:01:57,2
"Kantate, BWV 119 “Preise, Jerusalem, den Herrn”: VI. Recitativo (Sopran) “Nun! Wir erkennen es und bringen dir”",Johann Sebastian Bach,00:01:03,2
"Kantate, BWV 12 “Weinen, Klagen, Sorgen, Zagen”: I. Sinfonia",Johann Sebastian Bach,00:02:45,2
"Kantate, BWV 124 ""Meinen Jesum laß ich nicht"": IV. Recitativo (Basso) ""Doch ach! Welch schweres Ungemach""",Johann Sebastian Bach,00:01:04,2
"Kantate, BWV 130 “Herr Gott, dich loben alle wir”: II. Recitativo (Alt) “Ihr heller Glanz und hohe Weisheit zeigt”",Johann Sebastian Bach,00:01:14,2
"Kantate, BWV 131 “Aus der Tiefen rufe ich, Herr, zu dir”: II. Arioso (Bass) con Choral “So du willst, Herr, Sünde zurechnen”",Johann Sebastian Bach,00:04:09,2
"Kantate, BWV 138 “Warum betrübst du dich, mein Herz”: III. Coro e Recitativo (Sopran, Alt) “Er kann und will dich lassen nicht”",Johann Sebastian Bach,00:03:59,2
"Kantate, BWV 14 “Wär Gott nicht mit uns diese Zeit”: III. Recitativo (Tenore) “Ja, hätt es Gott nur zugegeben”",Johann Sebastian Bach,00:00:44,2
"Kantate, BWV 14 “Wär Gott nicht mit uns diese Zeit”: IV. Aria (Basso) “Gott, bei deinem starken Schützen”",Johann Sebastian Bach,00:03:47,2
"Kantate, BWV 14 “Wär Gott nicht mit uns diese Zeit”: V. Choral “Gott Lob und Dank, der nicht zugab”",Johann Sebastian Bach,00:01:07,2
"Kantate, BWV 140 “Wachet auf, ruft uns die Stimme”: I. Coro “Wachet auf, ruft uns die Stimme”",Johann Sebastian Bach,00:06:09,2
"Kantate, BWV 143 “Lobe den Herrn, meine Seele”: III. Recitativo (Tenor) “Wohl dem, des Hülfe der Gott Jakob ist”",Johann Sebastian Bach,00:00:27,2
"Kantate, BWV 143 “Lobe den Herrn, meine Seele”: VII. Coro “Alleluja. Gedenk Herr, jetzund an dein Amt”",Johann Sebastian Bach,00:02:30,2
"Kantate, BWV 148 “Bringet dem Herrn Ehre seines Namens”: III. Recitativo (Alt) “So, wie der Hirsch nach frischem Wasser schreit”",Johann Sebastian Bach,00:01:35,2
"Kantate, BWV 150 “Nach dir, Herr, verlanget mich”: VI. Coro “Meine Augen sehen stets zu dem Herrn”",Johann Sebastian Bach,00:02:11,2
"Kantate, BWV 152 “Tritt auf die Glaubensbahn”: VI. Duetto “Wie soll ich dich, Liebster der Seelen, umfassen?”",Johann Sebastian Bach,00:04:37,2
"Kantate, BWV 156 “Ich steh mit einem Fuß im Grabe”: V. Recitativo (Bass) “Und willst du, daß ich nicht soll kranken”",Johann Sebastian Bach,00:01:07,2
"Kantate, BWV 16 “Herr Gott, dich loben wir”: II. Recitativo (Basso) “So stimmen wir bei dieser frohen Zeit”",Johann Sebastian Bach,00:01:23,2
"Kantate, BWV 163 “Nur jedem das Seine”: V. Aria (Duetto Sopran, Alt) “Nimm mich mir und gib mich dir!”",Johann Sebastian Bach,00:03:01,2
"Kantate, BWV 163 “Nur jedem das Seine”: VI. Choral “Führ auch mein Herz und Sinn”",Johann Sebastian Bach,00:00:51,2
"Kantate, BWV 164 “Ihr, die ihr euch von Christo nennet”: II. Recitativo (Bass) “Wir hören zwar, was selbst die Liebe spricht”",Johann Sebastian Bach,00:02:02,2
"Kantate, BWV 165 “O heilges Geist- und Wasserbad”: II. Recitativo (Bass) “Die sündige Geburt verdammter Adamserben”",Johann Sebastian Bach,00:01:36,2
"Kantate, BWV 166 “Wo gehest du hin”: II. Aria (Tenor) “Ich will an den Himmel denken”",Johann Sebastian Bach,00:06:05,2
"Kantate, BWV 166 “Wo gehest du hin”: III. Choral (Coro Sopran) “Ich bitte dich, Herr Jesu Christ”",Johann Sebastian Bach,00:03:16,2
"Kantate, BWV 17 “Wer Dank opfert, der preiset mich”: Teil II, IV. Recitativo (Tenore) “Einer aber unter ihnen”",Johann Sebastian Bach,00:00:55,2
"Kantate, BWV 17 “Wer Dank opfert, der preiset mich”: Teil II, V. Aria (Tenore) “Welch Übermaß der Güte”",Johann Sebastian Bach,00:03:36,2
"Kantate, BWV 17 “Wer Dank opfert, der preiset mich”: Teil II, VII. Choral “Wie sich ein Vat’r erbarmet”",Johann Sebastian Bach,00:01:54,2
"Kantate, BWV 170 “Vergnügte Ruh! beliebte Seelenlust!”: III. Aria (Alt) “Wie jammern mich doch die verkehrten Herzen”",Johann Sebastian Bach,00:06:57,2
"Kantate, BWV 177 “Ich ruf zu dir, Herr Jesu Christ”: IV. Aria (Tenor) “Laß mich kein Lust noch Furcht von dir”",Johann Sebastian Bach,00:04:45,2
"Kantate, BWV 18 “Gleichwie der Regen und Schnee vom Himmel fällt”: II. Recitativo (Basso) “Gleichwie der Regen und Schnee”",Johann Sebastian Bach,00:01:15,2
"Kantate, BWV 180 “Schmücke dich, o liebe Seele”: III. Recitativo e Choral (Sopran) “Wie teuer sind des heilgen Mahles Gaben”",Johann Sebastian Bach,00:03:25,2
"Kantate, BWV 180 “Schmücke dich, o liebe Seele”: VI. Recitativo (Bass) “Herr, laß an mir dein treues Lieben”",Johann Sebastian Bach,00:01:09,2
"Kantate, BWV 181 “Leichtgesinnte Flattergeister”: II. Recitativo (Alt) “O unglückselger Stand verkehrter Seelen”",Johann Sebastian Bach,00:01:53,2
"Kantate, BWV 181 “Leichtgesinnte Flattergeister”: IV. Recitativo (Sopran) “Von diesen wird die Kraft erstickt”",Johann Sebastian Bach,00:00:51,2
"Kantate, BWV 184 “Erwünschtes Freudenlicht”: II. Aria (Sopran, Alt) “Gesegnete Christen, glückselige Herde”",Johann Sebastian Bach,00:08:56,2
"Kantate, BWV 186 “Ärgre dich, o Seele, nicht”: IX. Recitativo (Alt) “Nun mag die Welt mit ihrer Lust vergehen”",Johann Sebastian Bach,00:01:43,2
"Kantate, BWV 186 “Ärgre dich, o Seele, nicht”: VI. Choral “Ob sichs anließ, als wollt er nicht”",Johann Sebastian Bach,00:02:59,2
"Kantate, BWV 186 “Ärgre dich, o Seele, nicht”: VII. Recitativo (Bass) “Es ist die Welt die große Wüstenei”",Johann Sebastian Bach,00:02:12,2
"Kantate, BWV 188 “Ich habe meine Zuversicht”: III. Recitativo (Bass) “Gott meint es gut mit jedermann”",Johann Sebastian Bach,00:02:16,2
"Kantate, BWV 19 “Es erhub sich ein Streit”: IV. Recitativo (Tenore) “Was ist der schnöde Mensch, das Erdenkind?”",Johann Sebastian Bach,00:01:02,2
"Kantate, BWV 19 “Es erhub sich ein Streit”: VII. Choral “Laß dein’ Engel mit mir fahren”",Johann Sebastian Bach,00:01:20,2
"Kantate, BWV 191 ""Gloria in excelsis Deo"": II. Aria (Duetto: Soprano, Tenore) ""Gloria Patri""",Johann Sebastian Bach,00:05:33,2
"Kantate, BWV 193 “Ihr Tore zu Zion”: III. Aria (Sopran) “Gott, wir danken deiner Güte”",Johann Sebastian Bach,00:06:17,2
"Kantate, BWV 193 “Ihr Tore zu Zion”: V. Aria (Alt) “Sende, Herr, den Segen ein”",Johann Sebastian Bach,00:03:27,2
"Kantate, BWV 196 “Der Herr denket an uns”: V. Coro “Ihr seid die Gesegneten des Herrn”",Johann Sebastian Bach,00:03:29,2
"Kantate, BWV 197 “Gott ist unsre Zuversicht”: II. Recitativo (Bass) “Gott ist und bleibt der beste Sorger”",Johann Sebastian Bach,00:01:21,2
"Kantate, BWV 197 “Gott ist unsre Zuversicht”: IV. Recitativo (Bass) “Drum folget Gott und seinem Triebe”",Johann Sebastian Bach,00:01:09,2
"Kantate, BWV 197 “Gott ist unsre Zuversicht”: V. Choral “Du süße Lieb, schenk uns deine Gunst”",Johann Sebastian Bach,00:00:57,2
"Kantate, BWV 202 “Weichet nur, betrübte Schatten”: III. Aria (Sopran) “Phoebus eilt mit schnellen Pferden”",Johann Sebastian Bach,00:02:59,2
"Kantate, BWV 202 “Weichet nur, betrübte Schatten”: VI. Recitativo (Sopran) “Und dieses ist das Glücke”",Johann Sebastian Bach,00:00:37,2
"Kantate, BWV 202 “Weichet nur, betrübte Schatten”: VII. Aria (Sopran) “Sich üben im Lieben”",Johann Sebastian Bach,00:04:17,2
"Kantate, BWV 203 “Amore traditore”: II. Recitativo (Bass) “Voglio provar”",Johann Sebastian Bach,00:00:40,2
"Kantate, BWV 203 “Amore traditore”: III. Aria (Bass) “Chi in amore ha nemica la sorte”",Johann Sebastian Bach,00:05:13,2
"Kantate, BWV 204 “Ich bin in mir vergnügt”: I. Recitativo (Sopran) “Ich bin in mir vergnügt”",Johann Sebastian Bach,00:01:45,2
"Kantate, BWV 204 “Ich bin in mir vergnügt”: II. Aria (Sopran) “Ruhig und in sich zufrieden”",Johann Sebastian Bach,00:06:41,2
"Kantate, BWV 204 “Ich bin in mir vergnügt”: VI. Aria (Sopran) “Meine Seele sei vergnügt”",Johann Sebastian Bach,00:05:32,2
"Kantate, BWV 207a “Auf, schmetternde Töne der muntern Trompeten”: IV. Marche",Johann Sebastian Bach,00:01:24,2
"Kantate, BWV 207a “Auf, schmetternde Töne der muntern Trompeten”: VII. Ritornello",Johann Sebastian Bach,00:01:03,2
"Kantate, BWV 22 “Jesus nahm zu sich die Zwölfe”: III. Recitativo (Basso) “Mein Jesu, ziehe mich, so werd ich laufen”",Johann Sebastian Bach,00:02:22,2
"Kantate, BWV 23 “Du wahrer Gott und Davids Sohn”: I. Aria (Duetto: Soprano, Alto) “Du wahrer Gott und Davids Sohn”",Johann Sebastian Bach,00:06:39,2
"Kantate, BWV 23 “Du wahrer Gott und Davids Sohn”: II. Recitativo (Tenore) “Ach! gehe nicht vorüber”",Johann Sebastian Bach,00:01:43,2
"Kantate, BWV 24 “Ein ungefärbt Gemüte”: I. Aria (Alto) “Ein ungefärbt Gemüte”",Johann Sebastian Bach,00:05:01,2
"Kantate, BWV 24 “Ein ungefärbt Gemüte”: II. Recitativo (Tenore) “Die Redlichkeit ist eine von den Gottesgaben”",Johann Sebastian Bach,00:02:00,2
"Kantate, BWV 24 “Ein ungefärbt Gemüte”: IV. Recitativo (Basso) “Die Heuchelei ist eine Brut”",Johann Sebastian Bach,00:01:57,2
"Kantate, BWV 24 “Ein ungefärbt Gemüte”: V. Aria (Tenore) “Treu und Wahrheit sei der Grund”",Johann Sebastian Bach,00:03:48,2
"Kantate, BWV 24 “Ein ungefärbt Gemüte”: VI. Choral “O Gott, du frommer Gott”",Johann Sebastian Bach,00:02:02,2
"Kantate, BWV 25 “Es ist nichts Gesundes an meinem Leibe”: II. Recitativo (Tenore) “Die ganze Welt ist nur ein Hospital”",Johann Sebastian Bach,00:01:44,2
"Kantate, BWV 25 “Es ist nichts Gesundes an meinem Leibe”: V. Aria (Soprano) “Öffne meinen schlechten Liedern”",Johann Sebastian Bach,00:03:17,2
"Kantate, BWV 30 “Freue dich, erlöste Schar”: Teil I, IV. Recitativo (Alto) “Der Herold kömmt und meldt den König an”",Johann Sebastian Bach,00:00:47,2
"Kantate, BWV 37 ""Wer da gläubet und getauft wird"": I. Coro ""Wer da gläubet und getauft wird, der wird selig werden""",Johann Sebastian Bach,00:03:00,2
"Kantate, BWV 38 ""Aus tiefer Not schrei ich zu dir"": I. Choral. ""Aus tiefer Not schrei ich zu dir""",Johann Sebastian Bach,00:03:52,2
"Kantate, BWV 38 ""Aus tiefer Not schrei ich zu dir"": III. Aria. ""Ich höre mitten in dem Leiden""",Johann Sebastian Bach,00:07:17,2
"Kantate, BWV 38 ""Aus tiefer Not schrei ich zu dir"": V. Trio. ""Wenn meine Trübsal als mit Ketten""",Johann Sebastian Bach,00:03:52,2
"Kantate, BWV 38 ""Aus tiefer Not schrei ich zu dir"": VI. Choral. ""Ob bei uns ist der Sünden viel""",Johann Sebastian Bach,00:01:15,2
"Kantate, BWV 39 ""Brich dem Hungrigen dein Brot"": Teil I, I. Coro ""Brich dem Hungrigen dein Brot""",Johann Sebastian Bach,00:06:44,2
"Kantate, BWV 39 ""Brich dem Hungrigen dein Brot"": Teil I, III. Aria (Alto) ""Seinem Schöpfer noch auf Erden""",Johann Sebastian Bach,00:03:26,2
"Kantate, BWV 39 ""Brich dem Hungrigen dein Brot"": Teil II, VI. Recitativo (Alto) ""Wie soll ich dir, o Herr!""",Johann Sebastian Bach,00:02:07,2
"Kantate, BWV 4 ""Christ lag in Todesbanden"": V. Coro Versus IV ""Es war ein wunderlicher Krieg""",Johann Sebastian Bach,00:02:38,2
"Kantate, BWV 40 ""Darzu ist erschienen der Sohn Gottes"": I. Choeur. ""Dazu ist erschienen der Sohn Gottes""",Johann Sebastian Bach,00:05:06,2
"Kantate, BWV 40 ""Darzu ist erschienen der Sohn Gottes"": IV. Aria. ""Höllische Schlange, wird dir nicht bange?""",Johann Sebastian Bach,00:02:37,2
"Kantate, BWV 40 ""Darzu ist erschienen der Sohn Gottes"": V. Récitatif. ""Die Schlange, so im Paradies""",Johann Sebastian Bach,00:01:11,2
"Kantate, BWV 40 ""Darzu ist erschienen der Sohn Gottes"": VI. Choral. ""Schuttle deinen Kopf und sprich""",Johann Sebastian Bach,00:00:59,2
"Kantate, BWV 40 ""Darzu ist erschienen der Sohn Gottes"": VII. Aria. ""Christenkinder, freuet euch!""",Johann Sebastian Bach,00:04:11,2
"Kantate, BWV 40 ""Darzu ist erschienen der Sohn Gottes"": VIII. Choral. ""Jesu, nimm dich deiner Glieder ferner in Genaden an""",Johann Sebastian Bach,00:01:16,2
"Kantate, BWV 41 ""Jesu, nun sei gepreiset"": I. Choeur. ""Jesu, nun sei gepreiset",Johann Sebastian Bach,00:08:56,2
"Kantate, BWV 41 ""Jesu, nun sei gepreiset"": II. Aria. ""Lass uns, o hochster Gott, das Jahr vollbringen",Johann Sebastian Bach,00:07:40,2
"Kantate, BWV 41 ""Jesu, nun sei gepreiset"": III. Récitatif. ""Herr! deine Hand, dein Segen muss allein",Johann Sebastian Bach,00:01:22,2
"Kantate, BWV 41 ""Jesu, nun sei gepreiset"": IV. Aria. ""Woferne du den edlen Frieden",Johann Sebastian Bach,00:08:03,2
"Kantate, BWV 42 ""Am Abend aber desselbigen Sabbats"": I. Sinfonia",Johann Sebastian Bach,00:06:11,2
"Kantate, BWV 42 ""Am Abend aber desselbigen Sabbats"": II. Recitativo (Tenore) ""Am Abend aber desselbigen Sabbats""",Johann Sebastian Bach,00:00:32,2
"Kantate, BWV 42 ""Am Abend aber desselbigen Sabbats"": IV. Chorale (Duetto Soprano, Tenore) ""Verzage nicht, o Häuflein klein""",Johann Sebastian Bach,00:02:04,2
"Kantate, BWV 43 ""Gott fähret auf mit Jauchzen"": Teil I, II. Recitativo (Tenore) ""Es will der Höchste sich ein Siegsgepräng bereiten""",Johann Sebastian Bach,00:00:54,2
"Kantate, BWV 43 ""Gott fähret auf mit Jauchzen"": Teil II, VIII. Recitativo (Alto) ""Der Vater hat ihm ja ein ewig Reich bestimmet""",Johann Sebastian Bach,00:00:48,2
"Kantate, BWV 43 ""Gott fähret auf mit Jauchzen"": Teil II, X. Recitativo (Soprano) ""Er will mir neben sich die Wohnung zubereiten""",Johann Sebastian Bach,00:01:02,2
"Kantate, BWV 45 ""Es ist dir gesagt, Mensch, was gut ist"": Récitatif. ""Der Höchste lässt mich seinen Willen wissen""",Johann Sebastian Bach,00:01:01,2
"Kantate, BWV 49 ""Ich geh und suche mit Verlangen"": I. Sinfonia",Johann Sebastian Bach,00:06:33,2
"Kantate, BWV 5 ""Wo soll ich fliehen hin"": III. Aria (Tenore) ""Ergieße dich reichlich, du göttliche Quelle""",Johann Sebastian Bach,00:05:44,2
"Kantate, BWV 5 ""Wo soll ich fliehen hin"": VI. Recitativo (Soprano) ""Ich bin ja nur das kleinste Teil der Welt""",Johann Sebastian Bach,00:01:07,2
"Kantate, BWV 57 “Selig ist der Mann”: V. Aria (Basso) “Ja, ja, ich kann die Feinde schlagen”",Johann Sebastian Bach,00:06:18,2
"Kantate, BWV 57 “Selig ist der Mann”: VI. Recitativo (Soprano, Bass)o “In meiner Schoß liegt Ruh und Leben”",Johann Sebastian Bach,00:02:03,2
"Kantate, BWV 57 “Selig ist der Mann”: VII. Aria (Soprano) “Ich ende behende mein irdisches Leben”",Johann Sebastian Bach,00:03:35,2
"Kantate, BWV 65 “Sie werden aus Saba alle kommen”: V. Recitativo (Tenor) “Verschmähe nicht, du meiner Seele Licht”",Johann Sebastian Bach,00:01:35,2
"Kantate, BWV 66 “Erfreut euch, ihr Herzen”: II. Recitativo (Bass) “Es bricht das Grab und damit unsre Not”",Johann Sebastian Bach,00:00:40,2
"Kantate, BWV 66 “Erfreut euch, ihr Herzen”: IV. Recitativo à 2 (Tenor, Alt) “Bei Jesu Leben freudig sein”",Johann Sebastian Bach,00:04:33,2
"Kantate, BWV 66 “Erfreut euch, ihr Herzen”: V. Aria (Duetto Alt, Tenor) “Ich furchte zwar nicht des Grabes Finsternissen”",Johann Sebastian Bach,00:06:47,2
"Kantate, BWV 67 “Halt im Gedächtnis Jesum Christ”: III. Recitativo (Alt) “Mein Jesu, heißest du des Todes Gift”",Johann Sebastian Bach,00:00:35,2
"Kantate, BWV 68 “Also hat Gott die Welt geliebt”: V. Coro “Wer an ihn gläubet, der wird nicht gerichtet”",Johann Sebastian Bach,00:03:34,2
"Kantate, BWV 70 “Wachet! betet! betet! wachet!”: II. Recitativo (Bass) “Erschrecket, ihr verstockten Sünder”",Johann Sebastian Bach,00:01:33,2
"Kantate, BWV 70 “Wachet! betet! betet! wachet!”: VI. Recitativo (Tenor) “Jedoch bei dem unartigen Geschlechte”",Johann Sebastian Bach,00:00:39,2
"Kantate, BWV 70 “Wachet! betet! betet! wachet!”: XI. Choral “Nicht nach Welt, nach Himmel nicht”",Johann Sebastian Bach,00:01:02,2
"Kantate, BWV 72 “Alles nur nach Gottes Willen”: VI. Choral “Was mein Gott will, das gscheh allzeit”",Johann Sebastian Bach,00:01:17,2
"Kantate, BWV 75 “Die Elenden sollen essen”: IX. Recitativo (Alt) “Nur eines kränkt ein christliches Gemüte”",Johann Sebastian Bach,00:01:04,2
"Kantate, BWV 75 “Die Elenden sollen essen”: V. Aria (Sopran) “Ich nehme mein Leiden mit Freuden auf mich”",Johann Sebastian Bach,00:05:30,2
"Kantate, BWV 75 “Die Elenden sollen essen”: VII. Choral “Was Gott tut, das ist wohlgetan”",Johann Sebastian Bach,00:02:20,2
"Kantate, BWV 77 “Du sollt Gott, deinen Herren, lieben”: I. Coro con Choral “Du sollt Gott, deinen Herren, lieben”",Johann Sebastian Bach,00:04:27,2
"Kantate, BWV 77 “Du sollt Gott, deinen Herren, lieben”: IV. Recitativo (Tenor) “Gib mir dabei, mein Gott! ein Samariterherz”",Johann Sebastian Bach,00:01:20,2
"Kantate, BWV 78 “Jesu, der du meine Seele”: III. Recitativo (Tenor) “Ach! ich bin ein Kind der Sünden”",Johann Sebastian Bach,00:02:23,2
"Kantate, BWV 78 “Jesu, der du meine Seele”: IV. Aria (Tenor) “Das Blut, so meine Schuld durchstreicht”",Johann Sebastian Bach,00:02:48,2
"Kantate, BWV 78 “Jesu, der du meine Seele”: V. Recitativo (Bass) “Die Wunden, Nägel, Kron und Grab”",Johann Sebastian Bach,00:02:29,2
"Kantate, BWV 83 ""Erfreute Zeit im neuen Bunde"": II. Aria ""Herr, nun lässest du deinen Diener""",Johann Sebastian Bach,00:04:12,2
"Kantate, BWV 86 ""Wahrlich, wahrlich, ich sage euch"": IV. Recitativo ""Gott macht es nicht gleichwie die Welt""",Johann Sebastian Bach,00:00:37,2
"Kantate, BWV 88 “Siehe, ich will viel Fischer aussenden”: II. Recitativo (Tenor) “Wie leichtlich könnte doch der Höchste uns entbehren”",Johann Sebastian Bach,00:01:05,2
"Kantate, BWV 89 “Was soll ich aus dir machen, Ephraim?”: IV. Recitativo (Sopran) “Wohlan! mein Herze legt Zorn, Zank und Zwietracht hin”",Johann Sebastian Bach,00:01:24,2
"Kantate, BWV 93, ""Wer nur den lieben Gott läßt walten"": Recitativo e Choral",Johann Sebastian Bach,00:02:39,2
"Kantate, BWV 95 “Christus, der ist mein Leben”: IV. Recitativo (Tenor) “Ach könnte mir doch bald so wohl geschehn”",Johann Sebastian Bach,00:00:41,2
"Kantate, BWV 96 “Herr Christ, der einge Gottessohn”: IV. Recitativo (Sopran) “Ach, führe mich, o Gott, zum rechten Wege”",Johann Sebastian Bach,00:00:55,2
"Kantate, BWV 98 “Was Gott tut, das ist wohl getan”: IV. Recitativo (Alt) “Gott hat ein Herz, das des Erbarmens Überfluß”",Johann Sebastian Bach,00:01:26,2
"Kantate, BWV 99 “Was Gott tut, das ist wohl getan”: II. Recitativo (Bass) “Sein Wort der Wahrheit stehet fest”",Johann Sebastian Bach,00:01:24,2
"Kantate, BWV 99 “Was Gott tut, das ist wohl getan”: IV. Recitativo (Alt) “Nun, der von Ewigkeit geschloßne Bund”",Johann Sebastian Bach,00:01:23,2
"Kinderszenen, Op. 15: VII. Träumerei (Arr. Lewin for Guitar)",Miloš Karadaglić,00:03:36,2
"Kommt, eilet und laufet (Osteroratorium), BWV 249: XI. Coro ""Preis und Dank""",Johann Sebastian Bach,00:02:47,2
"Kyrie, Gott heiliger Geist, BWV 674",Johann Sebastian Bach,00:01:37,2
"Kyrie, Gott Vater in Ewigkeit alio modo, BWV 672",Johann Sebastian Bach,00:02:02,2
"Kyrie, Gott Vater in Ewigkeit, BWV 669",Johann Sebastian Bach,00:03:32,2
"L'Oiseau de feu: Tableau 1, Berceuse",Igor Stravinsky,00:03:03,2
"L'Oiseau de feu: Tableau 1, Khorovode des princesses",Igor Stravinsky,00:04:42,2
La Catedral: I. Preludio saudade,Agustín Barrios Mangoré,00:02:16,2
La Catedral: I. Preludio saudade,Agustín Barrios Mangoré,00:02:16,2
"La voix humaine : « Hier soir, je me suis couchée tout de suite »",Francis Poulenc,00:01:55,2
"La voix humaine : « Hier soir, je me suis couchée tout de suite »",Francis Poulenc,00:01:55,2
Laid Back Guitars,Kevin MacLeod,00:04:04,2
"Largo, From Cello Concerto in G major",Nicola Porpora,00:03:23,2
"Leonore II, op. 72: Overture. Adagio - Allegro (live)",Ludwig van Beethoven,00:13:43,2
"Leonore, Hess 109: Die ernsten Steine des dumpfen Gemäuers",Ludwig van Beethoven,00:00:30,2
"Leonore, Hess 109: Fidelio kam - und niemand weiß woher",Ludwig van Beethoven,00:00:18,2
"Leonore, Hess 109: Postiert eine Trompete auf dem Wachturm!",Ludwig van Beethoven,00:00:09,2
"Leonore, Hess 109: Unantastbar klar birgt Leonores Brust",Ludwig van Beethoven,00:01:07,2
"Leonore, Hess 109: Und Leonore begegnet Marzelline",Ludwig van Beethoven,00:00:23,2
"Liebster Jesu, wir sind hier, BWV 730",Johann Sebastian Bach,00:02:08,2
light dance,小瀬村晶,00:04:49,2
light dance,小瀬村晶,00:04:49,2
Light Sting,Kevin MacLeod,00:00:15,2
Little Waltz,Joep Beving,00:01:17,2
"Lob auf den Dicken, WoO 100 (Musical joke for 3 solo voices and chorus): “Schuppanzigh ist ein Lump”",Ludwig van Beethoven,00:00:30,2
"Lobt Gott, ihr Christen allzugleich BWV 375",Johann Sebastian Bach,00:00:39,2
Losar,Joep Beving,00:03:41,2
LOST,Tony Ann,00:02:36,2
Love Story,Richard Clayderman,00:03:02,2
Lyrics,The Phantom of the Opera,00:03:31,2
"Magnificat, RV 611: IV. Quia fecit",Antonio Vivaldi,00:02:01,2
"Magnificat, RV 611: IV. Quia fecit",Antonio Vivaldi,00:02:01,2
"Magnificat, RV 611: VIII. Esurientes",Antonio Vivaldi,00:02:07,2
"Marche Slave, op. 31",Tchaikovsky,00:09:15,2
"Medea Ballet Suite, op. 23: I. Parodos",Samuel Barber,00:03:19,2
"Medea Ballet Suite, op. 23: II. Choros. Medea and Jason",Samuel Barber,00:05:03,2
"Medea Ballet Suite, op. 23: II. Choros. Medea and Jason",Samuel Barber,00:05:03,2
"Medea Ballet Suite, op. 23: V. Medea",Samuel Barber,00:07:45,2
"Medea Ballet Suite, op. 23: VII. Exodos",Samuel Barber,00:03:18,2
Memory One,Ludovico Einaudi,00:04:24,2
"Mendelssohn: On Wings of Song, Op. 34 No. 2 (Arr. Parkin for Violin and Chamber Ensemble)",Felix Mendelssohn,00:03:13,2
Merry-Go-Round of Life (from 'Howl's Moving Castle'),久石譲 & ロイヤル・フィルハーモニー管弦楽団,00:02:45,2
Merry‐Go‐Round of Life (From “Howl’s Moving Castle”),Joe Hisaishi & Royal Philharmonic Orchestra,00:02:50,2
"Messe A‐Dur, BWV 234: Qui tollis peccata mundi",Johann Sebastian Bach,00:06:18,2
"Messe F‐Dur, BWV 233: Cum sancto spiritu",Johann Sebastian Bach,00:02:40,2
"Messe G‐Dur, BWV 236: Cum sancto spiritu",Johann Sebastian Bach,00:03:50,2
"Messe G‐Dur, BWV 236: Domine Deus",Johann Sebastian Bach,00:04:03,2
"Messe G‐Dur, BWV 236: Gloria in excelsis Deo",Johann Sebastian Bach,00:04:41,2
"Messe G‐Dur, BWV 236: Gratias agimus tibi",Johann Sebastian Bach,00:04:44,2
Messe à trois voix: I. Kyrie,André Caplet,00:03:32,2
Messe à trois voix: I. Kyrie,André Caplet,00:03:32,2
"Messiah, HWV 56: Part I, XIIa. Pifa ""Pastoral Symphony""",Georg Friedrich Händel,00:02:49,2
Miroirs: II. Oiseaux tristes,Maurice Ravel,00:04:31,2
Mit Fried' und Freud' ich fahr' dahin BWV 382,Johann Sebastian Bach,00:00:52,2
"Moments Musicaux (6) for piano, op. 16 no. 4 in E minor",Sergei Rachmaninoff,00:03:02,2
Moonlight Sonata,Ludwig van Beethoven,00:06:21,2
Moonlight Sonata,Ludwig van Beethoven,00:06:21,2
Moonlight Sonata (Beethoven Cover),ZaeL,00:15:00,2
Moonlight Sonata (Beethoven Cover),ZaeL,00:15:00,2
"Morgen!, op. 27 no. 4",Richard Strauss arr. Max Reger,00:03:53,2
"Motette, BWV 118 “O Jesu Christ, meins Lebens Licht”",Johann Sebastian Bach,00:06:26,2
"Motette, BWV 225 “Singet dem Herrn ein neues Lied”",Johann Sebastian Bach,00:13:28,2
"Motette, BWV 226 “Der Geist hilft unser Schwachheit auf”",Johann Sebastian Bach,00:08:32,2
"Motette, BWV 227 “Jesu, meine Freude”",Johann Sebastian Bach,00:19:47,2
"Motette, BWV 228 “Fürchte dich nicht, ich bin bei dir”",Johann Sebastian Bach,00:10:26,2
"Motette, BWV 230 “Lobet den Herrn, alle Heiden”",Johann Sebastian Bach,00:06:01,2
"Motette, BWV Anh. 160 “Jauchzet dem Herrn, alle Welt”",Johann Sebastian Bach,00:08:42,2
Mother’s Broom (From “Kiki’s Delivery Service”),Joe Hisaishi & Royal Philharmonic Orchestra,00:03:50,2
"Music for a Scene From Shelley, op. 7",Samuel Barber,00:09:53,2
Mutations from Bach,Samuel Barber,00:05:43,2
"Mörike-Lieder - no. 28, Gebet",Hugo Wolf,00:02:42,2
"Nabucco: Chorus of the Hebrew Slaves (Va', pensiero, sull'ali dorate)",Giuseppe Verdi,00:04:59,2
"Never Forgive Me, Never Forget Me",Akira Yamaoka,00:02:19,2
"No. 21, Andante in B-Flat Major",Julius Asal,00:01:39,2
Nocturne op. 32 no. 1 in B major,Fryderyk Chopin,00:05:01,2
"Nocturnes, op.9: No.2 in E-Flat Major",Frédéric Chopin,00:04:29,2
Nummisuutarit,Uuno Klami,00:08:30,2
Nummisuutarit,Uuno Klami,00:08:30,2
"Nun freut euch, lieben Christen g'mein BWV 307",Johann Sebastian Bach,00:00:50,2
"O Gott, du frommer Gott BWV 398",Johann Sebastian Bach,00:01:44,2
"O Herre Gott, dein göttlichs Wort, BWV 757",Johann Sebastian Bach,00:02:16,2
"O Lamm Gottes unschuldig, BWV 656",Johann Sebastian Bach,00:07:51,2
"O Lamm Gottes, unschuldig BWV 401",Johann Sebastian Bach,00:01:04,2
"O Mensch, bewein' dein Sünde gross BWV 402",Johann Sebastian Bach,00:01:49,2
"O Vater, allmächtiger Gott, BWV 758",Johann Sebastian Bach,00:04:39,2
"O Welt, ich muss dich lassen BWV 392",Johann Sebastian Bach,00:00:57,2
"Oboe Concerto in C major, K. 314: I. Allegro aperto",Wolfgang Amadeus Mozart,00:07:29,2
Of the undiscovered country,Max Richter,00:05:22,2
Of the undiscovered country,Max Richter,00:05:22,2
Of Wonder,Chad Lawson,00:04:52,2
Omega,Scott Buckley,00:04:06,2
On the Nature of Daylight,Max Richter,00:06:12,2
"Opferlied, op. 121b",Beethoven,00:07:51,2
Opus 18,Dustin O’Halloran,00:03:31,2
Opus 18,Dustin O’Halloran,00:03:31,2
"Orchestral Suite no. 1 in C major, op. 8: III. Fuge",Richard Stöhr,00:04:51,2
"Orlando finto pazzo, RV 727: Act I Scene 12b: Aria: In amor spesso (Brandimarte)",Antonio Vivaldi,00:02:31,2
"Orlando finto pazzo, RV 727: Act I Scene 12b: Aria: In amor spesso (Brandimarte)",Antonio Vivaldi,00:02:31,2
"Orphée (Arr. for Piano Duet), Act I: III. La chambre d'Orphée",Katia & Marielle Labèque,00:01:59,2
Overlay of Evil / Main Title,Harry Manfredini,00:03:33,2
Pacific Visions,Kenneth Fuchs,00:08:24,2
"Partita E‐Dur, BWV 1006a: III. Gavotte en Rondeau",Johann Sebastian Bach,00:02:40,2
"Partita E‐Dur, BWV 1006a: IV. Menuet I",Johann Sebastian Bach,00:01:41,2
"Partita E‐Dur, BWV 1006a: V. Menuet II",Johann Sebastian Bach,00:02:34,2
"Partita E‐Dur, BWV 1006a: VII. Gigue",Johann Sebastian Bach,00:02:00,2
"Partita für Violine no. 1 h‐Moll, BWV 1002: II. Double",Johann Sebastian Bach,00:01:22,2
"Partita für Violine no. 1 h‐Moll, BWV 1002: IV. Double. Presto",Johann Sebastian Bach,00:01:54,2
"Partita für Violine no. 1 h‐Moll, BWV 1002: V. Sarabande",Johann Sebastian Bach,00:03:15,2
"Partita für Violine no. 1 h‐Moll, BWV 1002: VIII. Double",Johann Sebastian Bach,00:01:53,2
"Partita für Violine no. 3 E‐dur, BWV 1006: I. Preludio",Johann Sebastian Bach,00:03:45,2
"Partita für Violine no. 3 E‐dur, BWV 1006: IV. Menuet I",Johann Sebastian Bach,00:01:49,2
"Partita für Violine no. 3 E‐dur, BWV 1006: V. Menuet II",Johann Sebastian Bach,00:01:46,2
"Partita für Violine no. 3 E‐dur, BWV 1006: VII. Gigue",Johann Sebastian Bach,00:01:59,2
Partita g‐Moll nach BWV 1004: I. Allemanda,Johann Sebastian Bach,00:06:04,2
Partita g‐Moll nach BWV 1004: II. Corrente,Johann Sebastian Bach,00:02:44,2
"Partita No. 6 in E minor, BWV 830: IV. Air",Johann Sebastian Bach,00:01:33,2
Passacaglia,Sylvius Leopold Weiss,00:03:37,2
Passacaglia,Sylvius Leopold Weiss,00:03:37,2
Passacaglia,Sylvius Leopold Weiss,00:03:37,2
"Pavane, op. 50",Gabriel Fauré,00:05:07,2
"Peer Gynt Suite no. 1, op. 46: I. Morning Mood",Edvard Grieg,00:03:45,2
"Peer Gynt Suite no. 1, op. 46: I. Morning Mood",Edvard Grieg,00:03:45,2
"Peer Gynt Suite no. 1, op. 46: IV. In the Hall of the Mountain King",Edvard Grieg,00:02:43,2
"Piano Concerto in A minor, Op. 16: II. Adagio",Edvard Grieg,00:06:07,2
Piano Concerto in One Movement: Adagio cantabile,Florence Price,00:06:12,2
"Piano Concerto no. 1 in A minor, op. 7: I. Allegro maestoso",Clara Wieck-Schumann,00:06:06,2
"Piano Concerto No. 5 in E-Flat Major, Op. 73 ""Emperor"": II. Adagio un poco moto",The Richard Hickox Singers,00:08:10,2
Piano Concerto no.3: I. Allegro con brio,Ludwig van Beethoven,00:15:54,2
Piano concerto:XI. Cadenza IV & Coda,Teddy Abrams,00:02:44,2
"Piano Sonata No. 14 in C-Sharp Minor, Op. 27 No. 2 ""Moonlight"": I. Adagio sostenuto",Alice Sara Ott,00:05:24,2
"Piano Sonata no. 3 in B minor, Op. 58: II. Scherzo. Molto vivace",Frédéric Chopin,00:02:47,2
"Piano Sonata No. 8 in C minor, Op. 13 ""Pathetique"" - II. Adagio cantabile",Ludwig van Beethoven,00:06:02,2
Pink Sakura,"Eunike Tanzil, Deutsches Symphonie‐Orchester Berlin & Anna Handler",00:03:19,2
"Pièce d’Orgue G‐Dur, BWV 572",Johann Sebastian Bach,00:09:44,2
"Pièces de clavecin, Book I: No. 6, L’aimable (Arr. Feuillâtre for Guitar)",Joseph-Nicolas-Pancrace Royer,00:04:29,2
"Polonaise for Piano in C major, op. 89: Alla polacca, vivace",Ludwig van Beethoven,00:05:52,2
"Praeludium und Fuge für Orgel a‐Moll, BWV 551",Johann Sebastian Bach,00:05:22,2
"Prelude and Fughetta in D minor, BWV 899: I. Fughetta",Johann Sebastian Bach,00:01:21,2
"Prelude and Fughetta in D minor, BWV 899: I. Prelude",Johann Sebastian Bach,00:01:55,2
"Prelude in C minor, BWV 934",Johann Sebastian Bach,00:01:57,2
"Prelude in c‐Moll, BWV 999",Johann Sebastian Bach,00:01:40,2
"Prelude in D major, BWV 936",Johann Sebastian Bach,00:02:16,2
"Prelude in D minor, BWV 935",Johann Sebastian Bach,00:01:55,2
"Prelude in E major, BWV 937",Johann Sebastian Bach,00:01:50,2
"Prelude in E Minor, Op. 28, No. 4","Chad Lawson, Judy Kang, Rubin Kodheli",00:02:55,2
"Prelude in E Minor, Op. 28, No. 4","Chad Lawson, Judy Kang, Rubin Kodheli",00:02:55,2
Prelude No. 11,Chris Zabriskie,00:01:38,2
Prelude No. 18,Chris Zabriskie,00:01:05,2
Prelude No. 2,Chris Zabriskie,00:00:58,2
"Prelude no. 4 in E minor, op. 28",Fryderyk Chopin,00:02:39,2
"Prelude, Trio and Fugue in B flat major, BWV 545 Anh.II 45: I. Prelude",Johann Sebastian Bach,00:01:46,2
"Preludes, op. 23: No. 7 in C minor. Allegro",Sergei Rachmaninov,00:02:14,2
"Preludes, op. 23: No. 8 in A-flat major. Allegro vivace",Sergei Rachmaninov,00:02:48,2
Primo libro d’arie musicali per cantarsi: Aria di Passacaglia. Così mi disprezzate?,Girolamo Frescobaldi,00:02:29,2
Prologue,John Williams,00:02:12,2
"Präludium et parita del tuono terzo F‐Dur, BWV 833: I. Präludium (Andante)",Johann Sebastian Bach,00:01:03,2
"Präludium et parita del tuono terzo F‐Dur, BWV 833: II. Allemande",Johann Sebastian Bach,00:02:53,2
"Präludium et parita del tuono terzo F‐Dur, BWV 833: IV. Sarabande",Johann Sebastian Bach,00:00:54,2
"Präludium et parita del tuono terzo F‐Dur, BWV 833: V. Double (Allegro)",Johann Sebastian Bach,00:00:56,2
"Präludium et parita del tuono terzo F‐Dur, BWV 833: VI. Air (Allegro)",Johann Sebastian Bach,00:01:15,2
"Präludium G-Dur, BWV 568",Johann Sebastian Bach,00:02:50,2
"Präludium pro Organo pleno, BWV 552/1",Johann Sebastian Bach,00:08:58,2
"Präluidum und Fuge h‐Moll, BWV 544: I. Präludium",Johann Sebastian Bach,00:07:22,2
"Präluidum und Fuge h‐Moll, BWV 544: II. Fuge",Johann Sebastian Bach,00:08:11,2
"Préludes, 1ᵉʳ Livre: XI. La danse de Puck",Claude Debussy,00:03:12,2
Pt. 2,Erland Cooper,00:03:58,2
"Quartet for 2 Violins, Viola, and Cello no. 13 in B‐flat major, op. 130: I. Adagio ma non troppo – Allegro",Ludwig van Beethoven,00:09:57,2
"Quartet for 2 Violins, Viola, and Cello no. 14 in C‐sharp minor, op. 131: I. Adagio, ma non troppo e molto espressivo",Ludwig van Beethoven,00:06:53,2
"Recitativo (A) e Coro: Vergiß es ferner nicht, mit deiner Hand",Johann Sebastian Bach,00:00:36,2
"Recitativo (T): Gott ist ein Quell, wo lauter Güte fleußt",Johann Sebastian Bach,00:01:18,2
"Requiem, K. 626: Part III, VI. Lacrimosa dies illa",Wolfgang Amadeus Mozart,00:02:49,2
Romeo and Juliet,Nino Rota,00:03:11,2
Romeo and Juliet,Nino Rota,00:03:11,2
"Rondo in C Major, WoO 48: Allegretto",Ludwig van Beethoven,00:02:09,2
"Rêverie, L. 68",Claude Debussy,00:04:19,2
"Salve Regina, RV 618",Antonio Vivaldi,00:13:28,2
Sanctuary,Scott Buckley,00:04:06,2
Sanctum,Scott Buckley,00:04:15,2
"Sans frayeur dans ce bois, H. 467",Marc‐Antoine Charpentier,00:03:40,2
"Serenade for Flute & Piano, op. 41: VI. Adagio",Ludwig van Beethoven,00:01:12,2
"Serenade for Strings, op. 1: I. Un poco adagio: Allegro con spirito",Samuel Barber,00:04:00,2
"Serenade for Strings, op. 1: II. Andante con moto",Samuel Barber,00:02:40,2
"Serenade for Strings, op. 1: III. Dance: Allegro giocoso",Samuel Barber,00:04:08,2
"Serenade no. 13 in G major, K. 525 ""Eine kleine Nachtmusik"": I. Allegro",Wolfgang Amadeus Mozart,00:05:51,2
Sinister,Christopher Young,00:04:25,2
"Six Sonatas for Violin Solo, op. 27: Sonata no. 3 in D minor “Ballade”",Eugène Ysaÿe,00:06:44,2
"Six Sonatas for Violin Solo, op. 27: Sonata no. 3 in D minor “Ballade”",Eugène Ysaÿe,00:06:44,2
"Slavonic Dance no. 2, op. 72",Antonín Dvořák,00:05:35,2
Sleeping Lotus,Joep Beving,00:02:32,2
Snowing,Peter Rudenko,00:02:22,2
"So heb ich denn mein Auge sehnlich auf, BWV 1088",Johann Sebastian Bach,00:02:11,2
Sollt' ich meinem Gott nicht singen BWV 413,Johann Sebastian Bach,00:01:14,2
Sometimes I Feel Like a Motherless Child,Samuel Coleridge-Taylor,00:04:01,2
"Sonata d‐Moll, BWV 964: II. Fuga",Johann Sebastian Bach,00:07:01,2
"Sonata d‐Moll, BWV 964: IV. Allegro",Johann Sebastian Bach,00:02:56,2
"Sonata for Cello and Piano No. 1 in F Major, Op. 5 No. 1: I. Adagio sostenuto",Ludwig van Beethoven,00:03:00,2
"Sonata for Piano no. 1 in F minor, op. 2 no. 1: IV. Prestissimo",Ludwig van Beethoven,00:07:35,2
"Sonata for Violin and Piano no. 3 in D minor, op. 108: III. Un poco presto e con sentimento",Johannes Brahms,00:02:43,2
Sonata No. 42 in D Minor (Arr. Ólafsson),Domenico Cimarosa,00:02:24,2
Sonata reminiscenza in A minor,Nikolai Medtner,00:12:03,2
"Sonate A‐Dur, BWV 1015: III. Andante un poco",Johann Sebastian Bach,00:02:33,2
"Sonate A‐Dur, BWV 1015: IV. Presto",Johann Sebastian Bach,00:02:14,2
"Sonate a‐Moll, BWV 967",Johann Sebastian Bach,00:03:38,2
"Sonate c‐Moll, BWV 1017: I. Largo",Johann Sebastian Bach,00:02:35,2
"Sonate c‐Moll, BWV 1017: II. Allegro",Johann Sebastian Bach,00:04:36,2
"Sonate c‐Moll, BWV 1017: III. Adagio",Johann Sebastian Bach,00:03:07,2
Sonate en mi majeur K. 162,Domenico Scarlatti,00:06:39,2
"Sonate E‐Dur, BWV 1016: I. Adagio",Johann Sebastian Bach,00:03:40,2
"Sonate E‐Dur, BWV 1016: II. Allegro",Johann Sebastian Bach,00:02:51,2
"Sonate E‐Dur, BWV 1016: III. Adagio ma non tanto",Johann Sebastian Bach,00:04:36,2
"Sonate E‐Dur, BWV 1016: IV. Allegro",Johann Sebastian Bach,00:03:51,2
"Sonate e‐Moll, BWV 1023: I. (Allegro) - Adagio",Johann Sebastian Bach,00:04:24,2
"Sonate für Violine no. 1 g‐Moll, BWV 1001: II. Fuga. Allegro",Johann Sebastian Bach,00:05:31,2
"Sonate für Violine no. 2 a‐Moll, BWV 1003: I. Grave",Johann Sebastian Bach,00:04:10,2
"Sonate für Violine no. 2 a‐Moll, BWV 1003: III. Andante",Johann Sebastian Bach,00:04:49,2
"Sonate f‐Moll, BWV 1018: I.",Johann Sebastian Bach,00:05:21,2
"Sonate f‐Moll, BWV 1018: III. Adagio",Johann Sebastian Bach,00:02:44,2
"Sonate f‐Moll, BWV 1018: IV. Vivace",Johann Sebastian Bach,00:02:29,2
"Sonate G‐Dur, BWV 1019: I. Allegro",Johann Sebastian Bach,00:03:18,2
"Sonate G‐Dur, BWV 1019: II. Largo",Johann Sebastian Bach,00:01:37,2
"Sonate G‐Dur, BWV 1019: III. Allegro",Johann Sebastian Bach,00:03:09,2
"Sonate G‐Dur, BWV 1019: IV. Adagio",Johann Sebastian Bach,00:03:08,2
"Sonate G‐Dur, BWV 1019: V. Allegro",Johann Sebastian Bach,00:03:15,2
"Sonate h‐Moll, BWV 1014: I. Adagio",Johann Sebastian Bach,00:03:07,2
"Sonate h‐Moll, BWV 1014: III. Andante",Johann Sebastian Bach,00:02:46,2
"Sonate h‐Moll, BWV 1014: IV. Allegro",Johann Sebastian Bach,00:02:26,2
"Sonate nr. 8 G‐Dur, op. 30 nr. 3: I. Allegro assai",Ludwig van Beethoven,00:06:21,2
"Souvenirs (Ballet Suite), op. 28: I. Waltz (The Lobby)",Samuel Barber,00:04:28,2
Spiegel im Spiegel,Arvo Pärt,00:10:36,2
Spiegel im Spiegel,Arvo Pärt,00:08:35,2
Spiegel im Spiegel (version for viola and piano),Arvo Pärt,00:12:30,2
"Stabat Mater, RV 621: IV. Quis est homo. Largo",Antonio Vivaldi,00:02:50,2
"Stabat Mater, RV 621: IV. Quis est homo. Largo",Antonio Vivaldi,00:02:50,2
"String Quintet in E major, op. 13: Minuet",Luigi Boccherini,00:03:48,2
"String Quintet No. 3 in C Major, K. 515: I. Allegro",Wolfgang Amadeus Mozart,00:14:04,2
"Suite Bergamasque, L 75: III. Clair de lune",Claude Debussy,00:05:14,2
"Suite bergamasque, L. 75: III. Clair de lune (Arr. Roelens for Violin and Piano)",Claude Debussy,00:04:39,2
"Suite bergamasque, L. 75: No. 3, Clair de Lune",Claude Debussy,00:05:38,2
Suite E Major BWV 1006a (after BWV 1006) Gavotte en Rondeau,Johann Sebastian Bach,00:03:42,2
Suite for Cello and String Orchestra: II. Aria,Victoria Yagling,00:04:29,2
"Suite in A minor, BWV 818: I. Allemande",Johann Sebastian Bach,00:04:00,2
"Suite in A minor, BWV 818: IV. Sarabande double",Johann Sebastian Bach,00:02:44,2
"Suite in A minor, BWV 818a: II. Allemande",Johann Sebastian Bach,00:03:48,2
"Suite in A minor, BWV 818a: III. Courante",Johann Sebastian Bach,00:01:17,2
"Suite in A minor, BWV 818a: V. Menuet",Johann Sebastian Bach,00:01:12,2
"Suite in c‐Moll, BWV 997: I. Prelude",Johann Sebastian Bach,00:03:58,2
"Suite in c‐Moll, BWV 997: III. Sarabande",Johann Sebastian Bach,00:04:09,2
"Suite in e‐Moll, BWV 996: V. Bourée",Johann Sebastian Bach,00:01:07,2
"Suite in e‐Moll, BWV 996: VI. Gigue",Johann Sebastian Bach,00:02:58,2
Suite No. 1 C Major BWV 1066: Bourrée I & II,Johann Sebastian Bach,00:02:36,2
Suite No. 1 C Major BWV 1066: Gavotte I & II,Johann Sebastian Bach,00:03:30,2
Suite No. 1 C Major BWV 1066: Menuet I & II,Johann Sebastian Bach,00:03:35,2
"Suite no. 1, op. 72: IV. Marcia. Alla marcia moderato",Benjamin Britten,00:04:35,2
Suite No. 2 B Minor BWV 1067: Badinerie,Johann Sebastian Bach,00:01:24,2
Suite No. 2 B Minor BWV 1067: Bourée I & II,Johann Sebastian Bach,00:01:49,2
Suite No. 2 B Minor BWV 1067: Menuet,Johann Sebastian Bach,00:01:17,2
Suite No. 2 B Minor BWV 1067: Rondeau,Johann Sebastian Bach,00:01:45,2
Suite No. 2 B Minor BWV 1067: Sarabande,Johann Sebastian Bach,00:02:18,2
"Suscepit Israel puerum suum, BWV 1082",Johann Sebastian Bach,00:01:55,2
"Swan Lake Suite, op. 20: Scéne",Пётр Ильич Чайковский,00:03:02,2
"Symphonic Dances, op. 45: II. Andante con moto (Tempo di valse)",Сергей Васильевич Рахманинов,00:09:30,2
"Symphonic Dances, op. 45: III. Lento assai - Allegro vivace",Сергей Васильевич Рахманинов,00:13:41,2
"Symphony no. 1 in E major, op. 5: III. Adagio",Alexander Glazunov,00:08:58,2
"Symphony no. 1, op. 9: Allegro molto",Samuel Barber,00:04:31,2
"Symphony no. 12 in D minor, op. 112 “The Year 1917”: II. Razliv. Allegro – Adagio",Dmitri Shostakovich,00:14:02,2
Symphony No. 3 (arco 58): III. Andantino quasi allegretto,Aaron Copland,00:10:17,2
"Symphony no. 3 in A minor, op. 44: II. Adagio ma non troppo - Allegro vivace",Сергей Васильевич Рахманинов,00:12:16,2
"Symphony no. 4 in A minor, op. 63: I. Tempo molto moderato, quasi adagio",Jean Sibelius,00:09:58,2
"Symphony no. 4 in E-flat major ""Romantic"", WAB 104: I. Bewegt, nicht zu schnell",Anton Bruckner,00:19:24,2
"Symphony no. 4 in E-flat major, WAB 104: I. Bewegt, nicht zu schnell",Anton Bruckner,00:19:24,2
"Symphony no. 5 in C minor, op. 67 ""Fate"": I. Allegro con brio",Ludwig van Beethoven,00:07:28,2
Symphony no. 5: IV. Adagietto,Gustav Mahler,00:11:01,2
"Symphony no. 6 in B minor, op. 74 ""Pathétique"": IV. Finale: Adagio lamentoso",Пётр Ильич Чайковский,00:11:40,2
"Symphony no. 6 in B minor, op. 74 ""Pathétique"": IV. Finale: Adagio lamentoso",Пётр Ильич Чайковский,00:11:40,2
Symphony no. 9 in D major: IV. Adagio. Sehr langsam und noch zurückhaltend,Gustav Mahler,00:20:54,2
"Symphony no. 9 in D minor, op. 125 ""Choral"": Ode an die Freude",Ludwig van Beethoven,00:02:33,2
"Symphony no. 9 in E minor, op. 95 “From the New World”: II. Largo",Antonín Dvořák,00:12:18,2
"Symphony no. 9 in E-flat major, op. 70: I. Allegro",Dmitri Shostakovich,00:05:11,2
"Symphony no. 9 in E-flat major, op. 70: III. Presto",Dmitri Shostakovich,00:02:44,2
Tchaikovsky,Deryn Cullen,00:03:02,2
Temple of Yith,Phelios,00:06:59,2
Thaïs: Meditation,Jules Massenet,00:05:01,2
The Arts and the Hours,"Víkingur Ólafsson, Jean‐Philippe Rameau",00:04:45,2
The Beautiful Country,Zbigniew Preisner,00:03:02,2
The Beautiful Country,Zbigniew Preisner,00:03:02,2
The Blue Danube,James Last,00:11:30,2
The Cloud Atlas Sextet for Orchestra,"Tom Tykwer, Johnny Klimek & Reinhold Heil",00:04:57,2
The Dark Bank of Clouds,Ludovico Einaudi,00:03:11,2
The End,Zbigniew Preisner,00:02:27,2
The End,Zbigniew Preisner,00:02:27,2
The Father,Johan Söderqvist,00:01:48,2
The Father,Johan Söderqvist,00:01:48,2
"The Four Seasons, op. 8 ""Spring"": I. Allegro",Antonio Vivaldi,00:03:13,2
The Grey Lady,Alexandre Desplat,00:05:58,2
The Lark Ascending: I. Andante sostenuto,Ralph Vaughan Williams,00:06:13,2
"The Rains of Castamere (from ""Game of Thrones"")",Camille and Kennerly,00:02:48,2
The Sacred Veil: XII. Child of Wonder,Eric Whitacre,00:04:42,2
The Sacred Veil: XII. Child of Wonder,Eric Whitacre,00:04:42,2
"The Seasons, op. 37a: VI. June “Barcarolle”. Andante cantabile",Tchaikovsky,00:04:50,2
"The Seasons, op. 37b: X. October “Autumn Song”",Pyotr Ilyich Tchaikovsky arr. A. Gauk,00:04:45,2
"The Seasons, op. 37b: X. October “Autumn Song”",Pyotr Ilyich Tchaikovsky arr. A. Gauk,00:04:45,2
The Tales of Hoffman: Barcarolle,Jacques Offenbach,00:03:34,2
The Temperature of the Air on the Bow of the Kaleetan,Chris Zabriskie,00:04:24,2
"The Tempest, Op. 18: I. Andante con moto","Пётр Ильич Чайковский, BBC Scottish Symphony Orchestra & Alpesh Chauhan",00:03:44,2
"The Theory of Everything (From ""The Theory of Everything"")",Jóhann Jóhannsson,00:01:31,2
The Tree,Ludovico Einaudi,00:03:19,2
"The Well-Tempered Clavier, Book I: Praeludium & Fuga in B minor (a 4 voci), BWV 869: Fuga XXIV. Largo",Johann Sebastian Bach,00:07:21,2
"The Well‐Tempered Clavier, Book I, BWV 846–869: Prelude & Fugue in C Major, BWV 846: I. Prelude (Transcr. for Guitar)",Johann Sebastian Bach,00:01:56,2
The Winter from “The Four Seasons”,Antonio Vivaldi,00:09:23,2
The Winter from “The Four Seasons”,Antonio Vivaldi,00:09:23,2
"Theme and Variations in E‐flat major, WoO 24 “Geistervariationen”: Variation V",Robert Schumann,00:03:29,2
This Too Shall Pass,Scott Buckley,00:07:28,2
"Three Pieces for Orchestra, op. 6: Marsch: Moderate march tempo",Alban Berg,00:10:13,2
Three Postludes: No. 3,Valentin Silvestrov,00:04:16,2
"Three Romances, op. 22: III. Leidenschaftlich schnell",Clara Schumann / Julian Riem,00:03:40,2
Toccata in D Minor,The J.S. Bach Experience,00:03:06,2
"Toccata un Fuge d-Moll, BWV 565: II. Fuge",Johann Sebastian Bach,00:05:59,2
"Trio Sonata in G major, BWV 1038: IV. Presto",Johann Sebastian Bach,00:01:28,2
"Trio Sonata no. 3 in D minor, BWV 527: I. Andante",Johann Sebastian Bach,00:05:01,2
"Trio Sonata no. 3 in D minor, BWV 527: II. Adagio e dolce",Johann Sebastian Bach,00:04:03,2
"Trio Sonata no. 4 in E minor, BWV 528: III. Un poco allegro",Johann Sebastian Bach,00:02:45,2
"Triosonate für Orgel Nr. 1 Es‐Dur, BWV 525: II. Adagio",Johann Sebastian Bach,00:05:59,2
"Triosonate für Orgel Nr. 5 C‐Dur, BWV 529: I. Allegro",Johann Sebastian Bach,00:05:31,2
Trois Gymnopédies : I. Lent et douloureux,Erik Satie,00:03:11,2
Trois Gymnopédies : I. Lent et douloureux,Erik Satie,00:03:04,2
Two Elegies for Violin and Piano: ♩ = 48,Allan Pettersson,00:01:28,2
Two Elegies for Violin and Piano: ♩ = 48,Allan Pettersson,00:01:28,2
"Unaccompanied Cello Suite No. 1 in G major, BWV 1007 : I. Prélude",Johann Sebastian Bach,00:02:33,2
"Valet will ich dir geben & Choral, BWV 736: I. Valet",Johann Sebastian Bach,00:04:30,2
Valse sentimentale,Tchaikovsky,00:04:45,2
Vater unser im Himmelreich BWV 416,Johann Sebastian Bach,00:00:50,2
"Vater unser im Himmelreich, BWV 682",Johann Sebastian Bach,00:06:44,2
"Vespro della Beata Vergine, SV 206: Concerto ""Pulchra es""",Claudio Monteverdi,00:03:58,2
"Vespro della Beata Vergine, SV 206: Concerto ""Pulchra es""",Claudio Monteverdi,00:03:58,2
Viola's Theme - Music For Theatre,Jacob Mühlrad & Joel Lyssarides,00:03:09,2
"Violin Concerto in A minor, op. 4 no. 4: I. Allegro",Antonio Vivaldi,00:03:12,2
"Violin Concerto in A minor, op. 4 no. 4: II. Grave e sempre piano",Antonio Vivaldi,00:02:44,2
"Violin Concerto in A minor, op. 4 no. 4: II. Grave e sempre piano",Antonio Vivaldi,00:02:44,2
"Violin Concerto in A minor, op. 4 no. 4: III. Allegro",Antonio Vivaldi,00:02:25,2
"Violin Concerto in D major, op. 61: II. Larghetto",Ludwig van Beethoven cadenza by Jörg Widmann,00:14:23,2
"Violin Concerto in D major, op. 61: III. Rondo. Allegro",Ludwig van Beethoven cadenza by Jörg Widmann,00:12:10,2
Violin Concerto in D major: II. Adagio,Franz Clement,00:12:52,2
"Violin Concerto in E minor, op. 4 no. 2: I. Allegro",Antonio Vivaldi,00:04:12,2
"Violin Concerto in E minor, op. 4 no. 2: II. Largo",Antonio Vivaldi,00:03:09,2
"Violin Concerto in E minor, op. 4 no. 2: II. Largo",Antonio Vivaldi,00:03:09,2
"Violin Concerto in E minor, op. 4 no. 2: III. Allegro",Antonio Vivaldi,00:02:59,2
"Violin Concerto in F major, op. 4 no. 9: II. Largo",Antonio Vivaldi,00:02:03,2
"Violin Concerto in F major, op. 4 no. 9: II. Largo",Antonio Vivaldi,00:02:03,2
"Violin Concerto in G major, op. 4 no. 12: I. Spirituoso e non presto",Antonio Vivaldi,00:02:48,2
"Violin Concerto in G major, op. 4 no. 12: II. Largo",Antonio Vivaldi,00:02:57,2
"Violin Concerto in G major, op. 4 no. 12: II. Largo",Antonio Vivaldi,00:02:57,2
"Violin Concerto in G major, op. 4 no. 3: I. Allegro",Antonio Vivaldi,00:02:51,2
"Violin Concerto in G major, op. 4 no. 3: I. Allegro",Antonio Vivaldi,00:02:51,2
"Violin Concerto in G major, op. 4 no. 3: II. Largo",Antonio Vivaldi,00:02:32,2
"Violin Concerto in G major, op. 4 no. 3: III. Allegro assai",Antonio Vivaldi,00:02:56,2
"Violin Concerto no. 1 in A minor, BWV 1041: I. (Allegro moderato)",Johann Sebastian Bach,00:03:26,2
"Violin Concerto no. 1 in A minor, BWV 1041: I. (Allegro moderato)",Johann Sebastian Bach,00:03:26,2
"Violin Concerto no. 1 in G minor, op. 26: III. Finale. Allegro energico",Max Bruch,00:07:43,2
"Violin Concerto no. 2 in C minor, op. 3: III. Andante / Capriccio",Pietro Locatelli,00:07:41,2
Violin Concerto no. 2 “The American Four Seasons”: 8 Movement IV,Philip Glass,00:07:05,2
"Violin Concerto no. 3 in G major, K. 216:II. Adagio",Wolfgang Amadeus Mozart,00:07:40,2
"Violin Concerto, op. 14: III. Presto in moto perpetuoso",Samuel Barber,00:04:02,2
"Violin Sonata no. 1 in G minor, BWV 1001: IV. Presto",Johann Sebastian Bach,00:03:05,2
"Violin Sonata no. 10 in G major, op. 96: I. Allegro moderato",Ludwig van Beethoven,00:10:34,2
"Violin Sonata no. 10 in G major, op. 96: II. Adagio espressivo",Ludwig van Beethoven,00:06:29,2
"Violinkonzert a‐Moll, BWV 1041: II. Andante",Johann Sebastian Bach,00:05:44,2
"Violinkonzert a‐Moll, BWV 1041: III. Allegro assai",Johann Sebastian Bach,00:03:34,2
"Violinkonzert E‐Dur, BWV 1042: III. Allegro assai",Johann Sebastian Bach,00:02:32,2
"Vocalise, Op. 34 No. 14",Sergei Rachmaninov,00:06:57,2
"Vocalise, op. 34 no. 14",Serguey Rachmaninov,00:06:45,2
"Vocalise, op. 34 no. 14",Serguey Rachmaninov,00:06:45,2
"Vom Himmel hoch, da komm ich her, BWV 700",Johann Sebastian Bach,00:03:59,2
"Vom Himmel hoch, da komm ich her, BWV 738",Johann Sebastian Bach,00:01:27,2
Vos mépris chaque jour,Michel Lambert,00:03:12,2
"Waltz in A Minor, Op. 34, No. 2","Chad Lawson, Judy Kang, Rubin Kodheli",00:04:44,2
"Waltz in F minor, op. 70 no. 2",Frédéric Chopin,00:01:48,2
"Warum betrübst du dich, mein Herz BWV 420",Johann Sebastian Bach,00:00:42,2
We Contain Multitudes — piano reworks,Yiruma,00:04:24,2
We Move Lightly,Dustin O’Halloran,00:03:10,2
"Weihnachts-Oratorium, BWV 248: Teil I, VIII. Aria (Basso) ""Großer Herr, o starker König""",Johann Sebastian Bach,00:04:28,2
"Weihnachts‐Oratorium, BWV 248: Teil VI, I. Coro “Herr, wenn die stolzen Feinde schnauben”",Johann Sebastian Bach,00:04:46,2
Wenn wir in höchsten Nöthen sein BWV 431,Johann Sebastian Bach,00:01:13,2
"Wer nur den Lieben Gott laßt walten, BWV 690: Choral",Johann Sebastian Bach,00:01:10,2
Wer nur den lieben Gott lässt walten BWV 434,Johann Sebastian Bach,00:00:58,2
"Wer nur den Lieben Gott läßt walten, BWV 690",Johann Sebastian Bach,00:02:18,2
"Werde munter, mein Gemüthe BWV 360",Johann Sebastian Bach,00:00:59,2
"Wie schön leuchtet der Morgenstern, BWV 739",Johann Sebastian Bach,00:04:30,2
Wind Song,Ludovico Einaudi,00:03:19,2
"Wir glauben all an einen Gott, BWV 765",Johann Sebastian Bach,00:04:10,2
Wir glauben all' an einen Gott BWV 437,Johann Sebastian Bach,00:02:13,2
"Wo soll ich flihen hin, BWV 694",Johann Sebastian Bach,00:04:22,2
"Württemberg Sonatas, Wq 49: Sonata I in a minor: Andante",Carl Philipp Emanuel Bach,00:03:15,2
You Belong Here,Steve Moore,00:02:19,2
You Come Here Often?,Yuja Wang,00:04:34,2
—オープニング— 人生のメリーゴーランド,久石譲,00:02:34,2
—オープニング— 人生のメリーゴーランド,久石譲,00:02:34,2
"“Ars longa, vita brevis”, WoO 193 (Canon) (3rd setting)",Ludwig van Beethoven,00:00:27,2
"“Già la notte s’avvicina”, WoO 99 no. 4a/Hess 222",Ludwig van Beethoven,00:00:43,2
"“Glaube und hoffe!”, WoO 174 (for 4 voices, not canonic)",Ludwig van Beethoven,00:00:29,2
"“Graf liebster Graf”, WoO 101 (Musical joke)",Ludwig van Beethoven,00:00:40,2
"“Si non per portas, per muros”, WoO 194 (Puzzle canon)",Ludwig van Beethoven,00:00:36,2
"⚗️ Mysterious & Inspiring (Music For Videos) - ""The Climb"" by Scott Buckley 🇦🇺",BreakingCopyright — Royalty Free Music,00:05:47,2
さすらいのソフィー,久石譲,00:04:20,2
ときめき,久石譲,00:00:21,2
ときめき,久石譲,00:00:21,2
サリマンの魔方陣～城への帰還,久石譲,00:05:23,2
サリマンの魔方陣～城への帰還,久石譲,00:05:23,2
ソフィーの城,久石譲,00:02:39,2
ソフィーの城,久石譲,00:02:39,2
ファミリー,久石譲,00:01:25,2
大掃除,久石譲,00:01:23,2
引越し,久石譲,00:03:06,2
星の湖へ,久石譲,00:04:13,2
星をのんだ少年,久石譲,00:07:30,2
星をのんだ少年,久石譲,00:07:30,2
秘密の洞窟,久石譲,00:02:34,2
空中散歩,久石譲,00:02:15,2
脱出,久石譲,00:01:33,2
脱出,久石譲,00:01:33,2
花園,久石譲,00:02:59,2
花園,久石譲,00:02:59,2
荒地の魔女,久石譲,00:01:00,2
荒地の魔女,久石譲,00:01:00,2
虚栄と友情,久石譲,00:03:58,2
虚栄と友情,久石譲,00:03:58,2
走れ!,久石譲,00:00:57,2
静かな想い,久石譲,00:00:28,2
静かな想い,久石譲,00:00:28,2
"🌄 Inspirational (Royalty Free Music) - ""PEAKS & VALLEYS"" by Babak Kazemi 🇮🇷",BreakingCopyright — Royalty Free Music,00:03:15,2
"🌳 Classical & Cinematic (Free Music) - ""IN SEARCH OF SOLITUDE"" by Scott Buckley 🇦🇺 🇸🇪",BreakingCopyright — Royalty Free Music,00:07:26,2
"🍀 Celtic Music (Copyright Free) - ""Towards The Horizon"" by Alexander Nakarada 🇳🇴",BreakingCopyright — Royalty Free Music,00:03:46,2
"🍂 Melancholic & Classical (Royalty Free Music) - ""THE FISHER KING"" by Justin Allan Arnold 🇺🇸",BreakingCopyright — Royalty Free Music,00:03:19,2
"🍃 Free Uplifting Music (For Videos) - ""Clarion"" by @ScottBuckley 🇦🇺",BreakingCopyright — Royalty Free Music,00:03:15,2
"🎄 Christmas (Royalty Free Music) - ""MAGIC LIGHTS"" by Keys Of Moon 🇺🇸",BreakingCopyright — Royalty Free Music,00:03:54,2
"🎥 trailer (Free Music) - ""Myths"" by Alex Productions 🇮🇹",BreakingCopyright — Royalty Free Music,00:01:21,2
"🎶 Classical & Opera (Royalty Free Music) - ""THE HUNTRESS"" by Justin Allan Arnold 🇺🇸",BreakingCopyright — Royalty Free Music,00:02:25,2
"🎻 Classical Strings & Orchestral (Music For Videos) - ""Eight Mountains"" by Savfk 🇮🇹 🇬🇧",BreakingCopyright — Royalty Free Music,00:06:04,2
"🐥 Instrumental & Anime (Royalty Free Music) - ""ALGOMA"" by Ross Bugden 🇨🇦",BreakingCopyright — Royalty Free Music,00:02:28,2
"👼 Epic Classical (Royalty Free Music) - ""CELESTIAL"" by The Cause",BreakingCopyright — Royalty Free Music,00:01:28,2
"👼 Hopeful & Angelic (Free Music) - ""RESOLUTIONS"" by @ScottBuckley 🇦🇺 🇸🇪",BreakingCopyright — Royalty Free Music,00:05:28,2
"💒 Free Wedding Classical Music (For Videos) - ""Devoted"" by Hayden Folker 🇺🇸",BreakingCopyright — Royalty Free Music,00:05:42,2
"💗 Sentimental & Piano (Free Music) - ""YULETIDE"" by The Piano Says 🇨🇦",BreakingCopyright — Royalty Free Music,00:03:11,2
"📜 Copyright Free Classical Music - ""Ephemera"" by Scott Buckley 🇦🇺",BreakingCopyright — Royalty Free Music,00:05:39,2
"📽️ Free Film Orchestral Music - ""Still A Long Way To Go"" by Miguel Johnson 🇺🇸",BreakingCopyright — Royalty Free Music,00:04:10,2
"🕰️ Mystery Music (No Copyright) - ""Signal To Noise"" by @ScottBuckley  🇦🇺",BreakingCopyright — Royalty Free Music,00:05:54,2
"🗡️ Free EPIC & FANTASY [No Copyright Music] - ""For Tomorrow"" by @SavfkMusic",BreakingCopyright — Royalty Free Music,00:03:39,2
"🚬 Detective & Suspense (Free Music) - ""DETECTIVE GOOFARIAN"" by Alexander Nakarada 🇳🇴",BreakingCopyright — Royalty Free Music,00:01:44,2
"🛰️ Ambient Space Synth Music (For Videos) - ""Adrift"" by Hayden Folker 🇺🇸",BreakingCopyright — Royalty Free Music,00:02:24,2
"🦋 Fantasy & Inspirational (Free Music) - ""BRING ME THE SKY"" by @ScottBuckley 🇸🇪 🇦🇺",BreakingCopyright — Royalty Free Music,00:03:53,2
"🦌 Soundtrack & Cinematic (Free Music) - ""LAST AND FIRST LIGHT"" by Scott Buckley",BreakingCopyright — Royalty Free Music,00:07:49,2
"""O holder Tag, erwünschte Zeit"", BWV 210: Recitativo ""Doch, haltet ein, ihr muntern Saiten""",Johann Sebastian Bach,00:01:07,1
'Awakening' by @SteffenDaum  🇩🇪 | Epic Piano Music (No Copyright) 🌿,BreakingCopyright — Royalty Free Music,00:02:25,1
'Lonesome Journey' by @KeysofMoonMusic  🇺🇸 | Melancholic Piano Music (No Copyright) 🙁,BreakingCopyright — Royalty Free Music,00:02:59,1
'Omega' by @ScottBuckley  🇦🇺 | Epic Progressive Music (No Copyright) ⛰️,BreakingCopyright — Royalty Free Music,00:04:06,1
'The Age Of Wood' by Savfk 🇮🇹 | Cello Music (No Copyright) 🎻,BreakingCopyright — Royalty Free Music,00:04:15,1
01 Carmina Burana_ Fortuna Imperatrix Mundi_ 1. O Fortuna,Carl Orff,00:02:34,1
"01 Messe g-Moll, BWV 235_ 1. Kyrie eleison",Johann Sebastian Bach,00:06:53,1
"01 Symphony no. 5 in C minor, op. 67_ 1. Allegro con brio",Ludwig van Beethoven,00:08:10,1
"01 Symphony no. 9 in D minor, op. 125 “Choral”_ 1. Allegro ma non troppo, un poco maestoso",Ludwig van Beethoven,00:17:08,1
"01 Violin Concerto in B Minor, RV 387_ 1. Allegro",Antonio Vivaldi,00:04:22,1
"01 Violin Concerto in B Minor, RV 387_ 1. Allegro (1)",Antonio Vivaldi,00:04:22,1
013 - This Is Halloween,,00:03:16,1
"02 Symphonie en mi mineur op. 64_ 2. Andante cantabile, con alcuna licenza",Piotr Ilych Tchaikovsky,00:13:29,1
"02 Symphony no. 2 in D major, op. 36_ 2. Larghetto",Ludwig van Beethoven,00:10:54,1
"02 Symphony no. 5 in C minor, op. 67_ 2. Andante con moto",Ludwig van Beethoven,00:10:12,1
"02 Violin Concerto in B Minor, RV 387_ 2. Largo",Antonio Vivaldi,00:02:58,1
"02 Violin Concerto in B Minor, RV 387_ 2. Largo (1)",Antonio Vivaldi,00:02:58,1
"03 Symphony no. 2 in E minor, op. 27_ 1. Moderato",Sergei Rachmaninoff,00:04:47,1
"03 Symphony no. 5 in C minor, op. 67_ 3. Allegro",Ludwig van Beethoven,00:05:46,1
"03 Symphony no. 9 in D minor, op. 125 “Choral”_ 3. Adagio molto e cantabile",Ludwig van Beethoven,00:16:44,1
"03 Violin Concerto in B Minor, RV 387_ 3. Allegro",Antonio Vivaldi,00:02:37,1
"03 Violin Concerto in B Minor, RV 387_ 3. Allegro (1)",Antonio Vivaldi,00:02:37,1
"04 Symphony no. 5 in C minor, op. 67_ 4. Allegro",Ludwig van Beethoven,00:09:23,1
"06 34. BWV 632 Her Jesu Christ, dich zu uns wend'",Johann Sebastian Bach,00:01:23,1
"06 Symphony no. 3 in E-flat, op. 55 “Eroica”_ 2. Marcia funebre (Adagio assai)",Ludwig van Beethoven,00:15:59,1
"06 Symphony no. 4 in B-flat major, op. 60_ 2. Adagio",Ludwig van Beethoven,00:10:52,1
"06 Symphony no. 6 in F major, op. 68 “Pastoral”_ 2. Andante molto mosso_ Szene am Bach",Ludwig van Beethoven,00:11:27,1
"07 “Giura il nocchier”, WoO 99_5a",Ludwig van Beethoven,00:00:38,1
"08 Symphony no. 6 in F major, op. 68 “Pastoral”_ 4. Allegro_ Gewitter, Sturm",Ludwig van Beethoven,00:04:00,1
"09 Herr Gott, dich loben alle wir BWV 326-I",Johann Sebastian Bach,00:00:36,1
"11 Daphnis et Chloé, M. 57, Deuxième Partie. Camp des pirates_ 9. Danse suppliante de Chloé",Maurice Ravel,00:05:06,1
12 Estudos for Guitar_ 7. Tres animé,Heitor Villa-Lobos,00:03:01,1
"12 Pieces for Children Big and Small, op. 85: 12. Abendlied",Robert Schumann / Benjamin Grosvenor,00:03:27,1
"12 Pieces for Children Big and Small, op. 85_ 12. Abendlied",Robert Schumann / Benjamin Grosvenor,00:03:27,1
13 Concerto in C for 2 Oboes & 2 Clarinets_ 1. Larghetto-Allegro (1),Antonio Vivaldi,00:04:20,1
"13 Preludes, Op. 32, No. 1 in C Major: Allegro Vivace",Сергей Васильевич Рахманинов,00:01:19,1
"13 Preludes, Op. 32, No. 7 in F Major: Moderato",Сергей Васильевич Рахманинов,00:02:56,1
"13 “Nei campi e nelle selve”, WoO 99_10a [Hess 217] (1st version)",Ludwig van Beethoven,00:01:15,1
"14 “Nei campi e nelle selve”, WoO 99_10b [Hess 220] (2nd version)",Ludwig van Beethoven,00:01:47,1
15 Concerto in C for 2 Oboes & 2 Clarinets_ 3. Allegro Molto (1),Antonio Vivaldi,00:03:04,1
"16 “Fra tutte le pene”, WoO 99_11c [Hess 210] (2nd version)",Ludwig van Beethoven,00:01:17,1
"19 Études, Book 2_ No. 13. L'escalier du diable",György Ligeti,00:05:15,1
"19 “Giura il nocchier”, WoO 99_5b [Hess 230] (1st version)",Ludwig van Beethoven,00:00:43,1
"2 Arabesques, L. 66: Arabesque No. 1",Claude Debussy;Sonia Bize,00:04:15,1
"20 Irish Songs, WoO 153 no. 3. The British Light Dragoons (A.K.A. The Plain of Badajos)",Ludwig van Beethoven,00:02:44,1
"24 Préludes, op. 28: No. 15 Des-dur, Sostenuto",Frédéric Chopin,00:04:51,1
"25 Irish Songs, WoO 152 no. 20 “Farewell bliss and farewell Nancy”",Ludwig van Beethoven,00:02:54,1
"25 Irish Songs, WoO 152 no. 6 “What shall I do to shew her how much I love her?”",Ludwig van Beethoven,00:02:34,1
"3 Duos for Clarinet and Bassoon, WoO 27 No. 1 in C major: III. Rondo. Allegretto",Ludwig van Beethoven,00:03:15,1
"3 Duos for Clarinet and Bassoon, WoO 27 No. 2 in F major: III. Rondo. allegretto moderato",Ludwig van Beethoven,00:03:07,1
"3 Duos for Clarinet and Bassoon, WoO 27 No. 3 in B-flat major: II. Aria con variazioni",Ludwig van Beethoven,00:05:48,1
"3 Duos for Clarinet and Bassoon, WoO 27 No. 3 in B-flat major: III. Allegro assai",Ludwig van Beethoven,00:00:25,1
3 Gymnopédies: No. 1. Lent et douloureux,Erik Satie,00:02:58,1
3 Gymnopédies: No. 3. Lent et grave,Erik Satie,00:02:30,1
"3 Intermezzi, op. 117: No. 3, Andante con moto",Johannes Brahms,00:06:53,1
"3 Romances, op. 22: No. 3. Leidenschaftlich schnell",Clara Schumann,00:03:46,1
"3 Romances, op. 22: No. 3. Leidenschaftlich schnell",Clara Schumann,00:03:46,1
"3 Romances, op. 22_ No. 3. Leidenschaftlich schnell",Clara Schumann,00:03:46,1
"3 Romances, op. 22_ No. 3. Leidenschaftlich schnell (1)",Clara Schumann,00:03:46,1
"34. BWV 632 Her Jesu Christ, dich zu uns wend'",Johann Sebastian Bach,00:01:23,1
36. BWV 635 Dies' sind die heil'gen zehn Gebot',Johann Sebastian Bach,00:01:46,1
38. BWV 637 Durch Adams Fall ist ganz verderbt,Johann Sebastian Bach,00:02:16,1
"40 “Ars longa, vita brevis”, WoO 170 (2-part canon) (1st setting)",Ludwig van Beethoven,00:01:00,1
"40. BWV 639 Ich ruf zu dir, Herr Jesu Christ",Johann Sebastian Bach,00:02:18,1
"41 “Ich bitt' dich, schreib mir die Es-Scala auf”, WoO 172 (3-part canon)",Ludwig van Beethoven,00:00:28,1
"42 “Hoi' euch der Teufel! B'hüt' euch Gott!”, WoO 173 (2-part canon)",Ludwig van Beethoven,00:00:15,1
42. BWV 641 Wenn wir in hochsten Noten sein,Johann Sebastian Bach,00:02:13,1
43. BWV 642 Wer nut den lieben Gott lasst walten,Johann Sebastian Bach,00:02:18,1
"44 “Sankt Petrus war ein Fels”, WoO 175 (2-part canon)",Ludwig van Beethoven,00:00:43,1
"45 “Glück zum neuen Jahr”, WoO 176 (3-part canon)",Ludwig van Beethoven,00:00:51,1
"46 “Bester Magistrat, Ihr friert”, WoO 177 (4-part canon)",Ludwig van Beethoven,00:00:39,1
"48 “Seiner kaiserlichen Hoheit ... Alles Gute”, WoO 179 (Non-canonic introduction and 4-part canon)",Ludwig van Beethoven,00:01:40,1
5:00 AM,Peter Rudenko,00:01:30,1
"65 “Da ist das Werk”, WoO 197 (5-part canon)",Ludwig van Beethoven,00:00:41,1
"69 “Herr Graf, ich komme zu fragen”, WoO 221 [Hess 276] (3-part canon)",Ludwig van Beethoven,00:00:57,1
"70 “Esel aller Esel”, WoO 227 [Hess 277] (3-part canon)",Ludwig van Beethoven,00:00:30,1
[No Copyright Music] Scott Buckley - Sanctum [Epic],BreakingCopyright — Royalty Free Music,00:04:15,1
[Non Copyrighted Music] @ScottBuckley - Phoenix [Epic],BreakingCopyright — Royalty Free Music,00:06:53,1
[Non Copyrighted Music] Scott Buckley - Growing Up [Piano],BreakingCopyright — Royalty Free Music,00:01:56,1
[Non Copyrighted Music] Scott Buckley - World of Magic [Epic],BreakingCopyright — Royalty Free Music,00:01:38,1
Aber am ersten Tage der süßen Brot,BACH ST MATTHEW PASSION 1,00:00:14,1
"Ach blieb bei uns, Herr Jesu Christ BWV 253",Johann Sebastian Bach,00:00:46,1
"Ach, was soll ich Sünder machen BWV 259",Johann Sebastian Bach,00:00:49,1
Adagio in G minor for Strings and Organ (after T. Albinoni),Remo Giazotto,00:08:33,1
Adoration,Florence Price,00:03:38,1
"Allein Gott in der Höh sei Ehr, BWV 711",Johann Sebastian Bach,00:03:18,1
"Allein Gott in der Höh sei Ehr, BWV 715",Johann Sebastian Bach,00:01:54,1
Alt‐Wiener Tanzweisen: No. 2 Liebesleid,Fritz Kreisler,00:03:41,1
Alt‐Wiener Tanzweisen: No. 2 Liebesleid,Fritz Kreisler,00:03:41,1
Andante from Symphony No. 5 - Tchaikovsky,Deryn Cullen,00:03:02,1
"Auf einen, welcher Hoffmann geheißen (“Hoffman, sei ja kein Hoffmann”), WoO 180 (2-part canon)",Ludwig van Beethoven,00:00:40,1
"Auf, schmetternde Töne der muntern Trompeten BWV 207a, Recitativo (S, B): Aug...",J.S.Bach,00:01:53,1
"Ave verum corpus, KV 618",Wolfgang Amadeus Mozart,00:06:28,1
Bach J.S. BWV 109 / Choral: Wer hofft in Gott und dem vertraut,Bach J.S.,00:04:23,1
Bach J.S. BWV 111 / Recetativo (A): O Törichter! der sich von Gott entzieht,Bach J.S.,00:01:04,1
"Bach J.S. BWV 115 / Recitativo (B): Gott, so vor deine Seele wacht",Bach J.S.,00:01:22,1
"Bach J.S. BWV 117 / Versus 5, Recitativo (A): Der Herr ist noch und nimmer nicht",Bach J.S.,00:01:32,1
"Bach J.S. BWV 127 / Coro: Herr Jesu Christ, wahr´Mensch und Gott",Bach J. S.,00:05:55,1
"Bach J.S. BWV 128 / Recitativo (T): Ich binn bereit, komm, hole mich",Bach J. S.,00:00:53,1
"Bach J.S. BWV 159 / Arioso (A): Sehet, wir gehn hinauf nach Jerusalem",Bach J.S.,00:03:39,1
"Bach J.S. BWV 159 / Choral: Jesu, deine Passion ist mir lauter Freude",Bach J.S.,00:01:17,1
"Bach J.S. BWV 165 / Recitativo (B): Ich habe ja, mein Seelenbräutigam",Bach J.S.,00:02:14,1
"Bagatelle for Piano, op. 126 no. 5 in G major: Quasi Allegretto",Ludwig van Beethoven,00:02:55,1
"Bagatelle for Piano, op. 126 no. 6 in E-flat major: Presto - Andante amabile e con moto - Tempo",Ludwig van Beethoven,00:05:25,1
"Bagatelle in A Minor, WoO 59 ""Für Elise""",Henrik Måwe,00:03:01,1
Bagatelles and Impromptus: 4. Longing,Bedřich Smetana,00:02:15,1
"Bassoon Concerto in B-flat major, RV 501 (La notte): IV. ""Sorge L’Aurora"", Allegro",Antonio Vivaldi,00:03:11,1
"Bassoon Concerto in B-flat major, RV 501 (La notte): IV. ""Sorge L’Aurora"", Allegro",Antonio Vivaldi,00:03:11,1
"Bassoon Concerto in F major, RV 488: II. Largo",Antonio Vivaldi,00:02:53,1
"Bassoon Concerto in F major, RV 488: II. Largo",Antonio Vivaldi,00:02:53,1
Battlefield 2: Theme,Joel Eriksson,00:04:41,1
"Beethoven: 2. Lebhaft. Marschmäßig. (Vivace alla Marcia) [Piano Sonata No.28 in A, Op.101]",Claudio ArrauClaudio Arrau,00:06:05,1
Bitter Sweet Symphony,The Verve,00:05:57,1
"Brandenburgisches Konzert no. 1 F‐Dur, BWV 1046: I. (Allegro)",Johann Sebastian Bach,00:04:18,1
"Brandenburgisches Konzert no. 1 F‐Dur, BWV 1046: II. Adagio",Johann Sebastian Bach,00:03:54,1
"Brandenburgisches Konzert no. 2 F‐Dur, BWV 1047: III. Allegro assai",Johann Sebastian Bach,00:02:53,1
"BWV 0017 Wer Dank opfert, der preiset mich - 03 - Aria (S): Herr, deine Güte ...",J. S. Bach,00:03:31,1
"BWV 0134 - 3. Recitativo (A, T): Wohl dir! Gott hat an dich gedacht",Johann Sebastian Bach,00:02:42,1
BWV 1000 (after BWV 1001/2),Johann Sebastian Bach,00:05:29,1
"BWV 1007 - Suite No.1 in SOL ma, 2. Allemande__105ce65950a1",,00:03:55,1
"BWV 1007 - Suite No.1 in SOL ma, 6. Gigue__39b4a035fad4",,00:02:06,1
"BWV 1008 - Suite No.2 in RE mi, 2. Allemande__c57f2c4293f8",,00:03:04,1
"BWV 1009 - Suite No.3 in DO ma, 2. Allemande__20eed7d4ab04",,00:04:01,1
"BWV 1010 - Suite No.4 in MI ba ma, 3. Courante__41cbe458d182",,00:03:26,1
"BWV 1010 - Suite No.4 in MI ba ma, 4. Sarabande__742af3a6f24d",,00:05:14,1
"BWV 1010 - Suite No.4 in MI ba ma, 5. Bourrée I & II__7fcc2173b8e4",,00:04:52,1
"BWV 1010 - Suite No.4 in MI ba ma, 6. Gigue__f64ca1e14810",,00:02:52,1
"BWV 1011 - Suite No.5 in DO mi, 3. Courante__6724588087aa",,00:02:01,1
"BWV 1011 - Suite No.5 in DO mi, 5. Gavotte I & II__4acff11fc390",,00:04:40,1
"BWV 1012 - Suite No.6 in RE ma, 1. Prelude__aeffab97506e",,00:04:34,1
"BWV 1012 - Suite No.6 in RE ma, 4. Sarabande__058ecc198c20",,00:05:28,1
"BWV 1013 - Partita per Flauto solo in LA mi, 1. Allemande__c62d8a302646",,00:05:11,1
BWV 1020 - Sonate in g-Moll - Adagio,J.S. Bach,00:03:16,1
BWV 1027 - Sonate in G-Dur - Adagio,J.S. Bach,00:03:23,1
BWV 1027 - Sonate in G-Dur - Allegro moderato,J.S. Bach,00:03:06,1
BWV 1028 - Sonate in D-Dur - Allegro,J.S. Bach,00:03:37,1
BWV 1029 - Sonate in g-Moll - Allegro,J.S. Bach,00:03:30,1
"BWV 102;Aria (T): Erschrecke doch, du allzu sichre Seele",Johann Sebastian Bach,00:03:22,1
BWV 1032 - Sonate in A-Dur - Largo e dolce,J.S. Bach,00:04:43,1
"BWV 1033 - Sonate in C-Dur - Andante, Presto",J.S. Bach,00:01:42,1
BWV 1035 - Sonate in E-Dur - Adagio ma non tanto,J.S. Bach,00:02:40,1
BWV 1035 - Sonate in E-Dur - Allegro assai,J.S. Bach,00:02:53,1
BWV 1039 - Sonate in G-Dur - Allegro ma non presto,J.S. Bach,00:03:34,1
"BWV 1068 - Suite No.3 in RE ma, 3. Gavotte I & II__e7087c58233c",,00:04:28,1
"BWV 1069 - Suite No.4 in RE ma, 4. Menuet I & II__b2a994e01013",,00:03:28,1
"BWV 1070 - Suite No.5 in SOL mi, 5. Capriccio. Vivace__bba9766cdd5c",,00:03:34,1
BWV 1080 - 10. Contrapunctus X a 4 'alla Decima'__aa5af77afae7,,00:04:42,1
BWV 1080 - 17. Canone all'Ottava__7c1e3f7b4b05,,00:04:29,1
BWV 1080 - 20. Canone per Augment in Contrario Motu__574760c89219,,00:03:47,1
BWV 1080 - 9. Contrapunctus IX a 4 'alla Duodecima'__7b4dac99e0e3,,00:03:27,1
BWV 11 - Evangelista (T): Der Herr Jesu hub seine Hände auf,Gachinger Kantorei - Bach-Collegium Struttgart Württembergischer Kammerorches...,00:00:30,1
BWV 114; Choral (S): Kein Frucht das Weizenkörnlein bringt,Johann Sebastian Bach,00:02:33,1
"BWV 123; Coro: Liebster Immanuel, Herzog der Frommen",Bach J.S.,00:05:21,1
"BWV 131a - Fugue in G minor «Machs mit mir, Gott, nach deiner»",J.S. Bach,00:02:25,1
"BWV 136; Coro: Erforsche mich, Gott, und erfahre mein Herz",Johann Sebastian Bach,00:03:53,1
"BWV 137; Aria (A) (Versus II):Lobe den Herren, den mächtigen König der Ehren",Johann Sebastian Bach,00:03:16,1
"BWV 138; Coro e Recitativo (T,A): Warum betrübst du dich,mein Herz?",Johann Sebastian Bach,00:04:10,1
BWV 146; Recitativo (S): Ach! wer doch schon im Himmel wär,Johann Sebastian Bach,00:02:13,1
"BWV 147; Aria (S): Bereite dir, Jesu, noch itzo die Bahn",Johann Sebastian Bach,00:04:08,1
BWV 148; Coro: Bringet dem Herrn Ehre seines Namens,Johann Sebstian Bach,00:03:54,1
"BWV 172; Recitativo (B): Wer mich liebet, der wird mein Wort halten",Johann Sebastian Bach,00:00:55,1
"BWV 174; Recitativo (T): O! Liebe, welche keiner gleich",Johann Sebastian Bach,00:01:29,1
"BWV 176; Recitativo (B): So wundre dich, o Meister, nicht",Johann Sebastian Bach,00:02:02,1
"BWV 178; Aria (T): Schweig, schweig nur, taumelnde Vernunft",Johann Sebastian Bach,00:03:54,1
"BWV 179; Coro: Siehe zu, daß deine Gottesfurcht nicht Heuchelei sei",Johann Sebstian Bach,00:03:38,1
BWV 183; Aria (T): Ich fürchte nicht des Todes Schrecken,Johann Sebastian Bach,00:07:15,1
BWV 195: Coro: Dem Gerechten mu?das Licht immer wieder aufgehen,Johann Sebastian Bach,00:04:48,1
BWV 198; Recitativo (B): Was Wunder ists? Du bist es wert,Johann Sebastian Bach,00:02:27,1
"BWV 20; Aria (B): Wacht auf, wacht auf, verlorne Schafe",J. S. Bach,00:03:00,1
"BWV 211; Recitativo (B, S): Nun folge, was dein Vater spricht",Johann Sebastian Bach,00:01:04,1
"BWV 212; Aria (S): Unser trefflicher, lieber Kammerherr",Johann Sebastian Bach,00:01:37,1
BWV 213; Aria (T): Auf meinen Flügeln sollst du schweben,Johann Sebastian Bach,00:04:39,1
BWV 213; Recitativo (T): Die weiche Wollust locket zwar,Johann Sebastian Bach,00:00:39,1
"BWV 243, Magnificat - 7. Fecit potentiam (Coro SSATB)",J. S. Bach,00:02:00,1
BWV 58 Recitativo (B): Verfolgt dich gleich die arge Welt,Johann Sebastian Bach,00:01:43,1
BWV 995 (after BWV 1011) Allemande,Johann Sebastian Bach,00:06:28,1
BWV 995 (after BWV 1011) Gavotte I Gavotte II en Rondeau,Johann Sebastian Bach,00:06:10,1
BWV 995 (after BWV 1011) Prelude,Johann Sebastian Bach,00:06:20,1
"BWV21; Aria(T): Erfreue dich Seele, erfreue dich, Herze",Bach-Ensemble Helmuth Rilling,00:03:24,1
By the Sea,Eleni Karaindrou,00:01:47,1
Can You Hear the Music,Ludwig Göransson,00:01:50,1
"Cantata “Mein Herze schwimmt im Blut”, BWV 199: No. 2. Aria “Stumme Seufzer, stille Klagen”",Johann Sebastian Bach,00:07:36,1
"Cantata “Mein Herze schwimmt im Blut”, BWV 199_ No. 2. Aria “Stumme Seufzer, stille Klagen”",Johann Sebastian Bach,00:07:36,1
"Cantata, BWV 133 ""Ich freue mich in dir"": II. Aria",Johann Sebastian Bach,00:05:11,1
"Capriccio B‐Dur sopra la lontananza de il fratro dilettissimo, BWV 992: I. Arioso (Adagio)",Johann Sebastian Bach,00:02:28,1
Carmen: Overture,Georges Bizet;The City of Prague Philharmonic Orchestra;Friedmann Riehle,00:02:13,1
Carmina Burana: Fortuna Imperatrix Mundi: 1. O Fortuna,Carl Orff,00:02:34,1
"Cello Concerto, op. 22: I. Allegro moderato",Samuel Barber,00:12:51,1
"Cello Concerto, op. 22: I. Allegro moderato",Samuel Barber,00:12:51,1
Chasing Daylight,Scott Buckley,00:04:34,1
"Choralsatz, BWV 344 “Hilf, Herr, Jesu laß gelingen”",Johann Sebastian Bach,00:01:48,1
"Choralsatz, BWV 403 “O Mensch schau Jesum Christum an”",Johann Sebastian Bach,00:00:56,1
Christ lag in Todesbanden BWV 278,Johann Sebastian Bach,00:01:05,1
Christ lag in Todesbanden BWV 279,Johann Sebastian Bach,00:01:00,1
"Christ, under Herr, zum Jordan kam BWV 280",Johann Sebastian Bach,00:01:11,1
"Christ, unser Herr, zum Jordan kam alio modo, BWV 685",Johann Sebastian Bach,00:01:32,1
"Christe, aller Welt Trost, BWV 673",Johann Sebastian Bach,00:01:48,1
"Christus ist erstanden, hat überwuden BWV 284",Johann Sebastian Bach,00:00:59,1
"Christus, der ist mein Leben, BWV 1112",Johann Sebastian Bach,00:01:39,1
"Clarinet Concerto in A major, K. 622 : II. Adagio",Wolfgang Amadeus Mozart,00:06:51,1
"Classical & Cinematic (Free Music) - ""CELESTIAL"" by @ScottBuckley 🇦🇺 🇸🇪",BreakingCopyright — Royalty Free Music,00:05:38,1
Coda - Andante,Rachmaninov,00:01:14,1
Commando March in E flat,"Barber, Samuel",00:03:53,1
"Concerto C‐Dur, BWV 977: III. Giga",Johann Sebastian Bach,00:02:28,1
Concerto D Major - (ohne Bezeichnung) BWV 1050a,Helmuth Rilling,00:07:34,1
Concerto D Major - Adagio BWV 1050a,Helmuth Rilling,00:05:00,1
"Concerto D‐Dur, BWV 1054: I. (ohne Bezeichnung)",Johann Sebastian Bach,00:07:00,1
"Concerto d‐Moll, BWV 1052: I. Allegro",Johann Sebastian Bach,00:07:31,1
"Concerto d‐Moll, BWV 974: III. Presto",Johann Sebastian Bach,00:04:05,1
"Concerto en ré mineur F.III/24, RV 405 : I. Allegro",Antonio Vivaldi,00:03:02,1
"Concerto en ut majeur F.III/23, RV 400 : II. Largo",Antonio Vivaldi,00:04:26,1
"Concerto en ut mineur F.III/1, RV 401 : II. Adagio",Antonio Vivaldi,00:03:17,1
"Concerto en ut mineur F.III/1, RV 401 : III. Allegro ma non molto",Antonio Vivaldi,00:03:16,1
"Concerto for Piano and Orchestra no. 4 in G major, op. 58: II. Andante con moto",Ludwig van Beethoven,00:05:08,1
Concerto for Violin and Orchestra: III. Allegretto,Malek Jandali,00:08:36,1
Concerto for Violin and Orchestra: III. Allegretto,Malek Jandali,00:08:36,1
"Concerto F‐Dur, BWV 978: I. Allegro",Johann Sebastian Bach,00:02:37,1
"Concerto f‐Moll, BWV 1056: I. (ohne Bezeichnung)",Johann Sebastian Bach,00:03:06,1
"Concerto f‐Moll, BWV 1056: III. Presto",Johann Sebastian Bach,00:03:31,1
"Concerto g‐Moll, BWV 975: I. (Allegro)",Johann Sebastian Bach,00:03:19,1
"Concerto in B flat major No.6, BWV 1051 - Adagio, ma non troppo",Johann Sebastian Bach,00:05:51,1
Concerto in C for 2 Oboes & 2 Clarinets: 1. Larghetto-Allegro,Antonio Vivaldi,00:04:20,1
Concerto in C for 2 Oboes & 2 Clarinets: 1. Larghetto-Allegro,Antonio Vivaldi,00:04:20,1
Concerto in C for 2 Oboes & 2 Clarinets: 2. Largo,Antonio Vivaldi,00:02:42,1
Concerto in C for 2 Oboes & 2 Clarinets: 2. Largo,Antonio Vivaldi,00:02:42,1
Concerto in C for 2 Oboes & 2 Clarinets: 3. Allegro Molto,Antonio Vivaldi,00:03:04,1
Concerto in C for 2 Oboes & 2 Clarinets: 3. Allegro Molto,Antonio Vivaldi,00:03:04,1
"Concerto in C major, RV 114: I. Allegro",Antonio Vivaldi,00:02:22,1
Concerto in d-Moll BWV 1059R - 3. Presto,Ingo Goritzki,00:03:03,1
Concerto in d-Moll BWV 1060R - 3. Allegro,Ingo Goritzki,00:03:22,1
"Concerto in G minor, BWV 1056R: III. Presto",Johann Sebastian Bach,00:03:20,1
Concerto in g-Moll BWV 1056R - 2. Adagio,Ingo Goritzki,00:02:43,1
"Concerto in re maggiore, RV 208 “Il Grosso Mogul”: III. Allegro",Antonio Vivaldi,00:08:04,1
"Consolations, S. 172: No. 2 in E major. Un poco più mosso",Franz Liszt,00:03:27,1
Cum Dederit,Armand Amar,00:05:04,1
"Danket dem Herrn, denn er ist freundlich BWV 286",Johann Sebastian Bach,00:00:30,1
"Dante: Part I ""Inferno"": VI. The Gluttons—in slime",Thomas Adès,00:05:15,1
"Dante: Part I ""Inferno"": VI. The Gluttons—in slime",Thomas Adès,00:05:15,1
"Daphnis et Chloé, M. 57, Deuxième Partie. Camp des pirates: 9. Danse suppliante de Chloé",Maurice Ravel,00:05:06,1
"Daphnis et Chloé, M. 57, Deuxième Partie. Camp des pirates: 9. Danse suppliante de Chloé",Maurice Ravel,00:05:06,1
"Daphnis et Chloé, M. 57, Deuxième Partie. Camp des pirates: No. 9, Danse suppliante de Chloé",Sinfonia Of London,00:05:06,1
Das alte Jahr vergangen ist BWV 288,Johann Sebastian Bach,00:00:56,1
"Das Reden, WoO 168b (3-part canon)",Ludwig van Beethoven,00:01:14,1
Dawn,Dario Marianelli,00:02:39,1
"Der zufriedengestellte Aeolus BWV 205, Chor der Winde: Zerreißet, zersprenget...",J.S.Bach,00:05:53,1
"Der zufriedengestellte Aeolus BWV 205, Recitativo (B): Beinahe wirst du mich ...",J.S.Bach,00:00:40,1
"Der zufriedengestellte Aeolus BWV 205, Recitativo (B): Ja, ja! Die Stunden si...",J.S.Bach,00:01:44,1
Die Nacht ist kommen BWV 296,Johann Sebastian Bach,00:00:51,1
"Die Natali, Op. 37","Barber, Samuel",00:17:08,1
Dies sind die heil'gen zehn Gebot' BWV 298,Johann Sebastian Bach,00:00:42,1
Door of the Cosmos,Sun Ra,00:09:00,1
"Duet no. 1 in E minor, BWV 802",Johann Sebastian Bach,00:03:03,1
"Duet no. 1 in E minor, BWV 802",Johann Sebastian Bach,00:03:03,1
Ecce advenit,William Byrd,00:05:16,1
Ecce advenit,William Byrd,00:05:16,1
"Ein feste Burg ist unser Gott, BWV 720",Johann Sebastian Bach,00:03:23,1
El amor brujo 'Ballet-pantomime': 10. Cancion del Fuego Fatuo,Manuel de Falla,00:01:39,1
El amor brujo 'Ballet-pantomime'_ 10. Cancion del Fuego Fatuo,Manuel de Falla,00:01:39,1
"English Suite no. 1 in A major, BWV 806: IX. Bourrée II",Johann Sebastian Bach,00:01:24,1
"English Suite no. 1 in A major, BWV 806: VI. Double II",Johann Sebastian Bach,00:01:11,1
"English Suite no. 1 in A major, BWV 806: VIII. Bourrée I",Johann Sebastian Bach,00:01:50,1
"English Suite no. 2 in A minor, BWV 807: VI. Bourrée II",Johann Sebastian Bach,00:01:02,1
"Er sprach: Gehet hin & Rez (Ev): Und sie wurden sehr betrübt & Chor: Herr, bi...",BACH ST MATTHEW PASSION 1,00:02:03,1
Erstanden ist der heilig' Christ BWV 306,Johann Sebastian Bach,00:00:36,1
Es wir schier der letzte Tag herkommen BWv 310,Johann Sebastian Bach,00:00:42,1
Et in Spiritum Sanctum,J.S. Bach,00:04:42,1
"Etudes-tableaux, op. 39: No. 1 in C minor (Allegro agitato)",Sergei Rachmaninov,00:03:18,1
"Etudes-tableaux, op. 39: No. 1 in C minor (Allegro agitato)",Sergei Rachmaninov,00:03:18,1
"Fantasie g‐Moll, BWV 917",Johann Sebastian Bach,00:02:23,1
"Fantasie und Fuge (fragment) c‐Moll, BWV 562: I. Fantasie",Johann Sebastian Bach,00:06:35,1
"Fantasie und Fuge in g‐Moll, BWV 542: II. Fuge",Johann Sebastian Bach,00:06:20,1
"Fuga a 5 con pedale pro Organo pleno, BWV 552/2",Johann Sebastian Bach,00:07:08,1
"Fuge: Meine Seele erhebt den Herren, BWV 733",Johann Sebastian Bach,00:06:08,1
"Fughetta super Wir glauben all an einen Gott, BWV 681",Johann Sebastian Bach,00:01:14,1
Für Freuden lasst uns springen BWV 313,Johann Sebastian Bach,00:00:48,1
"Gaspard de la nuit, M. 55: III. Scarbo",Vincent Mussat,00:09:33,1
"Gelobet seist du Jesu Christ, BWV 722",Johann Sebastian Bach,00:01:33,1
Gib dich zufrieden und sei stille BWV 315,Johann Sebastian Bach,00:01:10,1
Gloria Patri,Stéphane Fuget,00:01:41,1
Gloria: Allegro vivace,Ludwig van Beethoven; Arturo Toscanini; NBC Symphony Orchestra,00:16:08,1
Gott sei gelobet und gebenedeiet BWV 322,Johann Sebastian Bach,00:01:40,1
Gottes sohn ist kommen BWV 318,Johann Sebastian Bach,00:00:48,1
"Gottlob, es geht nummehr zu BWV 321",Johann Sebastian Bach,00:00:50,1
Great King of Gods,Orlando Gibbons,00:04:53,1
Guardians,Evan King,00:03:01,1
Guardians,Evan King,00:03:00,1
Hard to Say I'm Sorry,David Foster,00:04:34,1
"Herr Gott, dich loben alle wir BWV 326-I",Johann Sebastian Bach,00:00:36,1
"Herr Gott, dich loben alle wir BWV 326-II",Johann Sebastian Bach,00:00:31,1
"Herr Gott, dich loben wir, BWV 725",Johann Sebastian Bach,00:09:44,1
"Herr Jesu Christ, dich zu uns wend, BWV 726",Johann Sebastian Bach,00:01:11,1
"Herr Jesu Christ, du höchstes Gut, BWV 1114",Johann Sebastian Bach,00:05:10,1
"Humoreske, Op. 20: No. 1, Einfach",Tom Carré,00:06:05,1
I. Allegro agitato,Rachmaninov,00:08:19,1
I. Allegro moderato,Rachmaninov,00:10:21,1
I. Moderato,Rachmaninov,00:11:10,1
Ich will hier bei dir stehen,BACH ST MATTHEW PASSION 1,00:01:53,1
"Ihr Gestirn', ihr hohlen Lüfte BWV 366",Johann Sebastian Bach,00:00:39,1
II. Andante,Rachmaninov,00:06:56,1
II. Non allegro,Rachmaninov,00:07:21,1
III. Adagio,Rachmaninov,00:13:51,1
III. Allegro scherzando,Rachmaninov,00:11:34,1
III. Allegro scherzando,Rachmaninov,00:10:53,1
III. Allegro vivace,Rachmaninov,00:12:20,1
III. Romance,Rachmaninov,00:06:22,1
III. Tears,Rachmaninov,00:05:40,1
"Il Riposo per il S.S. Natale, RV 270: I. Allegro",Antonio Vivaldi,00:04:06,1
In the Mood,The Glenn Miller Orchestra,00:03:36,1
"Intermezzo from ""Vanessa""",Samuel Barber,00:04:26,1
IV. Allegro con fuoco,Rachmaninov,00:13:22,1
"Jesus Christus, unser Heiland BWV 363",Johann Sebastian Bach,00:00:51,1
"Johannes‐Passion, BWV 245 no. 40/II Chorus “Christe, du Lamm Gottes”",Johann Sebastian Bach,00:04:54,1
"Kanon zu sechs Stimmen, BWV 1076",Johann Sebastian Bach,00:01:00,1
"Kanon zu vier Stimmen, BWV 1074",Johann Sebastian Bach,00:01:13,1
"Kanon zu zwei Stimmen, BWV 1075",Johann Sebastian Bach,00:00:20,1
"Kantate, BWV 103 “Ihr werdet weinen und heulen”: II. Recitativo (Tenor) “Wer sollte nicht in Klagen untergehn”",Johann Sebastian Bach,00:00:42,1
"Kantate, BWV 104 ""Du Hirte Israel, höre"": III. Aria (Tenore) ""Verbirgt mein Hirte sich zu lange""",Johann Sebastian Bach,00:03:53,1
"Kantate, BWV 12 “Weinen, Klagen, Sorgen, Zagen”: III. Recitativo (Alto) “Wir müssen durch viel Trübsal”",Johann Sebastian Bach,00:00:46,1
"Kantate, BWV 131 “Aus der Tiefen rufe ich, Herr, zu dir”: I. Sinfonia e Coro “Aus der Tiefen rufe ich, Herr, zu dir”",Johann Sebastian Bach,00:04:49,1
"Kantate, BWV 132 “Bereitet die Wege, bereitet die Bahn”: IV. Recitativo (Alt) “Ich will, mein Gott, dir frei heraus bekennen”",Johann Sebastian Bach,00:02:29,1
"Kantate, BWV 134 “Ein Herz, das seinen Jesum lebend weiß”: IV. Aria (Duetto Alt, Tenor) “Wir danken und preisen dein brünstiges Lieben”",Johann Sebastian Bach,00:10:10,1
"Kantate, BWV 138 “Warum betrübst du dich, mein Herz”: VI. Recitativo (Alt) “Ei nun! So will ich auch recht sanfte ruhn”",Johann Sebastian Bach,00:00:35,1
"Kantate, BWV 143 “Lobe den Herrn, meine Seele”: I. Coro “Lobe den Herrn, meine Seele”",Johann Sebastian Bach,00:01:22,1
"Kantate, BWV 158 “Der Friede sei mit dir”: III. Recitativo ed Arioso (Bass) “Nun, Herr, regiere meinen Sinn”",Johann Sebastian Bach,00:01:28,1
"Kantate, BWV 168 “Tue Rechnung! Donnerwort”: VI. Choral “Stärk mich mit deinem Freudengeist”",Johann Sebastian Bach,00:01:17,1
"Kantate, BWV 17 “Wer Dank opfert, der preiset mich”: Teil I, I. Coro “Wer Dank opfert, der preiset mich”",Johann Sebastian Bach,00:04:45,1
"Kantate, BWV 183 “Sie werden euch in den Bann tun”: III. Recitativo (Alt) “Ich bin bereit, mein Blut und armes Leben”",Johann Sebastian Bach,00:01:20,1
"Kantate, BWV 184 “Erwünschtes Freudenlicht”: III. Recitativo (Tenor) “So freuet euch, ihr auserwählten Seelen”",Johann Sebastian Bach,00:02:23,1
"Kantate, BWV 186 “Ärgre dich, o Seele, nicht”: XI. Choral “Die Hoffnung wart’ der rechten Zeit”",Johann Sebastian Bach,00:03:01,1
"Kantate, BWV 188 “Ich habe meine Zuversicht”: V. Recitativo (Sopran) “Die Macht der Welt verlieret sich”",Johann Sebastian Bach,00:00:58,1
"Kantate, BWV 193 “Ihr Tore zu Zion”: IV. Recitativo (Alt) “O Leipziger Jerusalem”",Johann Sebastian Bach,00:00:58,1
"Kantate, BWV 20, “O Ewigkeit, du Donnerwort”: Teil II, IX. Recitativo (Alto) “Verlaß, o Mensch, die Wollust dieser Welt”",Johann Sebastian Bach,00:01:32,1
"Kantate, BWV 202 “Weichet nur, betrübte Schatten”: V. Aria (Sopran) “Wenn die Frühlingslüfte streichen”",Johann Sebastian Bach,00:02:20,1
"Kantate, BWV 204 “Ich bin in mir vergnügt”: IV. Aria (Sopran) “Die Schätzbarkeit der weiten Erden”",Johann Sebastian Bach,00:04:08,1
"Kantate, BWV 204 “Ich bin in mir vergnügt”: VII. Recitativo (Sopran) “Ein edler Mensch ist Perlenmuscheln gleich”",Johann Sebastian Bach,00:01:55,1
"Kantate, BWV 204 “Ich bin in mir vergnügt”: VIII. Aria (Sopran) “Himmlische Vergnügsamkeit”",Johann Sebastian Bach,00:04:39,1
"Kantate, BWV 23 “Du wahrer Gott und Davids Sohn”: IV. Choral “Christe, du Lamm Gottes”",Johann Sebastian Bach,00:05:36,1
"Kantate, BWV 25 “Es ist nichts Gesundes an meinem Leibe”: I. Coro “Es ist nichts Gesundes an meinem Leibe”",Johann Sebastian Bach,00:05:17,1
"Kantate, BWV 25 “Es ist nichts Gesundes an meinem Leibe”: III. Aria (Basso) “Ach, wo hol ich Armer Rat?”",Johann Sebastian Bach,00:03:04,1
"Kantate, BWV 4 ""Christ lag in Todesbanden"": II. Coro Versus I ""Christ Lag in Todes Banden""",Johann Sebastian Bach,00:04:41,1
"Kantate, BWV 41 ""Jesu, nun sei gepreiset"": VI. Choral. ""Dein ist allein die Ehre",Johann Sebastian Bach,00:02:14,1
"Kantate, BWV 42 ""Am Abend aber desselbigen Sabbats"": VII. Chorale ""Verleih uns Frieden gnädiglich""",Johann Sebastian Bach,00:02:21,1
"Kantate, BWV 5 ""Wo soll ich fliehen hin"": II. Recitativo (Basso) ""Der Sünden Wust hat mich nicht nur befleckt""",Johann Sebastian Bach,00:01:10,1
"Kantate, BWV 63 “Christen, ätzet diesen Tag”: II. Recitativo (Alto) “O selger Tag! o ungemeines Heute”",Johann Sebastian Bach,00:03:09,1
"Kantate, BWV 63 “Christen, ätzet diesen Tag”: IV. Recitativo (Tenore) “So kehret sich nun heut das bange Leid”",Johann Sebastian Bach,00:00:57,1
"Kantate, BWV 70 “Wachet! betet! betet! wachet!”: IV. Recitativo (Tenor) “Auch bei dem himmlischen Verlangen”",Johann Sebastian Bach,00:00:50,1
"Kantate, BWV 78 “Jesu, der du meine Seele”: VI. Aria (Bass) “Nun du wirst mein Gewissen stillen”",Johann Sebastian Bach,00:03:17,1
"Kantate, BWV 83 ""Erfreute Zeit im neuen Bunde"": IV. Recitativo ""Ja, merkt dein Glaube noch viel Finsternis""",Johann Sebastian Bach,00:00:51,1
"Kantate, BWV 93, ""Wer nur den lieben Gott läßt walten"": Recitativo e Choral",Johann Sebastian Bach,00:02:03,1
"Kleines harmonisches Labyrinth, BWV 591",Johann Sebastian Bach,00:04:01,1
"Knoxville: Summer of 1915, op. 24",Samuel Barber,00:16:49,1
"Kommt, ihr Töchter (Sopran in ripieno: O Lamm Gottes)",BACH ST MATTHEW PASSION 1,00:11:48,1
"Kreisleriana, op. 16: No. 3, Sehr aufgeregt",Robert Schumann,00:04:55,1
Kujawiak,Mieczysław Weinberg,00:03:17,1
Kujawiak,Mieczysław Weinberg,00:03:17,1
Kyrie eleison,J.S. Bach,00:11:07,1
"Kyrie eleison - Christe, du Lamm Gottes in F‐Dur, BWV 233a",Johann Sebastian Bach,00:03:39,1
"Kyrie, Gott heiliger Geist, BWV 671",Johann Sebastian Bach,00:04:59,1
La Bohème,Charles Aznavour,00:02:47,1
la fine,Yiruma,00:03:11,1
Last and First Light,Scott Buckley,00:07:49,1
"Leonore, Hess 109: Beharrlich bleibt auf dem Liebespfad",Ludwig van Beethoven,00:00:28,1
"Leonore, Hess 109: Der Kerkermeister, Rocco, der Vater",Ludwig van Beethoven,00:00:24,1
"Les Béatitudes, CFF 185: Troisième Béatitude. Bienheureux ceux qui pleurent, parce qu’ils seront consolés.",Orchestre Philharmonique Royal de Liège,00:17:23,1
"Lo, How a Rose Eér Blooming",London Philharmonic Orchestra,00:04:05,1
"Lord God, now open Heaven's gates BWV 1092",Kay Johannsen,00:02:22,1
Losar,Joep Beving,00:03:41,1
Marimba Concerto: I. Flowing,Kevin Puts,00:08:05,1
Marimba Concerto: I. Flowing,Kevin Puts,00:08:05,1
Mary Jane vs Graeme Blevins.,RAYE w/ The Heritage Orchestra & Graeme Blevins,00:01:32,1
"Mass in B minor, BWV 232: IIIi. Et expecto resurrectionem mortuorum",Johann Sebastian Bach,00:02:15,1
"Medea Ballet Suite, op. 23: III. The Young Princess. Jason",Samuel Barber,00:03:28,1
"Medea Ballet Suite, op. 23: III. The Young Princess. Jason",Samuel Barber,00:03:28,1
"Medea Ballet Suite, op. 23: IV. Choros",Samuel Barber,00:03:29,1
"Medea Ballet Suite, op. 23: VI. Kantikos Agonias",Samuel Barber,00:02:28,1
"Medea Ballet Suite, op. 23: VI. Kantikos Agonias",Samuel Barber,00:02:28,1
Melodia (iii) (performed on piano),Jóhann Jóhannsson,00:02:34,1
Melodia (iii) (performed on piano),Jóhann Jóhannsson,00:02:34,1
"Messe A‐Dur, BWV 234: Domine Deus",Johann Sebastian Bach,00:06:04,1
"Messe A‐Dur, BWV 234: Gloria in excelsis Deo",Johann Sebastian Bach,00:05:33,1
"Messe g-Moll, BWV 235: 1. Kyrie eleison",Johann Sebastian Bach,00:06:53,1
"Messe g-Moll, BWV 235: 2. Gloria in excelsis Deo",Johann Sebastian Bach,00:03:12,1
"Messe g-Moll, BWV 235: 4. Domine fili unigenite",Johann Sebastian Bach,00:05:15,1
"Messe g-Moll, BWV 235: 5. Qui tollis peccata mundi",Johann Sebastian Bach,00:03:44,1
"Messe G‐Dur, BWV 236: Kyrie eleison",Johann Sebastian Bach,00:03:16,1
"Miroirs, M 43: 3. Une barque sur l'océan. D'un rythme souple",Maurice Ravel,00:06:23,1
"Miroirs, M 43_ 3. Une barque sur l'océan. D'un rythme souple",Maurice Ravel,00:06:23,1
Moonlight Serenade,Glenn Miller,00:03:20,1
"Motette, BWV 229 “Komm, Jesu, komm”",Johann Sebastian Bach,00:08:37,1
Movement 5 - Pt. 2,Erland Cooper,00:03:58,1
"Musikalisches Opfer, BWV 1079: Fuga canonica in Epidiapente",Johann Sebastian Bach,00:01:57,1
Mélodie de Gluck,Gluck / Sgambati,00:03:02,1
"Mörike-Lieder - no. 28, Gebet",Hugo Wolf,00:02:42,1
No. 4: Aria - Willst Du Dich Nicht Mehr Ergotzen,Johann Sebastian Bach,00:04:50,1
"Nocturnes, op. 48 B. 142: 2. Nocturne in F-sharp minor. Andantino",Chopin,00:06:25,1
"Nocturnes, op. 48 B. 142: 2. Nocturne in F-sharp minor. Andantino",Chopin,00:06:25,1
"Nocturnes, op. 48 B. 142: 2. Nocturne in F-sharp minor. Andantino",Chopin,00:06:25,1
Notturno: Adagio,Arnold Schönberg,00:03:12,1
"Nouvelles suites de pièces de clavecin, Gavotte et six doubles RCT 5/7: Gavotte",Jean‐Philippe Rameau,00:01:29,1
Nun danket alle Gott BWV 386,Johann Sebastian Bach,00:00:55,1
"O wie selig seid ihr doch, ihr Frommen BWV 405",Johann Sebastian Bach,00:00:49,1
"O wie selig seid ihr doch, ihr Frommen BWV 406",Johann Sebastian Bach,00:00:47,1
"Oboe Concerto in D Minor, Op. 9 No. 2: I. Allegro e non presto (Transcr. for Piccolo Trumpet and Baroque Orchestra by Simon Wright)",Alison Balsom,00:04:05,1
Offertory: Optimam partem elegit,William Byrd,00:02:40,1
Omega,Scott Buckley,00:04:05,1
On the Street Where You Live,Dean Martin with orchestra conducted by Nelson Riddle,00:03:41,1
"Op. 23, no. 4 - Andante cantabile",Rachmaninov,00:04:37,1
"Op. 23, no. 9 in E-flat minor (Presto)",Rachmaninov,00:02:03,1
"Op. 32, no. 1 in C major",Rachmaninov,00:01:12,1
"Op. 32, no. 6 - Allegro appassionato",Rachmaninov,00:01:17,1
"Op. 33, no. 2 in C major",Rachmaninov,00:02:13,1
"Op. 33, no. 3 in E-flat minor",Rachmaninov,00:01:28,1
"Op. 39, no. 3 in F-sharp minor",Rachmaninov,00:02:37,1
"Op. 39, no. 5 in E-flat minor",Rachmaninov,00:04:45,1
"Op. 39, no. 7 in C minor",Rachmaninov,00:07:10,1
"Op. 39, no. 9 in D major",Rachmaninov,00:03:49,1
"Orgelbüchlein: Liebster Jesu, wir sind hier, BWV 634",Johann Sebastian Bach,00:02:09,1
"Partita E‐Dur, BWV 1006a: VI. Bourrée",Johann Sebastian Bach,00:01:26,1
"Partita für Violine no. 1 h‐Moll, BWV 1002: I. Allemanda",Johann Sebastian Bach,00:05:33,1
"Partita für Violine no. 1 h‐Moll, BWV 1002: VII. Tempo di Borea",Johann Sebastian Bach,00:03:44,1
"Partita für Violine no. 3 E‐dur, BWV 1006: III. Gavotte en Rondeau",Johann Sebastian Bach,00:02:51,1
"Pelleas und Melisande, Op. 5: IIa. Scene by the spring in the park. The ring falls into the water - Golaud is thrown from his horse. Sehr rasch",Orchestre Symphonique de Montréal,00:03:28,1
"Piano Concerto no. 2 in F major, op. 102: II. Andante -",Dmitri Shostakovich,00:06:05,1
"Piano Concerto no. 2 in F major, op. 102: II. Andante -",Dmitri Shostakovich,00:06:05,1
"Piano Sonata no. 14 in C-sharp minor, op. 27 no. 2 ""Moonlight Sonata"": I. Adagio sostenuto",Ludwig van Beethoven,00:05:37,1
"Piano Sonata no. 14 in C-sharp minor, op. 27 no. 2 ""Moonlight Sonata"": I. Adagio sostenuto",Ludwig van Beethoven,00:05:37,1
"Piano Trio no. 6 in E‐flat major, op. 70 no. 2: I. Poco sostenuto – Allegro ma non troppo",Ludwig van Beethoven,00:10:07,1
"Preise dein Glücke, gesegnetes Sachsen BWV 215 No. 2 Recitativo - Wie können ...",J.S.Bach,00:01:09,1
"Preise dein Glücke, gesegnetes Sachsen BWV 215 No. 7 Aria - Durch die von Eif...",J.S.Bach,00:04:09,1
"Prelude and Fughetta in F major, BWV 901: Fughetta",Johann Sebastian Bach,00:01:24,1
"Prelude and Fughetta in F major, BWV 901: Prelude",Johann Sebastian Bach,00:01:15,1
"Prelude in C major, BWV 933",Johann Sebastian Bach,00:01:45,1
PRELUDE TO A SOUL,Sebastian Plano,00:02:47,1
"Preludes, op. 23: No. 2 in B major. Maestoso",Sergei Rachmaninov,00:03:12,1
"Preludes, op. 23: No. 3 in D minor. Tempo di menuetto",Sergei Rachmaninov,00:03:21,1
"Preludes, op. 23: No. 5 in G minor. Alla marcia",Sergei Rachmaninov,00:03:58,1
"Preludes, op. 23: No. 9 in E-flat minor. Presto",Sergei Rachmaninov,00:02:02,1
"Präludium et parita del tuono terzo F‐Dur, BWV 833: III. Courante",Johann Sebastian Bach,00:01:58,1
"Präludium, Fuge und Allegro in Es‐Dur, BWV 998: III. Allegro",Johann Sebastian Bach,00:03:31,1
"Quintet for oboe, 3 horns and bassoon in E-flat major, Hess 19: I. Allegro",Ludwig van Beethoven,00:03:12,1
"Quintet for oboe, 3 horns and bassoon in E-flat major, Hess 19: II. Adagio maestoso",Ludwig van Beethoven,00:03:06,1
Refuge,Lara Somogyi & Jean‐Michel Blais,00:02:34,1
Remembering Mahler,08,00:26:31,1
Remembering Mahler,[dialogue],00:26:31,1
"Requiem en Ré mineur, KV 626: III. Sequentia: 6. Lacrymosa",Wolfgang Amadeus Mozart,00:03:00,1
"Requiem in D Minor, K. 626: III. Sequentia: 6. Lacrymosa",Wolfgang Amadeus Mozart,00:03:00,1
Resolutions,Scott Buckley,00:05:28,1
River Flows in You,Yiruma,00:03:54,1
River Flows in You,Yiruma,00:03:54,1
"Rondo in A major, WoO 49: Allegretto",Ludwig van Beethoven,00:02:41,1
saman,Ólafur Arnalds,00:02:12,1
saman,Ólafur Arnalds,00:02:12,1
saman,Ólafur Arnalds,00:02:12,1
Scherzo in D minor,Sergei Rachmaninov,00:05:29,1
Second Essay for Orchestra,"Barber, Samuel",00:11:12,1
Seelenbräutigam BWV 409,Johann Sebastian Bach,00:00:43,1
"Serenade in E minor, op. 20: II. Larghetto",Sir Edward Elgar,00:05:59,1
Shaker Loops: I. Shaking and Trembling,BIT20 Ensemble,00:08:42,1
Signal to Noise,Scott Buckley,00:05:54,1
Silent Songs: 5 Songs: No. 4. O Melancholy Time! Delight for Eyes!,Valentyn Silvestrov,00:03:06,1
Silent Songs: 5 Songs: No. 4. O Melancholy Time! Delight for Eyes!,Valentyn Silvestrov,00:03:06,1
Simile est regnum caelorum,Francisco Guerrero,00:02:49,1
Simile est regnum caelorum,Francisco Guerrero,00:02:49,1
"So geibst du nun, mein Jesu, gute Nacht BWV 412",Johann Sebastian Bach,00:00:57,1
"Sonata a‐Moll nach Johann Adam Reincken, BWV 965: III. Adagio - Presto",Johann Sebastian Bach,00:01:37,1
"Sonata d‐Moll, BWV 964: I. Grave",Johann Sebastian Bach,00:03:34,1
"Sonata for Cello and Piano No. 2 in G Minor, Op. 5 No. 2: Ia. Adagio sostenuto e espressivo",Ludwig van Beethoven,00:05:27,1
"Sonata G‐Dur, BWV 968: I. Adagio",Johann Sebastian Bach,00:03:39,1
"Sonata G‐Dur, BWV 968: II. Fuga - Alla breve",Johann Sebastian Bach,00:08:18,1
"Sonata no. 14 in C-sharp minor, op. 27 no. 2 ""Moonlight"": I. Adagio sostenuto",Ludwig van Beethoven,00:05:15,1
"Sonate für Violine no. 1 g‐Moll, BWV 1001: I. Adagio",Johann Sebastian Bach,00:03:55,1
"Sonate für Violine no. 1 g‐Moll, BWV 1001: III. Siciliana",Johann Sebastian Bach,00:02:37,1
"Sonate für Violine no. 2 a‐Moll, BWV 1003: IV. Allegro",Johann Sebastian Bach,00:06:17,1
"Sonate für Violine no. 3 C‐Dur, BWV 1005: III. Largo",Johann Sebastian Bach,00:02:44,1
Sonate in e-Moll - Allemande BWV 1023,J.S. Bach,00:04:18,1
Sonate in G-Dur - (Gavotte) BWV 1019a,J.S. Bach,00:01:55,1
"Sonate nr. 7 c‐Moll, op. 30 nr. 2: II. Adagio cantabile",Ludwig van Beethoven,00:07:41,1
"Sonate nr. 7 c‐Moll, op. 30 nr. 2: IV. Finale. Allegro - Presto",Ludwig van Beethoven,00:05:06,1
"Sonate nr. 8 G‐Dur, op. 30 nr. 3: II. Tempo di minuetto, ma molto moderato e grazioso",Ludwig van Beethoven,00:08:32,1
Souvenirs: Galop (The Next Afternoon),Samuel Barber,00:02:45,1
Stars In Her Skies,Scott Buckley,00:04:37,1
Stars In Her Skies,Scott Buckley,00:04:37,1
Still Waters,Jasmine Myra,00:06:08,1
Stompin' at the Savoy,Benny Goodman and His Orchestra,00:03:16,1
"String Quartet in C minor, op. 18 no. 4: II. Andante scherzoso quasi allegretto",Ludwig van Beethoven,00:06:47,1
Suite E Major BWV 1006a (after BWV 1006) Prelude,Johann Sebastian Bach,00:05:30,1
"Suite in c‐Moll, BWV 997: II. Fuga",Johann Sebastian Bach,00:06:16,1
"Suite in E-flat major, BWV 819: VI. Menuet I & II",Johann Sebastian Bach,00:02:17,1
"Suite in e‐Moll, BWV 996: I. Praeludio",Johann Sebastian Bach,00:02:22,1
"Suite in e‐Moll, BWV 996: III. Courante",Johann Sebastian Bach,00:02:22,1
Suite No. 1 C Major BWV 1066: Courante,Johann Sebastian Bach,00:02:29,1
Suite No. 1 C Major BWV 1066: Ouverture,Johann Sebastian Bach,00:06:24,1
Suite No. 2 B Minor BWV 1067: Polonaise & Double,Johann Sebastian Bach,00:03:12,1
"Suite no. 7 in B-flat major, HWV 440: III. Sarabande",George Frideric Handel,00:02:36,1
Sunset Bird,Yiruma,00:03:11,1
Sunset Bird,Yiruma,00:03:11,1
"Symphonie en mi mineur op. 64: 2. Andante cantabile, con alcuna licenza",Piotr Ilych Tchaikovsky,00:13:29,1
"Symphony no. 1 in C major, op. 21: 1. Adagio molto – Allegro con brio",Ludwig van Beethoven,00:09:29,1
"Symphony no. 1 in C major, op. 21: 2. Andante cantabile con moto",Ludwig van Beethoven,00:06:46,1
"Symphony no. 1 in C, op. 21: 3. Menuetto (Allegro molto e vivace)",Ludwig van Beethoven,00:03:34,1
"Symphony no. 1, op. 9: Andante tranquillo",Samuel Barber,00:09:48,1
"Symphony no. 14 in G minor, op. 135: I. De profundis",Dmitri Shostakovich,00:04:42,1
"Symphony no. 14 in G minor, op. 135: I. De profundis",Dmitri Shostakovich,00:04:42,1
"Symphony no. 2 in D major, op. 36: 1. Adagio molto – Allegro con brio",Ludwig van Beethoven,00:13:03,1
"Symphony no. 2 in D major, op. 36: 2. Larghetto",Ludwig van Beethoven,00:10:54,1
"Symphony no. 2 in D major, op. 36: 3. Scherzo: Allegro",Ludwig van Beethoven,00:03:48,1
"Symphony no. 2 in D major, op. 36: 4. Allegro molto",Ludwig van Beethoven,00:06:45,1
"Symphony no. 2 in E minor, op. 27: 1. Moderato",Sergei Rachmaninoff,00:04:47,1
"Symphony no. 2 in E minor, op. 27: 1. Moderato",Sergei Rachmaninoff,00:04:47,1
"Symphony no. 3 in E-flat, op. 55 “Eroica”: 2. Marcia funebre (Adagio assai)",Ludwig van Beethoven,00:15:59,1
"Symphony no. 3 in E-flat, op. 55 “Eroica”: 3. Scherzo: Allegro vivace",Ludwig van Beethoven,00:06:07,1
"Symphony no. 4 in B-flat major, op. 60: 1. Adagio – Allegro vivace",Ludwig van Beethoven,00:10:30,1
"Symphony no. 4 in B-flat major, op. 60: 2. Adagio",Ludwig van Beethoven,00:10:52,1
"Symphony no. 4 in B-flat major, op. 60: 3. Allegro vivace",Ludwig van Beethoven,00:06:31,1
"Symphony no. 4 in B-flat major, op. 60: 4. Allegro ma non troppo",Ludwig van Beethoven,00:07:16,1
"Symphony no. 5 in C minor, op. 67: 1. Allegro con brio",Ludwig van Beethoven,00:08:10,1
"Symphony no. 5 in C minor, op. 67: 2. Andante con moto",Ludwig van Beethoven,00:10:12,1
"Symphony no. 5 in C minor, op. 67: 3. Allegro",Ludwig van Beethoven,00:05:46,1
"Symphony no. 5 in C minor, op. 67: 4. Allegro",Ludwig van Beethoven,00:09:23,1
Symphony no. 5: IV. Adagietto,Gustav Mahler,00:10:49,1
"Symphony no. 6 in F major, op. 68 “Pastoral”: 4. Allegro: Gewitter, Sturm",Ludwig van Beethoven,00:04:00,1
"Symphony no. 6 in F major, op. 68 “Pastoral”: 5. Allegretto: Hirtengesang. Frohe und dankbare Gefuhle nach dem Sturm",Ludwig van Beethoven,00:09:15,1
"Symphony no. 7 in A major, op. 92: 1. Poco sostenuto – Vivace",Ludwig van Beethoven,00:12:30,1
"Symphony no. 7 in A major, op. 92: 2. Allegretto",Ludwig van Beethoven,00:08:52,1
"Symphony no. 7 in A major, op. 92: 3. Presto – Assai meno presto",Ludwig van Beethoven,00:08:48,1
"Symphony no. 7 in A major, op. 92: 4. Allegro con brio",Ludwig van Beethoven,00:07:06,1
"Symphony no. 7 in A major, op. 92: I. Poco sostenuto – Vivace",Ludwig van Beethoven,00:13:14,1
"Symphony no. 8 in F major, op. 93: 1. Allegro vivace e con brio",Ludwig van Beethoven,00:09:47,1
"Symphony no. 8 in F major, op. 93: 3. Tempo di menuetto",Ludwig van Beethoven,00:05:15,1
"Symphony no. 8 in F major, op. 93: 4. Allegro vivace",Ludwig van Beethoven,00:07:34,1
"Symphony no. 9 in D minor, op. 125 “Choral”: 3. Adagio molto e cantabile",Ludwig van Beethoven,00:16:44,1
"Symphony No.4 In E Flat Major ""Romantic"", Version: 1878-80: Andante Quasi Allegretto","Bruckner; Karajan, Berliner Philharmoniker",00:14:34,1
Tchaikovsky (1),Deryn Cullen,00:03:02,1
The Arctic Suite: I. Frozen World,Jacob Shea,00:06:06,1
The Climb,Scott Buckley,00:05:47,1
"The Magic Flute, K. 620: Overture",Wolfgang Amadeus Mozart,00:06:24,1
"The Planets, op. 32: IV. Jupiter, the Bringer of Jollity",Gustav Holst,00:07:46,1
"The School for Scandal Overture, op. 5",Samuel Barber,00:08:37,1
The Tearjerker Returns,Chilly Gonzales,00:03:33,1
The Vampire Masquerade,Peter Gundry,00:03:11,1
The Vampire Masquerade,Peter Gundry,00:03:11,1
"The Well-Tempered Clavier: Book 1, BWV 846-869: 1. Prelude in C major, BWV 846",Johann Sebastian Bach,00:02:19,1
"The Well-Tempered Clavier_ Book 1, BWV 846-869_ 1. Prelude in C major, BWV 846",Johann Sebastian Bach,00:02:19,1
This Is Halloween,,00:03:16,1
Toccata Festiva,"Barber, Samuel",00:14:24,1
"Toccata un Fuge d-Moll, BWV 565: I. Toccata",Johann Sebastian Bach,00:02:32,1
"Tod und Verklärung, op. 24, TrV 158",Richard Strauss,00:24:06,1
Trio in A-Dur - Menuett BWV 1025,J.S. Bach,00:03:46,1
Trio in A-Dur - Rondeau BWV 1025,J.S. Bach,00:03:29,1
"Trio Sonata in G major, BWV 1038: I. Largo",Johann Sebastian Bach,00:02:42,1
"Trio Sonata in G major, BWV 1038: III. Adagio",Johann Sebastian Bach,00:01:53,1
"Trio Sonata no. 2 in C minor, BWV 526: I. Vivace",Johann Sebastian Bach,00:04:03,1
"Trio Sonata no. 4 in E minor, BWV 528: I. Adagio - Vivace",Johann Sebastian Bach,00:02:53,1
Trois morceaux pour piano: II. D'un jardin clair,Lili Boulanger;Arseniy Gusev,00:02:20,1
"Trois mélodies: No. 2, Élégie",Erik Satie,00:03:42,1
Undertow,Scott Buckley,00:04:10,1
Undertow,Scott Buckley,00:04:10,1
Valet will ich dir gehen BWV 415,Johann Sebastian Bach,00:00:51,1
Variation 11. Moderato,Rachmaninov,00:01:18,1
Variation 13. Allegro,Rachmaninov,00:00:26,1
Variation 16. Allegretto,Rachmaninov,00:01:22,1
Variation 19. A tempo vivace,Rachmaninov,00:00:35,1
Variation 2. L'istesso tempo,Rachmaninov,00:00:18,1
Variation 24. A tempo un poco meno mosso,Rachmaninov,00:01:16,1
Variation 4. Più vivo,Rachmaninov,00:00:27,1
Variation I - Poco più mosso,Rachmaninov,00:00:37,1
Variation XIX - Più mosso. Agitato,Rachmaninov,00:00:27,1
"Variations and Fugue on a Theme by Handel, op. 24: Var. 5 (Espressivo)",Johannes Brahms,00:00:57,1
"Violin Concerto in A minor, op. 4 no. 4: I. Allegro",Antonio Vivaldi,00:03:12,1
"Violin Concerto in B Minor, RV 387: 1. Allegro",Antonio Vivaldi,00:04:22,1
"Violin Concerto in B Minor, RV 387: 1. Allegro",Antonio Vivaldi,00:04:22,1
"Violin Concerto in B Minor, RV 387: 2. Largo",Antonio Vivaldi,00:02:58,1
"Violin Concerto in B Minor, RV 387: 2. Largo",Antonio Vivaldi,00:02:58,1
"Violin Concerto in B Minor, RV 387: 3. Allegro",Antonio Vivaldi,00:02:37,1
"Violin Concerto in B Minor, RV 387: 3. Allegro",Antonio Vivaldi,00:02:37,1
Violin Concerto in D major: II. Adagio,Franz Clement,00:12:52,1
"Violin Concerto no. 2 in C minor, op. 3: III. Andante / Capriccio",Pietro Locatelli,00:07:41,1
Violin Concerto: III. Tempo scherzando (Mit guter Laune),Paul von Klenau,00:07:05,1
Violin Concerto: III. Tempo scherzando (Mit guter Laune),Paul von Klenau,00:07:05,1
"Violinsonate nr. 4 a‐Moll, op. 23: II. Andante scherzoso, più allegretto",Ludwig van Beethoven,00:07:20,1
Vivace,Ludwig van Beethoven,00:12:30,1
"Vocalise, op. 34",Сергей Васильевич Рахманинов,00:05:51,1
Von Gott will ich nicht lassen BWV 419,Johann Sebastian Bach,00:00:59,1
"Waltz in A Minor, Op. 34, No. 2","Chad Lawson, Judy Kang, Rubin Kodheli",00:04:44,1
Waltz of the Flowers,"Tchaikovsky; The Royal Philharmonic Orchestra, Don Jackson",00:06:54,1
Waves,Jake Runestad,00:07:28,1
"Weihnachts-Oratorium, BWV 248: Teil I, III. Recitativo (Alto) ""Nun wird mein liebster Bräutigam""",Johann Sebastian Bach,00:01:02,1
"Weihnachts‐Oratorium, BWV 248: Teil III, I. Coro “Herrscher des Himmels, erhöre das Lallen”",Johann Sebastian Bach,00:01:49,1
Wenn mein Stündlein vorhanden ist BWV 430,Johann Sebastian Bach,00:01:01,1
"Wie schön leuchtet der Morgenstern, BWV 763",Johann Sebastian Bach,00:01:29,1
Winter Chimes,Kevin MacLeod,00:02:38,1
"Wir Christenleut, BWV 1090",Johann Sebastian Bach,00:01:59,1
You're the Inspiration,David Foster,00:03:55,1
You’re Nobody ’Til Somebody Loves You,Dean Martin with orchestra conducted by Nelson Riddle,00:02:14,1
"Études, Book 2: No. 13. L’escalier du diable",György Ligeti,00:05:15,1
"Études, Book 2: No. 13. L’escalier du diable",György Ligeti,00:05:15,1
Взбранной Воеводе (греческого роспева),Rachmaninov,00:01:32,1
Свете тихий (киевского роспева),Rachmaninov,00:03:07,1
Славословие великое (знаменного роспева),Rachmaninov,00:06:51,1
"“Ars longa, vita brevis”, WoO 170 (2-part canon) (1st setting)",Ludwig van Beethoven,00:01:00,1
"“Bei labbri, che Amore”, WoO 99/1 [Hess 211]",Ludwig van Beethoven,00:01:20,1
"“Bester Magistrat, Ihr friert”, WoO 177 (4-part canon)",Ludwig van Beethoven,00:00:39,1
"“Brauchle, Linke”, WoO 167 (3-part canon)",Ludwig van Beethoven,00:00:21,1
"“Chi mai di questo core”, WoO 99/7 [Hess 214]",Ludwig van Beethoven,00:01:02,1
"“Da ist das Werk”, WoO 197 (5-part canon)",Ludwig van Beethoven,00:00:41,1
"“Das Schöne zum Guten”, WoO 202 (Non-canonic)",Ludwig van Beethoven,00:00:16,1
"“Doktor sperrt das Tor dem Tod”, WoO 189 (4-part canon)",Ludwig van Beethoven,00:01:03,1
"“Edel sei der Mensch”, WoO 185 (6-part canon)",Ludwig van Beethoven,00:02:36,1
"“Es muss sein!”, WoO 196 (4-part canon)",Ludwig van Beethoven,00:00:31,1
"“Esel aller Esel”, WoO 227 [Hess 277] (3-part canon)",Ludwig van Beethoven,00:00:30,1
"“Ewig dein”, WoO 161 (3-part canon)",Ludwig van Beethoven,00:01:12,1
"“Falstafferel, lass dich sehen”, WoO 184 (5-part canon)",Ludwig van Beethoven,00:01:02,1
"“Fra tutte le pene”, WoO 99/11a [Hess 208]",Ludwig van Beethoven,00:01:19,1
"“Fra tutte le pene”, WoO 99/11b [Hess 225]",Ludwig van Beethoven,00:01:05,1
"“Fra tutte le pene”, WoO 99/11c [Hess 210] (2nd version)",Ludwig van Beethoven,00:01:17,1
"“Freu dich des Lebens!”, WoO 195 (2-part canon)",Ludwig van Beethoven,00:00:24,1
"“Freundschaft ist die Quelle wahrer Glückselighkeit”, WoO 164 (3-part canon)",Ludwig van Beethoven,00:00:55,1
"“Giura il nocchier”, WoO 99/5a [Hess 227]",Ludwig van Beethoven,00:00:38,1
"“Giura il nocchier”, WoO 99/5b [Hess 230] (1st version)",Ludwig van Beethoven,00:00:43,1
"“Già la notte s'avvicina”, WoO 99/14a [Hess 223]",Ludwig van Beethoven,00:00:38,1
"“Glück zem neuen Jahr!”, WoO 165 (4-part canon)",Ludwig van Beethoven,00:00:32,1
"“Glück zum neuen Jahr”, WoO 176 (3-part canon)",Ludwig van Beethoven,00:00:51,1
"“Gott ist eine feste Burg”, WoO 188 (2-part canon)",Ludwig van Beethoven,00:00:18,1
"“Herr Graf, ich komme zu fragen”, WoO 221 [Hess 276] (3-part canon)",Ludwig van Beethoven,00:00:57,1
"“Hoi' euch der Teufel! B'hüt' euch Gott!”, WoO 173 (2-part canon)",Ludwig van Beethoven,00:00:15,1
"“Ich bitt' dich, schreib mir die Es-Scala auf”, WoO 172 (3-part canon)",Ludwig van Beethoven,00:00:28,1
"“Ich küsse Sie”, WoO 169 (2-part puzzle canon)",Ludwig van Beethoven,00:00:15,1
"“Im Arm der Liebe ruht rich's wohl”, WoO 159 (3-part canon)",Ludwig van Beethoven,00:01:29,1
"“Kurz ist der Schmerz”, WoO 163 (3-part canon) (1st setting)",Ludwig van Beethoven,00:01:23,1
"“Kurz ist der Schmerz”, WoO 166 (3-part canon) (2nd setting)",Ludwig van Beethoven,00:02:12,1
"“Kühl, nicht lau”, WoO 191 (3-part canon)",Ludwig van Beethoven,00:00:54,1
"“Ma tu tremi”, WoO 99/2 [Hess 212]",Ludwig van Beethoven,00:01:45,1
"“Nei campi e nelle selve”, WoO 99/10a [Hess 217] (1st version)",Ludwig van Beethoven,00:01:15,1
"“Nei campi e nelle selve”, WoO 99/10b [Hess 220] (2nd version)",Ludwig van Beethoven,00:01:47,1
"“O Tobias!”, WoO 182 (3-part canon)",Ludwig van Beethoven,00:00:36,1
"“Per te d'amico aprile”, WoO 99/9 [Hess 216]",Ludwig van Beethoven,00:00:47,1
"“Quella cetra ah pur tu sei”, WoO 99/13a [Hess 218]",Ludwig van Beethoven,00:00:59,1
"“Quella cetra ah pur tu sei”, WoO 99/13b [Hess 219] (2nd version)",Ludwig van Beethoven,00:00:39,1
"“Quella cetra ah pur tu sei”, WoO 99/13c [Hess 213] (1st version)",Ludwig van Beethoven,00:00:59,1
"“Salvo tu vuoi lo sposo?”, WoO 99/12b [Hess 228]",Ludwig van Beethoven,00:00:35,1
"“Sankt Petrus war ein Fels”, WoO 175 (2-part canon)",Ludwig van Beethoven,00:00:43,1
"“Scrivo in te”, WoO 99/8 [Hess 215]",Ludwig van Beethoven,00:00:53,1
"“Sei mio ben”, WoO 99/4 [Hess 231]",Ludwig van Beethoven,00:00:39,1
"“Seiner kaiserlichen Hoheit ... Alles Gute”, WoO 179 (Non-canonic introduction and 4-part canon)",Ludwig van Beethoven,00:01:40,1
"“Te solo adoro”, WoO 186 (2-part canon)",Ludwig van Beethoven,00:00:41,1
"✨ Orchestral (Royalty Free Music) - ""SHE LOOKED AT THE STARS HE LOOKED AT HER"" by Nikos Spiliotis 🇬🇷",BreakingCopyright — Royalty Free Music,00:03:21,1
"❄️ Inspiring Cinematic Epic Music (For Videos) - ""North Edge"" by Keys Of Moon 🇺🇸",BreakingCopyright — Royalty Free Music,00:03:35,1
"❤️‍🔥 Romantic & Piano (Royalty Free Music) - ""LOVE"" by Alex Productions 🇮🇹",BreakingCopyright — Royalty Free Music,00:02:41,1
戦火の恋,久石譲,00:02:57,1
戦火の恋,久石譲,00:02:57,1
雨の中で,久石譲,00:01:29,1
雨の中で,久石譲,00:01:29,1
＂Eight Mountains＂ by Savfk 🇮🇹 🇬🇧,🎻 Classical Strings & Orchestral,00:06:04,1
＂Love Waltz＂ by Nikos Spiliotis 🇬🇷,💃🏻 Romantic Instrumental Music (Free),00:03:19,1
＂Magic＂ by Savfk 🇮🇹 🇬🇧,🍬 Free Classical Fantasy Music,00:03:47,1
"🌄 Cinematic Music For Videos - ""No Matter What Occurs. I Will find You"" by Nikos Spiliotis 🇬🇷",BreakingCopyright — Royalty Free Music,00:02:56,1
"🌄 Inspiring (Free Music) - ""WAITING FOR YOU TILL THE END OF WAR"" by Nikos Spiliotis 🇬🇷",BreakingCopyright — Royalty Free Music,00:02:40,1
"🌅 Inspirational & Motivational (Music For Videos) - ""Just Breathe"" by Nikos Spiliotis 🇬🇷",BreakingCopyright — Royalty Free Music,00:03:03,1
"🌇 Movie Trailer Music (Copyright Free) - ""Silhouette of War"" by Keys Of Moon 🇺🇸",BreakingCopyright — Royalty Free Music,00:04:07,1
"🌑 Dark Ambient (Free Music) - ""THE LONG DARK"" by Scott Buckley 🇦🇺",BreakingCopyright — Royalty Free Music,00:07:20,1
"🌙 Copyright Free Orchestral Music - ""Unexplored Moon"" by @MiguelJohnson  🇺🇸",BreakingCopyright — Royalty Free Music,00:05:45,1
"🌸 Classical (Royalty Free Music) - ""PENUMBRA"" by Scott Buckley 🇦🇺",BreakingCopyright — Royalty Free Music,00:07:30,1
"🍂 Trailer & Inspiring (Free Music) - ""THE INSPIRATION"" by @KeysofMoonMusic",BreakingCopyright — Royalty Free Music,00:02:07,1
"🍬 Free Classical Fantasy Music - ""Magic"" by Savfk 🇮🇹 🇬🇧",BreakingCopyright — Royalty Free Music,00:03:47,1
"🎭 Free Drama Suspense Music (For Videos) - ""Sanctuary"" by @ScottBuckley 🇦🇺 🇸🇪",BreakingCopyright — Royalty Free Music,00:04:06,1
"🎵 Classical & Symphony (Royalty Free Music) - ""ANTIGONE"" by Justin Allan Arnold 🇺🇸",BreakingCopyright — Royalty Free Music,00:04:24,1
"🎶 Classical & Opera (Royalty Free Music) - ""SEARCH FOR UTOPIA"" by Nikos Spiliotis 🇬🇷",BreakingCopyright — Royalty Free Music,00:03:31,1
"🎹 Classical (Royalty Free Music) - ""INCREDULITY"" by Scott Buckley 🇦🇺",BreakingCopyright — Royalty Free Music,00:06:14,1
"🎹 Piano & Classical (Free Music) - ""ADRIFT AMONG INFINITE STARS"" by  @Scott Buckley  🇸🇪 🇦🇺",BreakingCopyright — Royalty Free Music,00:06:46,1
"🎹 Piano (Royalty Free Music) - ""I'M NOT CRYING YOU'RE CRYING"" by Alexander Nakarada 🇳🇴",BreakingCopyright — Royalty Free Music,00:03:10,1
"🎺 🎷 Jazz Trio (Free Music) - ""ORNETTE ORNETTE"" by Justin Allan Arnold 🇺🇸",BreakingCopyright — Royalty Free Music,00:02:00,1
"🎻 Classical (Royalty Free Music) - ""ANCIENT WALTZ"" by Nikos Spiliotis 🇬🇷",BreakingCopyright — Royalty Free Music,00:03:08,1
"🎻 Classical (Royalty Free Music) - ""CONVERGENCE"" by Scott Buckley 🇦🇺",BreakingCopyright — Royalty Free Music,00:03:40,1
"🎻 Orchestral Classical Baroque Music (For Videos) - ""The Invention Rooms"" by Savfk 🇬🇧 🇮🇹",BreakingCopyright — Royalty Free Music,00:03:33,1
"🎻 Soundtrack (Royalty Free Music) - ""BREATHTAKING"" by Alex Productions 🇮🇹",BreakingCopyright — Royalty Free Music,00:02:28,1
"🎻 Soundtrack (Royalty Free Music) - ""WITH THESE HANDS"" by Scott Buckley 🇦🇺",BreakingCopyright — Royalty Free Music,00:05:06,1
"🏛️ Classical Romantic Piano (Free Music) - ""AUTUMN SCENE"" by @KeysofMoonMusic 🇷🇺",BreakingCopyright — Royalty Free Music,00:02:56,1
"🏛️ Free Classical & Ambiental Music - ""Chasing Daylight"" by Scott Buckley 🇦🇺",BreakingCopyright — Royalty Free Music,00:04:34,1
"🏛️ Free Classical Music (For Videos) - ""A Better Future"" by Miguel Johnson 🇺🇸",BreakingCopyright — Royalty Free Music,00:02:06,1
"🏞️ Ambient & Classical Piano (Music For Videos) - ""Horizons"" by Scott Buckley 🇦🇺",BreakingCopyright — Royalty Free Music,00:04:54,1
"🐎 Epic Background Instrumental (Music For Videos) - ""All The King's Horses"" by Savfk 🇮🇹 🇬🇧",BreakingCopyright — Royalty Free Music,00:04:44,1
"🐫 Egyptian & Middle Eastern (Royalty Free Music) - ""The Legend of Narmer"" by WombatNoisesAudio",BreakingCopyright — Royalty Free Music,00:07:03,1
"👅 Classical & Piano (Free Music) - ""BITTERSWEET"" by @PunchDeck 🌎",BreakingCopyright — Royalty Free Music,00:03:30,1
"👨‍🚀 Dramatic Epic & Orchestral (Music For Videos) - ""Odyssey"" by Savfk 🇮🇹 🇬🇧",BreakingCopyright — Royalty Free Music,00:05:24,1
"👸 Free Fantasy Medieval Music (For Videos) - ""River Dance"" by @KeysofMoonMusic 🇺🇸 🇷🇺",BreakingCopyright — Royalty Free Music,00:03:31,1
"💃🏻 Romantic Instrumental Music (Free) - ""Love Waltz"" by Nikos Spiliotis 🇬🇷",BreakingCopyright — Royalty Free Music,00:03:19,1
"💤 Relaxing Ambient Instrumental Music (For Videos) - ""Ethereal"" by Punch Deck",BreakingCopyright — Royalty Free Music,00:03:36,1
"💫 Elegant & Classical (Royalty Free Music) - ""SÉRÉNADE À NOTRE-DAME DE PARIS"" by Amarià 🇫🇷",BreakingCopyright — Royalty Free Music,00:02:43,1
"🔮 Emotional Fantasy Piano Music (For Videos) - ""Enchanted"" by Keys Of Moon 🇺🇸",BreakingCopyright — Royalty Free Music,00:02:43,1
"🕕 6 Minutes of EPIC (Free Music) - ""Goliath"" by @ScottBuckley 🇦🇺",BreakingCopyright — Royalty Free Music,00:06:22,1
🗼 Copyright Free Inspirational Music - 'The Travelling Symphony' by @SavfkMusic  🇮🇹,BreakingCopyright — Royalty Free Music,00:05:01,1
"😓 Sad Piano Ambient Music (Copyright Free) - ""Undertow"" by @ScottBuckley  🇦🇺",BreakingCopyright — Royalty Free Music,00:04:10,1
"😲 Dramatic Emotional Background Music (For Videos) - ""This Too Shall Pass"" by Scott Buckley 🇦🇺",BreakingCopyright — Royalty Free Music,00:07:28,1
"🚀 Cinematic (Royalty Free Music) - ""THIS TIME IS ALL YOU HAVE"" by Nikos Spiliotis 🇬🇷",BreakingCopyright — Royalty Free Music,00:03:40,1
"🚁 Progressive trailer (Music For Videos) - ""Infinitum"" by Broken Elegance 🇫🇮",BreakingCopyright — Royalty Free Music,00:03:37,1
"🤧 Emotional & Inspiring Piano (Music For Videos) - ""Warm Memories"" by Keys Of Moon 🇺🇸",BreakingCopyright — Royalty Free Music,00:02:07,1
"🤧 Free Emotional Music (For Videos) - ""fault"" by @rexlambo 🇷🇺",BreakingCopyright — Royalty Free Music,00:01:59,1
"🦋 Beautiful Classical Piano (Music For Videos) - ""Way To Dream"" by Keys Of Moon 🇺🇸",BreakingCopyright — Royalty Free Music,00:02:00,1
"🧸 Lullaby & Classical (Free Music) - ""LULLABY WALTZ"" by @nspiliotis 🇬🇷",BreakingCopyright — Royalty Free Music,00:02:24,1
"🫶 (Royalty Free Music) - ""YOU ALWAYS CARRY THE SUN IN YOUR HANDS FOR ME"" by Nikos Spiliotis 🇬🇷",BreakingCopyright — Royalty Free Music,00:04:03,1
