station_id,station_name,mount,mount_status,track_id,work_title,performer,version,composer,lyricist,phonogram_producer,label,isrc,scheduled_duration_seconds,source_path,completed_play_count,event_count,total_played_seconds,first_broadcast_at,last_broadcast_at
1,RadioTEDU Classical,/classic,configured_stream,44909,RadioTEDU Classical Jingle,RadioTEDU-Imaging,,,,,,,10.08,H:\RadioTEDU Songs\Ads\Jingles\Classical\radio_tedu_classical_jingle.mp3,17,17,239.069,2026-08-26 00:55:50,2026-08-26 23:44:03
1,RadioTEDU Classical,/classic,configured_stream,44910,RadioTEDU Classical Jingle,RadioTEDU-Imaging,,,,,,,10.08,H:\RadioTEDU Songs\Ads\Jingles\Classical\radio_tedu_classical_jingle_01.mp3,17,17,185.002,2026-08-26 00:23:01,2026-08-26 22:59:06
1,RadioTEDU Classical,/classic,configured_stream,44911,RadioTEDU Classical Jingle,RadioTEDU-Imaging,,,,,,,10.08,H:\RadioTEDU Songs\Ads\Jingles\Classical\radio_tedu_classical_jingle_02.mp3,17,17,199.511,2026-08-26 00:50:37,2026-08-26 23:27:56
1,RadioTEDU Classical,/classic,configured_stream,44912,RadioTEDU Classical Jingle,RadioTEDU-Imaging,,,,,,,10.08,H:\RadioTEDU Songs\Ads\Jingles\Classical\radio_tedu_classical_jingle_03.mp3,17,17,188.852,2026-08-26 00:40:00,2026-08-26 23:15:05
1,RadioTEDU Classical,/classic,configured_stream,44913,RadioTEDU Classical Jingle,RadioTEDU-Imaging,,,,,,,10.08,H:\RadioTEDU Songs\Ads\Jingles\Classical\radio_tedu_classical_jingle_04.mp3,17,17,201.468,2026-08-26 00:32:21,2026-08-26 23:05:38
1,RadioTEDU Classical,/classic,configured_stream,44914,RadioTEDU Classical Jingle,RadioTEDU-Imaging,,,,,,,10.08,H:\RadioTEDU Songs\Ads\Jingles\Classical\radio_tedu_classical_jingle_05.mp3,17,17,179.376,2026-08-26 01:14:32,2026-08-26 23:51:32
1,RadioTEDU Classical,/classic,configured_stream,44915,RadioTEDU Classical Jingle,RadioTEDU-Imaging,,,,,,,10.08,H:\RadioTEDU Songs\Ads\Jingles\Classical\radio_tedu_classical_jingle_06.mp3,17,17,184.151,2026-08-26 01:18:05,2026-08-26 23:58:36
1,RadioTEDU Classical,/classic,configured_stream,48209,"""O holder Tag, erwünschte Zeit"", BWV 210: Recitativo ""Hochteurer Mann, so fahre ferner fort""",Johann Sebastian Bach,,,,,,,81.8,"H:\RadioTEDU Songs\Classical\Johann Sebastian Bach; Bach‐Collegium Stuttgart, Helmuth Rilling\Secular Cantatas BWV 210, 211\09 _O holder Tag, erwünschte Zeit_, BWV 210_ Recitativo _Hochteurer Mann, so fahre ferner fort_.flac",1,1,78.99,2026-08-26 06:28:49,2026-08-26 06:28:49
1,RadioTEDU Classical,/classic,configured_stream,47743,01 Carmina Burana_ Fortuna Imperatrix Mundi_ 1. O Fortuna,Carl Orff,,,,,,,153.951,"H:\RadioTEDU Songs\Classical\Carl Orff; Rundfunkchor Leipzig, Rundfunk-Sinfonie-Orchester Leipzig, Herbert Kegel\Trionfi_ Carmina Burana _ Catulli Carmina _ Trionfo di Afrodite\1-01 Carmina Burana_ Fortuna Imperatrix Mundi_ 1. O Fortuna.flac",1,1,154.245,2026-08-26 03:45:12,2026-08-26 03:45:12
1,RadioTEDU Classical,/classic,configured_stream,48378,"01 Messe g-Moll, BWV 235_ 1. Kyrie eleison",Johann Sebastian Bach,,,,,,,413.24,"H:\RadioTEDU Songs\Classical\Johann Sebastian Bach; Helmuth Rilling, Gächinger Kantorei Stuttgart, Bach-Collegium Stuttgart, Stuttgarter Kammerorchester\Messe g-Moll BWV 235 _ Messe G-Dur BWV 236\01 Messe g-Moll, BWV 235_ 1. Kyrie eleison.flac",1,1,413.216,2026-08-26 22:49:57,2026-08-26 22:49:57
1,RadioTEDU Classical,/classic,configured_stream,49073,"02 Symphonie en mi mineur op. 64_ 2. Andante cantabile, con alcuna licenza",Piotr Ilych Tchaikovsky,,,,,,,809.025,"H:\RadioTEDU Songs\Classical\Piotr Ilyich Tchaikovsky; SWF Symphony Orchestra Baden-Baden, Woldemar Nelsson\Symphonie no. 5\02 Symphonie en mi mineur op. 64_ 2. Andante cantabile, con alcuna licenza.mp3",1,1,806.464,2026-08-26 11:08:28,2026-08-26 11:08:28
1,RadioTEDU Classical,/classic,configured_stream,47760,"05 Nocturnes, op. 48 B. 142_ 2. Nocturne in F-sharp minor. Andantino",Chopin,,,,,,,385.213,"H:\RadioTEDU Songs\Classical\Chopin; Rafał Blechacz\Chopin\05 Nocturnes, op. 48 B. 142_ 2. Nocturne in F-sharp minor. Andantino.mp3",1,1,382.533,2026-08-26 02:32:06,2026-08-26 02:32:06
1,RadioTEDU Classical,/classic,configured_stream,48453,"06 34. BWV 632 Her Jesu Christ, dich zu uns wend'",Johann Sebastian Bach,,,,,,,83.467,"H:\RadioTEDU Songs\Classical\Johann Sebastian Bach; Lionel Rogg\L'Œuvre d'orgue\05-06 34. BWV 632 Her Jesu Christ, dich zu uns wend'.flac",1,1,80.706,2026-08-26 17:39:07,2026-08-26 17:39:07
1,RadioTEDU Classical,/classic,configured_stream,47666,"06 Symphony no. 3 in E-flat, op. 55 “Eroica”_ 2. Marcia funebre (Adagio assai)",Ludwig van Beethoven,,,,,,,959.213,"H:\RadioTEDU Songs\Classical\Beethoven; Daniel Barenboim, West-Eastern Divan Orchestra\Beethoven for All_ Symphonies 1-9\1-06 Symphony no. 3 in E-flat, op. 55 “Eroica”_ 2. Marcia funebre (Adagio assai).flac",1,1,956.483,2026-08-26 16:51:33,2026-08-26 16:51:33
1,RadioTEDU Classical,/classic,configured_stream,47674,"06 Symphony no. 4 in B-flat major, op. 60_ 2. Adagio",Ludwig van Beethoven,,,,,,,652.12,"H:\RadioTEDU Songs\Classical\Beethoven; Daniel Barenboim, West-Eastern Divan Orchestra\Beethoven for All_ Symphonies 1-9\2-06 Symphony no. 4 in B-flat major, op. 60_ 2. Adagio.flac",1,1,652.048,2026-08-26 00:22:52,2026-08-26 00:22:52
1,RadioTEDU Classical,/classic,configured_stream,48918,"07 “Giura il nocchier”, WoO 99_5a",Ludwig van Beethoven,,,,,,,38.0,"H:\RadioTEDU Songs\Classical\Ludwig van Beethoven\BTHVN 2020_ The New Complete Edition\85-07 “Giura il nocchier”, WoO 99_5a [Hess 227].flac",1,1,35.448,2026-08-26 23:15:41,2026-08-26 23:15:41
1,RadioTEDU Classical,/classic,configured_stream,48721,"09 Herr Gott, dich loben alle wir BWV 326-I",Johann Sebastian Bach,,,,,,,35.76,"H:\RadioTEDU Songs\Classical\Johann Sebastian Bach\Bach Edition, Volume 23_ Chorale _ Chorales\4-09 Herr Gott, dich loben alle wir BWV 326-I.flac",1,1,32.951,2026-08-26 15:54:10,2026-08-26 15:54:10
1,RadioTEDU Classical,/classic,configured_stream,49121,"11 Daphnis et Chloé, M. 57, Deuxième Partie. Camp des pirates_ 9. Danse suppliante de Chloé",Maurice Ravel,,,,,,,306.16,"H:\RadioTEDU Songs\Classical\Ravel; Sinfonia of London Chorus, Sinfonia of London, John Wilson\Daphnis et Chloé (Complete Ballet)\11 Daphnis et Chloé, M. 57, Deuxième Partie. Camp des pirates_ 9. Danse suppliante de Chloé.flac",1,1,303.401,2026-08-26 03:03:04,2026-08-26 03:03:04
1,RadioTEDU Classical,/classic,configured_stream,49100,"13 Preludes, Op. 32, No. 11 in B Major: Allegretto",Сергей Васильевич Рахманинов,,,,,,,130.0,"H:\RadioTEDU Songs\Classical\Rachmaninov; İdil Biret\Preludes, op. 32 _ Liebesleid _ Liebesfreud\11 Сергей Васильевич Рахманинов - 13 Preludes, Op. 32, No. 11 in B Major_ Allegretto.flac",1,1,128.996,2026-08-26 21:36:58,2026-08-26 21:36:58
1,RadioTEDU Classical,/classic,configured_stream,49095,"13 Preludes, Op. 32, No. 6 in F Minor: Allegro Appasionata",Сергей Васильевич Рахманинов,,,,,,,90.0,"H:\RadioTEDU Songs\Classical\Rachmaninov; İdil Biret\Preludes, op. 32 _ Liebesleid _ Liebesfreud\06 Сергей Васильевич Рахманинов - 13 Preludes, Op. 32, No. 6 in F Minor_ Allegro Appasionata.flac",1,1,87.119,2026-08-26 05:17:15,2026-08-26 05:17:15
1,RadioTEDU Classical,/classic,configured_stream,49347,"1812 Overture, op. 49",Пётр Ильич Чайковский,,,,,,,984.097,"H:\RadioTEDU Songs\Classical\Пётр Ильич Чайковский\Romeo & Juliet - 1812 Overture - Capriccio Italien - Marche Slave\02 1812 Overture, op. 49.mp3",1,1,981.363,2026-08-26 07:34:31,2026-08-26 07:34:31
1,RadioTEDU Classical,/classic,configured_stream,49009,"20 Irish Songs, WoO 153 no. 9 “The kiss, dear maid, thy lip has left”",Ludwig van Beethoven,,,,,,,181.0,"H:\RadioTEDU Songs\Classical\Ludwig van Beethoven\Folksong Settings\3-10 20 Irish Songs, WoO 153 no. 9 “The kiss, dear maid, thy lip has left”.flac",1,1,181.863,2026-08-26 02:37:10,2026-08-26 02:37:10
1,RadioTEDU Classical,/classic,configured_stream,48998,"25 Scottish Songs, op. 108 no. 11 “Oh! thou art the lad of my heart, Willy”",Ludwig van Beethoven,,,,,,,143.0,"H:\RadioTEDU Songs\Classical\Ludwig van Beethoven\Folksong Settings\1-03 25 Scottish Songs, op. 108 no. 11 “Oh! thou art the lad of my heart, Willy”.flac",1,1,143.619,2026-08-26 22:36:06,2026-08-26 22:36:06
1,RadioTEDU Classical,/classic,configured_stream,48988,"3 Duos for Clarinet and Bassoon, WoO 27 No. 2 in F major: II. Aria. Larghetto",Ludwig van Beethoven,,,,,,,144.213,"H:\RadioTEDU Songs\Classical\Ludwig van Beethoven\Complete Works\15-14 Ludwig van Beethoven - 3 Duos for Clarinet and Bassoon, WoO 27 No. 2 in F major_ II. Aria. Larghetto.flac",1,1,144.18,2026-08-26 06:31:14,2026-08-26 06:31:14
1,RadioTEDU Classical,/classic,configured_stream,47724,3 Gymnopédies_ No. 3. Lent et grave,Erik Satie,,,,,,,150.493,H:\RadioTEDU Songs\Classical\Bertrand Chamayou\Letter(s) to Erik Satie\18 Erik Satie - 3 Gymnopédies_ No. 3. Lent et grave.mp3,1,1,148.117,2026-08-26 01:02:03,2026-08-26 01:02:03
1,RadioTEDU Classical,/classic,configured_stream,49131,"3 Intermezzi, op. 117: No. 1, Andante moderato",Johannes Brahms,,,,,,,290.213,"H:\RadioTEDU Songs\Classical\Robert Schumann, Johannes Brahms; Konstantin Krimmel, Hélène Grimaud\For Clara - Works by Schumann & Brahms\09 Johannes Brahms - 3 Intermezzi, op. 117_ No. 1, Andante moderato (1).flac",1,1,290.352,2026-08-26 07:58:07,2026-08-26 07:58:07
1,RadioTEDU Classical,/classic,configured_stream,49132,"3 Intermezzi, op. 117: No. 1, Andante moderato",Johannes Brahms,,,,,,,290.213,"H:\RadioTEDU Songs\Classical\Robert Schumann, Johannes Brahms; Konstantin Krimmel, Hélène Grimaud\For Clara - Works by Schumann & Brahms\09 Johannes Brahms - 3 Intermezzi, op. 117_ No. 1, Andante moderato.flac",1,1,287.906,2026-08-26 08:27:54,2026-08-26 08:27:54
1,RadioTEDU Classical,/classic,configured_stream,48942,"40 “Ars longa, vita brevis”, WoO 170 (2-part canon) (1st setting)",Ludwig van Beethoven,,,,,,,60.0,"H:\RadioTEDU Songs\Classical\Ludwig van Beethoven\BTHVN 2020_ The New Complete Edition\85-40 “Ars longa, vita brevis”, WoO 170 (2-part canon) (1st setting).flac",1,1,57.14,2026-08-26 04:46:17,2026-08-26 04:46:17
1,RadioTEDU Classical,/classic,configured_stream,48943,"41 “Ich bitt' dich, schreib mir die Es-Scala auf”, WoO 172 (3-part canon)",Ludwig van Beethoven,,,,,,,28.0,"H:\RadioTEDU Songs\Classical\Ludwig van Beethoven\BTHVN 2020_ The New Complete Edition\85-41 “Ich bitt' dich, schreib mir die Es-Scala auf”, WoO 172 (3-part canon).flac",1,1,41.543,2026-08-26 11:17:46,2026-08-26 11:17:46
1,RadioTEDU Classical,/classic,configured_stream,48944,"42 “Hoi' euch der Teufel! B'hüt' euch Gott!”, WoO 173 (2-part canon)",Ludwig van Beethoven,,,,,,,15.0,"H:\RadioTEDU Songs\Classical\Ludwig van Beethoven\BTHVN 2020_ The New Complete Edition\85-42 “Hoi' euch der Teufel! B'hüt' euch Gott!”, WoO 173 (2-part canon).flac",1,1,14.966,2026-08-26 08:19:21,2026-08-26 08:19:21
1,RadioTEDU Classical,/classic,configured_stream,48948,"46 “Bester Magistrat, Ihr friert”, WoO 177 (4-part canon)",Ludwig van Beethoven,,,,,,,39.0,"H:\RadioTEDU Songs\Classical\Ludwig van Beethoven\BTHVN 2020_ The New Complete Edition\85-46 “Bester Magistrat, Ihr friert”, WoO 177 (4-part canon).flac",1,1,36.895,2026-08-26 04:53:52,2026-08-26 04:53:52
1,RadioTEDU Classical,/classic,configured_stream,48950,"48 “Seiner kaiserlichen Hoheit ... Alles Gute”, WoO 179 (Non-canonic introduction and 4-part canon)",Ludwig van Beethoven,,,,,,,100.0,"H:\RadioTEDU Songs\Classical\Ludwig van Beethoven\BTHVN 2020_ The New Complete Edition\85-48 “Seiner kaiserlichen Hoheit ... Alles Gute”, WoO 179 (Non-canonic introduction and 4-part canon).flac",1,1,100.144,2026-08-26 08:44:29,2026-08-26 08:44:29
1,RadioTEDU Classical,/classic,configured_stream,48786,"6 Trio Sonatas, Op. 1, Sonata No. 2 for 2 Violins and Bass in A Minor: I. Allegro ma non tropo",Jacques-Philippe Lamoninary,,,,,,,306.693,"H:\RadioTEDU Songs\Classical\Lamoninary; Hemiolia\Lamoninary_ 6 Trio Sonatas, Op. 1\04 6 Trio Sonatas, Op. 1, Sonata No. 2 for 2 Violins and Bass in A Minor_ I. Allegro ma non tropo.flac",1,1,306.131,2026-08-26 12:21:59,2026-08-26 12:21:59
1,RadioTEDU Classical,/classic,configured_stream,48967,"65 “Da ist das Werk”, WoO 197 (5-part canon)",Ludwig van Beethoven,,,,,,,41.0,"H:\RadioTEDU Songs\Classical\Ludwig van Beethoven\BTHVN 2020_ The New Complete Edition\85-65 “Da ist das Werk”, WoO 197 (5-part canon).flac",1,1,39.216,2026-08-26 09:56:09,2026-08-26 09:56:09
1,RadioTEDU Classical,/classic,configured_stream,48972,"70 “Esel aller Esel”, WoO 227 [Hess 277] (3-part canon)",Ludwig van Beethoven,,,,,,,30.0,"H:\RadioTEDU Songs\Classical\Ludwig van Beethoven\BTHVN 2020_ The New Complete Edition\85-70 “Esel aller Esel”, WoO 227 [Hess 277] (3-part canon).flac",1,1,27.226,2026-08-26 15:36:25,2026-08-26 15:36:25
1,RadioTEDU Classical,/classic,configured_stream,49247,A Dead Sea’s Ripples,Sophie Hutchings,,,,,,,180.999,H:\RadioTEDU Songs\Classical\Sophie Hutchings\A World Outside\02 Sophie Hutchings - A Dead Sea’s Ripples (1).flac,1,1,192.126,2026-08-26 10:13:09,2026-08-26 10:13:09
1,RadioTEDU Classical,/classic,configured_stream,49248,A Dead Sea’s Ripples,Sophie Hutchings,,,,,,,180.999,H:\RadioTEDU Songs\Classical\Sophie Hutchings\A World Outside\02 Sophie Hutchings - A Dead Sea’s Ripples.flac,1,1,182.773,2026-08-26 09:23:58,2026-08-26 09:23:58
1,RadioTEDU Classical,/classic,configured_stream,48228,"Ach bleib bei uns, Herr Jesu Christ, BWV 649",Johann Sebastian Bach,,,,,,,146.067,"H:\RadioTEDU Songs\Classical\Johann Sebastian Bach; Bine Katrine Bryndorf\Orgelwerke_ Einflüsse aus Cantata, Concerto & Kammermusik\16 Ach bleib bei uns, Herr Jesu Christ, BWV 649.flac",1,1,146.597,2026-08-26 13:08:11,2026-08-26 13:08:11
1,RadioTEDU Classical,/classic,configured_stream,48807,Adagio for Strings,Samuel Barber,,,,,,,502.613,H:\RadioTEDU Songs\Classical\London Philharmonic Orchestra\The 50 Greatest Pieces of Classical Music\04 Samuel Barber - Adagio for Strings.flac,1,1,504.688,2026-08-26 20:47:05,2026-08-26 20:47:05
1,RadioTEDU Classical,/classic,configured_stream,49173,"Adagio for Strings, op. 11",Samuel Barber,,,,,,,473.482,"H:\RadioTEDU Songs\Classical\Samuel Barber; Royal Scottish National Orchestra, Wendy Warner, Marin Alsop\Cello Concerto _ Medea _ Adagio for Strings\11 Adagio for Strings, op. 11 (1).mp3",1,1,471.857,2026-08-26 10:46:30,2026-08-26 10:46:30
1,RadioTEDU Classical,/classic,configured_stream,49322,Adagio in C Minor,Yanni,,,,,,,227.474,H:\RadioTEDU Songs\Classical\Yanni\Tribute\02 Adagio in C Minor.mp3,1,1,228.029,2026-08-26 07:01:47,2026-08-26 07:01:47
1,RadioTEDU Classical,/classic,configured_stream,49054,Aeon,Nick Murray & Juliet Lyons,,,,,,,198.816,H:\RadioTEDU Songs\Classical\Nick Murray\Aeon\05 Nick Murray & Juliet Lyons - Aeon (1).mp3,1,1,198.745,2026-08-26 09:33:41,2026-08-26 09:33:41
1,RadioTEDU Classical,/classic,configured_stream,48428,"Allein Gott in der Höh sei Ehr, BWV 675",Johann Sebastian Bach,,,,,,,189.827,"H:\RadioTEDU Songs\Classical\Johann Sebastian Bach; Kay Johannsen\Orgelwerke_ Clavier Übung, Dritter Theil\1-08 Allein Gott in der Höh sei Ehr, BWV 675.flac",1,1,189.763,2026-08-26 17:03:13,2026-08-26 17:03:13
1,RadioTEDU Classical,/classic,configured_stream,48697,"Allein zu dir, Herr Jesu Christ BWV 261",Johann Sebastian Bach,,,,,,,88.827,"H:\RadioTEDU Songs\Classical\Johann Sebastian Bach\Bach Edition, Volume 23_ Chorale _ Chorales\3-07 Allein zu dir, Herr Jesu Christ BWV 261.flac",1,1,85.961,2026-08-26 20:10:37,2026-08-26 20:10:37
1,RadioTEDU Classical,/classic,configured_stream,48679,Als Jesus Christus in der Nacht BWV 265,Johann Sebastian Bach,,,,,,,89.053,"H:\RadioTEDU Songs\Classical\Johann Sebastian Bach\Bach Edition, Volume 23_ Chorale _ Chorales\2-03 Als Jesus Christus in der Nacht BWV 265.flac",1,1,90.108,2026-08-26 23:58:26,2026-08-26 23:58:26
1,RadioTEDU Classical,/classic,configured_stream,52298,An Affair to Remember,Emile Pandolfi,,,,,,,261.224,H:\RadioTEDU Songs\Classical\Emile Pandolfi\An Affair to Remember\03 An Affair to Remember.mp3,1,1,259.99,2026-08-26 09:28:30,2026-08-26 09:28:30
1,RadioTEDU Classical,/classic,configured_stream,48779,An Upsetting Theme,Kevin MacLeod,,,,,,,63.17,H:\RadioTEDU Songs\Classical\Kevin MacLeod\Scoring_ Tension\02 An Upsetting Theme.mp3,1,1,65.118,2026-08-26 23:04:17,2026-08-26 23:04:17
1,RadioTEDU Classical,/classic,configured_stream,49317,"Andante in C Major for Flute and Orchestra, K. 315 (Arife Gülsen Tatu and Salzburg Soloists)",Wolfgang Amadeus Mozart,,,,,,,449.373,"H:\RadioTEDU Songs\Classical\Wolfgang Amadeus Mozart\The 99 Most Essential Mozart Masterpieces\17 Andante in C Major for Flute and Orchestra, K. 315 (Arife Gülsen Tatu and Salzburg Soloists).mp3",1,1,446.681,2026-08-26 07:41:57,2026-08-26 07:41:57
1,RadioTEDU Classical,/classic,configured_stream,48996,"Anglaise in D major, H. 61",Ludwig van Beethoven,,,,,,,29.533,"H:\RadioTEDU Songs\Classical\Ludwig van Beethoven\Complete Works\59-09 Anglaise in D major, H. 61.flac",1,1,26.796,2026-08-26 15:07:27,2026-08-26 15:07:27
1,RadioTEDU Classical,/classic,configured_stream,48757,Any Other Name,Johannes Bornlöf,,,,,,,243.9,H:\RadioTEDU Songs\Classical\Johannes Bornlöf\The 50 Greatest Epic Piano Pieces\11 Any Other Name.mp3,1,1,242.494,2026-08-26 01:31:37,2026-08-26 01:31:37
1,RadioTEDU Classical,/classic,configured_stream,47602,"Argippo, RV 697: Se lento ancora il fulmine",Romina Basso,,,,,,,235.154,"H:\RadioTEDU Songs\Classical\Antonio Vivaldi\Vivaldi Operas Vol. 2\01 Romina Basso - Argippo, RV 697_ Se lento ancora il fulmine (1).mp3",1,1,232.77,2026-08-26 00:26:54,2026-08-26 00:26:54
1,RadioTEDU Classical,/classic,configured_stream,48440,"Aus tiefer Not schrei ich zu dir alio modo, BWV 687",Johann Sebastian Bach,,,,,,,288.053,"H:\RadioTEDU Songs\Classical\Johann Sebastian Bach; Kay Johannsen\Orgelwerke_ Clavier Übung, Dritter Theil\2-07 Aus tiefer Not schrei ich zu dir alio modo, BWV 687.flac",1,1,288.946,2026-08-26 09:08:57,2026-08-26 09:08:57
1,RadioTEDU Classical,/classic,configured_stream,47762,"Barcarolle in F-sharp major, op. 60 B. 158: Allegretto",Chopin,,,,,,,490.92,"H:\RadioTEDU Songs\Classical\Chopin; Rafał Blechacz\Chopin\10 Barcarolle in F-sharp major, op. 60 B. 158_ Allegretto.mp3",1,1,488.765,2026-08-26 09:42:55,2026-08-26 09:42:55
1,RadioTEDU Classical,/classic,configured_stream,47550,"Bassoon Concerto in A minor, RV 497: I. Allegro molto",Antonio Vivaldi,,,,,,,218.453,"H:\RadioTEDU Songs\Classical\Antonio Vivaldi; Gustavo Núñez, Academy of St Martin in the Fields\Bassoon Concertos\14 Bassoon Concerto in A minor, RV 497_ I. Allegro molto (1).mp3",1,1,215.612,2026-08-26 18:14:43,2026-08-26 18:14:43
1,RadioTEDU Classical,/classic,configured_stream,47551,"Bassoon Concerto in A minor, RV 497: I. Allegro molto",Antonio Vivaldi,,,,,,,218.453,"H:\RadioTEDU Songs\Classical\Antonio Vivaldi; Gustavo Núñez, Academy of St Martin in the Fields\Bassoon Concertos\14 Bassoon Concerto in A minor, RV 497_ I. Allegro molto.mp3",1,1,215.973,2026-08-26 20:50:54,2026-08-26 20:50:54
1,RadioTEDU Classical,/classic,configured_stream,47555,"Bassoon Concerto in A minor, RV 497: III. Allegro",Antonio Vivaldi,,,,,,,158.853,"H:\RadioTEDU Songs\Classical\Antonio Vivaldi; Gustavo Núñez, Academy of St Martin in the Fields\Bassoon Concertos\16 Bassoon Concerto in A minor, RV 497_ III. Allegro.mp3",1,1,159.333,2026-08-26 04:40:00,2026-08-26 04:40:00
1,RadioTEDU Classical,/classic,configured_stream,47544,"Bassoon Concerto in B-flat major, RV 501 (La notte): II. ""I Fantamil"", Presto",Antonio Vivaldi,,,,,,,107.494,"H:\RadioTEDU Songs\Classical\Antonio Vivaldi; Gustavo Núñez, Academy of St Martin in the Fields\Bassoon Concertos\08 Bassoon Concerto in B-flat major, RV 501 (La notte)_ II. _I Fantamil_, Presto (1).mp3",1,1,108.458,2026-08-26 06:07:20,2026-08-26 06:07:20
1,RadioTEDU Classical,/classic,configured_stream,47546,"Bassoon Concerto in B-flat major, RV 501 (La notte): III. ""Il Sonno"", Andante molto",Antonio Vivaldi,,,,,,,145.573,"H:\RadioTEDU Songs\Classical\Antonio Vivaldi; Gustavo Núñez, Academy of St Martin in the Fields\Bassoon Concertos\09 Bassoon Concerto in B-flat major, RV 501 (La notte)_ III. _Il Sonno_, Andante molto (1).mp3",1,1,145.508,2026-08-26 01:54:39,2026-08-26 01:54:39
1,RadioTEDU Classical,/classic,configured_stream,47547,"Bassoon Concerto in B-flat major, RV 501 (La notte): III. ""Il Sonno"", Andante molto",Antonio Vivaldi,,,,,,,145.573,"H:\RadioTEDU Songs\Classical\Antonio Vivaldi; Gustavo Núñez, Academy of St Martin in the Fields\Bassoon Concertos\09 Bassoon Concerto in B-flat major, RV 501 (La notte)_ III. _Il Sonno_, Andante molto.mp3",1,1,142.77,2026-08-26 01:58:21,2026-08-26 01:58:21
1,RadioTEDU Classical,/classic,configured_stream,49138,"Berceuse in D‐flat major, op. 57",Fryderyk Chopin,,,,,,,339.9,"H:\RadioTEDU Songs\Classical\Ruth Slenczynska\My Life in Music\06 Fryderyk Chopin - Berceuse in D‐flat major, op. 57.flac",1,1,339.722,2026-08-26 08:11:51,2026-08-26 08:11:51
1,RadioTEDU Classical,/classic,configured_stream,47993,"BWV 60 Choral: Es ist genung; Herr, wenn es dir gefallt",Johann Sebastian Bach,,,,,,,87.253,"H:\RadioTEDU Songs\Classical\Johann Sebastian Bach; Bach-Ensemble, Helmuth Rilling\Cantatas BWV 58-61\14 BWV 60 Choral_ Es ist genung; Herr, wenn es dir gefallt.flac",1,1,87.195,2026-08-26 23:51:22,2026-08-26 23:51:22
1,RadioTEDU Classical,/classic,configured_stream,48744,BWV 995 (after BWV 1011) Courante,Johann Sebastian Bach,,,,,,,150.707,H:\RadioTEDU Songs\Classical\Johann Sebastian Bach\Johann Sebastian Bach Arrangements for Lute (lute_ Oliver Holzenburg)\03 BWV 995 (after BWV 1011) Courante.flac,1,1,147.808,2026-08-26 22:31:09,2026-08-26 22:31:09
1,RadioTEDU Classical,/classic,configured_stream,48810,Canon in D major,Johann Pachelbel,,,,,,,210.107,H:\RadioTEDU Songs\Classical\London Philharmonic Orchestra\The 50 Greatest Pieces of Classical Music\07 Johann Pachelbel - Canon in D major.flac,1,1,210.609,2026-08-26 15:49:10,2026-08-26 15:49:10
1,RadioTEDU Classical,/classic,configured_stream,47855,Carmen: Act I. Chanson et duo “Près des remparts de Séville”,Georges Bizet,,,,,,,269.68,"H:\RadioTEDU Songs\Classical\Georges Bizet; Teresa Berganza, Plácido Domingo, Ileana Cotrubas, Sherrill Milnes, The Ambrosian Singers, London Symphony Orchestra, Claudio Abbado\Carmen\1-18 Carmen_ Act I. Chanson et duo “Près des remparts de Séville”.flac",1,1,267.555,2026-08-26 20:38:39,2026-08-26 20:38:39
1,RadioTEDU Classical,/classic,configured_stream,48811,Carmina Burana: O Fortuna,Carl Orff,,,,,,,162.773,H:\RadioTEDU Songs\Classical\London Philharmonic Orchestra\The 50 Greatest Pieces of Classical Music\08 Carl Orff - Carmina Burana_ O Fortuna.flac,1,1,160.165,2026-08-26 23:40:32,2026-08-26 23:40:32
1,RadioTEDU Classical,/classic,configured_stream,48853,Cavatina,Stanley Myers,,,,,,,239.64,H:\RadioTEDU Songs\Classical\London Philharmonic Orchestra\The 50 Greatest Pieces of Classical Music\46 Stanley Myers - Cavatina.flac,1,1,238.741,2026-08-26 01:23:07,2026-08-26 01:23:07
1,RadioTEDU Classical,/classic,configured_stream,48854,Cavatina,Stanley Myers,,,,,,,239.64,H:\RadioTEDU Songs\Classical\London Philharmonic Orchestra\The 50 Greatest Pieces of Classical Music\46 Stanley Myers - Cavatina.mp3,1,1,239.518,2026-08-26 02:02:20,2026-08-26 02:02:20
1,RadioTEDU Classical,/classic,configured_stream,49205,Celestial,Scott Buckley,,,,,,,337.688,H:\RadioTEDU Songs\Classical\Scott Buckley\Library Songs 7\03 Celestial.m4a,1,1,336.481,2026-08-26 08:03:55,2026-08-26 08:03:55
1,RadioTEDU Classical,/classic,configured_stream,47510,"Cessate, omai cessate, RV 684: II. Aria: ""Ah, Ch’infelice Sempre""",Antonio Vivaldi,,,,,,,317.32,"H:\RadioTEDU Songs\Classical\Antonio Vivaldi; Dmitry Sinkovsky\Sinkovsky Plays & Sings Vivaldi\08 Cessate, omai cessate, RV 684_ II. Aria_ _Ah, Ch’infelice Sempre_ (1).mp3",1,1,314.499,2026-08-26 18:28:29,2026-08-26 18:28:29
1,RadioTEDU Classical,/classic,configured_stream,48328,"Choralsatz, BWV 1084 “O hilf Christe, Gottes Sohn”",Johann Sebastian Bach,,,,,,,69.693,"H:\RadioTEDU Songs\Classical\Johann Sebastian Bach; Gächinger Kantorei Stuttgart, Bach‐Collegium Stuttgart, Gerhard Gnann, Helmuth Rilling\A Book of Chorale‐Settings_ Passion\27 Choralsatz, BWV 1084 “O hilf Christe, Gottes Sohn”.flac",1,1,68.946,2026-08-26 02:23:37,2026-08-26 02:23:37
1,RadioTEDU Classical,/classic,configured_stream,48322,"Choralsatz, BWV 333 “Herr Jesu Christ, du hast bereit’”",Johann Sebastian Bach,,,,,,,66.667,"H:\RadioTEDU Songs\Classical\Johann Sebastian Bach; Gächinger Kantorei Stuttgart, Bach‐Collegium Stuttgart, Gerhard Gnann, Helmuth Rilling\A Book of Chorale‐Settings_ Passion\17 Choralsatz, BWV 333 “Herr Jesu Christ, du hast bereit’”.flac",1,1,64.021,2026-08-26 01:15:37,2026-08-26 01:15:37
1,RadioTEDU Classical,/classic,configured_stream,48316,"Choralsatz, BWV 394 “O Welt, sieh hier dein Leben”",Johann Sebastian Bach,,,,,,,104.8,"H:\RadioTEDU Songs\Classical\Johann Sebastian Bach; Gächinger Kantorei Stuttgart, Bach‐Collegium Stuttgart, Gerhard Gnann, Helmuth Rilling\A Book of Chorale‐Settings_ Passion\03 Choralsatz, BWV 394 “O Welt, sieh hier dein Leben”.flac",1,1,124.929,2026-08-26 11:17:04,2026-08-26 11:17:04
1,RadioTEDU Classical,/classic,configured_stream,48312,"Choralsatz, BWV 414 “Uns ist ein Kindlein heut geborn”",Johann Sebastian Bach,,,,,,,53.693,"H:\RadioTEDU Songs\Classical\Johann Sebastian Bach; Gächinger Kantorei Stuttgart, Bach‐Collegium Stuttgart, Gerhard Gnann, Helmuth Rilling\A Book of Chorale‐Settings_ Advent and Christmas\13 Choralsatz, BWV 414 “Uns ist ein Kindlein heut geborn”.flac",1,1,51.295,2026-08-26 02:38:12,2026-08-26 02:38:12
1,RadioTEDU Classical,/classic,configured_stream,48681,Christ lag in Todesbanden BWV 277,Johann Sebastian Bach,,,,,,,69.733,"H:\RadioTEDU Songs\Classical\Johann Sebastian Bach\Bach Edition, Volume 23_ Chorale _ Chorales\2-07 Christ lag in Todesbanden BWV 277.flac",1,1,69.643,2026-08-26 23:05:27,2026-08-26 23:05:27
1,RadioTEDU Classical,/classic,configured_stream,48437,"Christ, unser Herr, zum Jordan kam, BWV 684",Johann Sebastian Bach,,,,,,,266.293,"H:\RadioTEDU Songs\Classical\Johann Sebastian Bach; Kay Johannsen\Orgelwerke_ Clavier Übung, Dritter Theil\2-04 Christ, unser Herr, zum Jordan kam, BWV 684.flac",1,1,263.576,2026-08-26 00:31:18,2026-08-26 00:31:18
1,RadioTEDU Classical,/classic,configured_stream,48699,"Christe, der du bist Tag und Licht BWV 274",Johann Sebastian Bach,,,,,,,66.36,"H:\RadioTEDU Songs\Classical\Johann Sebastian Bach\Bach Edition, Volume 23_ Chorale _ Chorales\3-18 Christe, der du bist Tag und Licht BWV 274.flac",1,1,63.467,2026-08-26 01:19:09,2026-08-26 01:19:09
1,RadioTEDU Classical,/classic,configured_stream,48684,"Christus, der uns selig macht BWV 283",Johann Sebastian Bach,,,,,,,68.173,"H:\RadioTEDU Songs\Classical\Johann Sebastian Bach\Bach Edition, Volume 23_ Chorale _ Chorales\2-11 Christus, der uns selig macht BWV 283.flac",1,1,68.018,2026-08-26 18:31:58,2026-08-26 18:31:58
1,RadioTEDU Classical,/classic,configured_stream,49209,Clarion,Scott Buckley,,,,,,,195.28,H:\RadioTEDU Songs\Classical\Scott Buckley\Library Songs 8\13 Clarion.m4a,1,1,195.591,2026-08-26 23:43:48,2026-08-26 23:43:48
1,RadioTEDU Classical,/classic,configured_stream,49253,Communion,Stephan Moccio,,,,,,,255.406,"H:\RadioTEDU Songs\Classical\Stephan Moccio\Legends, Myths and Lavender\06 Communion (1).flac",1,1,254.15,2026-08-26 06:11:45,2026-08-26 06:11:45
1,RadioTEDU Classical,/classic,configured_stream,48500,"Concerto C‐Dur, BWV 977: II. Adagio",Johann Sebastian Bach,,,,,,,91.4,"H:\RadioTEDU Songs\Classical\Johann Sebastian Bach; Peter Watchorn\Concerti_ Bearbeitungen nach verschiedenen Meistern, BWV 972–987\1-20 Concerto C‐Dur, BWV 977_ II. Adagio.flac",1,1,91.4,2026-08-26 12:37:05,2026-08-26 12:37:05
1,RadioTEDU Classical,/classic,configured_stream,48597,"Concerto c‐Moll, BWV 1060: I. Allegro",Johann Sebastian Bach,,,,,,,277.733,"H:\RadioTEDU Songs\Classical\Johann Sebastian Bach; Robert Levin, Jeffrey Kahane, Oregon Bach Festival Chamber Orchestra, Helmuth Rilling\Cembalokonzerte, BWV 1060–1062, 1061a\01 Concerto c‐Moll, BWV 1060_ I. Allegro.flac",1,1,276.147,2026-08-26 13:16:22,2026-08-26 13:16:22
1,RadioTEDU Classical,/classic,configured_stream,48598,"Concerto c‐Moll, BWV 1060: II. Largo ovvero Adagio",Johann Sebastian Bach,,,,,,,258.0,"H:\RadioTEDU Songs\Classical\Johann Sebastian Bach; Robert Levin, Jeffrey Kahane, Oregon Bach Festival Chamber Orchestra, Helmuth Rilling\Cembalokonzerte, BWV 1060–1062, 1061a\02 Concerto c‐Moll, BWV 1060_ II. Largo ovvero Adagio.flac",1,1,255.312,2026-08-26 12:56:04,2026-08-26 12:56:04
1,RadioTEDU Classical,/classic,configured_stream,48584,"Concerto D‐Dur, BWV 1054: III. Allegro",Johann Sebastian Bach,,,,,,,152.173,"H:\RadioTEDU Songs\Classical\Johann Sebastian Bach; Robert Levin, Bach‐Collegium Stuttgart, Helmuth Rilling\Cembalokonzerte, BWV 1052–1054\09 Concerto D‐Dur, BWV 1054_ III. Allegro.flac",1,1,149.4,2026-08-26 13:05:45,2026-08-26 13:05:45
1,RadioTEDU Classical,/classic,configured_stream,48482,"Concerto D‐Dur, BWV 972: II. Larghetto",Johann Sebastian Bach,,,,,,,219.173,"H:\RadioTEDU Songs\Classical\Johann Sebastian Bach; Peter Watchorn\Concerti_ Bearbeitungen nach verschiedenen Meistern, BWV 972–987\1-02 Concerto D‐Dur, BWV 972_ II. Larghetto.flac",1,1,219.086,2026-08-26 20:14:17,2026-08-26 20:14:17
1,RadioTEDU Classical,/classic,configured_stream,48577,"Concerto d‐Moll, BWV 1052: II. Adagio",Johann Sebastian Bach,,,,,,,345.8,"H:\RadioTEDU Songs\Classical\Johann Sebastian Bach; Robert Levin, Bach‐Collegium Stuttgart, Helmuth Rilling\Cembalokonzerte, BWV 1052–1054\02 Concerto d‐Moll, BWV 1052_ II. Adagio.flac",1,1,388.354,2026-08-26 21:09:34,2026-08-26 21:09:34
1,RadioTEDU Classical,/classic,configured_stream,47526,"Concerto en ré mineur F.III/24, RV 405 : II. Adagio",Antonio Vivaldi,,,,,,,179.043,"H:\RadioTEDU Songs\Classical\Antonio Vivaldi; Ensemble Explorations, Roel Dieltiens\Cello Concertos\1-11 Concerto en ré mineur F.III_24, RV 405 _ II. Adagio (1).mp3",1,1,181.157,2026-08-26 00:50:25,2026-08-26 00:50:25
1,RadioTEDU Classical,/classic,configured_stream,47530,"Concerto en ut majeur F.III/23, RV 400 : I. Allegro",Antonio Vivaldi,,,,,,,174.733,"H:\RadioTEDU Songs\Classical\Antonio Vivaldi; Ensemble Explorations, Roel Dieltiens\Cello Concertos\1-13 Concerto en ut majeur F.III_23, RV 400 _ I. Allegro (1).mp3",1,1,174.841,2026-08-26 22:09:19,2026-08-26 22:09:19
1,RadioTEDU Classical,/classic,configured_stream,47535,"Concerto en ut majeur F.III/23, RV 400 : III. Allegro non molto",Antonio Vivaldi,,,,,,,143.595,"H:\RadioTEDU Songs\Classical\Antonio Vivaldi; Ensemble Explorations, Roel Dieltiens\Cello Concertos\1-15 Concerto en ut majeur F.III_23, RV 400 _ III. Allegro non molto.mp3",1,1,143.624,2026-08-26 09:45:19,2026-08-26 09:45:19
1,RadioTEDU Classical,/classic,configured_stream,47512,"Concerto en ut mineur F.III/1, RV 401 : I. Allegro non molto",Antonio Vivaldi,,,,,,,284.552,"H:\RadioTEDU Songs\Classical\Antonio Vivaldi; Ensemble Explorations, Roel Dieltiens\Cello Concertos\1-01 Concerto en ut mineur F.III_1, RV 401 _ I. Allegro non molto (1).mp3",1,1,283.732,2026-08-26 06:04:02,2026-08-26 06:04:02
1,RadioTEDU Classical,/classic,configured_stream,48580,"Concerto E‐Dur, BWV 1053: II. Siciliano",Johann Sebastian Bach,,,,,,,292.067,"H:\RadioTEDU Songs\Classical\Johann Sebastian Bach; Robert Levin, Bach‐Collegium Stuttgart, Helmuth Rilling\Cembalokonzerte, BWV 1052–1054\05 Concerto E‐Dur, BWV 1053_ II. Siciliano.flac",1,1,291.954,2026-08-26 18:52:08,2026-08-26 18:52:08
1,RadioTEDU Classical,/classic,configured_stream,48592,"Concerto F‐Dur, BWV 1057: II. Andante",Johann Sebastian Bach,,,,,,,182.373,"H:\RadioTEDU Songs\Classical\Johann Sebastian Bach; Robert Levin, Bach‐Collegium Stuttgart, Helmuth Rilling\Cembalokonzerte, BWV 1055–1058\08 Concerto F‐Dur, BWV 1057_ II. Andante.flac",1,1,179.667,2026-08-26 00:35:54,2026-08-26 00:35:54
1,RadioTEDU Classical,/classic,configured_stream,48593,"Concerto F‐Dur, BWV 1057: III. Allegro assai",Johann Sebastian Bach,,,,,,,303.267,"H:\RadioTEDU Songs\Classical\Johann Sebastian Bach; Robert Levin, Bach‐Collegium Stuttgart, Helmuth Rilling\Cembalokonzerte, BWV 1055–1058\09 Concerto F‐Dur, BWV 1057_ III. Allegro assai.flac",1,1,301.353,2026-08-26 18:57:20,2026-08-26 18:57:20
1,RadioTEDU Classical,/classic,configured_stream,48497,"Concerto G‐Dur, BWV 980: II. Largo",Johann Sebastian Bach,,,,,,,219.0,"H:\RadioTEDU Songs\Classical\Johann Sebastian Bach; Peter Watchorn\Concerti_ Bearbeitungen nach verschiedenen Meistern, BWV 972–987\1-17 Concerto G‐Dur, BWV 980_ II. Largo.flac",1,1,219.587,2026-08-26 13:23:32,2026-08-26 13:23:32
1,RadioTEDU Classical,/classic,configured_stream,48498,"Concerto G‐Dur, BWV 980: III. (Allegro)",Johann Sebastian Bach,,,,,,,213.52,"H:\RadioTEDU Songs\Classical\Johann Sebastian Bach; Peter Watchorn\Concerti_ Bearbeitungen nach verschiedenen Meistern, BWV 972–987\1-18 Concerto G‐Dur, BWV 980_ III. (Allegro).flac",1,1,212.043,2026-08-26 12:41:47,2026-08-26 12:41:47
1,RadioTEDU Classical,/classic,configured_stream,48503,"Concerto G‐Dur, BWV 986: II. Adagio",Johann Sebastian Bach,,,,,,,80.627,"H:\RadioTEDU Songs\Classical\Johann Sebastian Bach; Peter Watchorn\Concerti_ Bearbeitungen nach verschiedenen Meistern, BWV 972–987\1-23 Concerto G‐Dur, BWV 986_ II. Adagio.flac",1,1,84.319,2026-08-26 15:28:48,2026-08-26 15:28:48
1,RadioTEDU Classical,/classic,configured_stream,48504,"Concerto G‐Dur, BWV 986: III. Allegro",Johann Sebastian Bach,,,,,,,168.44,"H:\RadioTEDU Songs\Classical\Johann Sebastian Bach; Peter Watchorn\Concerti_ Bearbeitungen nach verschiedenen Meistern, BWV 972–987\1-24 Concerto G‐Dur, BWV 986_ III. Allegro.flac",1,1,165.841,2026-08-26 04:49:02,2026-08-26 04:49:02
1,RadioTEDU Classical,/classic,configured_stream,48594,"Concerto g‐Moll, BWV 1058: I. (ohne Bezeichnung)",Johann Sebastian Bach,,,,,,,217.427,"H:\RadioTEDU Songs\Classical\Johann Sebastian Bach; Robert Levin, Bach‐Collegium Stuttgart, Helmuth Rilling\Cembalokonzerte, BWV 1055–1058\10 Concerto g‐Moll, BWV 1058_ I. (ohne Bezeichnung).flac",1,1,217.297,2026-08-26 12:51:39,2026-08-26 12:51:39
1,RadioTEDU Classical,/classic,configured_stream,47873,"Concerto in B-flat, RV 547: I. Allegro",Antonio Vivaldi,,,,,,,239.2,"H:\RadioTEDU Songs\Classical\Haydn, Vivaldi; Christoph Croisé, Eurasian Soloists Chamber Orchestra, Sherniyaz Mussakhan\Haydn_ Cello Concertos _ Vivaldi_ Concerto for Violin and Cello, RV 547\07 Antonio Vivaldi - Concerto in B-flat, RV 547_ I. Allegro (1).mp3",1,1,236.395,2026-08-26 06:46:32,2026-08-26 06:46:32
1,RadioTEDU Classical,/classic,configured_stream,47875,"Concerto in B-flat, RV 547: II. Andante",Antonio Vivaldi,,,,,,,123.72,"H:\RadioTEDU Songs\Classical\Haydn, Vivaldi; Christoph Croisé, Eurasian Soloists Chamber Orchestra, Sherniyaz Mussakhan\Haydn_ Cello Concertos _ Vivaldi_ Concerto for Violin and Cello, RV 547\08 Antonio Vivaldi - Concerto in B-flat, RV 547_ II. Andante.mp3",1,1,124.617,2026-08-26 19:37:39,2026-08-26 19:37:39
1,RadioTEDU Classical,/classic,configured_stream,49318,"Concerto No. 23 in A Major for Piano and Orchestra, K. 488: II. Adagio (Saint Petersburg Soloists)",Wolfgang Amadeus Mozart,,,,,,,360.555,"H:\RadioTEDU Songs\Classical\Wolfgang Amadeus Mozart\The 99 Most Essential Mozart Masterpieces\76 Concerto No. 23 in A Major for Piano and Orchestra, K. 488_ II. Adagio (Saint Petersburg Soloists).mp3",1,1,360.97,2026-08-26 07:47:57,2026-08-26 07:47:57
1,RadioTEDU Classical,/classic,configured_stream,49314,Concerto para violino e orquestra no. 3 em sol maior K 216: II. Adagio,Wolfgang Amadeus Mozart,,,,,,,482.96,"H:\RadioTEDU Songs\Classical\Wolfgang Amadeus Mozart; Leningrad Soloists, Michail Gantvarg\Classic Masters_ Concertos para violino nos. 1, 2 e 3\08 Concerto para violino e orquestra no. 3 em sol maior K 216_ II. Adagio.mp3",1,1,480.706,2026-08-26 15:27:23,2026-08-26 15:27:23
1,RadioTEDU Classical,/classic,configured_stream,47497,Cornfield Chase (From “Interstellar”),Anna Lapwood,,,,,,,130.702,H:\RadioTEDU Songs\Classical\Anna Lapwood\Midnight Sessions at the Royal Albert Hall\01 Cornfield Chase (From “Interstellar”).mp3,1,1,128.591,2026-08-26 12:47:43,2026-08-26 12:47:43
1,RadioTEDU Classical,/classic,configured_stream,49048,"Corpse Bride / Victor's Piano Solo, The Piano Duet (From ""Corpse Bride"")",Myuu,,,,,,,212.715,"H:\RadioTEDU Songs\Classical\Myuu\Halloween Piano, Vol. 2\07 Corpse Bride _ Victor's Piano Solo, The Piano Duet (From _Corpse Bride_).mp3",1,1,214.032,2026-08-26 12:45:21,2026-08-26 12:45:21
1,RadioTEDU Classical,/classic,configured_stream,48876,Credo: Allegro ma non troppo,Ludwig van Beethoven; Arturo Toscanini; NBC Symphony Orchestra,,,,,,,1083.0,H:\RadioTEDU Songs\Classical\Ludwig van Beethoven; Arturo Toscanini & NBC Symphony Orchestra\Beethoven_ Missa Solemnis Op. 123\03 Credo_ Allegro ma non troppo.flac,1,1,1081.859,2026-08-26 05:12:59,2026-08-26 05:12:59
1,RadioTEDU Classical,/classic,configured_stream,48706,Der du bist drei in Einigkeit BWV 293,Johann Sebastian Bach,,,,,,,35.973,"H:\RadioTEDU Songs\Classical\Johann Sebastian Bach\Bach Edition, Volume 23_ Chorale _ Chorales\3-30 Der du bist drei in Einigkeit BWV 293.flac",1,1,33.181,2026-08-26 00:32:55,2026-08-26 00:32:55
1,RadioTEDU Classical,/classic,configured_stream,49185,"Die schöne Müllerin, D. 795: Tränenregen",Franz Schubert,,,,,,,272.332,"H:\RadioTEDU Songs\Classical\Schubert; Konstantin Krimmel, Daniel Heide\Die schöne Müllerin\10 Die schöne Müllerin, D. 795_ Tränenregen (1).flac",1,1,273.48,2026-08-26 03:26:58,2026-08-26 03:26:58
1,RadioTEDU Classical,/classic,configured_stream,49186,"Die schöne Müllerin, D. 795: Tränenregen",Franz Schubert,,,,,,,272.332,"H:\RadioTEDU Songs\Classical\Schubert; Konstantin Krimmel, Daniel Heide\Die schöne Müllerin\10 Die schöne Müllerin, D. 795_ Tränenregen.flac",1,1,271.594,2026-08-26 05:33:05,2026-08-26 05:33:05
1,RadioTEDU Classical,/classic,configured_stream,47854,"Dixit Dominus, HWV 232: No. 4, Chorus, ""Juravit Dominus"" (Chorus)","George Frideric Handel, Il Gardellino, Bart Van Reyn, Déborah Cachet, Sophie Rennert & Rachel Redmond",,,,,,,131.053,"H:\RadioTEDU Songs\Classical\George Frideric Handel, Il Gardellino, Bart Van Reyn, Déborah Cachet, Sophie Rennert & Rachel Redmond\Handel_ Dixit Dominus - Ferrandini_ Il pianto di Maria\04 Dixit Dominus, HWV 232_ No. 4, Chorus, _Juravit Dominus_ (Chorus).flac",1,1,130.956,2026-08-26 13:31:54,2026-08-26 13:31:54
1,RadioTEDU Classical,/classic,configured_stream,48873,"Don Quixote: Act I. ""Quiteria's Variation""",Ludwig Minkus,,,,,,,47.206,H:\RadioTEDU Songs\Classical\Ludwig Minkus\Minkus_ Don Quixote (Ballet in 3 Acts) (Sophia National Opera Orchestra feat. conductor_ Nayden Todorov)\1-24 Don Quixote_ Act I. _Quiteria's Variation_ (1).flac,1,1,63.641,2026-08-26 16:31:23,2026-08-26 16:31:23
1,RadioTEDU Classical,/classic,configured_stream,48874,"Don Quixote: Act I. ""Quiteria's Variation""",Ludwig Minkus,,,,,,,47.206,H:\RadioTEDU Songs\Classical\Ludwig Minkus\Minkus_ Don Quixote (Ballet in 3 Acts) (Sophia National Opera Orchestra feat. conductor_ Nayden Todorov)\1-24 Don Quixote_ Act I. _Quiteria's Variation_.flac,1,1,47.006,2026-08-26 03:46:00,2026-08-26 03:46:00
1,RadioTEDU Classical,/classic,configured_stream,47869,Dreamy,Hania Rani,,,,,,,179.8,H:\RadioTEDU Songs\Classical\Hania Rani\On Giacometti\08 Dreamy.mp3,1,1,180.248,2026-08-26 12:16:40,2026-08-26 12:16:40
1,RadioTEDU Classical,/classic,configured_stream,48687,Du grosser Schmerzensmann BWV 300,Johann Sebastian Bach,,,,,,,60.853,"H:\RadioTEDU Songs\Classical\Johann Sebastian Bach\Bach Edition, Volume 23_ Chorale _ Chorales\2-17 Du grosser Schmerzensmann BWV 300.flac",1,1,58.106,2026-08-26 01:16:35,2026-08-26 01:16:35
1,RadioTEDU Classical,/classic,configured_stream,49315,Eine kleine Nachtmusik: Allegro,Wolfgang Amadeus Mozart,,,,,,,351.806,H:\RadioTEDU Songs\Classical\Wolfgang Amadeus Mozart\Essential Mozart\1-07 Eine kleine Nachtmusik_ Allegro (1).mp3,1,1,349.064,2026-08-26 06:40:23,2026-08-26 06:40:23
1,RadioTEDU Classical,/classic,configured_stream,49316,Eine kleine Nachtmusik: Allegro,Wolfgang Amadeus Mozart,,,,,,,351.562,H:\RadioTEDU Songs\Classical\Wolfgang Amadeus Mozart\Essential Mozart\1-07 Eine kleine Nachtmusik_ Allegro.mp3,1,1,349.351,2026-08-26 18:11:08,2026-08-26 18:11:08
1,RadioTEDU Classical,/classic,configured_stream,47848,El amor brujo 'Ballet-pantomime'_ 10. Cancion del Fuego Fatuo,Manuel de Falla,,,,,,,99.402,H:\RadioTEDU Songs\Classical\Fritz Reiner\The Complete Columbia Album Collection\06-18 Manuel de Falla - El amor brujo 'Ballet-pantomime'_ 10. Cancion del Fuego Fatuo.flac,1,1,96.48,2026-08-26 04:43:22,2026-08-26 04:43:22
1,RadioTEDU Classical,/classic,configured_stream,49080,Eldur,Jórunn Viðar,,,,,,,554.0,"H:\RadioTEDU Songs\Classical\Páll Ísólfsson, Jórunn Viðar; Iceland Symphony Orchestra, Rumon Gamba\Icelandic Works for the Stage\01 Jórunn Viðar - Eldur (1).flac",1,1,552.108,2026-08-26 13:51:24,2026-08-26 13:51:24
1,RadioTEDU Classical,/classic,configured_stream,47787,Emma,Clement Panchout,,,,,,,114.783,H:\RadioTEDU Songs\Classical\Clement Panchout & MXXN\Murder House OST\06 Clement Panchout - Emma.flac,1,1,111.95,2026-08-26 15:30:52,2026-08-26 15:30:52
1,RadioTEDU Classical,/classic,configured_stream,49257,Evoke,Steve Gibbs,,,,,,,298.467,H:\RadioTEDU Songs\Classical\Steve Gibbs\Adrift\02 Evoke (1).mp3,1,1,300.013,2026-08-26 10:32:54,2026-08-26 10:32:54
1,RadioTEDU Classical,/classic,configured_stream,49258,Evoke,Steve Gibbs,,,,,,,298.467,H:\RadioTEDU Songs\Classical\Steve Gibbs\Adrift\02 Evoke.mp3,1,1,295.696,2026-08-26 06:55:00,2026-08-26 06:55:00
1,RadioTEDU Classical,/classic,configured_stream,48863,Experience (Solo Piano Version),Ludovico Einaudi,,,,,,,307.203,H:\RadioTEDU Songs\Classical\Ludovico Einaudi\Experience (Solo Piano Version)\01 Experience (Solo Piano Version).mp3,1,1,308.816,2026-08-26 13:03:01,2026-08-26 13:03:01
1,RadioTEDU Classical,/classic,configured_stream,49180,"Fadograph of a Yestern Scene, op. 44",Samuel Barber,,,,,,,580.227,"H:\RadioTEDU Songs\Classical\Samuel Barber; Stephane Rancourt, Karen Jones, John Gracie, Royal Scottish National Orchestra, Marin Alsop\Capricorn Concerto _ A Hand of Bridge _ Intermezzo from Vanessa\08 Fadograph of a Yestern Scene, op. 44.mp3",1,1,580.188,2026-08-26 03:16:15,2026-08-26 03:16:15
1,RadioTEDU Classical,/classic,configured_stream,48515,"Fantasia in C minor, BWV 919",Johann Sebastian Bach,,,,,,,91.84,"H:\RadioTEDU Songs\Classical\Johann Sebastian Bach; Robert Hill\Bach as Teacher_ Keyboard Works from the Cöthen Period\2-13 Fantasia in C minor, BWV 919.flac",1,1,91.79,2026-08-26 20:06:44,2026-08-26 20:06:44
1,RadioTEDU Classical,/classic,configured_stream,48566,"Fantasia und Fuge in D‐Dur, BWV 908: II. Fughetta",Johann Sebastian Bach,,,,,,,96.867,"H:\RadioTEDU Songs\Classical\Johann Sebastian Bach; Robert Hill\Werke für das Lautenklavier\14 Fantasia und Fuge in D‐Dur, BWV 908_ II. Fughetta.flac",1,1,94.207,2026-08-26 17:40:41,2026-08-26 17:40:41
1,RadioTEDU Classical,/classic,configured_stream,47719,"Fidelio, op. 72: Act I. “Hauptmann! Besteigen Sie mit einem Trompeter…”",Ludwig van Beethoven,,,,,,,23.333,"H:\RadioTEDU Songs\Classical\Beethoven; Wiener Philharmoniker, Wiener Staatsopernchor, Leonard Bernstein\Fidelio\1-14 Fidelio, op. 72_ Act I. “Hauptmann! Besteigen Sie mit einem Trompeter…”.flac",1,1,23.2,2026-08-26 01:23:31,2026-08-26 01:23:31
1,RadioTEDU Classical,/classic,configured_stream,48842,"Finlandia, op. 26",Jean Sibelius,,,,,,,481.48,"H:\RadioTEDU Songs\Classical\London Philharmonic Orchestra\The 50 Greatest Pieces of Classical Music\36 Jean Sibelius - Finlandia, op. 26.flac",1,1,478.673,2026-08-26 02:49:45,2026-08-26 02:49:45
1,RadioTEDU Classical,/classic,configured_stream,49155,"First Essay for Orchestra, op. 12",Samuel Barber,,,,,,,500.4,"H:\RadioTEDU Songs\Classical\Samuel Barber; Royal Scottish National Orchestra, Marin Alsop\Orchestral Works, Volume 1_ Symphonies nos. 1 and 2\05 First Essay for Orchestra, op. 12.mp3",1,1,500.408,2026-08-26 21:45:41,2026-08-26 21:45:41
1,RadioTEDU Classical,/classic,configured_stream,49255,Fracture,Stephan Moccio,,,,,,,207.647,H:\RadioTEDU Songs\Classical\Stephan Moccio\Tales of Solace\02 Fracture (1).flac,1,1,205.05,2026-08-26 08:49:30,2026-08-26 08:49:30
1,RadioTEDU Classical,/classic,configured_stream,47658,"Fragment from Violin Concerto in C major, WoO 5",Ludwig van Beethoven,,,,,,,499.76,"H:\RadioTEDU Songs\Classical\Beethoven, Jörg Widmann; Veronika Eberle, London Symphony Orchestra, Sir Simon Rattle\Violin Concerto\04 Ludwig van Beethoven - Fragment from Violin Concerto in C major, WoO 5.flac",1,1,503.795,2026-08-26 03:59:25,2026-08-26 03:59:25
1,RadioTEDU Classical,/classic,configured_stream,48617,"French suite no. 2 in C minor, BWV 813: I. Allemande",Johann Sebastian Bach,,,,,,,184.6,"H:\RadioTEDU Songs\Classical\Johann Sebastian Bach\Bach Edition, Volume 13_ Keyboard Works_Klavierwerke, Volume II\05-06 French suite no. 2 in C minor, BWV 813_ I. Allemande.flac",1,1,181.849,2026-08-26 15:04:58,2026-08-26 15:04:58
1,RadioTEDU Classical,/classic,configured_stream,48620,"French Suite no. 6 in E major, BWV 817: I. Allemande",Johann Sebastian Bach,,,,,,,194.96,"H:\RadioTEDU Songs\Classical\Johann Sebastian Bach\Bach Edition, Volume 13_ Keyboard Works_Klavierwerke, Volume II\06-16 French Suite no. 6 in E major, BWV 817_ I. Allemande.flac",1,1,195.412,2026-08-26 19:35:33,2026-08-26 19:35:33
1,RadioTEDU Classical,/classic,configured_stream,48607,"Fuge für Orgel c‐Moll, BWV 575",Johann Sebastian Bach,,,,,,,222.04,"H:\RadioTEDU Songs\Classical\Johann Sebastian Bach; Wolfgang Zerer\Orgelwerke_ Einflüsse durch Böhm & Buxtehude\19 Fuge für Orgel c‐Moll, BWV 575.flac",1,1,219.892,2026-08-26 14:01:38,2026-08-26 14:01:38
1,RadioTEDU Classical,/classic,configured_stream,48417,"Fuge G-Dur, BWV 577",Johann Sebastian Bach,,,,,,,199.093,"H:\RadioTEDU Songs\Classical\Johann Sebastian Bach; Kay Johannsen\Organ Works_ The Young Bach - A Virtuoso\19 Fuge G-Dur, BWV 577.flac",1,1,196.374,2026-08-26 23:47:20,2026-08-26 23:47:20
1,RadioTEDU Classical,/classic,configured_stream,48432,"Fughetta super Dies sind die heiligen zehen Gebot, BWV 679",Johann Sebastian Bach,,,,,,,115.507,"H:\RadioTEDU Songs\Classical\Johann Sebastian Bach; Kay Johannsen\Orgelwerke_ Clavier Übung, Dritter Theil\1-12 Fughetta super Dies sind die heiligen zehen Gebot, BWV 679.flac",1,1,115.314,2026-08-26 02:25:33,2026-08-26 02:25:33
1,RadioTEDU Classical,/classic,configured_stream,48326,"Geistliches Lied, BWV 444 “Brich entzwei, mein armes Herze”",Johann Sebastian Bach,,,,,,,102.227,"H:\RadioTEDU Songs\Classical\Johann Sebastian Bach; Gächinger Kantorei Stuttgart, Bach‐Collegium Stuttgart, Gerhard Gnann, Helmuth Rilling\A Book of Chorale‐Settings_ Passion\23 Geistliches Lied, BWV 444 “Brich entzwei, mein armes Herze”.flac",1,1,99.376,2026-08-26 22:28:42,2026-08-26 22:28:42
1,RadioTEDU Classical,/classic,configured_stream,48320,"Geistliches Lied, BWV 450 “Die bittre Leidenszeit beginnt”",Johann Sebastian Bach,,,,,,,93.4,"H:\RadioTEDU Songs\Classical\Johann Sebastian Bach; Gächinger Kantorei Stuttgart, Bach‐Collegium Stuttgart, Gerhard Gnann, Helmuth Rilling\A Book of Chorale‐Settings_ Passion\09 Geistliches Lied, BWV 450 “Die bittre Leidenszeit beginnt”.flac",1,1,93.325,2026-08-26 12:00:04,2026-08-26 12:00:04
1,RadioTEDU Classical,/classic,configured_stream,48311,"Geistliches Lied, BWV 469 “Ich steh an deiner Krippen hier”",Johann Sebastian Bach,,,,,,,163.4,"H:\RadioTEDU Songs\Classical\Johann Sebastian Bach; Gächinger Kantorei Stuttgart, Bach‐Collegium Stuttgart, Gerhard Gnann, Helmuth Rilling\A Book of Chorale‐Settings_ Advent and Christmas\12 Geistliches Lied, BWV 469 “Ich steh an deiner Krippen hier”.flac",1,1,160.446,2026-08-26 11:58:31,2026-08-26 11:58:31
1,RadioTEDU Classical,/classic,configured_stream,49308,Gloria RV 589: “Qui sedes ad dexteram Patris” – Allegro,Antonio Vivaldi,,,,,,,125.147,"H:\RadioTEDU Songs\Classical\Vivaldi; Sara Mingardo, Concerto Italiano, Rinaldo Alessandrini\Gloria\12 Gloria RV 589_ “Qui sedes ad dexteram Patris” – Allegro (1).mp3",1,1,122.545,2026-08-26 23:53:34,2026-08-26 23:53:34
1,RadioTEDU Classical,/classic,configured_stream,49309,Gloria RV 589: “Qui sedes ad dexteram Patris” – Allegro,Antonio Vivaldi,,,,,,,125.147,"H:\RadioTEDU Songs\Classical\Vivaldi; Sara Mingardo, Concerto Italiano, Rinaldo Alessandrini\Gloria\12 Gloria RV 589_ “Qui sedes ad dexteram Patris” – Allegro.mp3",1,1,123.033,2026-08-26 02:34:09,2026-08-26 02:34:09
1,RadioTEDU Classical,/classic,configured_stream,48780,Gold Rush,Kevin MacLeod,,,,,,,47.829,H:\RadioTEDU Songs\Classical\Kevin MacLeod\Silent Film_ Light Collection\09 Gold Rush.mp3,1,1,44.974,2026-08-26 05:33:50,2026-08-26 05:33:50
1,RadioTEDU Classical,/classic,configured_stream,48604,"Goldberg Variations, BWV 988: Aria",Johann Sebastian Bach,,,,,,,245.38,"H:\RadioTEDU Songs\Classical\Johann Sebastian Bach; Víkingur Ólafsson\Goldberg Variations\01 Goldberg Variations, BWV 988_ Aria.mp3",1,1,242.492,2026-08-26 17:07:25,2026-08-26 17:07:25
1,RadioTEDU Classical,/classic,configured_stream,47633,"Gottes Sohn ist kommen, BWV 703",Johann Sebastian Bach,,,,,,,55.867,"H:\RadioTEDU Songs\Classical\Bach; Bine Katrine Bryndorf\Weimar, Köthen & Leipzig\12 Gottes Sohn ist kommen, BWV 703.flac",1,1,58.359,2026-08-26 12:38:15,2026-08-26 12:38:15
1,RadioTEDU Classical,/classic,configured_stream,48825,Gymnopédie no. 1,Erik Satie,,,,,,,220.733,H:\RadioTEDU Songs\Classical\London Philharmonic Orchestra\The 50 Greatest Pieces of Classical Music\20 Erik Satie - Gymnopédie no. 1.flac,1,1,221.015,2026-08-26 01:46:39,2026-08-26 01:46:39
1,RadioTEDU Classical,/classic,configured_stream,47801,Having Run,Dexter Britain,,,,,,,302.916,H:\RadioTEDU Songs\Classical\Dexter Britain\The Score\01 Having Run (1).mp3,1,1,304.026,2026-08-26 15:12:32,2026-08-26 15:12:32
1,RadioTEDU Classical,/classic,configured_stream,48724,"Herr, ich habe missgehandelt BWV 330",Johann Sebastian Bach,,,,,,,55.173,"H:\RadioTEDU Songs\Classical\Johann Sebastian Bach\Bach Edition, Volume 23_ Chorale _ Chorales\4-15 Herr, ich habe missgehandelt BWV 330.flac",1,1,55.11,2026-08-26 04:54:48,2026-08-26 04:54:48
1,RadioTEDU Classical,/classic,configured_stream,48729,"Hilf, Gott, dass mir's gelinge BWV 343",Johann Sebastian Bach,,,,,,,61.293,"H:\RadioTEDU Songs\Classical\Johann Sebastian Bach\Bach Edition, Volume 23_ Chorale _ Chorales\4-30 Hilf, Gott, dass mir's gelinge BWV 343.flac",1,1,58.501,2026-08-26 05:13:58,2026-08-26 05:13:58
1,RadioTEDU Classical,/classic,configured_stream,49199,Horizons,Scott Buckley,,,,,,,293.779,H:\RadioTEDU Songs\Classical\Scott Buckley\Library Songs 5\03 Horizons.m4a,1,1,292.562,2026-08-26 19:02:13,2026-08-26 19:02:13
1,RadioTEDU Classical,/classic,configured_stream,49123,How Deep Is Your Love,Richard Clayderman,,,,,,,229.564,H:\RadioTEDU Songs\Classical\Richard Clayderman\Plays the Love Songs\07 How Deep Is Your Love.flac,1,1,226.804,2026-08-26 17:11:11,2026-08-26 17:11:11
1,RadioTEDU Classical,/classic,configured_stream,48823,Hungarian Dance no. 5 in G minor,Johannes Brahms,,,,,,,158.627,H:\RadioTEDU Songs\Classical\London Philharmonic Orchestra\The 50 Greatest Pieces of Classical Music\18 Johannes Brahms - Hungarian Dance no. 5 in G minor.flac,1,1,155.793,2026-08-26 23:49:55,2026-08-26 23:49:55
1,RadioTEDU Classical,/classic,configured_stream,49294,ICARUS (Orchestral Version),Tony Ann,,,,,,,170.313,H:\RadioTEDU Songs\Classical\Tony Ann\ICARUS\01 ICARUS (Orchestral Version).flac,1,1,168.855,2026-08-26 06:49:20,2026-08-26 06:49:20
1,RadioTEDU Classical,/classic,configured_stream,47912,Ida,Joep Beving,,,,,,,150.669,H:\RadioTEDU Songs\Classical\Joep Beving\Liminal\02 Ida.flac,1,1,148.416,2026-08-26 13:36:50,2026-08-26 13:36:50
1,RadioTEDU Classical,/classic,configured_stream,48415,"In dulci jubilo, BWV 729",Johann Sebastian Bach,,,,,,,130.6,"H:\RadioTEDU Songs\Classical\Johann Sebastian Bach; Kay Johannsen\Organ Works_ The Young Bach - A Virtuoso\17 In dulci jubilo, BWV 729.flac",1,1,130.865,2026-08-26 02:41:35,2026-08-26 02:41:35
1,RadioTEDU Classical,/classic,configured_stream,47871,Inception: Time,Hans Zimmer & The Disruptive Collective,,,,,,,277.203,H:\RadioTEDU Songs\Classical\Hans Zimmer & The Disruptive Collective\LIVE\2-15 Inception_ Time.flac,1,1,278.432,2026-08-26 19:51:58,2026-08-26 19:51:58
1,RadioTEDU Classical,/classic,configured_stream,47740,Iris,Caricature,,,,,,,256.006,H:\RadioTEDU Songs\Classical\Caricature\Iris\01 Iris.flac,1,1,254.879,2026-08-26 11:36:46,2026-08-26 11:36:46
1,RadioTEDU Classical,/classic,configured_stream,48012,"Kantate ""Ach wie flüchtig, ach wie nichtig"", BWV 26: II. Aria ""So schnell ein rauschend Wasser schießt""",Johann Sebastian Bach,,,,,,,320.427,"H:\RadioTEDU Songs\Classical\Johann Sebastian Bach; Bach-Ensemble, Helmuth Rilling\Die Bach-Kantate, Volume 59_ BWV 52, 60, 26, 90\13 Kantate _Ach wie flüchtig, ach wie nichtig_, BWV 26_ II. Aria _So schnell ein rauschend Wasser schießt_.flac",1,1,320.352,2026-08-26 18:23:05,2026-08-26 18:23:05
1,RadioTEDU Classical,/classic,configured_stream,48013,"Kantate ""Ach wie flüchtig, ach wie nichtig"", BWV 26: III. Recitativo ""Die Freud wird zur Traurigkeit""",Johann Sebastian Bach,,,,,,,55.867,"H:\RadioTEDU Songs\Classical\Johann Sebastian Bach; Bach-Ensemble, Helmuth Rilling\Die Bach-Kantate, Volume 59_ BWV 52, 60, 26, 90\14 Kantate _Ach wie flüchtig, ach wie nichtig_, BWV 26_ III. Recitativo _Die Freud wird zur Traurigkeit_.flac",1,1,53.089,2026-08-26 18:47:17,2026-08-26 18:47:17
1,RadioTEDU Classical,/classic,configured_stream,48014,"Kantate ""Ach wie flüchtig, ach wie nichtig"", BWV 26: IV. Aria ""An irdische Schätze das Herze zu hängen""",Johann Sebastian Bach,,,,,,,269.373,"H:\RadioTEDU Songs\Classical\Johann Sebastian Bach; Bach-Ensemble, Helmuth Rilling\Die Bach-Kantate, Volume 59_ BWV 52, 60, 26, 90\15 Kantate _Ach wie flüchtig, ach wie nichtig_, BWV 26_ IV. Aria _An irdische Schätze das Herze zu hängen_.flac",1,1,266.532,2026-08-26 04:08:24,2026-08-26 04:08:24
1,RadioTEDU Classical,/classic,configured_stream,47939,"Kantate, BWV 10 ""Meine Seel erhebt den Herren"": Duetto con Choral",Johann Sebastian Bach,,,,,,,120.467,"H:\RadioTEDU Songs\Classical\Johann Sebastian Bach; Bach Ensemble, Helmuth Rilling\Die Bach Kantate, Volume 17_ BWV 10, 130, 17\05 Kantate, BWV 10 _Meine Seel erhebt den Herren__ Duetto con Choral.flac",1,1,120.327,2026-08-26 22:11:31,2026-08-26 22:11:31
1,RadioTEDU Classical,/classic,configured_stream,48032,"Kantate, BWV 112 “Der Herr ist mein getreuer Hirt”: III. Recitativo (Bass) “Und ob ich wandert im finstern Tal”",Johann Sebastian Bach,,,,,,,107.867,"H:\RadioTEDU Songs\Classical\Johann Sebastian Bach; Bach‐Collegium Stuttgart, Helmuth Rilling\Cantatas, BWV 112–114\03 Kantate, BWV 112 “Der Herr ist mein getreuer Hirt”_ III. Recitativo (Bass) “Und ob ich wandert im finstern Tal”.flac",1,1,105.249,2026-08-26 19:07:02,2026-08-26 19:07:02
1,RadioTEDU Classical,/classic,configured_stream,48040,"Kantate, BWV 130 “Herr Gott, dich loben alle wir”: II. Recitativo (Alt) “Ihr heller Glanz und hohe Weisheit zeigt”",Johann Sebastian Bach,,,,,,,74.173,"H:\RadioTEDU Songs\Classical\Johann Sebastian Bach; Bach‐Collegium Stuttgart, Helmuth Rilling\Cantatas, BWV 130–132\02 Kantate, BWV 130 “Herr Gott, dich loben alle wir”_ II. Recitativo (Alt) “Ihr heller Glanz und hohe Weisheit zeigt”.flac",1,1,74.137,2026-08-26 20:56:13,2026-08-26 20:56:13
1,RadioTEDU Classical,/classic,configured_stream,48085,"Kantate, BWV 151 “Süßer Trost, mein Jesus kömmt”: V. Choral “Heut schleußt er wieder auf die Tür”",Johann Sebastian Bach,,,,,,,39.853,"H:\RadioTEDU Songs\Classical\Johann Sebastian Bach; Bach‐Collegium Stuttgart, Helmuth Rilling\Cantatas, BWV 148–151\25 Kantate, BWV 151 “Süßer Trost, mein Jesus kömmt”_ V. Choral “Heut schleußt er wieder auf die Tür”.flac",1,1,43.72,2026-08-26 00:55:38,2026-08-26 00:55:38
1,RadioTEDU Classical,/classic,configured_stream,48095,"Kantate, BWV 163 “Nur jedem das Seine”: VI. Choral “Führ auch mein Herz und Sinn”",Johann Sebastian Bach,,,,,,,51.16,"H:\RadioTEDU Songs\Classical\Johann Sebastian Bach; Bach‐Collegium Stuttgart, Helmuth Rilling\Cantatas, BWV 161–164\18 Kantate, BWV 163 “Nur jedem das Seine”_ VI. Choral “Führ auch mein Herz und Sinn”.flac",1,1,57.729,2026-08-26 21:26:49,2026-08-26 21:26:49
1,RadioTEDU Classical,/classic,configured_stream,48098,"Kantate, BWV 166 “Wo gehest du hin”: II. Aria (Tenor) “Ich will an den Himmel denken”",Johann Sebastian Bach,,,,,,,365.16,"H:\RadioTEDU Songs\Classical\Johann Sebastian Bach; Bach‐Collegium Stuttgart, Helmuth Rilling\Cantatas, BWV 165–168\08 Kantate, BWV 166 “Wo gehest du hin”_ II. Aria (Tenor) “Ich will an den Himmel denken”.flac",1,1,362.719,2026-08-26 17:56:27,2026-08-26 17:56:27
1,RadioTEDU Classical,/classic,configured_stream,48117,"Kantate, BWV 184 “Erwünschtes Freudenlicht”: V. Choral “Herr, ich hoffe je, du werdest die”",Johann Sebastian Bach,,,,,,,70.867,"H:\RadioTEDU Songs\Classical\Johann Sebastian Bach; Bach‐Collegium Stuttgart, Helmuth Rilling\Cantatas, BWV 182–184\18 Kantate, BWV 184 “Erwünschtes Freudenlicht”_ V. Choral “Herr, ich hoffe je, du werdest die”.flac",1,1,77.052,2026-08-26 01:17:53,2026-08-26 01:17:53
1,RadioTEDU Classical,/classic,configured_stream,48121,"Kantate, BWV 186 “Ärgre dich, o Seele, nicht”: VII. Recitativo (Bass) “Es ist die Welt die große Wüstenei”",Johann Sebastian Bach,,,,,,,131.733,"H:\RadioTEDU Songs\Classical\Johann Sebastian Bach; Bach‐Collegium Stuttgart, Helmuth Rilling\Cantatas, BWV 185–187\13 Kantate, BWV 186 “Ärgre dich, o Seele, nicht”_ VII. Recitativo (Bass) “Es ist die Welt die große Wüstenei”.flac",1,1,129.134,2026-08-26 15:33:02,2026-08-26 15:33:02
1,RadioTEDU Classical,/classic,configured_stream,48124,"Kantate, BWV 188 “Ich habe meine Zuversicht”: III. Recitativo (Bass) “Gott meint es gut mit jedermann”",Johann Sebastian Bach,,,,,,,136.027,"H:\RadioTEDU Songs\Classical\Johann Sebastian Bach; Bach‐Collegium Stuttgart, Helmuth Rilling\Cantatas, BWV 188, 190–192\03 Kantate, BWV 188 “Ich habe meine Zuversicht”_ III. Recitativo (Bass) “Gott meint es gut mit jedermann”.flac",1,1,174.615,2026-08-26 21:22:52,2026-08-26 21:22:52
1,RadioTEDU Classical,/classic,configured_stream,48138,"Kantate, BWV 19 “Es erhub sich ein Streit”: VII. Choral “Laß dein’ Engel mit mir fahren”",Johann Sebastian Bach,,,,,,,80.2,"H:\RadioTEDU Songs\Classical\Johann Sebastian Bach; Bach‐Collegium Stuttgart, Helmuth Rilling\Cantatas, BWV 19–20\07 Kantate, BWV 19 “Es erhub sich ein Streit”_ VII. Choral “Laß dein’ Engel mit mir fahren”.flac",1,1,77.85,2026-08-26 09:57:26,2026-08-26 09:57:26
1,RadioTEDU Classical,/classic,configured_stream,48133,"Kantate, BWV 197 “Gott ist unsre Zuversicht”: II. Recitativo (Bass) “Gott ist und bleibt der beste Sorger”",Johann Sebastian Bach,,,,,,,81.04,"H:\RadioTEDU Songs\Classical\Johann Sebastian Bach; Bach‐Collegium Stuttgart, Helmuth Rilling\Cantatas, BWV 195–197\13 Kantate, BWV 197 “Gott ist unsre Zuversicht”_ II. Recitativo (Bass) “Gott ist und bleibt der beste Sorger”.flac",1,1,84.366,2026-08-26 06:05:29,2026-08-26 06:05:29
1,RadioTEDU Classical,/classic,configured_stream,48219,"Kantate, BWV 203 “Amore traditore”: III. Aria (Bass) “Chi in amore ha nemica la sorte”",Johann Sebastian Bach,,,,,,,312.947,"H:\RadioTEDU Songs\Classical\Johann Sebastian Bach; Bach‐Collegium Stuttgart, Helmuth Rilling\Secular Cantatas, BWV 202–204\12 Kantate, BWV 203 “Amore traditore”_ III. Aria (Bass) “Chi in amore ha nemica la sorte”.flac",1,1,310.087,2026-08-26 21:19:22,2026-08-26 21:19:22
1,RadioTEDU Classical,/classic,configured_stream,48221,"Kantate, BWV 204 “Ich bin in mir vergnügt”: II. Aria (Sopran) “Ruhig und in sich zufrieden”",Johann Sebastian Bach,,,,,,,400.8,"H:\RadioTEDU Songs\Classical\Johann Sebastian Bach; Bach‐Collegium Stuttgart, Helmuth Rilling\Secular Cantatas, BWV 202–204\14 Kantate, BWV 204 “Ich bin in mir vergnügt”_ II. Aria (Sopran) “Ruhig und in sich zufrieden”.flac",1,1,397.841,2026-08-26 15:19:22,2026-08-26 15:19:22
1,RadioTEDU Classical,/classic,configured_stream,48223,"Kantate, BWV 204 “Ich bin in mir vergnügt”: VI. Aria (Sopran) “Meine Seele sei vergnügt”",Johann Sebastian Bach,,,,,,,332.0,"H:\RadioTEDU Songs\Classical\Johann Sebastian Bach; Bach‐Collegium Stuttgart, Helmuth Rilling\Secular Cantatas, BWV 202–204\18 Kantate, BWV 204 “Ich bin in mir vergnügt”_ VI. Aria (Sopran) “Meine Seele sei vergnügt”.flac",1,1,332.582,2026-08-26 10:38:27,2026-08-26 10:38:27
1,RadioTEDU Classical,/classic,configured_stream,48143,"Kantate, BWV 23 “Du wahrer Gott und Davids Sohn”: I. Aria (Duetto: Soprano, Alto) “Du wahrer Gott und Davids Sohn”",Johann Sebastian Bach,,,,,,,398.667,"H:\RadioTEDU Songs\Classical\Johann Sebastian Bach; Bach‐Collegium Stuttgart, Helmuth Rilling\Cantatas, BWV 23–26\01 Kantate, BWV 23 “Du wahrer Gott und Davids Sohn”_ I. Aria (Duetto_ Soprano, Alto) “Du wahrer Gott und Davids Sohn”.flac",1,1,395.928,2026-08-26 06:18:21,2026-08-26 06:18:21
1,RadioTEDU Classical,/classic,configured_stream,48147,"Kantate, BWV 24 “Ein ungefärbt Gemüte”: I. Aria (Alto) “Ein ungefärbt Gemüte”",Johann Sebastian Bach,,,,,,,300.733,"H:\RadioTEDU Songs\Classical\Johann Sebastian Bach; Bach‐Collegium Stuttgart, Helmuth Rilling\Cantatas, BWV 23–26\05 Kantate, BWV 24 “Ein ungefärbt Gemüte”_ I. Aria (Alto) “Ein ungefärbt Gemüte”.flac",1,1,297.92,2026-08-26 12:35:33,2026-08-26 12:35:33
1,RadioTEDU Classical,/classic,configured_stream,48149,"Kantate, BWV 24 “Ein ungefärbt Gemüte”: IV. Recitativo (Basso) “Die Heuchelei ist eine Brut”",Johann Sebastian Bach,,,,,,,116.933,"H:\RadioTEDU Songs\Classical\Johann Sebastian Bach; Bach‐Collegium Stuttgart, Helmuth Rilling\Cantatas, BWV 23–26\08 Kantate, BWV 24 “Ein ungefärbt Gemüte”_ IV. Recitativo (Basso) “Die Heuchelei ist eine Brut”.flac",1,1,114.179,2026-08-26 23:12:10,2026-08-26 23:12:10
1,RadioTEDU Classical,/classic,configured_stream,48156,"Kantate, BWV 25 “Es ist nichts Gesundes an meinem Leibe”: V. Aria (Soprano) “Öffne meinen schlechten Liedern”",Johann Sebastian Bach,,,,,,,197.133,"H:\RadioTEDU Songs\Classical\Johann Sebastian Bach; Bach‐Collegium Stuttgart, Helmuth Rilling\Cantatas, BWV 23–26\15 Kantate, BWV 25 “Es ist nichts Gesundes an meinem Leibe”_ V. Aria (Soprano) “Öffne meinen schlechten Liedern”.flac",1,1,194.179,2026-08-26 19:55:22,2026-08-26 19:55:22
1,RadioTEDU Classical,/classic,configured_stream,48157,"Kantate, BWV 25 “Es ist nichts Gesundes an meinem Leibe”: VI. Choral “Ich will alle meine Tage”",Johann Sebastian Bach,,,,,,,76.253,"H:\RadioTEDU Songs\Classical\Johann Sebastian Bach; Bach‐Collegium Stuttgart, Helmuth Rilling\Cantatas, BWV 23–26\16 Kantate, BWV 25 “Es ist nichts Gesundes an meinem Leibe”_ VI. Choral “Ich will alle meine Tage”.flac",1,1,73.547,2026-08-26 02:39:25,2026-08-26 02:39:25
1,RadioTEDU Classical,/classic,configured_stream,47948,"Kantate, BWV 38 ""Aus tiefer Not schrei ich zu dir"": V. Trio. ""Wenn meine Trübsal als mit Ketten""",Johann Sebastian Bach,,,,,,,231.507,"H:\RadioTEDU Songs\Classical\Johann Sebastian Bach; Bach-Ensemble, Helmuth Rilling\Cantatas BWV 38-40\05 Kantate, BWV 38 _Aus tiefer Not schrei ich zu dir__ V. Trio. _Wenn meine Trübsal als mit Ketten_.flac",1,1,250.48,2026-08-26 21:13:49,2026-08-26 21:13:49
1,RadioTEDU Classical,/classic,configured_stream,47957,"Kantate, BWV 40 ""Darzu ist erschienen der Sohn Gottes"": I. Choeur. ""Dazu ist erschienen der Sohn Gottes""",Johann Sebastian Bach,,,,,,,306.107,"H:\RadioTEDU Songs\Classical\Johann Sebastian Bach; Bach-Ensemble, Helmuth Rilling\Cantatas BWV 38-40\14 Kantate, BWV 40 _Darzu ist erschienen der Sohn Gottes__ I. Choeur. _Dazu ist erschienen der Sohn Gottes_.flac",1,1,305.958,2026-08-26 13:42:01,2026-08-26 13:42:01
1,RadioTEDU Classical,/classic,configured_stream,47960,"Kantate, BWV 40 ""Darzu ist erschienen der Sohn Gottes"": IV. Aria. ""Höllische Schlange, wird dir nicht bange?""",Johann Sebastian Bach,,,,,,,157.227,"H:\RadioTEDU Songs\Classical\Johann Sebastian Bach; Bach-Ensemble, Helmuth Rilling\Cantatas BWV 38-40\17 Kantate, BWV 40 _Darzu ist erschienen der Sohn Gottes__ IV. Aria. _Höllische Schlange, wird dir nicht bange__.flac",1,1,157.226,2026-08-26 22:58:57,2026-08-26 22:58:57
1,RadioTEDU Classical,/classic,configured_stream,47961,"Kantate, BWV 40 ""Darzu ist erschienen der Sohn Gottes"": V. Récitatif. ""Die Schlange, so im Paradies""",Johann Sebastian Bach,,,,,,,70.667,"H:\RadioTEDU Songs\Classical\Johann Sebastian Bach; Bach-Ensemble, Helmuth Rilling\Cantatas BWV 38-40\18 Kantate, BWV 40 _Darzu ist erschienen der Sohn Gottes__ V. Récitatif. _Die Schlange, so im Paradies_.flac",1,1,68.008,2026-08-26 21:30:40,2026-08-26 21:30:40
1,RadioTEDU Classical,/classic,configured_stream,47972,"Kantate, BWV 41 ""Jesu, nun sei gepreiset"": II. Aria. ""Lass uns, o hochster Gott, das Jahr vollbringen",Johann Sebastian Bach,,,,,,,460.027,"H:\RadioTEDU Songs\Classical\Johann Sebastian Bach; Bach-Ensemble, Helmuth Rilling\Cantatas BWV 41-42\02 Kantate, BWV 41 _Jesu, nun sei gepreiset__ II. Aria. _Lass uns, o hochster Gott, das Jahr vollbringen.flac",1,1,460.252,2026-08-26 14:57:25,2026-08-26 14:57:25
1,RadioTEDU Classical,/classic,configured_stream,47973,"Kantate, BWV 41 ""Jesu, nun sei gepreiset"": III. Récitatif. ""Herr! deine Hand, dein Segen muss allein",Johann Sebastian Bach,,,,,,,82.333,"H:\RadioTEDU Songs\Classical\Johann Sebastian Bach; Bach-Ensemble, Helmuth Rilling\Cantatas BWV 41-42\03 Kantate, BWV 41 _Jesu, nun sei gepreiset__ III. Récitatif. _Herr! deine Hand, dein Segen muss allein.flac",1,1,80.582,2026-08-26 11:49:02,2026-08-26 11:49:02
1,RadioTEDU Classical,/classic,configured_stream,47974,"Kantate, BWV 41 ""Jesu, nun sei gepreiset"": IV. Aria. ""Woferne du den edlen Frieden",Johann Sebastian Bach,,,,,,,483.467,"H:\RadioTEDU Songs\Classical\Johann Sebastian Bach; Bach-Ensemble, Helmuth Rilling\Cantatas BWV 41-42\04 Kantate, BWV 41 _Jesu, nun sei gepreiset__ IV. Aria. _Woferne du den edlen Frieden.flac",1,1,484.17,2026-08-26 11:32:14,2026-08-26 11:32:14
1,RadioTEDU Classical,/classic,configured_stream,47978,"Kantate, BWV 42 ""Am Abend aber desselbigen Sabbats"": II. Recitativo (Tenore) ""Am Abend aber desselbigen Sabbats""",Johann Sebastian Bach,,,,,,,32.36,"H:\RadioTEDU Songs\Classical\Johann Sebastian Bach; Bach-Ensemble, Helmuth Rilling\Cantatas BWV 41-42\08 Kantate, BWV 42 _Am Abend aber desselbigen Sabbats__ II. Recitativo (Tenore) _Am Abend aber desselbigen Sabbats_.flac",1,1,29.437,2026-08-26 15:07:01,2026-08-26 15:07:01
1,RadioTEDU Classical,/classic,configured_stream,47979,"Kantate, BWV 42 ""Am Abend aber desselbigen Sabbats"": III. Aria (Alto) ""Wo zwei und drei versammlet sind""",Johann Sebastian Bach,,,,,,,729.907,"H:\RadioTEDU Songs\Classical\Johann Sebastian Bach; Bach-Ensemble, Helmuth Rilling\Cantatas BWV 41-42\09 Kantate, BWV 42 _Am Abend aber desselbigen Sabbats__ III. Aria (Alto) _Wo zwei und drei versammlet sind_.flac",1,1,732.845,2026-08-26 01:14:17,2026-08-26 01:14:17
1,RadioTEDU Classical,/classic,configured_stream,47980,"Kantate, BWV 42 ""Am Abend aber desselbigen Sabbats"": IV. Chorale (Duetto Soprano, Tenore) ""Verzage nicht, o Häuflein klein""",Johann Sebastian Bach,,,,,,,123.827,"H:\RadioTEDU Songs\Classical\Johann Sebastian Bach; Bach-Ensemble, Helmuth Rilling\Cantatas BWV 41-42\10 Kantate, BWV 42 _Am Abend aber desselbigen Sabbats__ IV. Chorale (Duetto Soprano, Tenore) _Verzage nicht, o Häuflein klein_.flac",1,1,121.683,2026-08-26 03:22:22,2026-08-26 03:22:22
1,RadioTEDU Classical,/classic,configured_stream,47969,"Kantate, BWV 5 ""Wo soll ich fliehen hin"": III. Aria (Tenore) ""Ergieße dich reichlich, du göttliche Quelle""",Johann Sebastian Bach,,,,,,,343.733,"H:\RadioTEDU Songs\Classical\Johann Sebastian Bach; Bach-Ensemble, Helmuth Rilling\Cantatas BWV 4-6\11 Kantate, BWV 5 _Wo soll ich fliehen hin__ III. Aria (Tenore) _Ergieße dich reichlich, du göttliche Quelle_.flac",1,1,340.774,2026-08-26 10:52:13,2026-08-26 10:52:13
1,RadioTEDU Classical,/classic,configured_stream,48163,"Kantate, BWV 57 “Selig ist der Mann”: VII. Aria (Soprano) “Ich ende behende mein irdisches Leben”",Johann Sebastian Bach,,,,,,,214.893,"H:\RadioTEDU Songs\Classical\Johann Sebastian Bach; Bach‐Collegium Stuttgart, Helmuth Rilling\Cantatas, BWV 54–57\20 Kantate, BWV 57 “Selig ist der Mann”_ VII. Aria (Soprano) “Ich ende behende mein irdisches Leben”.flac",1,1,215.293,2026-08-26 11:14:43,2026-08-26 11:14:43
1,RadioTEDU Classical,/classic,configured_stream,48167,"Kantate, BWV 65 “Sie werden aus Saba alle kommen”: V. Recitativo (Tenor) “Verschmähe nicht, du meiner Seele Licht”",Johann Sebastian Bach,,,,,,,95.067,"H:\RadioTEDU Songs\Classical\Johann Sebastian Bach; Bach‐Collegium Stuttgart, Helmuth Rilling\Cantatas, BWV 65–67\05 Kantate, BWV 65 “Sie werden aus Saba alle kommen”_ V. Recitativo (Tenor) “Verschmähe nicht, du meiner Seele Licht”.flac",1,1,94.988,2026-08-26 09:55:19,2026-08-26 09:55:19
1,RadioTEDU Classical,/classic,configured_stream,48170,"Kantate, BWV 66 “Erfreut euch, ihr Herzen”: IV. Recitativo à 2 (Tenor, Alt) “Bei Jesu Leben freudig sein”",Johann Sebastian Bach,,,,,,,273.36,"H:\RadioTEDU Songs\Classical\Johann Sebastian Bach; Bach‐Collegium Stuttgart, Helmuth Rilling\Cantatas, BWV 65–67\11 Kantate, BWV 66 “Erfreut euch, ihr Herzen”_ IV. Recitativo à 2 (Tenor, Alt) “Bei Jesu Leben freudig sein”.flac",1,1,274.317,2026-08-26 11:42:51,2026-08-26 11:42:51
1,RadioTEDU Classical,/classic,configured_stream,48175,"Kantate, BWV 70 “Wachet! betet! betet! wachet!”: II. Recitativo (Bass) “Erschrecket, ihr verstockten Sünder”",Johann Sebastian Bach,,,,,,,93.027,"H:\RadioTEDU Songs\Classical\Johann Sebastian Bach; Bach‐Collegium Stuttgart, Helmuth Rilling\Cantatas, BWV 68–70\13 Kantate, BWV 70 “Wachet! betet! betet! wachet!”_ II. Recitativo (Bass) “Erschrecket, ihr verstockten Sünder”.flac",1,1,90.247,2026-08-26 15:35:58,2026-08-26 15:35:58
1,RadioTEDU Classical,/classic,configured_stream,48184,"Kantate, BWV 75 “Die Elenden sollen essen”: VII. Choral “Was Gott tut, das ist wohlgetan”",Johann Sebastian Bach,,,,,,,140.307,"H:\RadioTEDU Songs\Classical\Johann Sebastian Bach; Bach‐Collegium Stuttgart, Helmuth Rilling\Cantatas, BWV 75–76\07 Kantate, BWV 75 “Die Elenden sollen essen”_ VII. Choral “Was Gott tut, das ist wohlgetan”.flac",1,1,137.433,2026-08-26 13:34:22,2026-08-26 13:34:22
1,RadioTEDU Classical,/classic,configured_stream,48192,"Kantate, BWV 78 “Jesu, der du meine Seele”: III. Recitativo (Tenor) “Ach! ich bin ein Kind der Sünden”",Johann Sebastian Bach,,,,,,,142.707,"H:\RadioTEDU Songs\Classical\Johann Sebastian Bach; Bach‐Collegium Stuttgart, Helmuth Rilling\Cantatas, BWV 77–79\09 Kantate, BWV 78 “Jesu, der du meine Seele”_ III. Recitativo (Tenor) “Ach! ich bin ein Kind der Sünden”.flac",1,1,140.05,2026-08-26 18:30:50,2026-08-26 18:30:50
1,RadioTEDU Classical,/classic,configured_stream,48000,"Kantate, BWV 86 ""Wahrlich, wahrlich, ich sage euch"": IV. Recitativo ""Gott macht es nicht gleichwie die Welt""",Johann Sebastian Bach,,,,,,,37.173,"H:\RadioTEDU Songs\Classical\Johann Sebastian Bach; Bach-Ensemble, Helmuth Rilling\Cantatas BWV 83-86\20 Kantate, BWV 86 _Wahrlich, wahrlich, ich sage euch__ IV. Recitativo _Gott macht es nicht gleichwie die Welt_.flac",1,1,36.264,2026-08-26 21:19:58,2026-08-26 21:19:58
1,RadioTEDU Classical,/classic,configured_stream,48199,"Kantate, BWV 89 “Was soll ich aus dir machen, Ephraim?”: IV. Recitativo (Sopran) “Wohlan! mein Herze legt Zorn, Zank und Zwietracht hin”",Johann Sebastian Bach,,,,,,,84.0,"H:\RadioTEDU Songs\Classical\Johann Sebastian Bach; Bach‐Collegium Stuttgart, Helmuth Rilling\Cantatas, BWV 87–90\18 Kantate, BWV 89 “Was soll ich aus dir machen, Ephraim_”_ IV. Recitativo (Sopran) “Wohlan! mein Herze legt Zorn, Zank und Zwietracht hin”.flac",1,1,83.78,2026-08-26 15:06:21,2026-08-26 15:06:21
1,RadioTEDU Classical,/classic,configured_stream,48202,"Kantate, BWV 95 “Christus, der ist mein Leben”: IV. Recitativo (Tenor) “Ach könnte mir doch bald so wohl geschehn”",Johann Sebastian Bach,,,,,,,41.373,"H:\RadioTEDU Songs\Classical\Johann Sebastian Bach; Bach‐Collegium Stuttgart, Helmuth Rilling\Cantatas, BWV 94–96\12 Kantate, BWV 95 “Christus, der ist mein Leben”_ IV. Recitativo (Tenor) “Ach könnte mir doch bald so wohl geschehn”.flac",1,1,42.858,2026-08-26 21:24:50,2026-08-26 21:24:50
1,RadioTEDU Classical,/classic,configured_stream,48203,"Kantate, BWV 96 “Herr Christ, der einge Gottessohn”: IV. Recitativo (Sopran) “Ach, führe mich, o Gott, zum rechten Wege”",Johann Sebastian Bach,,,,,,,55.0,"H:\RadioTEDU Songs\Classical\Johann Sebastian Bach; Bach‐Collegium Stuttgart, Helmuth Rilling\Cantatas, BWV 94–96\19 Kantate, BWV 96 “Herr Christ, der einge Gottessohn”_ IV. Recitativo (Sopran) “Ach, führe mich, o Gott, zum rechten Wege”.flac",1,1,55.717,2026-08-26 21:25:47,2026-08-26 21:25:47
1,RadioTEDU Classical,/classic,configured_stream,48422,"Kyrie, Gott Vater in Ewigkeit, BWV 669",Johann Sebastian Bach,,,,,,,211.733,"H:\RadioTEDU Songs\Classical\Johann Sebastian Bach; Kay Johannsen\Orgelwerke_ Clavier Übung, Dritter Theil\1-02 Kyrie, Gott Vater in Ewigkeit, BWV 669.flac",1,1,209.787,2026-08-26 13:19:51,2026-08-26 13:19:51
1,RadioTEDU Classical,/classic,configured_stream,47886,"L'Oiseau de feu: Tableau 1, Khorovode des princesses",Igor Stravinsky,,,,,,,282.12,"H:\RadioTEDU Songs\Classical\Igor Stravinsky; Orchestre de Paris, Klaus Mäkelä\The Rite of Spring _ The Firebird\24 L'Oiseau de feu_ Tableau 1, Khorovode des princesses.mp3",1,1,282.098,2026-08-26 17:37:37,2026-08-26 17:37:37
1,RadioTEDU Classical,/classic,configured_stream,49074,"La voix humaine : « Hier soir, je me suis couchée tout de suite »",Francis Poulenc,,,,,,,115.12,"H:\RadioTEDU Songs\Classical\Poulenc; Véronique Gens, Orchestre national de Lille, Alexandre Bloch\La voix humaine\04 La voix humaine _ « Hier soir, je me suis couchée tout de suite » (1).flac",1,1,116.132,2026-08-26 10:09:52,2026-08-26 10:09:52
1,RadioTEDU Classical,/classic,configured_stream,47773,"Largo, From Cello Concerto in G major",Nicola Porpora,,,,,,,203.32,"H:\RadioTEDU Songs\Classical\Christian-Pierre La Marca, Le Concert de la Loge, Julien Chauvin\Legacy\04 Nicola Porpora - Largo, From Cello Concerto in G major.flac",1,1,200.649,2026-08-26 22:23:07,2026-08-26 22:23:07
1,RadioTEDU Classical,/classic,configured_stream,49402,light dance,小瀬村晶,,,,,,,289.32,H:\RadioTEDU Songs\Classical\小瀬村晶\how my heart sings\11 light dance (1).mp3,1,1,286.672,2026-08-26 08:19:07,2026-08-26 08:19:07
1,RadioTEDU Classical,/classic,configured_stream,49403,light dance,小瀬村晶,,,,,,,289.32,H:\RadioTEDU Songs\Classical\小瀬村晶\how my heart sings\11 light dance.mp3,1,1,286.698,2026-08-26 07:53:16,2026-08-26 07:53:16
1,RadioTEDU Classical,/classic,configured_stream,48781,Light Sting,Kevin MacLeod,,,,,,,14.763,H:\RadioTEDU Songs\Classical\Kevin MacLeod\Utility\10 Light Sting.mp3,1,1,12.075,2026-08-26 21:37:18,2026-08-26 21:37:18
1,RadioTEDU Classical,/classic,configured_stream,49271,"Marche Slave, op. 31",Tchaikovsky,,,,,,,555.486,"H:\RadioTEDU Songs\Classical\Tchaikovsky; Russian National Orchestra, Mikhail Pletnev\The Symphonies and Manfred\1-05 Marche Slave, op. 31.flac",1,1,556.234,2026-08-26 07:17:59,2026-08-26 07:17:59
1,RadioTEDU Classical,/classic,configured_stream,49163,"Medea Ballet Suite, op. 23: I. Parodos",Samuel Barber,,,,,,,198.733,"H:\RadioTEDU Songs\Classical\Samuel Barber; Royal Scottish National Orchestra, Wendy Warner, Marin Alsop\Cello Concerto _ Medea _ Adagio for Strings\04 Medea Ballet Suite, op. 23_ I. Parodos.mp3",1,1,198.868,2026-08-26 16:28:40,2026-08-26 16:28:40
1,RadioTEDU Classical,/classic,configured_stream,49172,"Medea Ballet Suite, op. 23: VII. Exodos",Samuel Barber,,,,,,,197.676,"H:\RadioTEDU Songs\Classical\Samuel Barber; Royal Scottish National Orchestra, Wendy Warner, Marin Alsop\Cello Concerto _ Medea _ Adagio for Strings\10 Medea Ballet Suite, op. 23_ VII. Exodos.mp3",1,1,197.436,2026-08-26 15:42:51,2026-08-26 15:42:51
1,RadioTEDU Classical,/classic,configured_stream,49348,Merry-Go-Round of Life (from 'Howl's Moving Castle'),久石譲 & ロイヤル・フィルハーモニー管弦楽団,,,,,,,164.938,H:\RadioTEDU Songs\Classical\久石譲 & ロイヤル・フィルハーモニー管弦楽団\Merry-Go-Round of Life (from 'Howl's Moving Castle')\01 Merry-Go-Round of Life (from 'Howl's Moving Castle').flac,1,1,162.218,2026-08-26 03:48:52,2026-08-26 03:48:52
1,RadioTEDU Classical,/classic,configured_stream,48368,"Messe A‐Dur, BWV 234: Kyrie eleison",Johann Sebastian Bach,,,,,,,400.773,"H:\RadioTEDU Songs\Classical\Johann Sebastian Bach; Gächinger Kantorei Stuttgart, Bach‐Collegium Stuttgart, Liszt Ferenc Kamarazenekar, Helmuth Rilling\Sacred Music in Latin, 1\08 Messe A‐Dur, BWV 234_ Kyrie eleison.flac",1,1,400.714,2026-08-26 01:38:19,2026-08-26 01:38:19
1,RadioTEDU Classical,/classic,configured_stream,48366,"Messe F‐Dur, BWV 233: Cum sancto spiritu",Johann Sebastian Bach,,,,,,,160.053,"H:\RadioTEDU Songs\Classical\Johann Sebastian Bach; Gächinger Kantorei Stuttgart, Bach‐Collegium Stuttgart, Liszt Ferenc Kamarazenekar, Helmuth Rilling\Sacred Music in Latin, 1\06 Messe F‐Dur, BWV 233_ Cum sancto spiritu.flac",1,1,158.691,2026-08-26 11:11:07,2026-08-26 11:11:07
1,RadioTEDU Classical,/classic,configured_stream,48345,"Messe G‐Dur, BWV 236: Gloria in excelsis Deo",Johann Sebastian Bach,,,,,,,281.093,"H:\RadioTEDU Songs\Classical\Johann Sebastian Bach; Gächinger Kantorei Stuttgart, Bach‐Collegium Stuttgart, Helmuth Rilling\Sacred Music in Latin, 2\08 Messe G‐Dur, BWV 236_ Gloria in excelsis Deo.flac",1,1,278.227,2026-08-26 03:31:49,2026-08-26 03:31:49
1,RadioTEDU Classical,/classic,configured_stream,48348,"Messe G‐Dur, BWV 236: Quoniam tu solus sanctus",Johann Sebastian Bach,,,,,,,256.4,"H:\RadioTEDU Songs\Classical\Johann Sebastian Bach; Gächinger Kantorei Stuttgart, Bach‐Collegium Stuttgart, Helmuth Rilling\Sacred Music in Latin, 2\11 Messe G‐Dur, BWV 236_ Quoniam tu solus sanctus.flac",1,1,253.612,2026-08-26 02:06:47,2026-08-26 02:06:47
1,RadioTEDU Classical,/classic,configured_stream,47736,Messe à trois voix: I. Kyrie,André Caplet,,,,,,,211.602,"H:\RadioTEDU Songs\Classical\Caplet, Kaspar, Chausson, Marçot, Poulenc; Ensemble Esquisses, Guillemette Daboval\Par un matin\01 André Caplet - Messe à trois voix_ I. Kyrie (1).flac",1,1,210.98,2026-08-26 03:06:34,2026-08-26 03:06:34
1,RadioTEDU Classical,/classic,configured_stream,47737,Messe à trois voix: I. Kyrie,André Caplet,,,,,,,211.602,"H:\RadioTEDU Songs\Classical\Caplet, Kaspar, Chausson, Marçot, Poulenc; Ensemble Esquisses, Guillemette Daboval\Par un matin\01 André Caplet - Messe à trois voix_ I. Kyrie.flac",1,1,216.393,2026-08-26 17:32:41,2026-08-26 17:32:41
1,RadioTEDU Classical,/classic,configured_stream,48759,Michael Kills Judith,John Carpenter,,,,,,,191.007,H:\RadioTEDU Songs\Classical\John Carpenter\Halloween\05 Michael Kills Judith.flac,1,1,188.15,2026-08-26 01:42:58,2026-08-26 01:42:58
1,RadioTEDU Classical,/classic,configured_stream,49331,Moonlight Sonata (Beethoven Cover),ZaeL,,,,,,,900.127,H:\RadioTEDU Songs\Classical\ZaeL\Dreamfall\04 Moonlight Sonata (Beethoven Cover) (1).mp3,1,1,900.665,2026-08-26 17:26:11,2026-08-26 17:26:11
1,RadioTEDU Classical,/classic,configured_stream,49332,Moonlight Sonata (Beethoven Cover),ZaeL,,,,,,,900.127,H:\RadioTEDU Songs\Classical\ZaeL\Dreamfall\04 Moonlight Sonata (Beethoven Cover).mp3,1,1,897.58,2026-08-26 04:37:21,2026-08-26 04:37:21
1,RadioTEDU Classical,/classic,configured_stream,48339,"Motette, BWV 226 “Der Geist hilft unser Schwachheit auf”",Johann Sebastian Bach,,,,,,,512.36,"H:\RadioTEDU Songs\Classical\Johann Sebastian Bach; Gächinger Kantorei Stuttgart, Bach‐Collegium Stuttgart, Helmuth Rilling\Motets\1-05 Motette, BWV 226 “Der Geist hilft unser Schwachheit auf”.flac",1,1,509.636,2026-08-26 16:25:22,2026-08-26 16:25:22
1,RadioTEDU Classical,/classic,configured_stream,48341,"Motette, BWV 227 “Jesu, meine Freude”",Johann Sebastian Bach,,,,,,,1187.493,"H:\RadioTEDU Songs\Classical\Johann Sebastian Bach; Gächinger Kantorei Stuttgart, Bach‐Collegium Stuttgart, Helmuth Rilling\Motets\2-02 Motette, BWV 227 “Jesu, meine Freude”.flac",1,1,1184.616,2026-08-26 20:34:12,2026-08-26 20:34:12
1,RadioTEDU Classical,/classic,configured_stream,49150,"Music for a Scene From Shelley, op. 7",Samuel Barber,,,,,,,593.311,"H:\RadioTEDU Songs\Classical\Samuel Barber; James Buswell, Royal Scottish National Orchestra, Marin Alsop\Violin Concerto _ Music for a Scene From Shelley _ Souvenirs (Ballet Suite)\13 Music for a Scene From Shelley, op. 7.mp3",1,1,591.043,2026-08-26 20:05:13,2026-08-26 20:05:13
1,RadioTEDU Classical,/classic,configured_stream,49059,Nummisuutarit,Uuno Klami,,,,,,,510.373,"H:\RadioTEDU Songs\Classical\Oulu Sinfonia, Rumon Gamba\Overtures from Finland\02 Uuno Klami - Nummisuutarit.flac",1,1,508.958,2026-08-26 17:00:01,2026-08-26 17:00:01
1,RadioTEDU Classical,/classic,configured_stream,48662,"O Ewigkeit, du Donnerwort BWV 397",Johann Sebastian Bach,,,,,,,154.813,"H:\RadioTEDU Songs\Classical\Johann Sebastian Bach\Bach Edition, Volume 17_ Vocal Works _ Vokalwerke Vol.II\8-41 O Ewigkeit, du Donnerwort BWV 397.flac",1,1,156.281,2026-08-26 01:52:14,2026-08-26 01:52:14
1,RadioTEDU Classical,/classic,configured_stream,48692,"O Mensch, bewein' dein Sünde gross BWV 402",Johann Sebastian Bach,,,,,,,108.88,"H:\RadioTEDU Songs\Classical\Johann Sebastian Bach\Bach Edition, Volume 23_ Chorale _ Chorales\2-45 O Mensch, bewein' dein Sünde gross BWV 402.flac",1,1,108.748,2026-08-26 04:45:10,2026-08-26 04:45:10
1,RadioTEDU Classical,/classic,configured_stream,49042,"Oboe Concerto in C major, K. 314: I. Allegro aperto",Wolfgang Amadeus Mozart,,,,,,,448.547,"H:\RadioTEDU Songs\Classical\Mozart; Il Pomo d’Oro, Maxim Emelyanychev, Ivan Podyomov\Symphonies 29 & 40 _ Oboe Concerto\05 Oboe Concerto in C major, K. 314_ I. Allegro aperto.flac",1,1,448.445,2026-08-26 05:28:24,2026-08-26 05:28:24
1,RadioTEDU Classical,/classic,configured_stream,49026,Of the undiscovered country,Max Richter,,,,,,,322.442,H:\RadioTEDU Songs\Classical\Max Richter\Hamnet_ Original Motion Picture Soundtrack\18 Max Richter - Of the undiscovered country.flac,1,1,319.547,2026-08-26 05:48:43,2026-08-26 05:48:43
1,RadioTEDU Classical,/classic,configured_stream,47752,Of Wonder,Chad Lawson,,,,,,,291.604,H:\RadioTEDU Songs\Classical\Chad Lawson\Where We Are\01 Of Wonder.flac,1,1,295.417,2026-08-26 04:13:19,2026-08-26 04:13:19
1,RadioTEDU Classical,/classic,configured_stream,47814,Opus 18,Dustin O’Halloran,,,,,,,211.444,H:\RadioTEDU Songs\Classical\Dustin O’Halloran\Silfur\1-04 Dustin O’Halloran - Opus 18 (1).flac,1,1,208.733,2026-08-26 21:51:56,2026-08-26 21:51:56
1,RadioTEDU Classical,/classic,configured_stream,47815,Opus 18,Dustin O’Halloran,,,,,,,211.444,H:\RadioTEDU Songs\Classical\Dustin O’Halloran\Silfur\1-04 Dustin O’Halloran - Opus 18.flac,1,1,210.946,2026-08-26 00:11:57,2026-08-26 00:11:57
1,RadioTEDU Classical,/classic,configured_stream,49302,"Orlando finto pazzo, RV 727: Act I Scene 12b: Aria: In amor spesso (Brandimarte)",Antonio Vivaldi,,,,,,,150.953,"H:\RadioTEDU Songs\Classical\Vivaldi; Abete, Bertagnolli, Comparato, Prina, Custer, Oro, Pizzolato, Academia Montis Regalis, Alessandro De Marchi\Orlando finto pazzo\3-24 Orlando finto pazzo, RV 727_ Act I Scene 12b_ Aria_ In amor spesso (Brandimarte).mp3",1,1,150.803,2026-08-26 03:37:45,2026-08-26 03:37:45
1,RadioTEDU Classical,/classic,configured_stream,48773,"Orphée (Arr. for Piano Duet), Act I: III. La chambre d'Orphée",Katia & Marielle Labèque,,,,,,,119.153,"H:\RadioTEDU Songs\Classical\Katia & Marielle Labèque\Philip Glass _ Cocteau Trilogy\1-03 Orphée (Arr. for Piano Duet), Act I_ III. La chambre d'Orphée.flac",1,1,121.971,2026-08-26 09:59:34,2026-08-26 09:59:34
1,RadioTEDU Classical,/classic,configured_stream,48550,"Partita E‐Dur, BWV 1006a: IV. Menuet I",Johann Sebastian Bach,,,,,,,100.6,"H:\RadioTEDU Songs\Classical\Johann Sebastian Bach; Robert Hill\Original und Bearbeitung\2-04 Partita E‐Dur, BWV 1006a_ IV. Menuet I.flac",1,1,100.508,2026-08-26 05:15:38,2026-08-26 05:15:38
1,RadioTEDU Classical,/classic,configured_stream,48551,"Partita E‐Dur, BWV 1006a: V. Menuet II",Johann Sebastian Bach,,,,,,,154.4,"H:\RadioTEDU Songs\Classical\Johann Sebastian Bach; Robert Hill\Original und Bearbeitung\2-05 Partita E‐Dur, BWV 1006a_ V. Menuet II.flac",1,1,153.088,2026-08-26 21:48:28,2026-08-26 21:48:28
1,RadioTEDU Classical,/classic,configured_stream,48553,"Partita E‐Dur, BWV 1006a: VII. Gigue",Johann Sebastian Bach,,,,,,,120.333,"H:\RadioTEDU Songs\Classical\Johann Sebastian Bach; Robert Hill\Original und Bearbeitung\2-07 Partita E‐Dur, BWV 1006a_ VII. Gigue.flac",1,1,120.733,2026-08-26 06:42:23,2026-08-26 06:42:23
1,RadioTEDU Classical,/classic,configured_stream,48248,"Partita für Violine no. 1 h‐Moll, BWV 1002: VI. Double",Johann Sebastian Bach,,,,,,,83.16,"H:\RadioTEDU Songs\Classical\Johann Sebastian Bach; Dimitri Sitkovetsky\Sonaten und Partiten für Violine solo, BWV 1001–1006\1-10 Partita für Violine no. 1 h‐Moll, BWV 1002_ VI. Double.flac",1,1,81.569,2026-08-26 01:39:50,2026-08-26 01:39:50
1,RadioTEDU Classical,/classic,configured_stream,48262,"Partita für Violine no. 3 E‐dur, BWV 1006: IV. Menuet I",Johann Sebastian Bach,,,,,,,108.907,"H:\RadioTEDU Songs\Classical\Johann Sebastian Bach; Dimitri Sitkovetsky\Sonaten und Partiten für Violine solo, BWV 1001–1006\2-13 Partita für Violine no. 3 E‐dur, BWV 1006_ IV. Menuet I.flac",1,1,109.156,2026-08-26 19:39:43,2026-08-26 19:39:43
1,RadioTEDU Classical,/classic,configured_stream,48535,Partita g‐Moll nach BWV 1004: II. Corrente,Johann Sebastian Bach,,,,,,,163.84,H:\RadioTEDU Songs\Classical\Johann Sebastian Bach; Robert Hill\Original und Bearbeitung\1-02 Partita g‐Moll nach BWV 1004_ II. Corrente.flac,1,1,163.882,2026-08-26 23:14:53,2026-08-26 23:14:53
1,RadioTEDU Classical,/classic,configured_stream,48738,"Partita No. 6 in E minor, BWV 830: IV. Air",Johann Sebastian Bach,,,,,,,92.667,"H:\RadioTEDU Songs\Classical\Johann Sebastian Bach\Bach Edition, Volume 3_ Keyboard Works_Klavierwerke, Volume I\05-16 Partita No. 6 in E minor, BWV 830_ IV. Air.flac",1,1,90.145,2026-08-26 11:38:17,2026-08-26 11:38:17
1,RadioTEDU Classical,/classic,configured_stream,49033,Passacaglia,Sylvius Leopold Weiss,,,,,,,216.853,H:\RadioTEDU Songs\Classical\Miloš\Baroque\06 Sylvius Leopold Weiss - Passacaglia (1).flac,1,1,214.459,2026-08-26 09:49:03,2026-08-26 09:49:03
1,RadioTEDU Classical,/classic,configured_stream,49035,Passacaglia,Sylvius Leopold Weiss,,,,,,,216.853,H:\RadioTEDU Songs\Classical\Miloš\Baroque\06 Sylvius Leopold Weiss - Passacaglia.mp3,1,1,217.321,2026-08-26 08:31:32,2026-08-26 08:31:32
1,RadioTEDU Classical,/classic,configured_stream,48848,"Pavane, op. 50",Gabriel Fauré,,,,,,,307.48,"H:\RadioTEDU Songs\Classical\London Philharmonic Orchestra\The 50 Greatest Pieces of Classical Music\41 Gabriel Fauré - Pavane, op. 50.mp3",1,1,304.928,2026-08-26 12:30:35,2026-08-26 12:30:35
1,RadioTEDU Classical,/classic,configured_stream,48804,"Peer Gynt Suite no. 1, op. 46: I. Morning Mood",Edvard Grieg,,,,,,,224.68,"H:\RadioTEDU Songs\Classical\London Philharmonic Orchestra\The 50 Greatest Pieces of Classical Music\01 Edvard Grieg - Peer Gynt Suite no. 1, op. 46_ I. Morning Mood.mp3",1,1,221.795,2026-08-26 05:20:56,2026-08-26 05:20:56
1,RadioTEDU Classical,/classic,configured_stream,48846,"Peer Gynt Suite no. 1, op. 46: IV. In the Hall of the Mountain King",Edvard Grieg,,,,,,,163.16,"H:\RadioTEDU Songs\Classical\London Philharmonic Orchestra\The 50 Greatest Pieces of Classical Music\40 Edvard Grieg - Peer Gynt Suite no. 1, op. 46_ IV. In the Hall of the Mountain King.flac",1,1,162.941,2026-08-26 13:29:43,2026-08-26 13:29:43
1,RadioTEDU Classical,/classic,configured_stream,48911,"Piano Concerto No. 5 in E-Flat Major, Op. 73 ""Emperor"": II. Adagio un poco moto",The Richard Hickox Singers,,,,,,,490.44,"H:\RadioTEDU Songs\Classical\Ludwig van Beethoven\Beethoven Light Classical\05 The Richard Hickox Singers - Piano Concerto No. 5 in E-Flat Major, Op. 73 _Emperor__ II. Adagio un poco moto.mp3",1,1,487.829,2026-08-26 10:07:55,2026-08-26 10:07:55
1,RadioTEDU Classical,/classic,configured_stream,47837,Pink Sakura,"Eunike Tanzil, Deutsches Symphonie‐Orchester Berlin & Anna Handler",,,,,,,198.7,"H:\RadioTEDU Songs\Classical\Eunike Tanzil, Deutsches Symphonie‐Orchester Berlin & Anna Handler\The First of Everything\02 Eunike Tanzil, Deutsches Symphonie‐Orchester Berlin & Anna Handler - Pink Sakura.flac",1,1,198.278,2026-08-26 17:59:47,2026-08-26 17:59:47
1,RadioTEDU Classical,/classic,configured_stream,48628,"Prelude and Fughetta in D minor, BWV 899: I. Prelude",Johann Sebastian Bach,,,,,,,114.867,"H:\RadioTEDU Songs\Classical\Johann Sebastian Bach\Bach Edition, Volume 13_ Keyboard Works_Klavierwerke, Volume II\11-21 Prelude and Fughetta in D minor, BWV 899_ I. Prelude.flac",1,1,112.375,2026-08-26 09:13:14,2026-08-26 09:13:14
1,RadioTEDU Classical,/classic,configured_stream,48518,"Prelude in D minor, BWV 935",Johann Sebastian Bach,,,,,,,115.267,"H:\RadioTEDU Songs\Classical\Johann Sebastian Bach; Robert Hill\Bach as Teacher_ Keyboard Works from the Cöthen Period\2-23 Prelude in D minor, BWV 935.flac",1,1,112.553,2026-08-26 09:30:23,2026-08-26 09:30:23
1,RadioTEDU Classical,/classic,configured_stream,48520,"Prelude in E major, BWV 937",Johann Sebastian Bach,,,,,,,109.76,"H:\RadioTEDU Songs\Classical\Johann Sebastian Bach; Robert Hill\Bach as Teacher_ Keyboard Works from the Cöthen Period\2-25 Prelude in E major, BWV 937.flac",1,1,109.373,2026-08-26 12:57:53,2026-08-26 12:57:53
1,RadioTEDU Classical,/classic,configured_stream,47623,"Prelude no. 4 in E minor, op. 28",Fryderyk Chopin,,,,,,,159.15,"H:\RadioTEDU Songs\Classical\Bach, Busoni, Beethoven; James Rhodes\Now Would All Freudians Please Stand Aside\2-01 Fryderyk Chopin - Prelude no. 4 in E minor, op. 28.mp3",1,1,159.421,2026-08-26 10:54:52,2026-08-26 10:54:52
1,RadioTEDU Classical,/classic,configured_stream,49231,"Preludes, op. 23: No. 7 in C minor. Allegro",Sergei Rachmaninov,,,,,,,134.0,"H:\RadioTEDU Songs\Classical\Sergei Rachmaninov; Andrei Nikolsky\Prelude, op. 2 no. 3 _ Preludes, op. 23 nos. 1-10 _ Corelli Variations, op. 42 _ Sonata no. 2, op. 36\08 Preludes, op. 23_ No. 7 in C minor. Allegro.flac",1,1,131.138,2026-08-26 07:08:43,2026-08-26 07:08:43
1,RadioTEDU Classical,/classic,configured_stream,49232,"Preludes, op. 23: No. 8 in A-flat major. Allegro vivace",Sergei Rachmaninov,,,,,,,168.0,"H:\RadioTEDU Songs\Classical\Sergei Rachmaninov; Andrei Nikolsky\Prelude, op. 2 no. 3 _ Preludes, op. 23 nos. 1-10 _ Corelli Variations, op. 42 _ Sonata no. 2, op. 36\09 Preludes, op. 23_ No. 8 in A-flat major. Allegro vivace.flac",1,1,166.199,2026-08-26 08:55:10,2026-08-26 08:55:10
1,RadioTEDU Classical,/classic,configured_stream,47741,Pride and Prejudice,Carl Davis,,,,,,,213.917,H:\RadioTEDU Songs\Classical\Carl Davis; Melvyn Tan\Pride and Prejudice\01 Pride and Prejudice (1).mp3,1,1,213.178,2026-08-26 00:43:34,2026-08-26 00:43:34
1,RadioTEDU Classical,/classic,configured_stream,47742,Pride and Prejudice,Carl Davis,,,,,,,213.917,H:\RadioTEDU Songs\Classical\Carl Davis; Melvyn Tan\Pride and Prejudice\01 Pride and Prejudice.mp3,1,1,212.146,2026-08-26 02:22:24,2026-08-26 02:22:24
1,RadioTEDU Classical,/classic,configured_stream,48765,Prologue,John Williams,,,,,,,132.37,H:\RadioTEDU Songs\Classical\John Williams\Harry Potter and the Philosopher’s Stone_ Music From and Inspired by the Motion Picture\1-01 Prologue.mp3,1,1,129.652,2026-08-26 03:51:01,2026-08-26 03:51:01
1,RadioTEDU Classical,/classic,configured_stream,48525,"Präludium et parita del tuono terzo F‐Dur, BWV 833: I. Präludium (Andante)",Johann Sebastian Bach,,,,,,,63.493,"H:\RadioTEDU Songs\Classical\Johann Sebastian Bach; Robert Hill\Cembalomusik des jungen Johann Sebastian Bach, vol. I\07 Präludium et parita del tuono terzo F‐Dur, BWV 833_ I. Präludium (Andante).flac",1,1,63.43,2026-08-26 04:50:08,2026-08-26 04:50:08
1,RadioTEDU Classical,/classic,configured_stream,48526,"Präludium et parita del tuono terzo F‐Dur, BWV 833: II. Allemande",Johann Sebastian Bach,,,,,,,172.84,"H:\RadioTEDU Songs\Classical\Johann Sebastian Bach; Robert Hill\Cembalomusik des jungen Johann Sebastian Bach, vol. I\08 Präludium et parita del tuono terzo F‐Dur, BWV 833_ II. Allemande.flac",1,1,173.126,2026-08-26 09:01:19,2026-08-26 09:01:19
1,RadioTEDU Classical,/classic,configured_stream,47783,"Préludes, 1ᵉʳ Livre: XI. La danse de Puck",Claude Debussy,,,,,,,191.707,"H:\RadioTEDU Songs\Classical\Claude Debussy; Arturo Benedetti Michelangeli\Préludes, Vol. I _ Images\11 Préludes, 1ᵉʳ Livre_ XI. La danse de Puck.flac",1,1,191.738,2026-08-26 06:21:33,2026-08-26 06:21:33
1,RadioTEDU Classical,/classic,configured_stream,49014,"Rondo in C Major, WoO 48: Allegretto",Ludwig van Beethoven,,,,,,,129.0,"H:\RadioTEDU Songs\Classical\Ludwig van Beethoven\Piano Recital\48 Rondo in C Major, WoO 48_ Allegretto.flac",1,1,128.995,2026-08-26 09:11:06,2026-08-26 09:11:06
1,RadioTEDU Classical,/classic,configured_stream,47784,"Rêverie, L. 68",Claude Debussy,,,,,,,258.7,"H:\RadioTEDU Songs\Classical\Claude Debussy; Jean‐Yves Thibaudet, Klavierduo Kontarsky, Anne Shasby, Richard McMahon, François Chaplin, Philippe Cassard, Budapest Festival Orchestra, Zoltán Kocsis & Iván Fischer\Debussy Piano Edition\1-18 Rêverie, L. 68.flac",1,1,255.889,2026-08-26 15:53:37,2026-08-26 15:53:37
1,RadioTEDU Classical,/classic,configured_stream,49216,Sanctuary,Scott Buckley,,,,,,,246.317,H:\RadioTEDU Songs\Classical\Scott Buckley\Sanctuary\01 Sanctuary.m4a,1,1,246.097,2026-08-26 11:53:11,2026-08-26 11:53:11
1,RadioTEDU Classical,/classic,configured_stream,49196,Sanctum,Scott Buckley,,,,,,,255.211,H:\RadioTEDU Songs\Classical\Scott Buckley\Library Songs 1\04 Sanctum.m4a,1,1,252.34,2026-08-26 07:06:32,2026-08-26 07:06:32
1,RadioTEDU Classical,/classic,configured_stream,49147,"Serenade for Strings, op. 1: I. Un poco adagio: Allegro con spirito",Samuel Barber,,,,,,,240.221,"H:\RadioTEDU Songs\Classical\Samuel Barber; James Buswell, Royal Scottish National Orchestra, Marin Alsop\Violin Concerto _ Music for a Scene From Shelley _ Souvenirs (Ballet Suite)\10 Serenade for Strings, op. 1_ I. Un poco adagio_ Allegro con spirito.mp3",1,1,240.23,2026-08-26 16:35:24,2026-08-26 16:35:24
1,RadioTEDU Classical,/classic,configured_stream,49149,"Serenade for Strings, op. 1: III. Dance: Allegro giocoso",Samuel Barber,,,,,,,248.361,"H:\RadioTEDU Songs\Classical\Samuel Barber; James Buswell, Royal Scottish National Orchestra, Marin Alsop\Violin Concerto _ Music for a Scene From Shelley _ Souvenirs (Ballet Suite)\12 Serenade for Strings, op. 1_ III. Dance_ Allegro giocoso.mp3",1,1,245.641,2026-08-26 23:03:12,2026-08-26 23:03:12
1,RadioTEDU Classical,/classic,configured_stream,48833,"Serenade no. 13 in G major, K. 525 ""Eine kleine Nachtmusik"": I. Allegro",Wolfgang Amadeus Mozart,,,,,,,351.427,"H:\RadioTEDU Songs\Classical\London Philharmonic Orchestra\The 50 Greatest Pieces of Classical Music\28 Wolfgang Amadeus Mozart - Serenade no. 13 in G major, K. 525 _Eine kleine Nachtmusik__ I. Allegro.flac",1,1,348.658,2026-08-26 06:27:31,2026-08-26 06:27:31
1,RadioTEDU Classical,/classic,configured_stream,47776,Sinister,Christopher Young,,,,,,,264.827,H:\RadioTEDU Songs\Classical\Christopher Young\Sinister_ Original Motion Picture Soundtrack\11 Sinister.flac,1,1,262.121,2026-08-26 04:03:58,2026-08-26 04:03:58
1,RadioTEDU Classical,/classic,configured_stream,47835,"Six Sonatas for Violin Solo, op. 27: Sonata no. 3 in D minor “Ballade”",Eugène Ysaÿe,,,,,,,403.92,"H:\RadioTEDU Songs\Classical\Eugène Ysaÿe; Hilary Hahn\Six Sonatas for Violin Solo, op. 27\09 Six Sonatas for Violin Solo, op. 27_ Sonata no. 3 in D minor “Ballade” (1).flac",1,1,402.359,2026-08-26 21:03:05,2026-08-26 21:03:05
1,RadioTEDU Classical,/classic,configured_stream,47836,"Six Sonatas for Violin Solo, op. 27: Sonata no. 3 in D minor “Ballade”",Eugène Ysaÿe,,,,,,,403.92,"H:\RadioTEDU Songs\Classical\Eugène Ysaÿe; Hilary Hahn\Six Sonatas for Violin Solo, op. 27\09 Six Sonatas for Violin Solo, op. 27_ Sonata no. 3 in D minor “Ballade”.flac",1,1,403.898,2026-08-26 21:58:39,2026-08-26 21:58:39
1,RadioTEDU Classical,/classic,configured_stream,47698,"Sonata for Cello and Piano No. 1 in F Major, Op. 5 No. 1: I. Adagio sostenuto",Ludwig van Beethoven,,,,,,,180.333,"H:\RadioTEDU Songs\Classical\Beethoven; Martha Argerich\Martha Argerich plays Beethoven\51 Sonata for Cello and Piano No. 1 in F Major, Op. 5 No. 1_ I. Adagio sostenuto.flac",1,1,177.738,2026-08-26 04:53:15,2026-08-26 04:53:15
1,RadioTEDU Classical,/classic,configured_stream,48877,"Sonata for Piano no. 1 in F minor, op. 2 no. 1: IV. Prestissimo",Ludwig van Beethoven,,,,,,,455.0,"H:\RadioTEDU Songs\Classical\Ludwig van Beethoven; Claudio Arrau\Arrau Edition_ Beethoven\01-04 Sonata for Piano no. 1 in F minor, op. 2 no. 1_ IV. Prestissimo.flac",1,1,452.302,2026-08-26 19:47:20,2026-08-26 19:47:20
1,RadioTEDU Classical,/classic,configured_stream,49311,Sonata No. 42 in D Minor (Arr. Ólafsson),Domenico Cimarosa,,,,,,,143.538,H:\RadioTEDU Songs\Classical\Víkingur Ólafsson\Mozart & Contemporaries\04 Domenico Cimarosa - Sonata No. 42 in D Minor (Arr. Ólafsson).flac,1,1,140.679,2026-08-26 08:14:21,2026-08-26 08:14:21
1,RadioTEDU Classical,/classic,configured_stream,48531,"Sonate a‐Moll, BWV 967",Johann Sebastian Bach,,,,,,,218.133,"H:\RadioTEDU Songs\Classical\Johann Sebastian Bach; Robert Hill\Cembalomusik des jungen Johann Sebastian Bach, vol. I\13 Sonate a‐Moll, BWV 967.flac",1,1,215.199,2026-08-26 08:23:07,2026-08-26 08:23:07
1,RadioTEDU Classical,/classic,configured_stream,48280,"Sonate c‐Moll, BWV 1017: III. Adagio",Johann Sebastian Bach,,,,,,,187.333,"H:\RadioTEDU Songs\Classical\Johann Sebastian Bach; Dmitri Sitkovetsky, Robert Hill\Sonaten für Violine und Cembalo, BWV 1014–1019\15 Sonate c‐Moll, BWV 1017_ III. Adagio.flac",1,1,187.128,2026-08-26 15:57:18,2026-08-26 15:57:18
1,RadioTEDU Classical,/classic,configured_stream,48275,"Sonate E‐Dur, BWV 1016: II. Allegro",Johann Sebastian Bach,,,,,,,170.907,"H:\RadioTEDU Songs\Classical\Johann Sebastian Bach; Dmitri Sitkovetsky, Robert Hill\Sonaten für Violine und Cembalo, BWV 1014–1019\10 Sonate E‐Dur, BWV 1016_ II. Allegro.flac",1,1,168.576,2026-08-26 15:45:40,2026-08-26 15:45:40
1,RadioTEDU Classical,/classic,configured_stream,48295,"Sonate e‐Moll, BWV 1023: I. (Allegro) - Adagio",Johann Sebastian Bach,,,,,,,264.48,"H:\RadioTEDU Songs\Classical\Johann Sebastian Bach; Georg Egger, Boris Kleiner, Ekkehard Weber\Werke für Violine und Basso continuo, BWV 1021,1023, 1025, 1026, 1019a\01 Sonate e‐Moll, BWV 1023_ I. (Allegro) - Adagio.flac",1,1,261.58,2026-08-26 15:01:57,2026-08-26 15:01:57
1,RadioTEDU Classical,/classic,configured_stream,48242,"Sonate für Violine no. 1 g‐Moll, BWV 1001: IV. Presto",Johann Sebastian Bach,,,,,,,231.533,"H:\RadioTEDU Songs\Classical\Johann Sebastian Bach; Dimitri Sitkovetsky\Sonaten und Partiten für Violine solo, BWV 1001–1006\1-04 Sonate für Violine no. 1 g‐Moll, BWV 1001_ IV. Presto.flac",1,1,233.428,2026-08-26 00:39:47,2026-08-26 00:39:47
1,RadioTEDU Classical,/classic,configured_stream,48253,"Sonate für Violine no. 2 a‐Moll, BWV 1003: III. Andante",Johann Sebastian Bach,,,,,,,289.04,"H:\RadioTEDU Songs\Classical\Johann Sebastian Bach; Dimitri Sitkovetsky\Sonaten und Partiten für Violine solo, BWV 1001–1006\1-15 Sonate für Violine no. 2 a‐Moll, BWV 1003_ III. Andante.flac",1,1,288.841,2026-08-26 05:59:08,2026-08-26 05:59:08
1,RadioTEDU Classical,/classic,configured_stream,48282,"Sonate f‐Moll, BWV 1018: I.",Johann Sebastian Bach,,,,,,,320.52,"H:\RadioTEDU Songs\Classical\Johann Sebastian Bach; Dmitri Sitkovetsky, Robert Hill\Sonaten für Violine und Cembalo, BWV 1014–1019\17 Sonate f‐Moll, BWV 1018_ I..flac",1,1,320.533,2026-08-26 18:05:09,2026-08-26 18:05:09
1,RadioTEDU Classical,/classic,configured_stream,48287,"Sonate G‐Dur, BWV 1019: II. Largo",Johann Sebastian Bach,,,,,,,97.44,"H:\RadioTEDU Songs\Classical\Johann Sebastian Bach; Dmitri Sitkovetsky, Robert Hill\Sonaten für Violine und Cembalo, BWV 1014–1019\22 Sonate G‐Dur, BWV 1019_ II. Largo.flac",1,1,95.91,2026-08-26 18:33:43,2026-08-26 18:33:43
1,RadioTEDU Classical,/classic,configured_stream,48886,"Sonate nr. 7 c‐Moll, op. 30 nr. 2: I. Allegro con brio",Ludwig van Beethoven,,,,,,,456.0,"H:\RadioTEDU Songs\Classical\Ludwig van Beethoven; Gidon Kremer, Martha Argerich\Violinsonaten nos. 6–8\04 Sonate nr. 7 c‐Moll, op. 30 nr. 2_ I. Allegro con brio.flac",1,1,456.231,2026-08-26 02:18:39,2026-08-26 02:18:39
1,RadioTEDU Classical,/classic,configured_stream,49082,"String Quintet No. 3 in C Major, K. 515: I. Allegro",Wolfgang Amadeus Mozart,,,,,,,844.373,"H:\RadioTEDU Songs\Classical\Quatuor Ébène & Antoine Tamestit\Mozart_ String Quintets K. 515 & 516\01 String Quintet No. 3 in C Major, K. 515_ I. Allegro (1).flac",1,1,844.282,2026-08-26 14:39:43,2026-08-26 14:39:43
1,RadioTEDU Classical,/classic,configured_stream,47725,"Suite bergamasque, L. 75: III. Clair de lune (Arr. Roelens for Violin and Piano)",Claude Debussy,,,,,,,278.547,"H:\RadioTEDU Songs\Classical\Brahms, Debussy, Elgar, Falla, Gluck, Kreisler; Daniel Lozakovich, Stanislav Soloviev\Spirits\03 Claude Debussy - Suite bergamasque, L. 75_ III. Clair de lune (Arr. Roelens for Violin and Piano).mp3",1,1,275.6,2026-08-26 11:47:42,2026-08-26 11:47:42
1,RadioTEDU Classical,/classic,configured_stream,49060,"Suite bergamasque, L. 75: No. 3, Clair de Lune",Claude Debussy,,,,,,,337.84,"H:\RadioTEDU Songs\Classical\Pablo Sainz-Villegas\The Blue Album\05 Claude Debussy - Suite bergamasque, L. 75_ No. 3, Clair de Lune.mp3",1,1,335.309,2026-08-26 05:54:18,2026-08-26 05:54:18
1,RadioTEDU Classical,/classic,configured_stream,48751,Suite E Major BWV 1006a (after BWV 1006) Gavotte en Rondeau,Johann Sebastian Bach,,,,,,,221.6,H:\RadioTEDU Songs\Classical\Johann Sebastian Bach\Johann Sebastian Bach Arrangements for Lute (lute_ Oliver Holzenburg)\10 Suite E Major BWV 1006a (after BWV 1006) Gavotte en Rondeau.flac,1,1,221.498,2026-08-26 14:19:02,2026-08-26 14:19:02
1,RadioTEDU Classical,/classic,configured_stream,48632,"Suite in A minor, BWV 818: III. Sarabande simple",Johann Sebastian Bach,,,,,,,228.4,"H:\RadioTEDU Songs\Classical\Johann Sebastian Bach\Bach Edition, Volume 13_ Keyboard Works_Klavierwerke, Volume II\11-27 Suite in A minor, BWV 818_ III. Sarabande simple.flac",1,1,228.536,2026-08-26 00:47:22,2026-08-26 00:47:22
1,RadioTEDU Classical,/classic,configured_stream,48633,"Suite in A minor, BWV 818: IV. Sarabande double",Johann Sebastian Bach,,,,,,,163.867,"H:\RadioTEDU Songs\Classical\Johann Sebastian Bach\Bach Edition, Volume 13_ Keyboard Works_Klavierwerke, Volume II\11-28 Suite in A minor, BWV 818_ IV. Sarabande double.flac",1,1,163.805,2026-08-26 08:52:13,2026-08-26 08:52:13
1,RadioTEDU Classical,/classic,configured_stream,48622,"Suite in A minor, BWV 818a: II. Allemande",Johann Sebastian Bach,,,,,,,228.267,"H:\RadioTEDU Songs\Classical\Johann Sebastian Bach\Bach Edition, Volume 13_ Keyboard Works_Klavierwerke, Volume II\10-19 Suite in A minor, BWV 818a_ II. Allemande.flac",1,1,225.587,2026-08-26 14:43:44,2026-08-26 14:43:44
1,RadioTEDU Classical,/classic,configured_stream,48625,"Suite in A minor, BWV 818a: V. Menuet",Johann Sebastian Bach,,,,,,,72.427,"H:\RadioTEDU Songs\Classical\Johann Sebastian Bach\Bach Edition, Volume 13_ Keyboard Works_Klavierwerke, Volume II\10-22 Suite in A minor, BWV 818a_ V. Menuet.flac",1,1,76.516,2026-08-26 19:10:33,2026-08-26 19:10:33
1,RadioTEDU Classical,/classic,configured_stream,47638,Suite No. 1 C Major BWV 1066: Gavotte I & II,Johann Sebastian Bach,,,,,,,210.107,"H:\RadioTEDU Songs\Classical\Bach; Oregon Bach Festival Chamber Orchestra, Helmuth Rilling\Orchester Suiten I & II\03 Suite No. 1 C Major BWV 1066_ Gavotte I & II.flac",1,1,212.369,2026-08-26 18:41:48,2026-08-26 18:41:48
1,RadioTEDU Classical,/classic,configured_stream,48600,"Suite No. 1 C‐Dur, BWV 1066: Forlane",Johann Sebastian Bach,,,,,,,167.44,"H:\RadioTEDU Songs\Classical\Johann Sebastian Bach; Slowakisches Kammerorchester, Bohdan Warchal, Mikhail Terian\Orchestersuiten Nos. 1–3 (Air)\04 Suite No. 1 C‐Dur, BWV 1066_ Forlane.mp3",1,1,165.003,2026-08-26 01:49:37,2026-08-26 01:49:37
1,RadioTEDU Classical,/classic,configured_stream,47648,Suite No. 2 B Minor BWV 1067: Badinerie,Johann Sebastian Bach,,,,,,,83.853,"H:\RadioTEDU Songs\Classical\Bach; Oregon Bach Festival Chamber Orchestra, Helmuth Rilling\Orchester Suiten I & II\14 Suite No. 2 B Minor BWV 1067_ Badinerie.flac",1,1,86.375,2026-08-26 16:30:18,2026-08-26 16:30:18
1,RadioTEDU Classical,/classic,configured_stream,47647,Suite No. 2 B Minor BWV 1067: Menuet,Johann Sebastian Bach,,,,,,,76.693,"H:\RadioTEDU Songs\Classical\Bach; Oregon Bach Festival Chamber Orchestra, Helmuth Rilling\Orchester Suiten I & II\13 Suite No. 2 B Minor BWV 1067_ Menuet.flac",1,1,76.606,2026-08-26 15:34:18,2026-08-26 15:34:18
1,RadioTEDU Classical,/classic,configured_stream,49107,"Symphonic Dances, op. 45: II. Andante con moto (Tempo di valse)",Сергей Васильевич Рахманинов,,,,,,,570.133,"H:\RadioTEDU Songs\Classical\Rachmaninov; St. Petersburg Philharmonic Orchestra, Mariss Jansons\Symphony no. 3 _ Symphonic Dances\05 Symphonic Dances, op. 45_ II. Andante con moto (Tempo di valse).flac",1,1,571.932,2026-08-26 17:50:12,2026-08-26 17:50:12
1,RadioTEDU Classical,/classic,configured_stream,49108,"Symphonic Dances, op. 45: III. Lento assai - Allegro vivace",Сергей Васильевич Рахманинов,,,,,,,821.0,"H:\RadioTEDU Songs\Classical\Rachmaninov; St. Petersburg Philharmonic Orchestra, Mariss Jansons\Symphony no. 3 _ Symphonic Dances\06 Symphonic Dances, op. 45_ III. Lento assai - Allegro vivace.flac",1,1,818.175,2026-08-26 14:15:21,2026-08-26 14:15:21
1,RadioTEDU Classical,/classic,configured_stream,47857,"Symphony no. 1 in E major, op. 5: III. Adagio",Alexander Glazunov,,,,,,,538.371,"H:\RadioTEDU Songs\Classical\Glazunov; Tadaaki Otaka, BBC National Orchestra of Wales\Symphonies no. 1 & no. 6\03 Symphony no. 1 in E major, op. 5_ III. Adagio.mp3",1,1,535.508,2026-08-26 04:22:24,2026-08-26 04:22:24
1,RadioTEDU Classical,/classic,configured_stream,49153,"Symphony no. 1, op. 9: Allegro molto",Samuel Barber,,,,,,,271.073,"H:\RadioTEDU Songs\Classical\Samuel Barber; Royal Scottish National Orchestra, Marin Alsop\Orchestral Works, Volume 1_ Symphonies nos. 1 and 2\03 Symphony no. 1, op. 9_ Allegro molto.mp3",1,1,268.281,2026-08-26 18:38:16,2026-08-26 18:38:16
1,RadioTEDU Classical,/classic,configured_stream,47475,Symphony No. 3 (arco 58): III. Andantino quasi allegretto,Aaron Copland,,,,,,,617.133,H:\RadioTEDU Songs\Classical\Aaron Copland\Copland Conducts Copland_ The Complete Columbia Album Collection\19-03 Symphony No. 3 (arco 58)_ III. Andantino quasi allegretto.flac,1,1,616.699,2026-08-26 12:13:39,2026-08-26 12:13:39
1,RadioTEDU Classical,/classic,configured_stream,49246,"Symphony no. 4 in A minor, op. 63: I. Tempo molto moderato, quasi adagio",Jean Sibelius,,,,,,,597.973,"H:\RadioTEDU Songs\Classical\Sir John Barbirolli\The Complete Warner Recordings\56-01 Jean Sibelius - Symphony no. 4 in A minor, op. 63_ I. Tempo molto moderato, quasi adagio.flac",1,1,595.04,2026-08-26 23:37:52,2026-08-26 23:37:52
1,RadioTEDU Classical,/classic,configured_stream,47731,"Symphony no. 4 in E-flat major ""Romantic"", WAB 104: I. Bewegt, nicht zu schnell",Anton Bruckner,,,,,,,1163.8,"H:\RadioTEDU Songs\Classical\Bruckner; Wiener Philharmoniker, Thielemann\Symphony 4\01 Symphony no. 4 in E-flat major _Romantic_, WAB 104_ I. Bewegt, nicht zu schnell.flac",1,1,1160.975,2026-08-26 16:16:48,2026-08-26 16:16:48
1,RadioTEDU Classical,/classic,configured_stream,47730,"Symphony no. 4 in E-flat major, WAB 104: I. Bewegt, nicht zu schnell",Anton Bruckner,,,,,,,1163.8,"H:\RadioTEDU Songs\Classical\Bruckner; Wiener Philharmoniker, Thielemann\11 Symphonies\06-01 Symphony no. 4 in E-flat major, WAB 104_ I. Bewegt, nicht zu schnell.flac",1,1,1160.986,2026-08-26 00:08:26,2026-08-26 00:08:26
1,RadioTEDU Classical,/classic,configured_stream,47805,"Symphony no. 9 in E-flat major, op. 70: III. Presto",Dmitri Shostakovich,,,,,,,163.702,"H:\RadioTEDU Songs\Classical\Dmitri Shostakovich; Berliner Philharmoniker, Kirill Petrenko\Symphony no. 9\03 Symphony no. 9 in E-flat major, op. 70_ III. Presto.mp3",1,1,163.712,2026-08-26 13:57:48,2026-08-26 13:57:48
1,RadioTEDU Classical,/classic,configured_stream,47799,Tchaikovsky (1),Deryn Cullen,,,,,,,182.178,H:\RadioTEDU Songs\Classical\Deryn Cullen\Andante from Symphony No. 5 - Tchaikovsky\01 Andante from Symphony No. 5 - Tchaikovsky (1).mp3,1,1,179.78,2026-08-26 14:25:38,2026-08-26 14:25:38
1,RadioTEDU Classical,/classic,configured_stream,49069,Temple of Yith,Phelios,,,,,,,419.333,H:\RadioTEDU Songs\Classical\Phelios\Gates of Atlantis\02 Temple of Yith.flac,1,1,416.628,2026-08-26 22:43:04,2026-08-26 22:43:04
1,RadioTEDU Classical,/classic,configured_stream,47820,The Arctic Suite: VI. Sea Ice Melting,Jacob Shea,,,,,,,224.773,"H:\RadioTEDU Songs\Classical\Eldbjørg Hemsing, Arctic Philharmonic\Arctic\06 Jacob Shea - The Arctic Suite_ VI. Sea Ice Melting.mp3",1,1,224.56,2026-08-26 00:59:34,2026-08-26 00:59:34
1,RadioTEDU Classical,/classic,configured_stream,47782,The Arts and the Hours,"Víkingur Ólafsson, Jean‐Philippe Rameau",,,,,,,285.449,"H:\RadioTEDU Songs\Classical\Claude Debussy, Jean‐Philippe Rameau; Víkingur Ólafsson\Debussy _ Rameau\17 Víkingur Ólafsson, Jean‐Philippe Rameau - The Arts and the Hours.flac",1,1,282.884,2026-08-26 03:42:37,2026-08-26 03:42:37
1,RadioTEDU Classical,/classic,configured_stream,48866,The Dark Bank of Clouds,Ludovico Einaudi,,,,,,,191.19,H:\RadioTEDU Songs\Classical\Ludovico Einaudi\In a Time Lapse_ Special Edition\16 Ludovico Einaudi - The Dark Bank of Clouds.mp3,1,1,195.19,2026-08-26 13:27:00,2026-08-26 13:27:00
1,RadioTEDU Classical,/classic,configured_stream,49085,The Duchess,Rachel Portman,,,,,,,152.638,H:\RadioTEDU Songs\Classical\Rachel Portman\Beyond the Screen - Film Works on Piano\06 The Duchess.mp3,1,1,150.26,2026-08-26 09:04:09,2026-08-26 09:04:09
1,RadioTEDU Classical,/classic,configured_stream,49335,The End,Zbigniew Preisner,,,,,,,147.304,H:\RadioTEDU Songs\Classical\Zbigniew Preisner\Trois couleurs _ Blanc\21 The End (1).mp3,1,1,145.65,2026-08-26 21:29:29,2026-08-26 21:29:29
1,RadioTEDU Classical,/classic,configured_stream,47917,The Father,Johan Söderqvist,,,,,,,108.07,H:\RadioTEDU Songs\Classical\Johan Söderqvist\Let the Right One In\10 The Father.mp3,1,1,105.297,2026-08-26 12:23:44,2026-08-26 12:23:44
1,RadioTEDU Classical,/classic,configured_stream,48806,"The Four Seasons, op. 8 ""Spring"": I. Allegro",Antonio Vivaldi,,,,,,,192.747,"H:\RadioTEDU Songs\Classical\London Philharmonic Orchestra\The 50 Greatest Pieces of Classical Music\03 Antonio Vivaldi - The Four Seasons, op. 8 _Spring__ I. Allegro.flac",1,1,190.59,2026-08-26 06:34:34,2026-08-26 06:34:34
1,RadioTEDU Classical,/classic,configured_stream,47484,The Grey Lady,Alexandre Desplat,,,,,,,357.564,H:\RadioTEDU Songs\Classical\Alexandre Desplat\Harry Potter and the Deathly Hallows Part 2 (original Motion Picture Soundtrack)\10 The Grey Lady (1).mp3,1,1,358.436,2026-08-26 14:49:45,2026-08-26 14:49:45
1,RadioTEDU Classical,/classic,configured_stream,47732,"The Rains of Castamere (from ""Game of Thrones"")",Camille and Kennerly,,,,,,,168.066,H:\RadioTEDU Songs\Classical\Camille and Kennerly\The Rains of Castamere (from _Game of Thrones_)\01 The Rains of Castamere (from _Game of Thrones_) (1).mp3,1,1,169.767,2026-08-26 22:26:52,2026-08-26 22:26:52
1,RadioTEDU Classical,/classic,configured_stream,47829,The Sacred Veil: XII. Child of Wonder,Eric Whitacre,,,,,,,281.667,H:\RadioTEDU Songs\Classical\Eric Whitacre; Voces8\Home\16 The Sacred Veil_ XII. Child of Wonder.mp3,1,1,282.59,2026-08-26 19:32:15,2026-08-26 19:32:15
1,RadioTEDU Classical,/classic,configured_stream,49078,"The Seasons, op. 37b: X. October “Autumn Song”",Pyotr Ilyich Tchaikovsky arr. A. Gauk,,,,,,,285.187,"H:\RadioTEDU Songs\Classical\Pyotr Ilyich Tchaikovsky; Detroit Symphony Orchestra, Neeme Järvi\Suite no. 4 “Mozartiana” _ The Seasons\24 Pyotr Ilyich Tchaikovsky arr. A. Gauk - The Seasons, op. 37b_ X. October “Autumn Song” (1).mp3",1,1,282.467,2026-08-26 09:53:45,2026-08-26 09:53:45
1,RadioTEDU Classical,/classic,configured_stream,48831,The Tales of Hoffman: Barcarolle,Jacques Offenbach,,,,,,,213.587,H:\RadioTEDU Songs\Classical\London Philharmonic Orchestra\The 50 Greatest Pieces of Classical Music\26 Jacques Offenbach - The Tales of Hoffman_ Barcarolle.flac,1,1,210.637,2026-08-26 22:53:38,2026-08-26 22:53:38
1,RadioTEDU Classical,/classic,configured_stream,47771,The Temperature of the Air on the Bow of the Kaleetan,Chris Zabriskie,,,,,,,264.406,H:\RadioTEDU Songs\Classical\Chris Zabriskie\Undercover Vampire Policeman\01 The Temperature of the Air on the Bow of the Kaleetan.mp3,1,1,261.744,2026-08-26 18:46:24,2026-08-26 18:46:24
1,RadioTEDU Classical,/classic,configured_stream,49345,"The Tempest, Op. 18: I. Andante con moto","Пётр Ильич Чайковский, BBC Scottish Symphony Orchestra & Alpesh Chauhan",,,,,,,223.787,"H:\RadioTEDU Songs\Classical\Пётр Ильич Чайковский, BBC Scottish Symphony Orchestra & Alpesh Chauhan\Tchaikovsky_ The Tempest, Francesca da Rimini, The Voyevoda, Overture and Polonaise from 'Cherevichki'\02 The Tempest, Op. 18_ I. Andante con moto.flac",1,1,221.011,2026-08-26 13:55:05,2026-08-26 13:55:05
1,RadioTEDU Classical,/classic,configured_stream,49251,The Wanderer,Stephan Moccio,,,,,,,210.14,"H:\RadioTEDU Songs\Classical\Stephan Moccio\Legends, Myths and Lavender\03 The Wanderer (1).flac",1,1,208.062,2026-08-26 00:54:06,2026-08-26 00:54:06
1,RadioTEDU Classical,/classic,configured_stream,49116,"The Well‐Tempered Clavier, Book I, BWV 846–869: Prelude & Fugue in C Major, BWV 846: I. Prelude (Transcr. for Guitar)",Johann Sebastian Bach,,,,,,,115.947,"H:\RadioTEDU Songs\Classical\Raphaël Feuillâtre\Visages baroques\01 Johann Sebastian Bach - The Well‐Tempered Clavier, Book I, BWV 846–869_ Prelude & Fugue in C Major, BWV 846_ I. Prelude (Transcr. for Guitar) (1).flac",1,1,115.807,2026-08-26 19:27:23,2026-08-26 19:27:23
1,RadioTEDU Classical,/classic,configured_stream,47600,The Winter from “The Four Seasons”,Antonio Vivaldi,,,,,,,562.944,H:\RadioTEDU Songs\Classical\Antonio Vivaldi\The Best of Vivaldi\05 The Winter from “The Four Seasons” (1).mp3,1,1,562.961,2026-08-26 05:43:13,2026-08-26 05:43:13
1,RadioTEDU Classical,/classic,configured_stream,47601,The Winter from “The Four Seasons”,Antonio Vivaldi,,,,,,,562.944,H:\RadioTEDU Songs\Classical\Antonio Vivaldi\The Best of Vivaldi\05 The Winter from “The Four Seasons”.mp3,1,1,562.974,2026-08-26 23:27:45,2026-08-26 23:27:45
1,RadioTEDU Classical,/classic,configured_stream,47753,"Theme and Variations in E‐flat major, WoO 24 “Geistervariationen”: Variation V",Robert Schumann,,,,,,,209.453,"H:\RadioTEDU Songs\Classical\Chopin, Brahms, Schumann; Eric Lu\Chopin_ 24 Préludes, op. 28 _ Brahms _ Schumann\31 Robert Schumann - Theme and Variations in E‐flat major, WoO 24 “Geistervariationen”_ Variation V.flac",1,1,206.632,2026-08-26 03:35:15,2026-08-26 03:35:15
1,RadioTEDU Classical,/classic,configured_stream,47722,"Three Pieces for Orchestra, op. 6: Marsch: Moderate march tempo",Alban Berg,,,,,,,612.579,"H:\RadioTEDU Songs\Classical\Berg; San Francisco Symphony, Michael Tilson Thomas, Gil Shaham, Susanna Phillips\Violin Concerto _ Seven Early Songs _ Three Pieces for Orchestra, op. 6\12 Three Pieces for Orchestra, op. 6_ Marsch_ Moderate march tempo.flac",1,1,609.823,2026-08-26 19:25:27,2026-08-26 19:25:27
1,RadioTEDU Classical,/classic,configured_stream,49296,Three Postludes: No. 3,Valentin Silvestrov,,,,,,,255.966,"H:\RadioTEDU Songs\Classical\Valentin Silvestrov\Leggiero, pesante\05 Three Postludes_ No. 3.flac",1,1,253.569,2026-08-26 08:36:07,2026-08-26 08:36:07
1,RadioTEDU Classical,/classic,configured_stream,48638,"Trio Sonata in G major, BWV 1038: IV. Presto",Johann Sebastian Bach,,,,,,,88.493,"H:\RadioTEDU Songs\Classical\Johann Sebastian Bach\Bach Edition, Volume 16_ Chamber Music_Kammermusik\14-15 Trio Sonata in G major, BWV 1038_ IV. Presto.flac",1,1,85.793,2026-08-26 08:46:04,2026-08-26 08:46:04
1,RadioTEDU Classical,/classic,configured_stream,48447,"Trio Sonata no. 2 in C minor, BWV 526: II. Largo",Johann Sebastian Bach,,,,,,,235.693,"H:\RadioTEDU Songs\Classical\Johann Sebastian Bach; Kay Johannsen\Trio Sonatas\05 Trio Sonata no. 2 in C minor, BWV 526_ II. Largo.flac",1,1,233.105,2026-08-26 01:27:34,2026-08-26 01:27:34
1,RadioTEDU Classical,/classic,configured_stream,48448,"Trio Sonata no. 3 in D minor, BWV 527: I. Andante",Johann Sebastian Bach,,,,,,,301.107,"H:\RadioTEDU Songs\Classical\Johann Sebastian Bach; Kay Johannsen\Trio Sonatas\07 Trio Sonata no. 3 in D minor, BWV 527_ I. Andante.flac",1,1,298.414,2026-08-26 02:54:43,2026-08-26 02:54:43
1,RadioTEDU Classical,/classic,configured_stream,48449,"Trio Sonata no. 3 in D minor, BWV 527: II. Adagio e dolce",Johann Sebastian Bach,,,,,,,243.227,"H:\RadioTEDU Songs\Classical\Johann Sebastian Bach; Kay Johannsen\Trio Sonatas\08 Trio Sonata no. 3 in D minor, BWV 527_ II. Adagio e dolce.flac",1,1,244.22,2026-08-26 20:54:59,2026-08-26 20:54:59
1,RadioTEDU Classical,/classic,configured_stream,48452,"Trio Sonata no. 4 in E minor, BWV 528: III. Un poco allegro",Johann Sebastian Bach,,,,,,,164.733,"H:\RadioTEDU Songs\Classical\Johann Sebastian Bach; Kay Johannsen\Trio Sonatas\12 Trio Sonata no. 4 in E minor, BWV 528_ III. Un poco allegro.flac",1,1,162.509,2026-08-26 23:18:23,2026-08-26 23:18:23
1,RadioTEDU Classical,/classic,configured_stream,48435,"Vater unser im Himmelreich, BWV 682",Johann Sebastian Bach,,,,,,,403.88,"H:\RadioTEDU Songs\Classical\Johann Sebastian Bach; Kay Johannsen\Orgelwerke_ Clavier Übung, Dritter Theil\2-02 Vater unser im Himmelreich, BWV 682.flac",1,1,401.136,2026-08-26 08:42:49,2026-08-26 08:42:49
1,RadioTEDU Classical,/classic,configured_stream,47785,"Vespro della Beata Vergine, SV 206: Concerto ""Pulchra es""",Claudio Monteverdi,,,,,,,238.44,"H:\RadioTEDU Songs\Classical\Claudio Monteverdi; Pygmalion, Raphaël Pichon\Vespro della Beata Vergine\1-05 Vespro della Beata Vergine, SV 206_ Concerto _Pulchra es_ (1).flac",1,1,235.63,2026-08-26 03:20:20,2026-08-26 03:20:20
1,RadioTEDU Classical,/classic,configured_stream,47576,"Violin Concerto in A minor, op. 4 no. 4: II. Grave e sempre piano",Antonio Vivaldi,,,,,,,164.235,"H:\RadioTEDU Songs\Classical\Antonio Vivaldi; Rachel Podger, Arte dei Suonatori\La Stravaganza\1-11 Violin Concerto in A minor, op. 4 no. 4_ II. Grave e sempre piano (1).mp3",1,1,162.542,2026-08-26 22:56:20,2026-08-26 22:56:20
1,RadioTEDU Classical,/classic,configured_stream,47577,"Violin Concerto in A minor, op. 4 no. 4: II. Grave e sempre piano",Antonio Vivaldi,,,,,,,164.235,"H:\RadioTEDU Songs\Classical\Antonio Vivaldi; Rachel Podger, Arte dei Suonatori\La Stravaganza\1-11 Violin Concerto in A minor, op. 4 no. 4_ II. Grave e sempre piano.mp3",1,1,162.229,2026-08-26 17:29:03,2026-08-26 17:29:03
1,RadioTEDU Classical,/classic,configured_stream,47578,"Violin Concerto in A minor, op. 4 no. 4: III. Allegro",Antonio Vivaldi,,,,,,,144.511,"H:\RadioTEDU Songs\Classical\Antonio Vivaldi; Rachel Podger, Arte dei Suonatori\La Stravaganza\1-12 Violin Concerto in A minor, op. 4 no. 4_ III. Allegro (1).mp3",1,1,144.493,2026-08-26 22:33:33,2026-08-26 22:33:33
1,RadioTEDU Classical,/classic,configured_stream,47655,"Violin Concerto in D major, op. 61: II. Larghetto",Ludwig van Beethoven cadenza by Jörg Widmann,,,,,,,863.387,"H:\RadioTEDU Songs\Classical\Beethoven, Jörg Widmann; Veronika Eberle, London Symphony Orchestra, Sir Simon Rattle\Violin Concerto\02 Ludwig van Beethoven cadenza by Jörg Widmann - Violin Concerto in D major, op. 61_ II. Larghetto.mp3",1,1,860.539,2026-08-26 10:27:54,2026-08-26 10:27:54
1,RadioTEDU Classical,/classic,configured_stream,47562,"Violin Concerto in E minor, op. 4 no. 2: I. Allegro",Antonio Vivaldi,,,,,,,252.462,"H:\RadioTEDU Songs\Classical\Antonio Vivaldi; Rachel Podger, Arte dei Suonatori\La Stravaganza\1-04 Violin Concerto in E minor, op. 4 no. 2_ I. Allegro (1).mp3",1,1,252.471,2026-08-26 22:03:02,2026-08-26 22:03:02
1,RadioTEDU Classical,/classic,configured_stream,47564,"Violin Concerto in E minor, op. 4 no. 2: II. Largo",Antonio Vivaldi,,,,,,,188.77,"H:\RadioTEDU Songs\Classical\Antonio Vivaldi; Rachel Podger, Arte dei Suonatori\La Stravaganza\1-05 Violin Concerto in E minor, op. 4 no. 2_ II. Largo (1).mp3",1,1,189.19,2026-08-26 12:03:23,2026-08-26 12:03:23
1,RadioTEDU Classical,/classic,configured_stream,47589,"Violin Concerto in G major, op. 4 no. 12: II. Largo",Antonio Vivaldi,,,,,,,177.321,"H:\RadioTEDU Songs\Classical\Antonio Vivaldi; Rachel Podger, Arte dei Suonatori\La Stravaganza\2-18 Violin Concerto in G major, op. 4 no. 12_ II. Largo.mp3",1,1,181.172,2026-08-26 02:57:44,2026-08-26 02:57:44
1,RadioTEDU Classical,/classic,configured_stream,47568,"Violin Concerto in G major, op. 4 no. 3: I. Allegro",Antonio Vivaldi,,,,,,,171.359,"H:\RadioTEDU Songs\Classical\Antonio Vivaldi; Rachel Podger, Arte dei Suonatori\La Stravaganza\1-07 Violin Concerto in G major, op. 4 no. 3_ I. Allegro (1).mp3",1,1,172.892,2026-08-26 15:39:17,2026-08-26 15:39:17
1,RadioTEDU Classical,/classic,configured_stream,47569,"Violin Concerto in G major, op. 4 no. 3: I. Allegro",Antonio Vivaldi,,,,,,,171.359,"H:\RadioTEDU Songs\Classical\Antonio Vivaldi; Rachel Podger, Arte dei Suonatori\La Stravaganza\1-07 Violin Concerto in G major, op. 4 no. 3_ I. Allegro.mp3",1,1,171.19,2026-08-26 19:05:07,2026-08-26 19:05:07
1,RadioTEDU Classical,/classic,configured_stream,47620,"Violin Concerto no. 1 in A minor, BWV 1041: I. (Allegro moderato)",Johann Sebastian Bach,,,,,,,206.144,"H:\RadioTEDU Songs\Classical\Bach, Bologne, Previn, Vivaldi, Williams; Anne‐Sophie Mutter & Mutter’s Virtuosi\Bach _ Bologne _ Previn _ Vivaldi _ Williams\04 Johann Sebastian Bach - Violin Concerto no. 1 in A minor, BWV 1041_ I. (Allegro moderato) (1).flac",1,1,203.449,2026-08-26 22:06:25,2026-08-26 22:06:25
1,RadioTEDU Classical,/classic,configured_stream,47621,"Violin Concerto no. 1 in A minor, BWV 1041: I. (Allegro moderato)",Johann Sebastian Bach,,,,,,,206.144,"H:\RadioTEDU Songs\Classical\Bach, Bologne, Previn, Vivaldi, Williams; Anne‐Sophie Mutter & Mutter’s Virtuosi\Bach _ Bologne _ Previn _ Vivaldi _ Williams\04 Johann Sebastian Bach - Violin Concerto no. 1 in A minor, BWV 1041_ I. (Allegro moderato).flac",1,1,203.381,2026-08-26 14:22:35,2026-08-26 14:22:35
1,RadioTEDU Classical,/classic,configured_stream,49044,"Violin Concerto no. 3 in G major, K. 216:II. Adagio",Wolfgang Amadeus Mozart,,,,,,,459.92,"H:\RadioTEDU Songs\Classical\Mozart; Renaud Capuçon, Orchestre de Chambre de Lausanne\The Violin Concertos\08 Violin Concerto no. 3 in G major, K. 216_II. Adagio.mp3",1,1,457.303,2026-08-26 09:20:56,2026-08-26 09:20:56
1,RadioTEDU Classical,/classic,configured_stream,47934,"Vom Himmel hoch, da komm ich her, BWV 700",Johann Sebastian Bach,,,,,,,238.533,"H:\RadioTEDU Songs\Classical\Johann Sebastian Bach; Andrea Marcon\Organ Works_ Ohrdruf, Lüneburg & Arnstadt\2-14 Vom Himmel hoch, da komm ich her, BWV 700.flac",1,1,238.602,2026-08-26 21:34:38,2026-08-26 21:34:38
1,RadioTEDU Classical,/classic,configured_stream,48414,"Vom Himmel hoch, da komm ich her, BWV 738",Johann Sebastian Bach,,,,,,,87.0,"H:\RadioTEDU Songs\Classical\Johann Sebastian Bach; Kay Johannsen\Organ Works_ The Young Bach - A Virtuoso\16 Vom Himmel hoch, da komm ich her, BWV 738.flac",1,1,91.462,2026-08-26 12:25:15,2026-08-26 12:25:15
1,RadioTEDU Classical,/classic,configured_stream,48645,"Was bist du doch, o Seele, so betrübet BWV 424",Johann Sebastian Bach,,,,,,,52.36,"H:\RadioTEDU Songs\Classical\Johann Sebastian Bach\Bach Edition, Volume 17_ Vocal Works _ Vokalwerke Vol.II\7-03 Was bist du doch, o Seele, so betrübet BWV 424.flac",1,1,49.727,2026-08-26 00:54:55,2026-08-26 00:54:55
1,RadioTEDU Classical,/classic,configured_stream,48408,"Wer nur den Lieben Gott läßt walten, BWV 690",Johann Sebastian Bach,,,,,,,138.24,"H:\RadioTEDU Songs\Classical\Johann Sebastian Bach; Kay Johannsen\Organ Works_ The Young Bach - A Virtuoso\10 Wer nur den Lieben Gott läßt walten, BWV 690.flac",1,1,135.469,2026-08-26 19:09:17,2026-08-26 19:09:17
1,RadioTEDU Classical,/classic,configured_stream,48649,"Werde munter, mein Gemüthe BWV 360",Johann Sebastian Bach,,,,,,,59.067,"H:\RadioTEDU Songs\Classical\Johann Sebastian Bach\Bach Edition, Volume 17_ Vocal Works _ Vokalwerke Vol.II\7-21 Werde munter, mein Gemüthe BWV 360.flac",1,1,56.219,2026-08-26 09:34:47,2026-08-26 09:34:47
1,RadioTEDU Classical,/classic,configured_stream,48405,"Wie schön leuchtet der Morgenstern, BWV 739",Johann Sebastian Bach,,,,,,,270.4,"H:\RadioTEDU Songs\Classical\Johann Sebastian Bach; Kay Johannsen\Organ Works_ The Young Bach - A Virtuoso\07 Wie schön leuchtet der Morgenstern, BWV 739.flac",1,1,271.063,2026-08-26 23:10:14,2026-08-26 23:10:14
1,RadioTEDU Classical,/classic,configured_stream,48870,Wind Song,Ludovico Einaudi,,,,,,,198.656,H:\RadioTEDU Songs\Classical\Ludovico Einaudi\Underwater\08 Wind Song (1).flac,1,1,195.738,2026-08-26 08:58:26,2026-08-26 08:58:26
1,RadioTEDU Classical,/classic,configured_stream,48871,Wind Song,Ludovico Einaudi,,,,,,,198.656,H:\RadioTEDU Songs\Classical\Ludovico Einaudi\Underwater\08 Wind Song.flac,1,1,199.019,2026-08-26 13:11:35,2026-08-26 13:11:35
1,RadioTEDU Classical,/classic,configured_stream,48651,Wo Gott der Herr nicht bei uns hält BWV 256,Johann Sebastian Bach,,,,,,,51.053,"H:\RadioTEDU Songs\Classical\Johann Sebastian Bach\Bach Edition, Volume 17_ Vocal Works _ Vokalwerke Vol.II\7-34 Wo Gott der Herr nicht bei uns hält BWV 256.flac",1,1,53.247,2026-08-26 00:32:11,2026-08-26 00:32:11
1,RadioTEDU Classical,/classic,configured_stream,47744,"Württemberg Sonatas, Wq 49: Sonata I in a minor: Andante",Carl Philipp Emanuel Bach,,,,,,,195.107,"H:\RadioTEDU Songs\Classical\Carl Philipp Emanuel Bach; Keith Jarrett\Carl Philipp Emanuel Bach\02 Württemberg Sonatas, Wq 49_ Sonata I in a minor_ Andante (1).flac",1,1,198.09,2026-08-26 23:56:55,2026-08-26 23:56:55
1,RadioTEDU Classical,/classic,configured_stream,49259,You Belong Here,Steve Moore,,,,,,,138.603,H:\RadioTEDU Songs\Classical\Steve Moore\Mayhem_ Original Motion Picture Soundtrack\2-14 You Belong Here.mp3,1,1,136.646,2026-08-26 08:06:11,2026-08-26 08:06:11
1,RadioTEDU Classical,/classic,configured_stream,49276,You Come Here Often?,Yuja Wang,,,,,,,273.547,"H:\RadioTEDU Songs\Classical\Teddy Abrams, Michael Tilson Thomas; Yuja Wang\The American Project\01 Yuja Wang - You Come Here Often_.flac",1,1,272.43,2026-08-26 19:15:16,2026-08-26 19:15:16
1,RadioTEDU Classical,/classic,configured_stream,49353,—オープニング— 人生のメリーゴーランド,久石譲,,,,,,,153.6,H:\RadioTEDU Songs\Classical\久石譲\ハウルの動く城\01 —オープニング— 人生のメリーゴーランド.mp3,1,1,150.775,2026-08-26 11:55:51,2026-08-26 11:55:51
1,RadioTEDU Classical,/classic,configured_stream,49363,さすらいのソフィー,久石譲,,,,,,,259.631,H:\RadioTEDU Songs\Classical\久石譲\ハウルの動く城\06 さすらいのソフィー.mp3,1,1,256.682,2026-08-26 02:11:03,2026-08-26 02:11:03
1,RadioTEDU Classical,/classic,configured_stream,49358,ときめき,久石譲,,,,,,,20.688,H:\RadioTEDU Songs\Classical\久石譲\ハウルの動く城\04 ときめき (1).mp3,1,1,18.619,2026-08-26 07:48:27,2026-08-26 07:48:27
1,RadioTEDU Classical,/classic,configured_stream,49359,ときめき,久石譲,,,,,,,20.688,H:\RadioTEDU Songs\Classical\久石譲\ハウルの動く城\04 ときめき.mp3,1,1,17.807,2026-08-26 12:48:01,2026-08-26 12:48:01
1,RadioTEDU Classical,/classic,configured_stream,49378,サリマンの魔方陣～城への帰還,久石譲,,,,,,,322.847,H:\RadioTEDU Songs\Classical\久石譲\ハウルの動く城\15 サリマンの魔方陣～城への帰還 (1).mp3,1,1,320.565,2026-08-26 22:16:52,2026-08-26 22:16:52
1,RadioTEDU Classical,/classic,configured_stream,49396,ソフィーの城,久石譲,,,,,,,158.824,H:\RadioTEDU Songs\Classical\久石譲\ハウルの動く城\24 ソフィーの城 (1).mp3,1,1,159.629,2026-08-26 22:19:33,2026-08-26 22:19:33
1,RadioTEDU Classical,/classic,configured_stream,49388,恋だね,久石譲,,,,,,,71.862,H:\RadioTEDU Songs\Classical\久石譲\ハウルの動く城\20 恋だね (1).mp3,1,1,70.472,2026-08-26 01:55:59,2026-08-26 01:55:59
1,RadioTEDU Classical,/classic,configured_stream,49356,空中散歩,久石譲,,,,,,,134.844,H:\RadioTEDU Songs\Classical\久石譲\ハウルの動く城\03 空中散歩 (1).mp3,1,1,134.428,2026-08-26 20:09:08,2026-08-26 20:09:08
1,RadioTEDU Classical,/classic,configured_stream,49395,脱出,久石譲,,,,,,,92.76,H:\RadioTEDU Songs\Classical\久石譲\ハウルの動く城\23 脱出.mp3,1,1,90.823,2026-08-26 04:41:46,2026-08-26 04:41:46
1,RadioTEDU Classical,/classic,configured_stream,49385,花園,久石譲,,,,,,,178.546,H:\RadioTEDU Songs\Classical\久石譲\ハウルの動く城\18 花園.mp3,1,1,177.332,2026-08-26 06:57:57,2026-08-26 06:57:57
1,RadioTEDU Classical,/classic,configured_stream,49360,荒地の魔女,久石譲,,,,,,,59.533,H:\RadioTEDU Songs\Classical\久石譲\ハウルの動く城\05 荒地の魔女 (1).mp3,1,1,56.607,2026-08-26 22:24:03,2026-08-26 22:24:03
1,RadioTEDU Classical,/classic,configured_stream,49371,静かな想い,久石譲,,,,,,,27.585,H:\RadioTEDU Songs\Classical\久石譲\ハウルの動く城\11 静かな想い.mp3,1,1,27.933,2026-08-26 06:49:49,2026-08-26 06:49:49
2,RadioTEDU Lo-Fi,/lofi,configured_stream,45654,.clouded,"Chill Children, junyii.",,,,,,,64.0,H:\RadioTEDU Songs\lofi\185 Tracks ~Chill Lofi Study Beats Songs  Playlist Spotify  [320]  kbps Beats⭐\185 Tracks ~Chill Lofi Study Beats Songs  Playlist Spotify  [320]  kbps Beats⭐\.clouded.mp3,1,1,61.076,2026-08-26 03:24:40,2026-08-26 03:24:40
2,RadioTEDU Lo-Fi,/lofi,configured_stream,50089,29 and a Half Days,Soothing Spore,,,,,,,133.34,H:\RadioTEDU Songs\lofi\Soothing Spore\Lunar Analemma\13 Soothing Spore - 29 and a Half Days.flac,1,1,130.908,2026-08-26 13:44:59,2026-08-26 13:44:59
2,RadioTEDU Lo-Fi,/lofi,configured_stream,45554,3PM,HM Surf,,,,,,,135.0,H:\RadioTEDU Songs\lofi\100 Lo-Fi Beats to Relax and focus Playlist Spotify (2020) [320]  kbps Beats⭐\100 Lo-Fi Beats to Relax and focus Playlist Spotify (2020) [320]  kbps Beats⭐\3PM.mp3,1,1,133.193,2026-08-26 00:45:59,2026-08-26 00:45:59
2,RadioTEDU Lo-Fi,/lofi,configured_stream,45656,4:20 PM,Bluedoom,,,,,,,99.004,H:\RadioTEDU Songs\lofi\185 Tracks ~Chill Lofi Study Beats Songs  Playlist Spotify  [320]  kbps Beats⭐\185 Tracks ~Chill Lofi Study Beats Songs  Playlist Spotify  [320]  kbps Beats⭐\4 20 PM.mp3,1,1,96.466,2026-08-26 06:33:01,2026-08-26 06:33:01
2,RadioTEDU Lo-Fi,/lofi,configured_stream,45657,7Teen,Brenky,,,,,,,117.499,H:\RadioTEDU Songs\lofi\185 Tracks ~Chill Lofi Study Beats Songs  Playlist Spotify  [320]  kbps Beats⭐\185 Tracks ~Chill Lofi Study Beats Songs  Playlist Spotify  [320]  kbps Beats⭐\7Teen.mp3,1,1,115.653,2026-08-26 04:47:48,2026-08-26 04:47:48
2,RadioTEDU Lo-Fi,/lofi,configured_stream,49832,A Walk Through the Sky,Kainbeats,,,,,,,141.403,H:\RadioTEDU Songs\lofi\Kainbeats\A Walk Through the Sky\01 Kainbeats - A Walk Through the Sky.flac,1,1,138.941,2026-08-26 11:21:30,2026-08-26 11:21:30
2,RadioTEDU Lo-Fi,/lofi,configured_stream,49743,A Way Home,"H.1, Hevi",,,,,,,189.809,"H:\RadioTEDU Songs\lofi\H.1, Hevi\Indigo Night\01 A Way Home.flac",1,1,187.391,2026-08-26 13:19:22,2026-08-26 13:19:22
2,RadioTEDU Lo-Fi,/lofi,configured_stream,49524,Abyss,"Allem Iversom, Dontcry",,,,,,,124.451,"H:\RadioTEDU Songs\lofi\Allem Iversom, Dontcry\Chapter Two\07 Allem Iversom, Dontcry - Abyss.flac",1,1,121.68,2026-08-26 16:10:19,2026-08-26 16:10:19
2,RadioTEDU Lo-Fi,/lofi,configured_stream,46531,Aerial Echoes,R Skye,,,,,,,138.006,H:\RadioTEDU Songs\lofi\Lofi\cool winds\R Skye\R Skye - Aerial Echoes.flac,1,1,136.497,2026-08-26 05:40:03,2026-08-26 05:40:03
2,RadioTEDU Lo-Fi,/lofi,configured_stream,46631,Aether,Väsno,,,,,,,208.806,H:\RadioTEDU Songs\lofi\Lofi\cool winds\Väsno\Väsno - Aether.flac,1,1,206.138,2026-08-26 07:32:39,2026-08-26 07:32:39
2,RadioTEDU Lo-Fi,/lofi,configured_stream,49610,Afterglow,Casiio × Sleepermane,,,,,,,144.1,H:\RadioTEDU Songs\lofi\Casiio × Sleepermane\Particles\01 Casiio × Sleepermane - Afterglow.flac,1,1,141.353,2026-08-26 00:39:03,2026-08-26 00:39:03
2,RadioTEDU Lo-Fi,/lofi,configured_stream,45659,Agua,lov lofi,,,,,,,93.675,H:\RadioTEDU Songs\lofi\185 Tracks ~Chill Lofi Study Beats Songs  Playlist Spotify  [320]  kbps Beats⭐\185 Tracks ~Chill Lofi Study Beats Songs  Playlist Spotify  [320]  kbps Beats⭐\Agua.mp3,1,1,90.864,2026-08-26 06:01:51,2026-08-26 06:01:51
2,RadioTEDU Lo-Fi,/lofi,configured_stream,45852,"aidan - see your face, in the darkest places",aidan,,,,,,,171.136,"H:\RadioTEDU Songs\lofi\aidan - see your face, in the darkest places.mp3",1,1,169.774,2026-08-26 15:56:39,2026-08-26 15:56:39
2,RadioTEDU Lo-Fi,/lofi,configured_stream,50409,Ain't No Sunshine,Jazzamor,,,,,,,241.493,H:\RadioTEDU Songs\lofi\Various Artists\Erotic Lounge_ Sensual Passion\1-02 Jazzamor - Ain't No Sunshine.mp3,1,1,238.811,2026-08-26 12:30:15,2026-08-26 12:30:15
2,RadioTEDU Lo-Fi,/lofi,configured_stream,50597,Air from Water Music,George Frideric Handel;Academy of St Martin in the Fields,,,,,,,207.653,H:\RadioTEDU Songs\lofi\Various Artists\The #1 Baroque Album\2-17 George Frideric Handel;Academy of St Martin in the Fields - Air from Water Music (1).mp3,1,1,205.91,2026-08-26 12:10:34,2026-08-26 12:10:34
2,RadioTEDU Lo-Fi,/lofi,configured_stream,50102,all i ever did,Sølace & Julia Alexa,,,,,,,213.461,H:\RadioTEDU Songs\lofi\Sølace & Julia Alexa\all i ever did\01 all i ever did.mp3,1,1,210.674,2026-08-26 06:20:16,2026-08-26 06:20:16
2,RadioTEDU Lo-Fi,/lofi,configured_stream,50276,Alone,Voyage,,,,,,,207.411,H:\RadioTEDU Songs\lofi\Various Artists\3 A.M Chill Session\01 Voyage - Alone.flac,1,1,206.536,2026-08-26 13:48:27,2026-08-26 13:48:27
2,RadioTEDU Lo-Fi,/lofi,configured_stream,46337,Animálico,Huma,,,,,,,161.362,H:\RadioTEDU Songs\lofi\Lofi\cool winds\Huma\Huma - Animálico.flac,1,1,158.902,2026-08-26 02:29:41,2026-08-26 02:29:41
2,RadioTEDU Lo-Fi,/lofi,configured_stream,45664,armadillo,"pucca, Jadu Jadu",,,,,,,105.012,H:\RadioTEDU Songs\lofi\185 Tracks ~Chill Lofi Study Beats Songs  Playlist Spotify  [320]  kbps Beats⭐\185 Tracks ~Chill Lofi Study Beats Songs  Playlist Spotify  [320]  kbps Beats⭐\armadillo.mp3,1,1,102.299,2026-08-26 12:15:20,2026-08-26 12:15:20
2,RadioTEDU Lo-Fi,/lofi,configured_stream,49675,Armageddon,dreamẅalker,,,,,,,146.281,H:\RadioTEDU Songs\lofi\dreamẅalker\Oscillations\09 dreamẅalker - Armageddon.flac,1,1,143.521,2026-08-26 06:14:40,2026-08-26 06:14:40
2,RadioTEDU Lo-Fi,/lofi,configured_stream,46903,Assertiveness,Premasara Council,,,,,,,259.048,H:\RadioTEDU Songs\lofi\VA - Lofi & Lounge Music _ Best Selections (2023) [FLAC]\06 - Premasara Council - Assertiveness.flac,1,1,256.214,2026-08-26 08:41:41,2026-08-26 08:41:41
2,RadioTEDU Lo-Fi,/lofi,configured_stream,49668,Asteroids,dreamẅalker ft. Virtua,,,,,,,154.027,H:\RadioTEDU Songs\lofi\dreamẅalker\Oscillations\02 dreamẅalker ft. Virtua - Asteroids.flac,1,1,154.634,2026-08-26 04:24:21,2026-08-26 04:24:21
2,RadioTEDU Lo-Fi,/lofi,configured_stream,50242,At Last,Etta James,,,,,,,181.56,H:\RadioTEDU Songs\lofi\Various Artists\100 Greatest Jazz Icons\71 Etta James - At Last.mp3,1,1,178.794,2026-08-26 11:07:23,2026-08-26 11:07:23
2,RadioTEDU Lo-Fi,/lofi,configured_stream,50179,Audiotool Day 2016,Xtract,,,,,,,240.006,H:\RadioTEDU Songs\lofi\Various Artists\1 A.M Chill Session\30 Xtract - Audiotool Day 2016.flac,1,1,237.028,2026-08-26 14:35:00,2026-08-26 14:35:00
2,RadioTEDU Lo-Fi,/lofi,configured_stream,45666,Autumn Vibes,HideMySoul,,,,,,,137.143,H:\RadioTEDU Songs\lofi\185 Tracks ~Chill Lofi Study Beats Songs  Playlist Spotify  [320]  kbps Beats⭐\185 Tracks ~Chill Lofi Study Beats Songs  Playlist Spotify  [320]  kbps Beats⭐\Autumn Vibes.mp3,1,1,134.473,2026-08-26 05:46:53,2026-08-26 05:46:53
2,RadioTEDU Lo-Fi,/lofi,configured_stream,49580,ayla,Bhxa,,,,,,,108.806,H:\RadioTEDU Songs\lofi\Bhxa\Ayla\02 Bhxa - ayla.flac,1,1,106.603,2026-08-26 14:27:08,2026-08-26 14:27:08
2,RadioTEDU Lo-Fi,/lofi,configured_stream,45560,Backpack City,"Flovry, tender spring",,,,,,,150.768,H:\RadioTEDU Songs\lofi\100 Lo-Fi Beats to Relax and focus Playlist Spotify (2020) [320]  kbps Beats⭐\100 Lo-Fi Beats to Relax and focus Playlist Spotify (2020) [320]  kbps Beats⭐\Backpack City.mp3,1,1,147.883,2026-08-26 06:31:24,2026-08-26 06:31:24
2,RadioTEDU Lo-Fi,/lofi,configured_stream,49770,Bedrock,Hotel Pools,,,,,,,154.489,H:\RadioTEDU Songs\lofi\Hotel Pools\Fall\05 Hotel Pools - Bedrock.flac,1,1,151.76,2026-08-26 05:19:51,2026-08-26 05:19:51
2,RadioTEDU Lo-Fi,/lofi,configured_stream,46994,bees,Catnip,,,,,,,170.667,H:\RadioTEDU Songs\lofi\Various Artists - lofi autumn vibes by Lola (2023) Mp3 320kbps [PMEDIA] ⭐️\75. Catnip - bees.mp3,1,1,169.288,2026-08-26 08:47:26,2026-08-26 08:47:26
2,RadioTEDU Lo-Fi,/lofi,configured_stream,49456,Beggin,Madcon,,,,,,,223.771,H:\RadioTEDU Songs\lofi\24.04\Madcon - Beggin [zrFI2gJSuwA].mp3,1,1,221.604,2026-08-26 08:28:13,2026-08-26 08:28:13
2,RadioTEDU Lo-Fi,/lofi,configured_stream,45865,beowulf - fly me away,beowulf,,,,,,,110.293,H:\RadioTEDU Songs\lofi\beowulf - fly me away.mp3,1,1,107.418,2026-08-26 18:00:15,2026-08-26 18:00:15
2,RadioTEDU Lo-Fi,/lofi,configured_stream,50049,Between Time,slowburn,,,,,,,117.739,H:\RadioTEDU Songs\lofi\slowburn\Poles Apart\09 Between Time.flac,1,1,114.951,2026-08-26 07:51:05,2026-08-26 07:51:05
2,RadioTEDU Lo-Fi,/lofi,configured_stream,50161,Beyond,Voyage,,,,,,,377.107,H:\RadioTEDU Songs\lofi\Various Artists\1 A.M Chill Session\01 Voyage - Beyond.flac,1,1,374.751,2026-08-26 21:04:04,2026-08-26 21:04:04
2,RadioTEDU Lo-Fi,/lofi,configured_stream,50564,Big Dawgs,Hanumankind & Kalmi,,,,,,,194.711,H:\RadioTEDU Songs\lofi\Various Artists\Now That’s What I Call Music! 119\1-21 Hanumankind & Kalmi - Big Dawgs.mp3,1,1,191.779,2026-08-26 04:58:56,2026-08-26 04:58:56
2,RadioTEDU Lo-Fi,/lofi,configured_stream,49697,Blue Smoke,Erwin Do & saint rumi,,,,,,,150.864,H:\RadioTEDU Songs\lofi\Erwin Do & saint rumi\Fully Blue\05 Blue Smoke.flac,1,1,147.99,2026-08-26 06:22:43,2026-08-26 06:22:43
2,RadioTEDU Lo-Fi,/lofi,configured_stream,49982,Blueland,"Paxkalito, Erwin Do, saint rumi",,,,,,,150.84,"H:\RadioTEDU Songs\lofi\Paxkalito, Erwin Do, saint rumi\Blueland\04 Blueland.flac",1,1,151.121,2026-08-26 00:03:56,2026-08-26 00:03:56
2,RadioTEDU Lo-Fi,/lofi,configured_stream,49414,Boogie Oogie (feat. Kiley Dean),,,,,,,,204.807,H:\RadioTEDU Songs\lofi\24.04\Boogie Oogie (feat. Kiley Dean) [pHWO-tmMUG4].mp3,1,1,202.771,2026-08-26 00:49:21,2026-08-26 00:49:21
2,RadioTEDU Lo-Fi,/lofi,configured_stream,46336,Borium,Hudba Lyrika,,,,,,,179.724,H:\RadioTEDU Songs\lofi\Lofi\cool winds\Hudba Lyrika\Hudba Lyrika - Borium.flac,1,1,177.073,2026-08-26 11:52:27,2026-08-26 11:52:27
2,RadioTEDU Lo-Fi,/lofi,configured_stream,45672,Bossa Layer,Herring Franky,,,,,,,90.018,H:\RadioTEDU Songs\lofi\185 Tracks ~Chill Lofi Study Beats Songs  Playlist Spotify  [320]  kbps Beats⭐\185 Tracks ~Chill Lofi Study Beats Songs  Playlist Spotify  [320]  kbps Beats⭐\Bossa Layer.mp3,1,1,89.168,2026-08-26 04:52:33,2026-08-26 04:52:33
2,RadioTEDU Lo-Fi,/lofi,configured_stream,50247,Bouncin' With Bud,Bud Powell,,,,,,,183.148,H:\RadioTEDU Songs\lofi\Various Artists\100 Greatest Jazz Icons\78 Bud Powell - Bouncin' With Bud.mp3,1,1,182.905,2026-08-26 12:13:37,2026-08-26 12:13:37
2,RadioTEDU Lo-Fi,/lofi,configured_stream,49884,Broken Heart,Le Metroid,,,,,,,137.135,"H:\RadioTEDU Songs\lofi\Le Metroid\Blackhole, Pt. 2\03 Broken Heart.flac",1,1,134.859,2026-08-26 15:09:22,2026-08-26 15:09:22
2,RadioTEDU Lo-Fi,/lofi,configured_stream,49506,brown eyEs,aadajuulia,,,,,,,123.008,H:\RadioTEDU Songs\lofi\aadajuulia\brown eyEs\01 brown eyEs.mp3,1,1,120.322,2026-08-26 11:44:54,2026-08-26 11:44:54
2,RadioTEDU Lo-Fi,/lofi,configured_stream,50254,Brown Rice,Don Cherry,,,,,,,314.083,H:\RadioTEDU Songs\lofi\Various Artists\100 Greatest Jazz Icons\93 Don Cherry - Brown Rice.mp3,1,1,312.869,2026-08-26 16:40:09,2026-08-26 16:40:09
2,RadioTEDU Lo-Fi,/lofi,configured_stream,49609,Build With Love,C4C & Blue Wednesday,,,,,,,147.307,H:\RadioTEDU Songs\lofi\C4C\The Pursuit of Simplicity\05 C4C & Blue Wednesday - Build With Love.flac,1,1,144.848,2026-08-26 09:23:26,2026-08-26 09:23:26
2,RadioTEDU Lo-Fi,/lofi,configured_stream,45878,BVG & Ayh Okay - in the water,BVG & Ayh Okay,,,,,,,172.815,H:\RadioTEDU Songs\lofi\BVG & Ayh Okay - in the water.mp3,1,1,170.334,2026-08-26 12:43:27,2026-08-26 12:43:27
2,RadioTEDU Lo-Fi,/lofi,configured_stream,49916,By the River,Mariposa,,,,,,,115.006,H:\RadioTEDU Songs\lofi\Mariposa\The House on the Hill\08 By the River.flac,1,1,115.348,2026-08-26 10:57:42,2026-08-26 10:57:42
2,RadioTEDU Lo-Fi,/lofi,configured_stream,50310,Bye Bye Bye,*NSYNC,,,,,,,200.435,H:\RadioTEDU Songs\lofi\Various Artists\Best of Y2K Hits\02 _NSYNC - Bye Bye Bye.flac,1,1,197.652,2026-08-26 06:09:56,2026-08-26 06:09:56
2,RadioTEDU Lo-Fi,/lofi,configured_stream,50311,Bye Bye Bye,*NSYNC,,,,,,,200.435,H:\RadioTEDU Songs\lofi\Various Artists\Best of Y2K Hits\02 _NSYNC - Bye Bye Bye.mp3,1,1,197.642,2026-08-26 08:24:32,2026-08-26 08:24:32
2,RadioTEDU Lo-Fi,/lofi,configured_stream,50711,Cabin in the Forest,xander.,,,,,,,193.34,H:\RadioTEDU Songs\lofi\xander_\Daydreaming\01 xander. - Cabin in the Forest.flac,1,1,195.684,2026-08-26 00:42:18,2026-08-26 00:42:18
2,RadioTEDU Lo-Fi,/lofi,configured_stream,50626,California Dreamin’ (single version),The Mamas & the Papas,,,,,,,162.373,H:\RadioTEDU Songs\lofi\Various Artists\The Best 60s Album in the World…Ever!\29 The Mamas & the Papas - California Dreamin’ (single version).mp3,1,1,159.755,2026-08-26 17:34:14,2026-08-26 17:34:14
2,RadioTEDU Lo-Fi,/lofi,configured_stream,50658,Canon in D,Johann Pachelbel,,,,,,,273.653,H:\RadioTEDU Songs\lofi\Various Artists\The Ultimate Wedding Album\09 Johann Pachelbel - Canon in D (1).mp3,1,1,275.138,2026-08-26 00:19:49,2026-08-26 00:19:49
2,RadioTEDU Lo-Fi,/lofi,configured_stream,49825,Celestial,Juliàn,,,,,,,147.006,H:\RadioTEDU Songs\lofi\Juliàn\Unwind\08 Juliàn - Celestial.flac,1,1,144.235,2026-08-26 09:25:51,2026-08-26 09:25:51
2,RadioTEDU Lo-Fi,/lofi,configured_stream,50286,Celestial Awakening,Opal,,,,,,,181.822,H:\RadioTEDU Songs\lofi\Various Artists\3 A.M Chill Session\23 Opal - Celestial Awakening.flac,1,1,179.115,2026-08-26 02:13:55,2026-08-26 02:13:55
2,RadioTEDU Lo-Fi,/lofi,configured_stream,49941,Chrono,Monma,,,,,,,145.952,H:\RadioTEDU Songs\lofi\Monma\Calm Lands\01 Chrono.flac,1,1,144.783,2026-08-26 13:09:24,2026-08-26 13:09:24
2,RadioTEDU Lo-Fi,/lofi,configured_stream,49417,City Lights (Extended),,,,,,,,248.451,H:\RadioTEDU Songs\lofi\24.04\City Lights (Extended) [g9bMGb0JhWs].mp3,1,1,246.403,2026-08-26 03:37:10,2026-08-26 03:37:10
2,RadioTEDU Lo-Fi,/lofi,configured_stream,45680,Clouds,Mentalism,,,,,,,147.566,H:\RadioTEDU Songs\lofi\185 Tracks ~Chill Lofi Study Beats Songs  Playlist Spotify  [320]  kbps Beats⭐\185 Tracks ~Chill Lofi Study Beats Songs  Playlist Spotify  [320]  kbps Beats⭐\Clouds.mp3,1,1,144.823,2026-08-26 09:34:16,2026-08-26 09:34:16
2,RadioTEDU Lo-Fi,/lofi,configured_stream,46919,Coffee Wave,Lola,,,,,,,152.0,H:\RadioTEDU Songs\lofi\Various Artists - lofi autumn vibes by Lola (2023) Mp3 320kbps [PMEDIA] ⭐️\01. Lola - Coffee Wave.mp3,1,1,152.133,2026-08-26 02:27:03,2026-08-26 02:27:03
2,RadioTEDU Lo-Fi,/lofi,configured_stream,45683,colors,mr_slace,,,,,,,78.576,H:\RadioTEDU Songs\lofi\185 Tracks ~Chill Lofi Study Beats Songs  Playlist Spotify  [320]  kbps Beats⭐\185 Tracks ~Chill Lofi Study Beats Songs  Playlist Spotify  [320]  kbps Beats⭐\colors.mp3,1,1,77.853,2026-08-26 16:30:16,2026-08-26 16:30:16
2,RadioTEDU Lo-Fi,/lofi,configured_stream,50602,"Concerto for Piano and Orchestra No. 21 in C Major, K. 467: II. Andante",Wolfgang Amadeus Mozart,,,,,,,367.634,"H:\RadioTEDU Songs\lofi\Various Artists\The 50 Most Essential Pieces of Classical Music\11 Wolfgang Amadeus Mozart - Concerto for Piano and Orchestra No. 21 in C Major, K. 467_ II. Andante.mp3",1,1,365.123,2026-08-26 16:48:14,2026-08-26 16:48:14
2,RadioTEDU Lo-Fi,/lofi,configured_stream,50621,"Concerto No. 20 in D Minor for Piano and Orchestra, K. 466: II. Romance",Wolfgang Amadeus Mozart,,,,,,,551.933,"H:\RadioTEDU Songs\lofi\Various Artists\The 99 Most Essential Pieces of Classical Music\94 Wolfgang Amadeus Mozart - Concerto No. 20 in D Minor for Piano and Orchestra, K. 466_ II. Romance.mp3",1,1,549.113,2026-08-26 10:31:16,2026-08-26 10:31:16
2,RadioTEDU Lo-Fi,/lofi,configured_stream,45574,Connection,squeeda,,,,,,,186.12,H:\RadioTEDU Songs\lofi\100 Lo-Fi Beats to Relax and focus Playlist Spotify (2020) [320]  kbps Beats⭐\100 Lo-Fi Beats to Relax and focus Playlist Spotify (2020) [320]  kbps Beats⭐\Connection.mp3,1,1,183.216,2026-08-26 04:10:16,2026-08-26 04:10:16
2,RadioTEDU Lo-Fi,/lofi,configured_stream,49973,Constellations,Opal,,,,,,,176.006,H:\RadioTEDU Songs\lofi\Opal\Skyward\09 Constellations.flac,1,1,173.416,2026-08-26 09:40:46,2026-08-26 09:40:46
2,RadioTEDU Lo-Fi,/lofi,configured_stream,45684,Cooper Lake,"Kyle McEvoy, Ezzy",,,,,,,107.912,H:\RadioTEDU Songs\lofi\185 Tracks ~Chill Lofi Study Beats Songs  Playlist Spotify  [320]  kbps Beats⭐\185 Tracks ~Chill Lofi Study Beats Songs  Playlist Spotify  [320]  kbps Beats⭐\Cooper Lake.mp3,1,1,106.058,2026-08-26 15:47:56,2026-08-26 15:47:56
2,RadioTEDU Lo-Fi,/lofi,configured_stream,49856,Cope,"Kurt Stewart, Lomme",,,,,,,128.027,"H:\RadioTEDU Songs\lofi\Kurt Stewart, Lomme\Pegan Hill\03 Kurt Stewart, Lomme - Cope.flac",1,1,125.286,2026-08-26 00:34:08,2026-08-26 00:34:08
2,RadioTEDU Lo-Fi,/lofi,configured_stream,49806,crossroads,Jorrit Brodersen,,,,,,,120.006,H:\RadioTEDU Songs\lofi\Jorrit Brodersen\Intimacy\04 crossroads.flac,1,1,117.356,2026-08-26 02:37:30,2026-08-26 02:37:30
2,RadioTEDU Lo-Fi,/lofi,configured_stream,50319,Dancing in the Dark,Mondo Loops & Aiguille,,,,,,,153.006,H:\RadioTEDU Songs\lofi\Various Artists\Best‐of lofi hip‐hop 2022\21 Mondo Loops & Aiguille - Dancing in the Dark.flac,1,1,150.114,2026-08-26 17:27:06,2026-08-26 17:27:06
2,RadioTEDU Lo-Fi,/lofi,configured_stream,47015,delighted,Catnip,,,,,,,159.533,H:\RadioTEDU Songs\lofi\Various Artists - lofi autumn vibes by Lola (2023) Mp3 320kbps [PMEDIA] ⭐️\96. Catnip - delighted.mp3,1,1,156.85,2026-08-26 09:03:03,2026-08-26 09:03:03
2,RadioTEDU Lo-Fi,/lofi,configured_stream,49711,Departure,Foudroie,,,,,,,192.954,H:\RadioTEDU Songs\lofi\Foudroie\The Journey\07 Foudroie - Departure.flac,1,1,190.102,2026-08-26 14:22:25,2026-08-26 14:22:25
2,RadioTEDU Lo-Fi,/lofi,configured_stream,46947,Dewdrops,Driftwood,,,,,,,155.715,H:\RadioTEDU Songs\lofi\Various Artists - lofi autumn vibes by Lola (2023) Mp3 320kbps [PMEDIA] ⭐️\28. Driftwood - Dewdrops.mp3,1,1,153.0,2026-08-26 08:58:28,2026-08-26 08:58:28
2,RadioTEDU Lo-Fi,/lofi,configured_stream,45900,Deyaz & Rnla - So Tired,Deyaz & Rnla,,,,,,,169.579,H:\RadioTEDU Songs\lofi\Deyaz & Rnla - So Tired.mp3,1,1,166.683,2026-08-26 15:59:31,2026-08-26 15:59:31
2,RadioTEDU Lo-Fi,/lofi,configured_stream,45901,Deyaz - Bruised (prod. Candle Lights),Deyaz,,,,,,,151.65,H:\RadioTEDU Songs\lofi\Deyaz - Bruised (prod. Candle Lights).mp3,1,1,148.842,2026-08-26 02:05:08,2026-08-26 02:05:08
2,RadioTEDU Lo-Fi,/lofi,configured_stream,50268,Diamond,Girl From Nowhere × Boy From Nowhere,,,,,,,181.34,H:\RadioTEDU Songs\lofi\Various Artists\2 A.M Chill Session\14 Girl From Nowhere × Boy From Nowhere - Diamond.flac,1,1,178.493,2026-08-26 11:57:59,2026-08-26 11:57:59
2,RadioTEDU Lo-Fi,/lofi,configured_stream,50181,Distance,Hotel Pools & Memorex Memories,,,,,,,207.473,H:\RadioTEDU Songs\lofi\Various Artists\1 A.M Chill Session\33 Hotel Pools & Memorex Memories - Distance.flac,1,1,204.611,2026-08-26 13:40:20,2026-08-26 13:40:20
2,RadioTEDU Lo-Fi,/lofi,configured_stream,45579,distance,"Rook1e, ozoyo",,,,,,,81.456,H:\RadioTEDU Songs\lofi\100 Lo-Fi Beats to Relax and focus Playlist Spotify (2020) [320]  kbps Beats⭐\100 Lo-Fi Beats to Relax and focus Playlist Spotify (2020) [320]  kbps Beats⭐\distance..mp3,1,1,79.34,2026-08-26 17:41:35,2026-08-26 17:41:35
2,RadioTEDU Lo-Fi,/lofi,configured_stream,50141,Distant,Tibeauthetraveler ft. Trix.,,,,,,,133.515,H:\RadioTEDU Songs\lofi\Tibeauthetraveler\Travel Buddies\04 Tibeauthetraveler ft. Trix. - Distant.flac,1,1,130.805,2026-08-26 06:58:33,2026-08-26 06:58:33
2,RadioTEDU Lo-Fi,/lofi,configured_stream,49950,Distant Lands,MyceliumBug,,,,,,,110.95,H:\RadioTEDU Songs\lofi\MyceliumBug\Melatonin\05 Distant Lands.flac,1,1,108.023,2026-08-26 18:02:03,2026-08-26 18:02:03
2,RadioTEDU Lo-Fi,/lofi,configured_stream,49570,don't be scared,Belfa & Julia Alexa,,,,,,,142.4,H:\RadioTEDU Songs\lofi\Belfa & Julia Alexa\Better Days\04 don't be scared.mp3,1,1,139.513,2026-08-26 12:53:32,2026-08-26 12:53:32
2,RadioTEDU Lo-Fi,/lofi,configured_stream,50411,Don't Make Me Want You,Dublex Inc. feat. Alice Russell,,,,,,,261.173,H:\RadioTEDU Songs\lofi\Various Artists\Erotic Lounge_ Sensual Passion\1-03 Dublex Inc. feat. Alice Russell - Don't Make Me Want You.mp3,1,1,262.546,2026-08-26 16:55:36,2026-08-26 16:55:36
2,RadioTEDU Lo-Fi,/lofi,configured_stream,45695,Douro,Bertholet,,,,,,,73.091,H:\RadioTEDU Songs\lofi\185 Tracks ~Chill Lofi Study Beats Songs  Playlist Spotify  [320]  kbps Beats⭐\185 Tracks ~Chill Lofi Study Beats Songs  Playlist Spotify  [320]  kbps Beats⭐\Douro.mp3,1,1,73.623,2026-08-26 01:55:06,2026-08-26 01:55:06
2,RadioTEDU Lo-Fi,/lofi,configured_stream,49932,Down the Port,"Miramare, Clément Matrat",,,,,,,121.943,"H:\RadioTEDU Songs\lofi\Miramare, Clément Matrat\Azure Blue\01 Down the Port.flac",1,1,119.125,2026-08-26 16:42:09,2026-08-26 16:42:09
2,RadioTEDU Lo-Fi,/lofi,configured_stream,46540,Dreams Dancing,Ryquil Dormer,,,,,,,176.123,H:\RadioTEDU Songs\lofi\Lofi\cool winds\Ryquil Dormer\Ryquil Dormer - Dreams Dancing.flac,1,1,173.961,2026-08-26 04:21:46,2026-08-26 04:21:46
2,RadioTEDU Lo-Fi,/lofi,configured_stream,50139,dreamscape,Tibeauthetraveler ft. Luke Tidbury,,,,,,,133.319,H:\RadioTEDU Songs\lofi\Tibeauthetraveler\Nocturnal Reveries\05 Tibeauthetraveler ft. Luke Tidbury - dreamscape.flac,1,1,130.512,2026-08-26 01:10:47,2026-08-26 01:10:47
2,RadioTEDU Lo-Fi,/lofi,configured_stream,49772,Drift,Hotel Pools feat. A.L.I.S.O.N,,,,,,,216.006,H:\RadioTEDU Songs\lofi\Hotel Pools\Fall\07 Hotel Pools feat. A.L.I.S.O.N - Drift.flac,1,1,213.19,2026-08-26 05:23:25,2026-08-26 05:23:25
2,RadioTEDU Lo-Fi,/lofi,configured_stream,50485,Dumbledore’s Army,Nicholas Hooper,,,,,,,162.351,H:\RadioTEDU Songs\lofi\Various Artists\Harry Potter_ Original Motion Picture Soundtracks I-V\10-05 Nicholas Hooper - Dumbledore’s Army (1).mp3,1,1,161.311,2026-08-26 03:03:26,2026-08-26 03:03:26
2,RadioTEDU Lo-Fi,/lofi,configured_stream,50264,Echodrift,VIQ × Krosia,,,,,,,197.234,H:\RadioTEDU Songs\lofi\Various Artists\2 A.M Chill Session\05 VIQ × Krosia - Echodrift.flac,1,1,194.542,2026-08-26 15:25:59,2026-08-26 15:25:59
2,RadioTEDU Lo-Fi,/lofi,configured_stream,49595,Eclipse,Budsy,,,,,,,158.315,H:\RadioTEDU Songs\lofi\Budsy\Nights Like These\01 Budsy - Eclipse.flac,1,1,155.372,2026-08-26 05:32:24,2026-08-26 05:32:24
2,RadioTEDU Lo-Fi,/lofi,configured_stream,49766,Eclipse,Hotel Pools,,,,,,,211.771,H:\RadioTEDU Songs\lofi\Hotel Pools\Fall\01 Hotel Pools - Eclipse.flac,1,1,209.18,2026-08-26 07:26:52,2026-08-26 07:26:52
2,RadioTEDU Lo-Fi,/lofi,configured_stream,49621,Embrace,"cxlt., amies",,,,,,,174.253,"H:\RadioTEDU Songs\lofi\cxlt., amies\Color Within Everything\06 cxlt., amies - Embrace.flac",1,1,171.547,2026-08-26 12:07:09,2026-08-26 12:07:09
2,RadioTEDU Lo-Fi,/lofi,configured_stream,49760,Endless,Hoogway,,,,,,,181.292,H:\RadioTEDU Songs\lofi\Hoogway\Life Is for Living\02 Hoogway - Endless.flac,1,1,181.591,2026-08-26 02:10:49,2026-08-26 02:10:49
2,RadioTEDU Lo-Fi,/lofi,configured_stream,50440,Entao Eu Vou,Farida,,,,,,,221.373,H:\RadioTEDU Songs\lofi\Various Artists\Erotic Lounge⁵_ Secret Affairs\2-06 Farida - Entao Eu Vou (1).mp3,1,1,218.684,2026-08-26 09:44:24,2026-08-26 09:44:24
2,RadioTEDU Lo-Fi,/lofi,configured_stream,50441,Entao Eu Vou,Farida,,,,,,,221.373,H:\RadioTEDU Songs\lofi\Various Artists\Erotic Lounge⁵_ Secret Affairs\2-06 Farida - Entao Eu Vou.mp3,1,1,219.088,2026-08-26 04:30:21,2026-08-26 04:30:21
2,RadioTEDU Lo-Fi,/lofi,configured_stream,50702,Enter,Voyage,,,,,,,320.106,H:\RadioTEDU Songs\lofi\Voyage\Enter\01 Enter.flac,1,1,317.219,2026-08-26 05:29:49,2026-08-26 05:29:49
2,RadioTEDU Lo-Fi,/lofi,configured_stream,49779,Escapism,Indo Silver,,,,,,,153.606,H:\RadioTEDU Songs\lofi\Indo Silver\Liminal Spaces\03 Indo Silver - Escapism.flac,1,1,150.739,2026-08-26 04:32:51,2026-08-26 04:32:51
2,RadioTEDU Lo-Fi,/lofi,configured_stream,49938,Essence of the Forest,Mondo Loops × Purrple Cat,,,,,,,168.198,H:\RadioTEDU Songs\lofi\Mondo Loops\Forest Tales\02 Mondo Loops × Purrple Cat - Essence of the Forest.flac,1,1,166.296,2026-08-26 07:53:52,2026-08-26 07:53:52
2,RadioTEDU Lo-Fi,/lofi,configured_stream,49996,Eventide,Prithvi feat. Alberto Droguett,,,,,,,141.545,H:\RadioTEDU Songs\lofi\Prithvi\Timescapes _ Longer Nights\06 Prithvi feat. Alberto Droguett - Eventide.flac,1,1,138.629,2026-08-26 03:10:16,2026-08-26 03:10:16
2,RadioTEDU Lo-Fi,/lofi,configured_stream,46900,Expressing Attitude,Ace Of Duty,,,,,,,271.515,H:\RadioTEDU Songs\lofi\VA - Lofi & Lounge Music _ Best Selections (2023) [FLAC]\03 - Ace Of Duty - Expressing Attitude.flac,1,1,273.212,2026-08-26 15:30:32,2026-08-26 15:30:32
2,RadioTEDU Lo-Fi,/lofi,configured_stream,49531,Fireflies,"amies, cxlt.",,,,,,,182.406,"H:\RadioTEDU Songs\lofi\amies, cxlt_\Nocturne\06 Fireflies.flac",1,1,182.648,2026-08-26 13:26:04,2026-08-26 13:26:04
2,RadioTEDU Lo-Fi,/lofi,configured_stream,45929,fishkid - Limbo,fishkid,,,,,,,140.597,H:\RadioTEDU Songs\lofi\fishkid - Limbo.mp3,1,1,138.477,2026-08-26 05:42:22,2026-08-26 05:42:22
2,RadioTEDU Lo-Fi,/lofi,configured_stream,46962,Flight Mode,ADYM,,,,,,,120.108,H:\RadioTEDU Songs\lofi\Various Artists - lofi autumn vibes by Lola (2023) Mp3 320kbps [PMEDIA] ⭐️\43. ADYM - Flight Mode.mp3,1,1,117.162,2026-08-26 06:37:31,2026-08-26 06:37:31
2,RadioTEDU Lo-Fi,/lofi,configured_stream,49617,Flying Carpet (ambient mix),Claude Challe & Carlos Campos,,,,,,,318.747,H:\RadioTEDU Songs\lofi\Claude Challe\Flying Carpet\2-09 Claude Challe & Carlos Campos - Flying Carpet (ambient mix) (1).mp3,1,1,316.537,2026-08-26 02:00:23,2026-08-26 02:00:23
2,RadioTEDU Lo-Fi,/lofi,configured_stream,49859,Forest Friends,"Laffey, softy",,,,,,,189.935,"H:\RadioTEDU Songs\lofi\Laffey, softy\Belonging\02 Forest Friends.flac",1,1,187.044,2026-08-26 04:43:14,2026-08-26 04:43:14
2,RadioTEDU Lo-Fi,/lofi,configured_stream,49749,Forever and Ever,"Hevi, H.1",,,,,,,194.792,"H:\RadioTEDU Songs\lofi\Hevi, H.1\Winter Getaway\04 Forever and Ever.flac",1,1,193.592,2026-08-26 11:36:17,2026-08-26 11:36:17
2,RadioTEDU Lo-Fi,/lofi,configured_stream,49786,Free,Indo Silver,,,,,,,144.225,H:\RadioTEDU Songs\lofi\Indo Silver\Liminal Spaces\10 Indo Silver - Free.flac,1,1,141.839,2026-08-26 14:10:15,2026-08-26 14:10:15
2,RadioTEDU Lo-Fi,/lofi,configured_stream,49904,French Press,"luv pug, Spaniel Mac",,,,,,,112.948,"H:\RadioTEDU Songs\lofi\luv pug, Spaniel Mac\Sunset\03 luv pug, Spaniel Mac - French Press.flac",1,1,110.95,2026-08-26 21:29:32,2026-08-26 21:29:32
2,RadioTEDU Lo-Fi,/lofi,configured_stream,45711,friends,mommy,,,,,,,80.614,H:\RadioTEDU Songs\lofi\185 Tracks ~Chill Lofi Study Beats Songs  Playlist Spotify  [320]  kbps Beats⭐\185 Tracks ~Chill Lofi Study Beats Songs  Playlist Spotify  [320]  kbps Beats⭐\friends.mp3,1,1,77.693,2026-08-26 04:34:08,2026-08-26 04:34:08
2,RadioTEDU Lo-Fi,/lofi,configured_stream,46519,From Land To Sea,Philipp Alexander Geitmann,,,,,,,143.141,H:\RadioTEDU Songs\lofi\Lofi\cool winds\Philipp Alexander Geitmann\Philipp Alexander Geitmann - From Land To Sea.flac,1,1,140.229,2026-08-26 01:41:54,2026-08-26 01:41:54
2,RadioTEDU Lo-Fi,/lofi,configured_stream,45939,fudasca - I wrote you a letter (ft. Thomas Reid),fudasca,,,,,,,160.0,H:\RadioTEDU Songs\lofi\fudasca - I wrote you a letter (ft. Thomas Reid).mp3,1,1,168.334,2026-08-26 09:11:34,2026-08-26 09:11:34
2,RadioTEDU Lo-Fi,/lofi,configured_stream,45943,fudasca - Scared To Fall In Love With You (ft. Resident & Aidan),fudasca,,,,,,,186.003,H:\RadioTEDU Songs\lofi\fudasca - Scared To Fall In Love With You (ft. Resident & Aidan).mp3,1,1,183.182,2026-08-26 14:19:15,2026-08-26 14:19:15
2,RadioTEDU Lo-Fi,/lofi,configured_stream,45713,Gasteria,Gaura,,,,,,,81.946,H:\RadioTEDU Songs\lofi\185 Tracks ~Chill Lofi Study Beats Songs  Playlist Spotify  [320]  kbps Beats⭐\185 Tracks ~Chill Lofi Study Beats Songs  Playlist Spotify  [320]  kbps Beats⭐\Gasteria.mp3,1,1,80.845,2026-08-26 03:21:01,2026-08-26 03:21:01
2,RadioTEDU Lo-Fi,/lofi,configured_stream,49897,Glass Currents,Loafy Building,,,,,,,138.188,H:\RadioTEDU Songs\lofi\Loafy Building\Butterflies\05 Loafy Building - Glass Currents.flac,1,1,137.611,2026-08-26 00:01:21,2026-08-26 00:01:21
2,RadioTEDU Lo-Fi,/lofi,configured_stream,46975,Going Anywhere,,,,,,,,115.142,H:\RadioTEDU Songs\lofi\Various Artists - lofi autumn vibes by Lola (2023) Mp3 320kbps [PMEDIA] ⭐️\56. stream_error - Going Anywhere.mp3,1,1,114.212,2026-08-26 14:39:45,2026-08-26 14:39:45
2,RadioTEDU Lo-Fi,/lofi,configured_stream,45716,Golden Hours,Justnormal,,,,,,,148.297,H:\RadioTEDU Songs\lofi\185 Tracks ~Chill Lofi Study Beats Songs  Playlist Spotify  [320]  kbps Beats⭐\185 Tracks ~Chill Lofi Study Beats Songs  Playlist Spotify  [320]  kbps Beats⭐\Golden Hours.mp3,1,1,145.583,2026-08-26 03:50:08,2026-08-26 03:50:08
2,RadioTEDU Lo-Fi,/lofi,configured_stream,49439,Green,,,,,,,,205.079,H:\RadioTEDU Songs\lofi\24.04\Green [yvajTUYa1Mc].mp3,1,1,202.24,2026-08-26 12:01:21,2026-08-26 12:01:21
2,RadioTEDU Lo-Fi,/lofi,configured_stream,45720,H2,Hattab,,,,,,,115.984,H:\RadioTEDU Songs\lofi\185 Tracks ~Chill Lofi Study Beats Songs  Playlist Spotify  [320]  kbps Beats⭐\185 Tracks ~Chill Lofi Study Beats Songs  Playlist Spotify  [320]  kbps Beats⭐\H2.mp3,1,1,113.158,2026-08-26 00:23:37,2026-08-26 00:23:37
2,RadioTEDU Lo-Fi,/lofi,configured_stream,45955,hashir - take your time,hashir,,,,,,,156.328,H:\RadioTEDU Songs\lofi\hashir - take your time.mp3,1,1,153.44,2026-08-26 07:08:55,2026-08-26 07:08:55
2,RadioTEDU Lo-Fi,/lofi,configured_stream,49789,Heart Beats Slow,Indo Silver,,,,,,,151.907,H:\RadioTEDU Songs\lofi\Indo Silver\Liminal Spaces\13 Indo Silver - Heart Beats Slow.flac,1,1,150.043,2026-08-26 08:32:35,2026-08-26 08:32:35
2,RadioTEDU Lo-Fi,/lofi,configured_stream,49615,Heart of the Sea,"Charlee Nguyen, Mondo Loops",,,,,,,142.332,"H:\RadioTEDU Songs\lofi\Charlee Nguyen, Mondo Loops\Amidst the Seven Seas\01 Charlee Nguyen, Mondo Loops - Heart of the Sea.flac",1,1,140.409,2026-08-26 07:59:23,2026-08-26 07:59:23
2,RadioTEDU Lo-Fi,/lofi,configured_stream,49804,her mind (freely),Jorrit Brodersen,,,,,,,172.006,H:\RadioTEDU Songs\lofi\Jorrit Brodersen\Intimacy\02 her mind (freely).flac,1,1,170.948,2026-08-26 18:12:35,2026-08-26 18:12:35
2,RadioTEDU Lo-Fi,/lofi,configured_stream,50227,Hey Laura,Gregory Porter,,,,,,,199.427,H:\RadioTEDU Songs\lofi\Various Artists\100 Greatest Jazz Icons\53 Gregory Porter - Hey Laura.mp3,1,1,198.193,2026-08-26 06:06:39,2026-08-26 06:06:39
2,RadioTEDU Lo-Fi,/lofi,configured_stream,50058,Hideaway,"softy, Mondo Loops",,,,,,,155.231,"H:\RadioTEDU Songs\lofi\softy\Distant Images\02 softy, Mondo Loops - Hideaway.flac",1,1,154.802,2026-08-26 11:30:10,2026-08-26 11:30:10
2,RadioTEDU Lo-Fi,/lofi,configured_stream,49947,High Tide,MyceliumBug,,,,,,,134.406,H:\RadioTEDU Songs\lofi\MyceliumBug\Melatonin\01 High Tide.flac,1,1,132.535,2026-08-26 21:12:06,2026-08-26 21:12:06
2,RadioTEDU Lo-Fi,/lofi,configured_stream,50148,Holy Cloud,Tonion × xander. & Dario Lessing,,,,,,,205.721,H:\RadioTEDU Songs\lofi\Tonion × xander_\Stories of Synergy\04 Tonion × xander. & Dario Lessing - Holy Cloud.flac,1,1,206.054,2026-08-26 10:41:01,2026-08-26 10:41:01
2,RadioTEDU Lo-Fi,/lofi,configured_stream,49547,hope,Bcalm ft. Purrple Cat,,,,,,,164.006,H:\RadioTEDU Songs\lofi\Bcalm\Elements\10 Bcalm ft. Purrple Cat - hope.flac,1,1,164.738,2026-08-26 04:40:02,2026-08-26 04:40:02
2,RadioTEDU Lo-Fi,/lofi,configured_stream,50691,Hornpipe,Georg Friedrich Händel,,,,,,,219.493,"H:\RadioTEDU Songs\lofi\Various Artists\Wedding Favourites_ Wedding March _ Bridal March _ Jesu, Joy of Man’s Desiring\07 Georg Friedrich Händel - Hornpipe.mp3",1,1,216.62,2026-08-26 01:49:30,2026-08-26 01:49:30
2,RadioTEDU Lo-Fi,/lofi,configured_stream,49408,How Deep Is Your Love,Bee Gees,,,,,,,239.34,H:\RadioTEDU Songs\lofi\24.04\Bee Gees - How Deep Is Your Love (Official Video) [XpqqjU7u5Yc].mp3,1,1,236.568,2026-08-26 13:16:14,2026-08-26 13:16:14
2,RadioTEDU Lo-Fi,/lofi,configured_stream,50568,Hungarian Rhapsody #2,Franz Liszt,,,,,,,651.134,H:\RadioTEDU Songs\lofi\Various Artists\Panda Classics Presents_ Toon Time\09 Franz Liszt - Hungarian Rhapsody #2.mp3,1,1,648.292,2026-08-26 16:28:59,2026-08-26 16:28:59
2,RadioTEDU Lo-Fi,/lofi,configured_stream,49819,i don't care anymore,Julia Alexa & Belfa,,,,,,,136.998,H:\RadioTEDU Songs\lofi\Julia Alexa & Belfa\i don't care anymore\01 i don't care anymore.mp3,1,1,135.776,2026-08-26 01:17:55,2026-08-26 01:17:55
2,RadioTEDU Lo-Fi,/lofi,configured_stream,45727,I'd Rather Sleep,Smartface,,,,,,,139.05,H:\RadioTEDU Songs\lofi\185 Tracks ~Chill Lofi Study Beats Songs  Playlist Spotify  [320]  kbps Beats⭐\185 Tracks ~Chill Lofi Study Beats Songs  Playlist Spotify  [320]  kbps Beats⭐\I'd Rather Sleep.mp3,1,1,138.226,2026-08-26 16:05:41,2026-08-26 16:05:41
2,RadioTEDU Lo-Fi,/lofi,configured_stream,49430,I'm Still Standing,Elton John,,,,,,,181.986,H:\RadioTEDU Songs\lofi\24.04\Elton John - I'm Still Standing [ZHwVBirqD2s].mp3,1,1,181.122,2026-08-26 10:08:03,2026-08-26 10:08:03
2,RadioTEDU Lo-Fi,/lofi,configured_stream,45971,i've given up on you,,,,,,,,143.019,H:\RadioTEDU Songs\lofi\i've given up on you.mp3,1,1,140.24,2026-08-26 11:02:04,2026-08-26 11:02:04
2,RadioTEDU Lo-Fi,/lofi,configured_stream,46989,Ikarus,Driftwood,,,,,,,149.132,H:\RadioTEDU Songs\lofi\Various Artists - lofi autumn vibes by Lola (2023) Mp3 320kbps [PMEDIA] ⭐️\70. Driftwood - Ikarus.mp3,1,1,146.429,2026-08-26 08:37:25,2026-08-26 08:37:25
2,RadioTEDU Lo-Fi,/lofi,configured_stream,45981,Imfinenow - Just Like A Bird (ft. Solace.),Imfinenow,,,,,,,129.997,H:\RadioTEDU Songs\lofi\Imfinenow - Just Like A Bird (ft. Solace.).mp3,1,1,127.062,2026-08-26 07:03:10,2026-08-26 07:03:10
2,RadioTEDU Lo-Fi,/lofi,configured_stream,49666,In a Dream,Dreamfield ft. Fred Paci,,,,,,,168.256,H:\RadioTEDU Songs\lofi\Dreamfield\Brothers in Arms\11 Dreamfield ft. Fred Paci - In a Dream.flac,1,1,169.413,2026-08-26 11:19:03,2026-08-26 11:19:03
2,RadioTEDU Lo-Fi,/lofi,configured_stream,49683,In Place,dryhope,,,,,,,124.9,H:\RadioTEDU Songs\lofi\dryhope\Undertow\01 In Place.flac,1,1,122.043,2026-08-26 10:59:44,2026-08-26 10:59:44
2,RadioTEDU Lo-Fi,/lofi,configured_stream,46102,Indii G. - I'll Wait On You (prod. fantom),Indii G,,,,,,,150.477,H:\RadioTEDU Songs\lofi\Indii G. - I'll Wait On You (prod. fantom).mp3,1,1,150.441,2026-08-26 17:58:28,2026-08-26 17:58:28
2,RadioTEDU Lo-Fi,/lofi,configured_stream,45593,infinity,Oatmello,,,,,,,93.264,H:\RadioTEDU Songs\lofi\100 Lo-Fi Beats to Relax and focus Playlist Spotify (2020) [320]  kbps Beats⭐\100 Lo-Fi Beats to Relax and focus Playlist Spotify (2020) [320]  kbps Beats⭐\infinity.mp3,1,1,90.655,2026-08-26 06:00:21,2026-08-26 06:00:21
2,RadioTEDU Lo-Fi,/lofi,configured_stream,50263,Infuse,Forhill × Eagle Eyed Tiger,,,,,,,170.017,H:\RadioTEDU Songs\lofi\Various Artists\2 A.M Chill Session\04 Forhill × Eagle Eyed Tiger - Infuse.flac,1,1,167.959,2026-08-26 15:46:09,2026-08-26 15:46:09
2,RadioTEDU Lo-Fi,/lofi,configured_stream,49755,Inhale,"Hoogway, Knowun",,,,,,,161.386,"H:\RadioTEDU Songs\lofi\Hoogway, Knowun\Moments to Keep\02 Inhale.flac",1,1,158.536,2026-08-26 02:07:48,2026-08-26 02:07:48
2,RadioTEDU Lo-Fi,/lofi,configured_stream,49712,Interpolation,Foudroie,,,,,,,212.217,H:\RadioTEDU Songs\lofi\Foudroie\The Journey\08 Foudroie - Interpolation.flac,1,1,213.451,2026-08-26 01:37:35,2026-08-26 01:37:35
2,RadioTEDU Lo-Fi,/lofi,configured_stream,50506,It Amazes Me,Liza Minnelli,,,,,,,191.667,H:\RadioTEDU Songs\lofi\Various Artists\Jazz Ballads\12 Liza Minnelli - It Amazes Me.mp3,1,1,189.275,2026-08-26 01:08:36,2026-08-26 01:08:36
2,RadioTEDU Lo-Fi,/lofi,configured_stream,50154,Ivory,"Trxxshed, Jhove",,,,,,,147.006,"H:\RadioTEDU Songs\lofi\Trxxshed\Retro Colors\01 Trxxshed, Jhove - Ivory.flac",1,1,144.136,2026-08-26 09:16:06,2026-08-26 09:16:06
2,RadioTEDU Lo-Fi,/lofi,configured_stream,46111,ivri - mold (prod. Hayku),ivri,,,,,,,148.968,H:\RadioTEDU Songs\lofi\ivri - mold (prod. Hayku).mp3,1,1,146.066,2026-08-26 01:22:15,2026-08-26 01:22:15
2,RadioTEDU Lo-Fi,/lofi,configured_stream,46928,jammy,Catnip,,,,,,,103.876,H:\RadioTEDU Songs\lofi\Various Artists - lofi autumn vibes by Lola (2023) Mp3 320kbps [PMEDIA] ⭐️\10. Catnip - jammy.mp3,1,1,100.914,2026-08-26 16:57:17,2026-08-26 16:57:17
2,RadioTEDU Lo-Fi,/lofi,configured_stream,49705,Journey,Foudroie,,,,,,,222.322,H:\RadioTEDU Songs\lofi\Foudroie\The Journey\01 Foudroie - Journey.flac,1,1,220.08,2026-08-26 13:23:02,2026-08-26 13:23:02
2,RadioTEDU Lo-Fi,/lofi,configured_stream,45739,Karru,FloFilz,,,,,,,149.029,H:\RadioTEDU Songs\lofi\185 Tracks ~Chill Lofi Study Beats Songs  Playlist Spotify  [320]  kbps Beats⭐\185 Tracks ~Chill Lofi Study Beats Songs  Playlist Spotify  [320]  kbps Beats⭐\Karru.mp3,1,1,148.657,2026-08-26 07:01:02,2026-08-26 07:01:02
2,RadioTEDU Lo-Fi,/lofi,configured_stream,46130,Kayou. & Laeland - if i stay,Kayou. & Laeland,,,,,,,180.094,H:\RadioTEDU Songs\lofi\Kayou. & Laeland - if i stay.mp3,1,1,177.347,2026-08-26 12:46:24,2026-08-26 12:46:24
2,RadioTEDU Lo-Fi,/lofi,configured_stream,46131,Kayou. & Woven In Hiatus - these days will fade out,Kayou. & Woven In Hiatus,,,,,,,192.529,H:\RadioTEDU Songs\lofi\Kayou. & Woven In Hiatus - these days will fade out.mp3,1,1,189.627,2026-08-26 07:57:03,2026-08-26 07:57:03
2,RadioTEDU Lo-Fi,/lofi,configured_stream,46134,Kayou. - i know it's not you,Kayou,,,,,,,172.501,H:\RadioTEDU Songs\lofi\Kayou. - i know it's not you.mp3,1,1,171.37,2026-08-26 14:37:51,2026-08-26 14:37:51
2,RadioTEDU Lo-Fi,/lofi,configured_stream,46140,keagan - clueless (ft. cornflake car & naveih),keagan,,,,,,,157.838,H:\RadioTEDU Songs\lofi\keagan - clueless (ft. cornflake car & naveih).mp3,1,1,155.783,2026-08-26 16:08:17,2026-08-26 16:08:17
2,RadioTEDU Lo-Fi,/lofi,configured_stream,46144,Kina - get you the moon (ft. Snow),Kina,,,,,,,194.363,H:\RadioTEDU Songs\lofi\Kina - get you the moon (ft. Snow).mp3,1,1,191.57,2026-08-26 02:17:06,2026-08-26 02:17:06
2,RadioTEDU Lo-Fi,/lofi,configured_stream,50027,Kind of Three,saint rumi feat. Erwin Do & lightheart,,,,,,,126.987,H:\RadioTEDU Songs\lofi\saint rumi feat. Erwin Do & lightheart\A Groove Supreme\02 Kind of Three.flac,1,1,126.207,2026-08-26 00:12:33,2026-08-26 00:12:33
2,RadioTEDU Lo-Fi,/lofi,configured_stream,49896,Koshi,Living Room ft. Otaam,,,,,,,125.578,H:\RadioTEDU Songs\lofi\Living Room\Memories\05 Living Room ft. Otaam - Koshi.flac,1,1,124.155,2026-08-26 10:47:29,2026-08-26 10:47:29
2,RadioTEDU Lo-Fi,/lofi,configured_stream,49671,Lacreation,dreamẅalker,,,,,,,173.202,H:\RadioTEDU Songs\lofi\dreamẅalker\Oscillations\05 dreamẅalker - Lacreation.flac,1,1,170.347,2026-08-26 13:07:00,2026-08-26 13:07:00
2,RadioTEDU Lo-Fi,/lofi,configured_stream,46153,Laeland & Vict Molina & Nuxe - Too Late,Laeland & Vict Molina & Nuxe,,,,,,,116.193,H:\RadioTEDU Songs\lofi\Laeland & Vict Molina & Nuxe - Too Late.mp3,1,1,113.289,2026-08-26 00:21:44,2026-08-26 00:21:44
2,RadioTEDU Lo-Fi,/lofi,configured_stream,45594,Law,"Sleepdealer, Daniel Rothwell",,,,,,,144.0,H:\RadioTEDU Songs\lofi\100 Lo-Fi Beats to Relax and focus Playlist Spotify (2020) [320]  kbps Beats⭐\100 Lo-Fi Beats to Relax and focus Playlist Spotify (2020) [320]  kbps Beats⭐\Law.mp3,1,1,141.171,2026-08-26 07:29:13,2026-08-26 07:29:13
2,RadioTEDU Lo-Fi,/lofi,configured_stream,50127,Lebanese Blonde,Thievery Corporation,,,,,,,288.827,H:\RadioTEDU Songs\lofi\Thievery Corporation\The Mirror Conspiracy\1-04 Lebanese Blonde.mp3,1,1,285.954,2026-08-26 03:41:55,2026-08-26 03:41:55
2,RadioTEDU Lo-Fi,/lofi,configured_stream,49762,Left Unsaid,Hoogway,,,,,,,142.292,H:\RadioTEDU Songs\lofi\Hoogway\Thin Lines\03 Hoogway - Left Unsaid.flac,1,1,140.941,2026-08-26 04:04:52,2026-08-26 04:04:52
2,RadioTEDU Lo-Fi,/lofi,configured_stream,49699,Let It Go,Etro Anime,,,,,,,199.667,H:\RadioTEDU Songs\lofi\Etro Anime\See the Sound\06 Let It Go.mp3,1,1,196.78,2026-08-26 08:11:20,2026-08-26 08:11:20
2,RadioTEDU Lo-Fi,/lofi,configured_stream,50534,Letting Go,xander. × No Spirit,,,,,,,205.721,H:\RadioTEDU Songs\lofi\Various Artists\Lonely Days\24 xander. × No Spirit - Letting Go.flac,1,1,202.956,2026-08-26 12:33:38,2026-08-26 12:33:38
2,RadioTEDU Lo-Fi,/lofi,configured_stream,45596,Life,Slumberville,,,,,,,130.344,H:\RadioTEDU Songs\lofi\100 Lo-Fi Beats to Relax and focus Playlist Spotify (2020) [320]  kbps Beats⭐\100 Lo-Fi Beats to Relax and focus Playlist Spotify (2020) [320]  kbps Beats⭐\Life.mp3,1,1,127.597,2026-08-26 15:40:07,2026-08-26 15:40:07
2,RadioTEDU Lo-Fi,/lofi,configured_stream,49998,Lightspeed,Protocols,,,,,,,133.901,H:\RadioTEDU Songs\lofi\Protocols\Planetarium\02 Protocols - Lightspeed.flac,1,1,131.02,2026-08-26 12:35:50,2026-08-26 12:35:50
2,RadioTEDU Lo-Fi,/lofi,configured_stream,49457,Like A Prayer,Madonna,,,,,,,337.409,H:\RadioTEDU Songs\lofi\24.04\Madonna - Like A Prayer (Official Video) [79fzeNUqQbQ].mp3,1,1,334.703,2026-08-26 16:18:11,2026-08-26 16:18:11
2,RadioTEDU Lo-Fi,/lofi,configured_stream,49833,Lilac,Kainbeats,,,,,,,127.606,H:\RadioTEDU Songs\lofi\Kainbeats\Angelic\01 Kainbeats - Lilac.flac,1,1,124.689,2026-08-26 10:43:05,2026-08-26 10:43:05
2,RadioTEDU Lo-Fi,/lofi,configured_stream,49784,Liminal,Indo Silver,,,,,,,185.62,H:\RadioTEDU Songs\lofi\Indo Silver\Liminal Spaces\08 Indo Silver - Liminal.flac,1,1,182.695,2026-08-26 03:18:02,2026-08-26 03:18:02
2,RadioTEDU Lo-Fi,/lofi,configured_stream,46161,Lo'Fi Boy - Sex For Breakfast (ft. Shiloh),Lo'Fi Boy,,,,,,,160.896,H:\RadioTEDU Songs\lofi\Lo'Fi Boy - Sex For Breakfast (ft. Shiloh).mp3,1,1,158.069,2026-08-26 12:24:12,2026-08-26 12:24:12
2,RadioTEDU Lo-Fi,/lofi,configured_stream,49608,Lonely for the Moment,BVG,,,,,,,96.533,H:\RadioTEDU Songs\lofi\BVG\This Could Have Been Our Love Story\04 BVG - Lonely for the Moment.mp3,1,1,93.631,2026-08-26 18:14:10,2026-08-26 18:14:10
2,RadioTEDU Lo-Fi,/lofi,configured_stream,49994,"Long Fights, Short Tempers",Powfu & Imfinenow,,,,,,,168.612,"H:\RadioTEDU Songs\lofi\Powfu\Long Fights, Short Tempers\01 Long Fights, Short Tempers.mp3",1,1,165.892,2026-08-26 21:40:38,2026-08-26 21:40:38
2,RadioTEDU Lo-Fi,/lofi,configured_stream,50452,Love Theme From Seductive Souls,Seductive Souls,,,,,,,363.84,H:\RadioTEDU Songs\lofi\Various Artists\Erotic Lounge⁵_ Secret Affairs\2-12 Seductive Souls - Love Theme From Seductive Souls.mp3,1,1,361.483,2026-08-26 09:31:52,2026-08-26 09:31:52
2,RadioTEDU Lo-Fi,/lofi,configured_stream,50542,Love Theme From Spartacus,Terry Callier,,,,,,,303.813,H:\RadioTEDU Songs\lofi\Various Artists\Lounge\09 Terry Callier - Love Theme From Spartacus (1).mp3,1,1,301.407,2026-08-26 17:55:56,2026-08-26 17:55:56
2,RadioTEDU Lo-Fi,/lofi,configured_stream,49713,Lunar,Foudroie,,,,,,,169.27,H:\RadioTEDU Songs\lofi\Foudroie\The Journey\09 Foudroie - Lunar.flac,1,1,166.378,2026-08-26 03:47:43,2026-08-26 03:47:43
2,RadioTEDU Lo-Fi,/lofi,configured_stream,46533,Lunar Pines,R Skye,,,,,,,156.006,H:\RadioTEDU Songs\lofi\Lofi\cool winds\R Skye\R Skye - Lunar Pines.flac,1,1,154.606,2026-08-26 00:51:55,2026-08-26 00:51:55
2,RadioTEDU Lo-Fi,/lofi,configured_stream,46656,Maberry & Hypx - I Won't Leave You,Maberry & Hypx,,,,,,,144.405,H:\RadioTEDU Songs\lofi\Maberry & Hypx - I Won't Leave You.mp3,1,1,141.579,2026-08-26 10:05:02,2026-08-26 10:05:02
2,RadioTEDU Lo-Fi,/lofi,configured_stream,50500,Mack the Knife,Wayne Newton,,,,,,,119.773,H:\RadioTEDU Songs\lofi\Various Artists\Jazz Ballads\06 Wayne Newton - Mack the Knife.mp3,1,1,117.227,2026-08-26 17:43:33,2026-08-26 17:43:33
2,RadioTEDU Lo-Fi,/lofi,configured_stream,49763,Mad About You (Llorca's Radio Shot),Hooverphonic,,,,,,,265.147,H:\RadioTEDU Songs\lofi\Hooverphonic\The Magnificent Tree\2-02 Mad About You (Llorca's Radio Shot).mp3,1,1,262.397,2026-08-26 07:19:07,2026-08-26 07:19:07
2,RadioTEDU Lo-Fi,/lofi,configured_stream,46666,Madson. - Directions,Madson,,,,,,,196.373,H:\RadioTEDU Songs\lofi\Madson. - Directions.mp3,1,1,193.792,2026-08-26 15:43:21,2026-08-26 15:43:21
2,RadioTEDU Lo-Fi,/lofi,configured_stream,46669,Madson. - I Hate The One That I Was Before,Madson,,,,,,,183.008,H:\RadioTEDU Songs\lofi\Madson. - I Hate The One That I Was Before.mp3,1,1,180.092,2026-08-26 16:51:14,2026-08-26 16:51:14
2,RadioTEDU Lo-Fi,/lofi,configured_stream,49673,Magma,dreamẅalker ft. Virtua,,,,,,,162.506,H:\RadioTEDU Songs\lofi\dreamẅalker\Oscillations\07 dreamẅalker ft. Virtua - Magma.flac,1,1,159.608,2026-08-26 02:50:12,2026-08-26 02:50:12
2,RadioTEDU Lo-Fi,/lofi,configured_stream,50471,Meeting Tom Riddle,John Williams,,,,,,,217.992,H:\RadioTEDU Songs\lofi\Various Artists\Harry Potter_ Original Motion Picture Soundtracks I-V\04-03 John Williams - Meeting Tom Riddle (1).mp3,1,1,215.336,2026-08-26 09:50:16,2026-08-26 09:50:16
2,RadioTEDU Lo-Fi,/lofi,configured_stream,49686,Misty Meadows,eleven ft. Mondo Loops,,,,,,,137.149,H:\RadioTEDU Songs\lofi\eleven\Raabta\03 eleven ft. Mondo Loops - Misty Meadows.flac,1,1,134.695,2026-08-26 10:22:06,2026-08-26 10:22:06
2,RadioTEDU Lo-Fi,/lofi,configured_stream,45608,Moon Light,Ymori,,,,,,,133.488,H:\RadioTEDU Songs\lofi\100 Lo-Fi Beats to Relax and focus Playlist Spotify (2020) [320]  kbps Beats⭐\100 Lo-Fi Beats to Relax and focus Playlist Spotify (2020) [320]  kbps Beats⭐\Moon Light.mp3,1,1,134.981,2026-08-26 16:12:35,2026-08-26 16:12:35
2,RadioTEDU Lo-Fi,/lofi,configured_stream,50165,Moon Phase,Voyage,,,,,,,150.351,H:\RadioTEDU Songs\lofi\Various Artists\1 A.M Chill Session\05 Voyage - Moon Phase.flac,1,1,147.406,2026-08-26 08:13:48,2026-08-26 08:13:48
2,RadioTEDU Lo-Fi,/lofi,configured_stream,49485,More Than a Woman,Tavares,,,,,,,196.685,H:\RadioTEDU Songs\lofi\24.04\Tavares - More Than a Woman [GQcCRo2b-ZE].mp3,1,1,194.142,2026-08-26 17:21:09,2026-08-26 17:21:09
2,RadioTEDU Lo-Fi,/lofi,configured_stream,50361,Morning Mood,Edvard Grieg,,,,,,,222.052,H:\RadioTEDU Songs\lofi\Various Artists\Classical Highlights\01-02 Edvard Grieg - Morning Mood.mp3,1,1,220.499,2026-08-26 11:13:45,2026-08-26 11:13:45
2,RadioTEDU Lo-Fi,/lofi,configured_stream,45753,my ____ for you..,homieunculus,,,,,,,69.747,H:\RadioTEDU Songs\lofi\185 Tracks ~Chill Lofi Study Beats Songs  Playlist Spotify  [320]  kbps Beats⭐\185 Tracks ~Chill Lofi Study Beats Songs  Playlist Spotify  [320]  kbps Beats⭐\my ____ for you...mp3,1,1,67.017,2026-08-26 05:24:32,2026-08-26 05:24:32
2,RadioTEDU Lo-Fi,/lofi,configured_stream,49696,My Broken Heart,Erwin Do & saint rumi,,,,,,,133.34,H:\RadioTEDU Songs\lofi\Erwin Do & saint rumi\Fully Blue\04 My Broken Heart.flac,1,1,130.415,2026-08-26 15:53:50,2026-08-26 15:53:50
2,RadioTEDU Lo-Fi,/lofi,configured_stream,50329,My Dear,Swink,,,,,,,140.006,H:\RadioTEDU Songs\lofi\Various Artists\Best‐of lofi hip‐hop 2023\10 Swink - My Dear.flac,1,1,137.178,2026-08-26 09:52:33,2026-08-26 09:52:33
2,RadioTEDU Lo-Fi,/lofi,configured_stream,50080,Mysterious,Soothing Spore,,,,,,,165.34,H:\RadioTEDU Songs\lofi\Soothing Spore\Lunar Analemma\04 Soothing Spore - Mysterious.flac,1,1,162.688,2026-08-26 12:18:02,2026-08-26 12:18:02
2,RadioTEDU Lo-Fi,/lofi,configured_stream,50716,Nature Stories,xander.,,,,,,,194.016,H:\RadioTEDU Songs\lofi\xander_\Moment of Tranquility\03 Nature Stories.flac,1,1,191.608,2026-08-26 18:21:00,2026-08-26 18:21:00
2,RadioTEDU Lo-Fi,/lofi,configured_stream,50325,Never be prey to the winds,eugenio izzi,,,,,,,158.637,H:\RadioTEDU Songs\lofi\Various Artists\Best‐of lofi hip‐hop 2022\39 eugenio izzi - Never be prey to the winds.flac,1,1,159.536,2026-08-26 10:02:39,2026-08-26 10:02:39
2,RadioTEDU Lo-Fi,/lofi,configured_stream,45610,Never Too Late,Leon Koala,,,,,,,142.632,H:\RadioTEDU Songs\lofi\100 Lo-Fi Beats to Relax and focus Playlist Spotify (2020) [320]  kbps Beats⭐\100 Lo-Fi Beats to Relax and focus Playlist Spotify (2020) [320]  kbps Beats⭐\Never Too Late.mp3,1,1,139.924,2026-08-26 04:26:41,2026-08-26 04:26:41
2,RadioTEDU Lo-Fi,/lofi,configured_stream,50477,Neville’s Waltz,Patrick Doyle,,,,,,,131.369,H:\RadioTEDU Songs\lofi\Various Artists\Harry Potter_ Original Motion Picture Soundtracks I-V\07-11 Patrick Doyle - Neville’s Waltz (1).mp3,1,1,128.641,2026-08-26 17:17:55,2026-08-26 17:17:55
2,RadioTEDU Lo-Fi,/lofi,configured_stream,49409,Night Fever,Bee Gees,,,,,,,208.747,H:\RadioTEDU Songs\lofi\24.04\Bee Gees - Night Fever [SkypZuY6ZvA].mp3,1,1,205.932,2026-08-26 17:24:35,2026-08-26 17:24:35
2,RadioTEDU Lo-Fi,/lofi,configured_stream,45612,Night Shift,Noflik,,,,,,,100.968,H:\RadioTEDU Songs\lofi\100 Lo-Fi Beats to Relax and focus Playlist Spotify (2020) [320]  kbps Beats⭐\100 Lo-Fi Beats to Relax and focus Playlist Spotify (2020) [320]  kbps Beats⭐\Night Shift.mp3,1,1,98.059,2026-08-26 01:51:09,2026-08-26 01:51:09
2,RadioTEDU Lo-Fi,/lofi,configured_stream,46686,NINETEEN95 - Lilith (prod. Timmies),NINETEEN95,,,,,,,151.04,H:\RadioTEDU Songs\lofi\NINETEEN95 - Lilith (prod. Timmies).mp3,1,1,154.512,2026-08-26 03:30:35,2026-08-26 03:30:35
2,RadioTEDU Lo-Fi,/lofi,configured_stream,46688,no.cape & sorrow   - we won the war but i lost you (prod. nogfgoodnight),no.cape & sorrow,,,,,,,145.995,H:\RadioTEDU Songs\lofi\no.cape & sorrow   - we won the war but i lost you (prod. nogfgoodnight).mp3,1,1,143.244,2026-08-26 04:16:58,2026-08-26 04:16:58
2,RadioTEDU Lo-Fi,/lofi,configured_stream,45761,north shore,baechulgi,,,,,,,125.44,H:\RadioTEDU Songs\lofi\185 Tracks ~Chill Lofi Study Beats Songs  Playlist Spotify  [320]  kbps Beats⭐\185 Tracks ~Chill Lofi Study Beats Songs  Playlist Spotify  [320]  kbps Beats⭐\north shore.mp3,1,1,122.928,2026-08-26 00:25:39,2026-08-26 00:25:39
2,RadioTEDU Lo-Fi,/lofi,configured_stream,45614,Novacane,"Lusca061, Shiloh",,,,,,,157.104,H:\RadioTEDU Songs\lofi\100 Lo-Fi Beats to Relax and focus Playlist Spotify (2020) [320]  kbps Beats⭐\100 Lo-Fi Beats to Relax and focus Playlist Spotify (2020) [320]  kbps Beats⭐\Novacane.mp3,1,1,154.451,2026-08-26 05:37:47,2026-08-26 05:37:47
2,RadioTEDU Lo-Fi,/lofi,configured_stream,49509,Now or Later,"Ahmad Evans, Erwin Do",,,,,,,148.895,"H:\RadioTEDU Songs\lofi\Ahmad Evans, Erwin Do\Explorations\01 Now or Later.flac",1,1,147.056,2026-08-26 06:35:32,2026-08-26 06:35:32
2,RadioTEDU Lo-Fi,/lofi,configured_stream,50295,Nuit douce,Phlocalyst × Myríad,,,,,,,153.756,H:\RadioTEDU Songs\lofi\Various Artists\Afternoon Jazz\02 Phlocalyst × Myríad - Nuit douce.flac,1,1,150.925,2026-08-26 13:04:09,2026-08-26 13:04:09
2,RadioTEDU Lo-Fi,/lofi,configured_stream,46694,Nuxe & M.E - it's ok to leave (ft. Vict Molina),Nuxe & M.E,,,,,,,117.888,H:\RadioTEDU Songs\lofi\Nuxe & M.E - it's ok to leave (ft. Vict Molina).mp3,1,1,115.057,2026-08-26 04:18:53,2026-08-26 04:18:53
2,RadioTEDU Lo-Fi,/lofi,configured_stream,46706,NÜ - she held the galaxies (ft. Vict Molina),NÜ,,,,,,,96.212,H:\RadioTEDU Songs\lofi\NÜ - she held the galaxies (ft. Vict Molina).mp3,1,1,94.16,2026-08-26 15:49:30,2026-08-26 15:49:30
2,RadioTEDU Lo-Fi,/lofi,configured_stream,45764,Old Roots New Trees,"Made in M, Smuv",,,,,,,91.559,H:\RadioTEDU Songs\lofi\185 Tracks ~Chill Lofi Study Beats Songs  Playlist Spotify  [320]  kbps Beats⭐\185 Tracks ~Chill Lofi Study Beats Songs  Playlist Spotify  [320]  kbps Beats⭐\Old Roots New Trees.mp3,1,1,89.14,2026-08-26 06:03:21,2026-08-26 06:03:21
2,RadioTEDU Lo-Fi,/lofi,configured_stream,49909,On the Road,Mariposa,,,,,,,132.006,H:\RadioTEDU Songs\lofi\Mariposa\The House on the Hill\01 On the Road.flac,1,1,129.934,2026-08-26 15:32:42,2026-08-26 15:32:42
2,RadioTEDU Lo-Fi,/lofi,configured_stream,50313,Oops!... I Did It Again,Britney Spears,,,,,,,211.534,H:\RadioTEDU Songs\lofi\Various Artists\Best of Y2K Hits\27 Britney Spears - Oops!... I Did It Again.flac,1,1,211.234,2026-08-26 12:21:34,2026-08-26 12:21:34
2,RadioTEDU Lo-Fi,/lofi,configured_stream,50104,Orange Leaves,TABAL,,,,,,,160.006,H:\RadioTEDU Songs\lofi\TABAL\Rainy Days\05 TABAL - Orange Leaves.flac,1,1,157.277,2026-08-26 03:23:39,2026-08-26 03:23:39
2,RadioTEDU Lo-Fi,/lofi,configured_stream,50177,Orbit,VIQ,,,,,,,204.966,H:\RadioTEDU Songs\lofi\Various Artists\1 A.M Chill Session\21 VIQ - Orbit.flac,1,1,202.109,2026-08-26 02:33:06,2026-08-26 02:33:06
2,RadioTEDU Lo-Fi,/lofi,configured_stream,49876,Orion,Le Metroid,,,,,,,188.318,H:\RadioTEDU Songs\lofi\Le Metroid\Black Hole\05 Orion.flac,1,1,185.383,2026-08-26 15:02:48,2026-08-26 15:02:48
2,RadioTEDU Lo-Fi,/lofi,configured_stream,49667,Oscillations,dreamẅalker,,,,,,,173.5,H:\RadioTEDU Songs\lofi\dreamẅalker\Oscillations\01 dreamẅalker - Oscillations.flac,1,1,170.756,2026-08-26 09:05:54,2026-08-26 09:05:54
2,RadioTEDU Lo-Fi,/lofi,configured_stream,50573,Otherside,Red Hot Chili Peppers,,,,,,,255.373,"H:\RadioTEDU Songs\lofi\Various Artists\Promo Only_ Modern Rock Radio, December 1999\03 Red Hot Chili Peppers - Otherside.flac",1,1,253.263,2026-08-26 02:21:20,2026-08-26 02:21:20
2,RadioTEDU Lo-Fi,/lofi,configured_stream,50156,Otherworld,trxxshed,,,,,,,138.598,H:\RadioTEDU Songs\lofi\Trxxshed\Vast Forests\01 trxxshed - Otherworld.flac,1,1,137.17,2026-08-26 05:44:39,2026-08-26 05:44:39
2,RadioTEDU Lo-Fi,/lofi,configured_stream,50439,Our Love,Luisito Quintero feat. Ananè,,,,,,,304.253,H:\RadioTEDU Songs\lofi\Various Artists\Erotic Lounge⁵_ Secret Affairs\2-05 Luisito Quintero feat. Ananè - Our Love.mp3,1,1,301.305,2026-08-26 17:09:30,2026-08-26 17:09:30
2,RadioTEDU Lo-Fi,/lofi,configured_stream,49431,Out Of My League,Fitz And The Tantrums,,,,,,,196.243,H:\RadioTEDU Songs\lofi\24.04\Fitz And The Tantrums - Out Of My League [Official Music Video] [Z4mbxaa3XL8].mp3,1,1,193.311,2026-08-26 05:50:06,2026-08-26 05:50:06
2,RadioTEDU Lo-Fi,/lofi,configured_stream,46999,Own Device,Bonbon Bay,,,,,,,164.494,H:\RadioTEDU Songs\lofi\Various Artists - lofi autumn vibes by Lola (2023) Mp3 320kbps [PMEDIA] ⭐️\80. Bonbon Bay - Own Device.mp3,1,1,161.615,2026-08-26 00:15:14,2026-08-26 00:15:14
2,RadioTEDU Lo-Fi,/lofi,configured_stream,50680,Palladio,Karl Jenkins,,,,,,,225.313,H:\RadioTEDU Songs\lofi\Various Artists\The Very Best of Pure Moods\3-04 Karl Jenkins - Palladio.flac,1,1,222.484,2026-08-26 09:58:00,2026-08-26 09:58:00
2,RadioTEDU Lo-Fi,/lofi,configured_stream,49659,Pandora,Downtown Binary,,,,,,,320.006,H:\RadioTEDU Songs\lofi\Downtown Binary\Astral\11 Downtown Binary - Pandora.flac,1,1,317.928,2026-08-26 13:31:31,2026-08-26 13:31:31
2,RadioTEDU Lo-Fi,/lofi,configured_stream,50623,Panis Angelicus,Robert Schumann,,,,,,,203.373,H:\RadioTEDU Songs\lofi\Various Artists\The 99 Most Essential Pieces of the Romantic Era\30 Robert Schumann - Panis Angelicus.mp3,1,1,200.531,2026-08-26 01:28:31,2026-08-26 01:28:31
2,RadioTEDU Lo-Fi,/lofi,configured_stream,50662,Panis Angelicus (Franck),Luciano Pavarotti,,,,,,,243.493,H:\RadioTEDU Songs\lofi\Various Artists\The Ultimate Wedding Album\11 Luciano Pavarotti - Panis Angelicus (Franck) (1).mp3,1,1,240.658,2026-08-26 01:45:54,2026-08-26 01:45:54
2,RadioTEDU Lo-Fi,/lofi,configured_stream,50663,Panis Angelicus (Franck),Luciano Pavarotti,,,,,,,243.493,H:\RadioTEDU Songs\lofi\Various Artists\The Ultimate Wedding Album\11 Luciano Pavarotti - Panis Angelicus (Franck).mp3,1,1,244.719,2026-08-26 01:01:42,2026-08-26 01:01:42
2,RadioTEDU Lo-Fi,/lofi,configured_stream,49769,Parallel,Hotel Pools feat. oDDling,,,,,,,239.532,H:\RadioTEDU Songs\lofi\Hotel Pools\Fall\04 Hotel Pools feat. oDDling - Parallel.flac,1,1,237.389,2026-08-26 13:01:39,2026-08-26 13:01:39
2,RadioTEDU Lo-Fi,/lofi,configured_stream,49931,Passage,mell-ø ft. Ambulo,,,,,,,110.386,H:\RadioTEDU Songs\lofi\mell-ø\Time to Go\08 mell-ø ft. Ambulo - Passage.flac,1,1,107.613,2026-08-26 14:31:03,2026-08-26 14:31:03
2,RadioTEDU Lo-Fi,/lofi,configured_stream,50427,Passing By,Zero 7,,,,,,,292.0,H:\RadioTEDU Songs\lofi\Various Artists\Erotic Lounge_ Sensual Passion\1-13 Zero 7 - Passing By.mp3,1,1,289.165,2026-08-26 08:21:12,2026-08-26 08:21:12
2,RadioTEDU Lo-Fi,/lofi,configured_stream,49726,Peaceful Horizon,Gerardo Millán,,,,,,,158.189,H:\RadioTEDU Songs\lofi\Gerardo Millán\Before the stars\10 Gerardo Millán - Peaceful Horizon.flac,1,1,156.342,2026-08-26 05:14:42,2026-08-26 05:14:42
2,RadioTEDU Lo-Fi,/lofi,configured_stream,45771,Peanut Butter,"Fona, Styn",,,,,,,61.753,H:\RadioTEDU Songs\lofi\185 Tracks ~Chill Lofi Study Beats Songs  Playlist Spotify  [320]  kbps Beats⭐\185 Tracks ~Chill Lofi Study Beats Songs  Playlist Spotify  [320]  kbps Beats⭐\Peanut Butter.mp3,1,1,62.881,2026-08-26 03:55:28,2026-08-26 03:55:28
2,RadioTEDU Lo-Fi,/lofi,configured_stream,49674,Perceptions,dreamẅalker ft. Kabes,,,,,,,161.746,H:\RadioTEDU Songs\lofi\dreamẅalker\Oscillations\08 dreamẅalker ft. Kabes - Perceptions.flac,1,1,158.924,2026-08-26 03:14:59,2026-08-26 03:14:59
2,RadioTEDU Lo-Fi,/lofi,configured_stream,49895,Perfume,Lilac,,,,,,,155.958,H:\RadioTEDU Songs\lofi\Lilac\When I Dreamt of You\02 Perfume.flac,1,1,153.189,2026-08-26 17:40:16,2026-08-26 17:40:16
2,RadioTEDU Lo-Fi,/lofi,configured_stream,50360,Piano Concerto No. 1 in E Minor Op. 11 - Romance Larghetto,Fryderyk Chopin,,,,,,,545.112,H:\RadioTEDU Songs\lofi\Various Artists\Classical Gold_ The Greatest Classical Collection Ever\26-02 Fryderyk Chopin - Piano Concerto No. 1 in E Minor Op. 11 - Romance Larghetto.mp3,1,1,542.269,2026-08-26 15:18:25,2026-08-26 15:18:25
2,RadioTEDU Lo-Fi,/lofi,configured_stream,50368,"Piano Concerto No. 23 in A major, K. 488: II. Andante",Wolfgang Amadeus Mozart,,,,,,,352.627,"H:\RadioTEDU Songs\lofi\Various Artists\Classical Top 100\3-08 Wolfgang Amadeus Mozart - Piano Concerto No. 23 in A major, K. 488_ II. Andante (1).mp3",1,1,351.084,2026-08-26 14:16:07,2026-08-26 14:16:07
2,RadioTEDU Lo-Fi,/lofi,configured_stream,50369,"Piano Concerto No. 23 in A major, K. 488: II. Andante",Wolfgang Amadeus Mozart,,,,,,,352.627,"H:\RadioTEDU Songs\lofi\Various Artists\Classical Top 100\3-08 Wolfgang Amadeus Mozart - Piano Concerto No. 23 in A major, K. 488_ II. Andante.mp3",1,1,350.002,2026-08-26 14:02:18,2026-08-26 14:02:18
2,RadioTEDU Lo-Fi,/lofi,configured_stream,50306,"Piano Trio in E-flat, op. 100",Franz Schubert,,,,,,,258.481,"H:\RadioTEDU Songs\lofi\Various Artists\Barry Lyndon\18 Franz Schubert - Piano Trio in E-flat, op. 100 (1).mp3",1,1,255.751,2026-08-26 07:23:22,2026-08-26 07:23:22
2,RadioTEDU Lo-Fi,/lofi,configured_stream,50467,Platform Nine-And-Three-Quarters and the Journey to Hogwarts,John Williams,,,,,,,194.255,H:\RadioTEDU Songs\lofi\Various Artists\Harry Potter_ Original Motion Picture Soundtracks I-V\01-06 John Williams - Platform Nine-And-Three-Quarters and the Journey to Hogwarts (1).mp3,1,1,191.427,2026-08-26 02:24:31,2026-08-26 02:24:31
2,RadioTEDU Lo-Fi,/lofi,configured_stream,50118,Playtime Theme,The Strike Boys,,,,,,,263.467,H:\RadioTEDU Songs\lofi\The Strike Boys\Playtime\01 The Strike Boys - Playtime Theme.mp3,1,1,260.695,2026-08-26 15:22:45,2026-08-26 15:22:45
2,RadioTEDU Lo-Fi,/lofi,configured_stream,50386,Playtime Theme,The Strike Boys,,,,,,,263.467,H:\RadioTEDU Songs\lofi\Various Artists\Erotic Lounge 4_ Bare Jewels\2-03 The Strike Boys - Playtime Theme.mp3,1,1,260.673,2026-08-26 15:07:08,2026-08-26 15:07:08
2,RadioTEDU Lo-Fi,/lofi,configured_stream,50377,Poison,Alice Cooper,,,,,,,268.272,H:\RadioTEDU Songs\lofi\Various Artists\Die ultimative Chart Show_ Die erfolgreichsten Lieblingssongs der Männer\2-02 Alice Cooper - Poison.mp3,1,1,266.846,2026-08-26 17:31:32,2026-08-26 17:31:32
2,RadioTEDU Lo-Fi,/lofi,configured_stream,50048,Poles Apart,slowburn,,,,,,,117.289,H:\RadioTEDU Songs\lofi\slowburn\Poles Apart\01 Poles Apart.flac,1,1,116.676,2026-08-26 08:51:43,2026-08-26 08:51:43
2,RadioTEDU Lo-Fi,/lofi,configured_stream,50481,Potter Waltz,Patrick Doyle,,,,,,,139.598,H:\RadioTEDU Songs\lofi\Various Artists\Harry Potter_ Original Motion Picture Soundtracks I-V\07-13 Patrick Doyle - Potter Waltz (1).mp3,1,1,136.856,2026-08-26 02:57:25,2026-08-26 02:57:25
2,RadioTEDU Lo-Fi,/lofi,configured_stream,50482,Potter Waltz,Patrick Doyle,,,,,,,139.598,H:\RadioTEDU Songs\lofi\Various Artists\Harry Potter_ Original Motion Picture Soundtracks I-V\07-13 Patrick Doyle - Potter Waltz.mp3,1,1,137.523,2026-08-26 11:04:21,2026-08-26 11:04:21
2,RadioTEDU Lo-Fi,/lofi,configured_stream,50636,Prelude to the Afternoon of a Faun,Claude Debussy,,,,,,,526.373,H:\RadioTEDU Songs\lofi\Various Artists\The Most Relaxing Classical Music in the Universe\2-01 Claude Debussy - Prelude to the Afternoon of a Faun.mp3,1,1,524.746,2026-08-26 05:58:50,2026-08-26 05:58:50
2,RadioTEDU Lo-Fi,/lofi,configured_stream,50271,Prismatic Waves,Nitewalk,,,,,,,205.901,H:\RadioTEDU Songs\lofi\Various Artists\2 A.M Chill Session\19 Nitewalk - Prismatic Waves.flac,1,1,206.359,2026-08-26 11:27:36,2026-08-26 11:27:36
2,RadioTEDU Lo-Fi,/lofi,configured_stream,49948,Pristine,MyceliumBug,,,,,,,116.644,H:\RadioTEDU Songs\lofi\MyceliumBug\Melatonin\03 Pristine.flac,1,1,113.718,2026-08-26 01:19:49,2026-08-26 01:19:49
2,RadioTEDU Lo-Fi,/lofi,configured_stream,45623,Quiet Nights,"Epektase, Pandrezz, j'san",,,,,,,128.016,H:\RadioTEDU Songs\lofi\100 Lo-Fi Beats to Relax and focus Playlist Spotify (2020) [320]  kbps Beats⭐\100 Lo-Fi Beats to Relax and focus Playlist Spotify (2020) [320]  kbps Beats⭐\Quiet Nights.mp3,1,1,125.233,2026-08-26 03:12:21,2026-08-26 03:12:21
2,RadioTEDU Lo-Fi,/lofi,configured_stream,49543,raindrops,"Bcalm, Dontcry",,,,,,,147.699,"H:\RadioTEDU Songs\lofi\Bcalm, Dontcry\times we had\06 raindrops.flac",1,1,145.736,2026-08-26 12:57:42,2026-08-26 12:57:42
2,RadioTEDU Lo-Fi,/lofi,configured_stream,50015,Related Realities,Rogue VHS,,,,,,,217.262,H:\RadioTEDU Songs\lofi\Rogue VHS\Projections\04 Related Realities.flac,1,1,215.614,2026-08-26 09:37:52,2026-08-26 09:37:52
2,RadioTEDU Lo-Fi,/lofi,configured_stream,46952,reminisce,Majid Unpeek,,,,,,,196.546,H:\RadioTEDU Songs\lofi\Various Artists - lofi autumn vibes by Lola (2023) Mp3 320kbps [PMEDIA] ⭐️\33. Majid Unpeek - reminisce.mp3,1,1,199.601,2026-08-26 03:00:45,2026-08-26 03:00:45
2,RadioTEDU Lo-Fi,/lofi,configured_stream,46734,Resident - having you around could keep me high,Resident,,,,,,,144.01,H:\RadioTEDU Songs\lofi\Resident - having you around could keep me high.mp3,1,1,141.106,2026-08-26 09:18:27,2026-08-26 09:18:27
2,RadioTEDU Lo-Fi,/lofi,configured_stream,49735,Rewind,"Girl From Nowhere, Boy From Nowhere",,,,,,,180.006,"H:\RadioTEDU Songs\lofi\Girl From Nowhere, Boy From Nowhere\Lost Journey Memories\04 Rewind.flac",1,1,177.477,2026-08-26 14:25:22,2026-08-26 14:25:22
2,RadioTEDU Lo-Fi,/lofi,configured_stream,46738,Rewind & Sølace - Pieces,Rewind & Sølace,,,,,,,183.438,H:\RadioTEDU Songs\lofi\Rewind & Sølace - Pieces.mp3,1,1,181.191,2026-08-26 03:44:57,2026-08-26 03:44:57
2,RadioTEDU Lo-Fi,/lofi,configured_stream,46741,Rick Archie - Flowers,Rick Archie,,,,,,,105.6,H:\RadioTEDU Songs\lofi\Rick Archie - Flowers.mp3,1,1,104.899,2026-08-26 12:55:16,2026-08-26 12:55:16
2,RadioTEDU Lo-Fi,/lofi,configured_stream,45781,Rising Air,LisaMadeIt,,,,,,,144.013,H:\RadioTEDU Songs\lofi\185 Tracks ~Chill Lofi Study Beats Songs  Playlist Spotify  [320]  kbps Beats⭐\185 Tracks ~Chill Lofi Study Beats Songs  Playlist Spotify  [320]  kbps Beats⭐\Rising Air.mp3,1,1,141.209,2026-08-26 17:04:29,2026-08-26 17:04:29
2,RadioTEDU Lo-Fi,/lofi,configured_stream,46755,Rnla - hold each other (feat. Carl Storm),Rnla,,,,,,,177.621,H:\RadioTEDU Songs\lofi\Rnla - hold each other (feat. Carl Storm).mp3,1,1,175.592,2026-08-26 12:04:17,2026-08-26 12:04:17
2,RadioTEDU Lo-Fi,/lofi,configured_stream,46759,"Roiael, Monty Datta & Skinny Atlas - Looking At The Sky With You","Roiael, Monty Datta & Skinny Atlas",,,,,,,143.083,"H:\RadioTEDU Songs\lofi\Roiael, Monty Datta & Skinny Atlas - Looking At The Sky With You.mp3",1,1,140.195,2026-08-26 15:38:00,2026-08-26 15:38:00
2,RadioTEDU Lo-Fi,/lofi,configured_stream,49736,Rêveries,"Girl From Nowhere, Boy From Nowhere",,,,,,,172.18,"H:\RadioTEDU Songs\lofi\Girl From Nowhere, Boy From Nowhere\Lost Journey Memories\05 Rêveries.flac",1,1,169.28,2026-08-26 05:35:13,2026-08-26 05:35:13
2,RadioTEDU Lo-Fi,/lofi,configured_stream,45785,sabor,Joe Nora,,,,,,,111.987,H:\RadioTEDU Songs\lofi\185 Tracks ~Chill Lofi Study Beats Songs  Playlist Spotify  [320]  kbps Beats⭐\185 Tracks ~Chill Lofi Study Beats Songs  Playlist Spotify  [320]  kbps Beats⭐\sabor.mp3,1,1,109.324,2026-08-26 06:56:23,2026-08-26 06:56:23
2,RadioTEDU Lo-Fi,/lofi,configured_stream,46760,sad lofi for ghosts & ghouls,,,,,,,,1200.657,H:\RadioTEDU Songs\lofi\sad lofi for ghosts & ghouls.mp3,1,1,1197.928,2026-08-26 14:59:42,2026-08-26 14:59:42
2,RadioTEDU Lo-Fi,/lofi,configured_stream,50220,Sarah Jane,Ramsey Lewis,,,,,,,269.701,H:\RadioTEDU Songs\lofi\Various Artists\100 Greatest Jazz Icons\40 Ramsey Lewis - Sarah Jane.mp3,1,1,270.833,2026-08-26 03:07:57,2026-08-26 03:07:57
2,RadioTEDU Lo-Fi,/lofi,configured_stream,46771,Sarcastic Sounds - I Don't Sleep,Sarcastic Sounds,,,,,,,115.531,H:\RadioTEDU Songs\lofi\Sarcastic Sounds - I Don't Sleep.mp3,1,1,116.79,2026-08-26 01:39:31,2026-08-26 01:39:31
2,RadioTEDU Lo-Fi,/lofi,configured_stream,46972,Satellite,Slow Moon,,,,,,,144.0,H:\RadioTEDU Songs\lofi\Various Artists - lofi autumn vibes by Lola (2023) Mp3 320kbps [PMEDIA] ⭐️\53. Slow Moon - Satellite.mp3,1,1,141.141,2026-08-26 08:49:47,2026-08-26 08:49:47
2,RadioTEDU Lo-Fi,/lofi,configured_stream,50151,say anything,towser,,,,,,,141.931,H:\RadioTEDU Songs\lofi\towser\Things I'll Never Say\13 say anything.mp3,1,1,140.981,2026-08-26 13:36:54,2026-08-26 13:36:54
2,RadioTEDU Lo-Fi,/lofi,configured_stream,49943,Say Goodbye,Monty Datta & Snøw,,,,,,,150.419,H:\RadioTEDU Songs\lofi\Monty Datta & Snøw\Say Goodbye\01 Say Goodbye.mp3,1,1,147.65,2026-08-26 03:33:03,2026-08-26 03:33:03
2,RadioTEDU Lo-Fi,/lofi,configured_stream,46795,SEA - where is my mind (ft. Swik),SEA,,,,,,,131.499,H:\RadioTEDU Songs\lofi\SEA - where is my mind (ft. Swik).mp3,1,1,130.362,2026-08-26 15:51:40,2026-08-26 15:51:40
2,RadioTEDU Lo-Fi,/lofi,configured_stream,45628,sekao,Delayde,,,,,,,132.0,H:\RadioTEDU Songs\lofi\100 Lo-Fi Beats to Relax and focus Playlist Spotify (2020) [320]  kbps Beats⭐\100 Lo-Fi Beats to Relax and focus Playlist Spotify (2020) [320]  kbps Beats⭐\sekao.mp3,1,1,129.794,2026-08-26 18:04:12,2026-08-26 18:04:12
2,RadioTEDU Lo-Fi,/lofi,configured_stream,50387,Sentimento,Ian Pooley feat. Marcos Valle,,,,,,,211.52,H:\RadioTEDU Songs\lofi\Various Artists\Erotic Lounge 4_ Bare Jewels\2-04 Ian Pooley feat. Marcos Valle - Sentimento (1).mp3,1,1,208.738,2026-08-26 17:37:43,2026-08-26 17:37:43
2,RadioTEDU Lo-Fi,/lofi,configured_stream,50388,Sentimento,Ian Pooley feat. Marcos Valle,,,,,,,211.52,H:\RadioTEDU Songs\lofi\Various Artists\Erotic Lounge 4_ Bare Jewels\2-04 Ian Pooley feat. Marcos Valle - Sentimento.mp3,1,1,208.809,2026-08-26 18:17:38,2026-08-26 18:17:38
2,RadioTEDU Lo-Fi,/lofi,configured_stream,50071,Serendipity,Soothing Spore & Runaway Horses,,,,,,,179.325,H:\RadioTEDU Songs\lofi\Soothing Spore & Runaway Horses\Spacescape\08 Soothing Spore & Runaway Horses - Serendipity.flac,1,1,176.626,2026-08-26 01:25:11,2026-08-26 01:25:11
2,RadioTEDU Lo-Fi,/lofi,configured_stream,50333,Set Sail,Krynoze & Juliàn,,,,,,,144.006,H:\RadioTEDU Songs\lofi\Various Artists\Best‐of lofi hip‐hop 2023\27 Krynoze & Juliàn - Set Sail.flac,1,1,141.834,2026-08-26 10:17:11,2026-08-26 10:17:11
2,RadioTEDU Lo-Fi,/lofi,configured_stream,50126,Shadows of Ourselves,Thievery Corporation,,,,,,,217.773,H:\RadioTEDU Songs\lofi\Thievery Corporation\The Mirror Conspiracy\09 Shadows of Ourselves.mp3,1,1,217.95,2026-08-26 00:55:33,2026-08-26 00:55:33
2,RadioTEDU Lo-Fi,/lofi,configured_stream,46803,Shae Delea - My Dearest Keeper,Shae Delea,,,,,,,132.693,H:\RadioTEDU Songs\lofi\Shae Delea - My Dearest Keeper.mp3,1,1,129.985,2026-08-26 17:02:07,2026-08-26 17:02:07
2,RadioTEDU Lo-Fi,/lofi,configured_stream,47014,Shelter,Malolo,,,,,,,165.454,H:\RadioTEDU Songs\lofi\Various Artists - lofi autumn vibes by Lola (2023) Mp3 320kbps [PMEDIA] ⭐️\95. Malolo - Shelter.mp3,1,1,164.202,2026-08-26 01:53:53,2026-08-26 01:53:53
2,RadioTEDU Lo-Fi,/lofi,configured_stream,49929,Shelter From the Noise,"meandmydreams, Quiescente",,,,,,,141.184,"H:\RadioTEDU Songs\lofi\meandmydreams\Dreams in the Mist\07 meandmydreams, Quiescente - Shelter From the Noise.flac",1,1,138.428,2026-08-26 00:06:19,2026-08-26 00:06:19
2,RadioTEDU Lo-Fi,/lofi,configured_stream,49780,Silent,Indo Silver,,,,,,,180.125,H:\RadioTEDU Songs\lofi\Indo Silver\Liminal Spaces\04 Indo Silver - Silent.flac,1,1,177.39,2026-08-26 15:35:40,2026-08-26 15:35:40
2,RadioTEDU Lo-Fi,/lofi,configured_stream,50289,Simulation,Downtown Binary,,,,,,,225.504,H:\RadioTEDU Songs\lofi\Various Artists\4 A.M Chill Session\12 Downtown Binary - Simulation.flac,1,1,223.455,2026-08-26 01:05:27,2026-08-26 01:05:27
2,RadioTEDU Lo-Fi,/lofi,configured_stream,50379,"Sinfonie No. 5 c-Moll, Op. 67 ""Schicksals-Sinfonie"": I. Allegro con brio",Ludwig van Beethoven,,,,,,,334.733,"H:\RadioTEDU Songs\lofi\Various Artists\Dietrich Schwanitz_ Musik_ Alles, was man hören muss\05-07 Ludwig van Beethoven - Sinfonie No. 5 c-Moll, Op. 67 _Schicksals-Sinfonie__ I. Allegro con brio (1).mp3",1,1,335.643,2026-08-26 14:07:53,2026-08-26 14:07:53
2,RadioTEDU Lo-Fi,/lofi,configured_stream,50494,Ska Ka-Bop,Brooklyn Funk Essentials,,,,,,,296.238,H:\RadioTEDU Songs\lofi\Various Artists\Im Juli\03 Brooklyn Funk Essentials - Ska Ka-Bop.mp3,1,1,293.505,2026-08-26 01:15:40,2026-08-26 01:15:40
2,RadioTEDU Lo-Fi,/lofi,configured_stream,46805,"Skinny Atlas & Snøw - I Fell In Love With You, Now It's Killing Me",Skinny Atlas & Snøw,,,,,,,152.021,"H:\RadioTEDU Songs\lofi\Skinny Atlas & Snøw - I Fell In Love With You, Now It's Killing Me.mp3",1,1,149.214,2026-08-26 04:00:52,2026-08-26 04:00:52
2,RadioTEDU Lo-Fi,/lofi,configured_stream,46809,Sky.High - Patient with' u,Sky.High,,,,,,,89.856,H:\RadioTEDU Songs\lofi\Sky.High - Patient with' u.mp3,1,1,87.772,2026-08-26 00:43:45,2026-08-26 00:43:45
2,RadioTEDU Lo-Fi,/lofi,configured_stream,49727,Slow Sync,"Girl From Nowhere, Boy From Nowhere",,,,,,,162.673,"H:\RadioTEDU Songs\lofi\Girl From Nowhere, Boy From Nowhere\Between Phases\01 Slow Sync.flac",1,1,159.824,2026-08-26 10:19:51,2026-08-26 10:19:51
2,RadioTEDU Lo-Fi,/lofi,configured_stream,50078,Smoothy Road,Soothing Spore,,,,,,,160.006,H:\RadioTEDU Songs\lofi\Soothing Spore\Lunar Analemma\02 Soothing Spore - Smoothy Road.flac,1,1,157.336,2026-08-26 11:49:29,2026-08-26 11:49:29
2,RadioTEDU Lo-Fi,/lofi,configured_stream,50168,Snowfall,Hotel Pools,,,,,,,174.194,H:\RadioTEDU Songs\lofi\Various Artists\1 A.M Chill Session\08 Hotel Pools - Snowfall.flac,1,1,171.437,2026-08-26 08:02:14,2026-08-26 08:02:14
2,RadioTEDU Lo-Fi,/lofi,configured_stream,46814,Snøw & Bradley Davis - I'm in love but... (Prod. Why Loner),Snøw & Bradley Davis,,,,,,,160.334,H:\RadioTEDU Songs\lofi\Snøw & Bradley Davis - I'm in love but... (Prod. Why Loner).mp3,1,1,159.304,2026-08-26 16:59:57,2026-08-26 16:59:57
2,RadioTEDU Lo-Fi,/lofi,configured_stream,49665,Soft Spoken,Dreamfield ft. Fred Paci × Guy Rickard,,,,,,,163.95,H:\RadioTEDU Songs\lofi\Dreamfield\Brothers in Arms\10 Dreamfield ft. Fred Paci × Guy Rickard - Soft Spoken.flac,1,1,161.626,2026-08-26 06:25:25,2026-08-26 06:25:25
2,RadioTEDU Lo-Fi,/lofi,configured_stream,49919,Solitaire,Mariposa,,,,,,,118.006,H:\RadioTEDU Songs\lofi\Mariposa\The House on the Hill\11 Solitaire.flac,1,1,115.855,2026-08-26 11:38:13,2026-08-26 11:38:13
2,RadioTEDU Lo-Fi,/lofi,configured_stream,50045,Solstice,"Sling Dilly, Sleepermane",,,,,,,101.746,"H:\RadioTEDU Songs\lofi\Sling Dilly, Sleepermane\Weightless\03 Solstice.flac",1,1,98.908,2026-08-26 03:19:40,2026-08-26 03:19:40
2,RadioTEDU Lo-Fi,/lofi,configured_stream,50269,Somewhere,VIQ,,,,,,,213.92,H:\RadioTEDU Songs\lofi\Various Artists\2 A.M Chill Session\16 VIQ - Somewhere.flac,1,1,211.069,2026-08-26 06:28:57,2026-08-26 06:28:57
2,RadioTEDU Lo-Fi,/lofi,configured_stream,50366,"Sonata for Cello and Piano in G minor, op. 19: III. Andante",Sergei Rachmaninoff,,,,,,,385.2,"H:\RadioTEDU Songs\lofi\Various Artists\Classical Music for Meditation and Yoga\47 Sergei Rachmaninoff - Sonata for Cello and Piano in G minor, op. 19_ III. Andante.mp3",1,1,382.675,2026-08-26 10:53:52,2026-08-26 10:53:52
2,RadioTEDU Lo-Fi,/lofi,configured_stream,50421,Soon (P Smoovah mix),Jazzanova,,,,,,,299.667,H:\RadioTEDU Songs\lofi\Various Artists\Erotic Lounge_ Sensual Passion\1-10 Jazzanova - Soon (P Smoovah mix) (1).mp3,1,1,296.862,2026-08-26 02:55:08,2026-08-26 02:55:08
2,RadioTEDU Lo-Fi,/lofi,configured_stream,50184,Sound of the Sky,Novus Sana,,,,,,,195.235,H:\RadioTEDU Songs\lofi\Various Artists\1 A.M Chill Session\39 Novus Sana - Sound of the Sky.flac,1,1,192.513,2026-08-26 07:06:22,2026-08-26 07:06:22
2,RadioTEDU Lo-Fi,/lofi,configured_stream,47004,Sparkling Water,Bomshi,,,,,,,125.073,H:\RadioTEDU Songs\lofi\Various Artists - lofi autumn vibes by Lola (2023) Mp3 320kbps [PMEDIA] ⭐️\85. Bomshi - Sparkling Water.mp3,1,1,122.811,2026-08-26 14:29:14,2026-08-26 14:29:14
2,RadioTEDU Lo-Fi,/lofi,configured_stream,49528,Spindrift,Ambulo ft. mell-ø,,,,,,,160.215,H:\RadioTEDU Songs\lofi\Ambulo\Sea Forest\07 Ambulo ft. mell-ø - Spindrift.flac,1,1,157.442,2026-08-26 11:10:02,2026-08-26 11:10:02
2,RadioTEDU Lo-Fi,/lofi,configured_stream,49481,Starman (2012 Remaster),,,,,,,,254.293,H:\RadioTEDU Songs\lofi\24.04\Starman (2012 Remaster) [aBKEt3MhNMM].mp3,1,1,252.042,2026-08-26 03:54:25,2026-08-26 03:54:25
2,RadioTEDU Lo-Fi,/lofi,configured_stream,49831,Stellar,Kabes,,,,,,,143.884,H:\RadioTEDU Songs\lofi\Kabes\Spatial Journey\09 Stellar.flac,1,1,141.014,2026-08-26 06:12:17,2026-08-26 06:12:17
2,RadioTEDU Lo-Fi,/lofi,configured_stream,49970,Stellar Symphony,Opal,,,,,,,138.506,H:\RadioTEDU Songs\lofi\Opal\Skyward\06 Stellar Symphony.flac,1,1,136.173,2026-08-26 09:46:40,2026-08-26 09:46:40
2,RadioTEDU Lo-Fi,/lofi,configured_stream,49857,Stellar Wind,Ky akasha,,,,,,,128.691,H:\RadioTEDU Songs\lofi\Ky akasha\Seeing Beauty in Everything\02 Stellar Wind.flac,1,1,126.752,2026-08-26 09:13:41,2026-08-26 09:13:41
2,RadioTEDU Lo-Fi,/lofi,configured_stream,49624,Stoic (Prod. by Saint Romain),D-Real [愛],,,,,,,121.536,H:\RadioTEDU Songs\lofi\D-Real [愛]\Coast City Collection\07 Stoic (Prod. by Saint Romain).mp3,1,1,118.647,2026-08-26 08:53:42,2026-08-26 08:53:42
2,RadioTEDU Lo-Fi,/lofi,configured_stream,50458,Stomping at the Savoy,Ella Fitzgerald,,,,,,,315.947,H:\RadioTEDU Songs\lofi\Various Artists\Fairmont Hotels & Resorts_ Lounging with Fairmont II\03 Ella Fitzgerald - Stomping at the Savoy.flac,1,1,315.337,2026-08-26 02:47:33,2026-08-26 02:47:33
2,RadioTEDU Lo-Fi,/lofi,configured_stream,46831,StrangeMood - im not feeling blue im feeling black (ft. Larissa),StrangeMood,,,,,,,122.683,H:\RadioTEDU Songs\lofi\StrangeMood - im not feeling blue im feeling black (ft. Larissa).mp3,1,1,119.839,2026-08-26 09:59:59,2026-08-26 09:59:59
2,RadioTEDU Lo-Fi,/lofi,configured_stream,49928,Submerged in Stillness,"meandmydreams, Broken Peak",,,,,,,156.652,"H:\RadioTEDU Songs\lofi\meandmydreams\Dreams in the Mist\05 meandmydreams, Broken Peak - Submerged in Stillness.flac",1,1,153.885,2026-08-26 00:36:41,2026-08-26 00:36:41
2,RadioTEDU Lo-Fi,/lofi,configured_stream,50581,Summertime (UFO Remix),Sarah Vaughan,,,,,,,408.573,H:\RadioTEDU Songs\lofi\Various Artists\Rencontres feutrées\05 Sarah Vaughan - Summertime (UFO Remix).mp3,1,1,406.187,2026-08-26 10:14:50,2026-08-26 10:14:50
2,RadioTEDU Lo-Fi,/lofi,configured_stream,49654,Sunday’s Lullaby,Dosi,,,,,,,184.622,H:\RadioTEDU Songs\lofi\Dosi\Under the Stars\04 Dosi - Sunday’s Lullaby.flac,1,1,181.966,2026-08-26 05:09:28,2026-08-26 05:09:28
2,RadioTEDU Lo-Fi,/lofi,configured_stream,45635,sundown,mt. fujitive,,,,,,,112.008,H:\RadioTEDU Songs\lofi\100 Lo-Fi Beats to Relax and focus Playlist Spotify (2020) [320]  kbps Beats⭐\100 Lo-Fi Beats to Relax and focus Playlist Spotify (2020) [320]  kbps Beats⭐\sundown.mp3,1,1,109.356,2026-08-26 04:51:04,2026-08-26 04:51:04
2,RadioTEDU Lo-Fi,/lofi,configured_stream,50053,Sunset/Sunrise,Snøw,,,,,,,87.211,H:\RadioTEDU Songs\lofi\Snøw\Sunset_Sunrise\01 Sunset_Sunrise.mp3,1,1,84.532,2026-08-26 04:49:15,2026-08-26 04:49:15
2,RadioTEDU Lo-Fi,/lofi,configured_stream,46970,Surf City Stroll,Mamoosh,,,,,,,113.958,H:\RadioTEDU Songs\lofi\Various Artists - lofi autumn vibes by Lola (2023) Mp3 320kbps [PMEDIA] ⭐️\51. Mamoosh - Surf City Stroll.mp3,1,1,111.591,2026-08-26 08:30:05,2026-08-26 08:30:05
2,RadioTEDU Lo-Fi,/lofi,configured_stream,46832,svmp & yaeow - take me back,svmp & yaeow,,,,,,,156.457,H:\RadioTEDU Songs\lofi\svmp & yaeow - take me back.mp3,1,1,153.52,2026-08-26 11:55:01,2026-08-26 11:55:01
2,RadioTEDU Lo-Fi,/lofi,configured_stream,50582,Sweet Dreams (Are Made of This),48th St. Collective,,,,,,,149.555,H:\RadioTEDU Songs\lofi\Various Artists\Retro Chic 100\33 48th St. Collective - Sweet Dreams (Are Made of This).mp3,1,1,146.787,2026-08-26 16:34:57,2026-08-26 16:34:57
2,RadioTEDU Lo-Fi,/lofi,configured_stream,49972,Synchronicity of the Stars,Opal,,,,,,,159.006,H:\RadioTEDU Songs\lofi\Opal\Skyward\08 Synchronicity of the Stars.flac,1,1,156.24,2026-08-26 05:17:20,2026-08-26 05:17:20
2,RadioTEDU Lo-Fi,/lofi,configured_stream,50003,Tabula Rasa,Purrple Cat,,,,,,,192.319,H:\RadioTEDU Songs\lofi\Purrple Cat\Distant Worlds\11 Tabula Rasa.flac,1,1,189.8,2026-08-26 04:37:17,2026-08-26 04:37:17
2,RadioTEDU Lo-Fi,/lofi,configured_stream,49702,Taiga,Ever So Blue,,,,,,,133.223,H:\RadioTEDU Songs\lofi\Ever So Blue\Traces\03 Taiga.flac,1,1,130.399,2026-08-26 07:39:46,2026-08-26 07:39:46
2,RadioTEDU Lo-Fi,/lofi,configured_stream,45813,Tamarama Sky,NSW Kenny,,,,,,,96.0,H:\RadioTEDU Songs\lofi\185 Tracks ~Chill Lofi Study Beats Songs  Playlist Spotify  [320]  kbps Beats⭐\185 Tracks ~Chill Lofi Study Beats Songs  Playlist Spotify  [320]  kbps Beats⭐\Tamarama Sky.mp3,1,1,94.304,2026-08-26 16:03:22,2026-08-26 16:03:22
2,RadioTEDU Lo-Fi,/lofi,configured_stream,46934,Tea With Honey,Bomshi,,,,,,,119.263,H:\RadioTEDU Songs\lofi\Various Artists - lofi autumn vibes by Lola (2023) Mp3 320kbps [PMEDIA] ⭐️\15. Bomshi - Tea With Honey.mp3,1,1,116.945,2026-08-26 00:57:37,2026-08-26 00:57:37
2,RadioTEDU Lo-Fi,/lofi,configured_stream,46852,Teqkoi - At the Start (ft. INTRN),Teqkoi,,,,,,,120.337,H:\RadioTEDU Songs\lofi\Teqkoi - At the Start (ft. INTRN).mp3,1,1,117.651,2026-08-26 11:46:51,2026-08-26 11:46:51
2,RadioTEDU Lo-Fi,/lofi,configured_stream,50545,That’s So True,Gracie Abrams,,,,,,,166.777,H:\RadioTEDU Songs\lofi\Various Artists\Megahits 2025_ Die Erste\1-01 Gracie Abrams - That’s So True.flac,1,1,163.915,2026-08-26 18:07:01,2026-08-26 18:07:01
2,RadioTEDU Lo-Fi,/lofi,configured_stream,50709,The Bad Party,WYS,,,,,,,194.59,H:\RadioTEDU Songs\lofi\WYS\The Bad Party\01 The Bad Party.flac,1,1,191.855,2026-08-26 04:55:44,2026-08-26 04:55:44
2,RadioTEDU Lo-Fi,/lofi,configured_stream,49586,The Descent,Blue Wednesday,,,,,,,213.045,H:\RadioTEDU Songs\lofi\Blue Wednesday\In My Head\01 Blue Wednesday - The Descent.flac,1,1,214.477,2026-08-26 21:21:30,2026-08-26 21:21:30
2,RadioTEDU Lo-Fi,/lofi,configured_stream,49777,The End,Indo Silver,,,,,,,139.697,H:\RadioTEDU Songs\lofi\Indo Silver\Liminal Spaces\01 Indo Silver - The End.flac,1,1,136.987,2026-08-26 12:40:36,2026-08-26 12:40:36
2,RadioTEDU Lo-Fi,/lofi,configured_stream,49979,The Feeling of Love,Osaki ft. Dontcry,,,,,,,144.391,H:\RadioTEDU Songs\lofi\Osaki\The World in Colours\03 Osaki ft. Dontcry - The Feeling of Love.flac,1,1,143.295,2026-08-26 11:16:08,2026-08-26 11:16:08
2,RadioTEDU Lo-Fi,/lofi,configured_stream,49910,The House on the Hill,Mariposa,,,,,,,136.506,H:\RadioTEDU Songs\lofi\Mariposa\The House on the Hill\02 The House on the Hill.flac,1,1,134.834,2026-08-26 02:02:39,2026-08-26 02:02:39
2,RadioTEDU Lo-Fi,/lofi,configured_stream,49519,The only one,Aisake,,,,,,,168.006,H:\RadioTEDU Songs\lofi\Aisake\My Love\04 Aisake - The only one.flac,1,1,165.955,2026-08-26 09:08:42,2026-08-26 09:08:42
2,RadioTEDU Lo-Fi,/lofi,configured_stream,49781,The Room,Indo Silver,,,,,,,160.806,H:\RadioTEDU Songs\lofi\Indo Silver\Liminal Spaces\05 Indo Silver - The Room.flac,1,1,159.389,2026-08-26 13:53:54,2026-08-26 13:53:54
2,RadioTEDU Lo-Fi,/lofi,configured_stream,50209,They Can't Take That Away From Me,Dizzy Gillespie,,,,,,,225.267,H:\RadioTEDU Songs\lofi\Various Artists\100 Greatest Jazz Icons\23 Dizzy Gillespie - They Can't Take That Away From Me.mp3,1,1,222.798,2026-08-26 08:08:03,2026-08-26 08:08:03
2,RadioTEDU Lo-Fi,/lofi,configured_stream,46778,Thief,Sarcastic Sounds,,,,,,,94.165,H:\RadioTEDU Songs\lofi\Sarcastic Sounds - Thief.mp3,1,1,91.251,2026-08-26 04:11:47,2026-08-26 04:11:47
2,RadioTEDU Lo-Fi,/lofi,configured_stream,46870,Thomas Reid - Criminal,Thomas Reid,,,,,,,208.12,H:\RadioTEDU Songs\lofi\Thomas Reid - Criminal.mp3,1,1,206.735,2026-08-26 17:12:56,2026-08-26 17:12:56
2,RadioTEDU Lo-Fi,/lofi,configured_stream,46871,"Thomas Reid - Falling Asleep in Your Arms, Dreading the Sunrise",Thomas Reid,,,,,,,154.912,"H:\RadioTEDU Songs\lofi\Thomas Reid - Falling Asleep in Your Arms, Dreading the Sunrise.mp3",1,1,154.562,2026-08-26 09:21:01,2026-08-26 09:21:01
2,RadioTEDU Lo-Fi,/lofi,configured_stream,46990,tiergarten,leaf face,,,,,,,178.667,H:\RadioTEDU Songs\lofi\Various Artists - lofi autumn vibes by Lola (2023) Mp3 320kbps [PMEDIA] ⭐️\71. leaf face - tiergarten.mp3,1,1,175.867,2026-08-26 08:44:36,2026-08-26 08:44:36
2,RadioTEDU Lo-Fi,/lofi,configured_stream,50296,Till There Was You,Peggy Lee,,,,,,,151.973,H:\RadioTEDU Songs\lofi\Various Artists\Always\1-08 Peggy Lee - Till There Was You.flac,1,1,149.653,2026-08-26 12:38:19,2026-08-26 12:38:19
2,RadioTEDU Lo-Fi,/lofi,configured_stream,50704,Time,Voyage,,,,,,,304.996,H:\RadioTEDU Songs\lofi\Voyage\Time\01 Time.flac,1,1,302.247,2026-08-26 17:48:35,2026-08-26 17:48:35
2,RadioTEDU Lo-Fi,/lofi,configured_stream,45821,Time Stands Still,.anxious.,,,,,,,147.017,H:\RadioTEDU Songs\lofi\185 Tracks ~Chill Lofi Study Beats Songs  Playlist Spotify  [320]  kbps Beats⭐\185 Tracks ~Chill Lofi Study Beats Songs  Playlist Spotify  [320]  kbps Beats⭐\Time Stands Still.mp3,1,1,144.56,2026-08-26 02:35:30,2026-08-26 02:35:30
2,RadioTEDU Lo-Fi,/lofi,configured_stream,50546,Timeless,The Weeknd & Playboi Carti,,,,,,,256.046,H:\RadioTEDU Songs\lofi\Various Artists\Megahits 2025_ Die Erste\1-04 The Weeknd & Playboi Carti - Timeless.flac,1,1,253.259,2026-08-26 07:43:59,2026-08-26 07:43:59
2,RadioTEDU Lo-Fi,/lofi,configured_stream,49493,Timeless,"The Weeknd, Playboi Carti",,,,,,,256.058,"H:\RadioTEDU Songs\lofi\24.04\The Weeknd, Playboi Carti - Timeless [5EpyN_6dqyk].mp3",1,1,253.651,2026-08-26 07:14:44,2026-08-26 07:14:44
2,RadioTEDU Lo-Fi,/lofi,configured_stream,49670,Timeline,dreamẅalker,,,,,,,182.612,H:\RadioTEDU Songs\lofi\dreamẅalker\Oscillations\04 dreamẅalker - Timeline.flac,1,1,179.997,2026-08-26 02:40:29,2026-08-26 02:40:29
2,RadioTEDU Lo-Fi,/lofi,configured_stream,50150,To Be Here,Towerz,,,,,,,135.477,H:\RadioTEDU Songs\lofi\Towerz\Staying Close\05 To Be Here.mp3,1,1,137.337,2026-08-26 16:01:48,2026-08-26 16:01:48
2,RadioTEDU Lo-Fi,/lofi,configured_stream,45822,Tokyo,Drevm,,,,,,,101.303,H:\RadioTEDU Songs\lofi\185 Tracks ~Chill Lofi Study Beats Songs  Playlist Spotify  [320]  kbps Beats⭐\185 Tracks ~Chill Lofi Study Beats Songs  Playlist Spotify  [320]  kbps Beats⭐\Tokyo.mp3,1,1,99.147,2026-08-26 04:02:31,2026-08-26 04:02:31
2,RadioTEDU Lo-Fi,/lofi,configured_stream,46885,tomcbumpz - restless (ft. ivri),tomcbumpz,,,,,,,149.13,H:\RadioTEDU Songs\lofi\tomcbumpz - restless (ft. ivri).mp3,1,1,147.491,2026-08-26 12:51:12,2026-08-26 12:51:12
2,RadioTEDU Lo-Fi,/lofi,configured_stream,50051,Torn Jeans,Snøw & Skinny Atlas,,,,,,,141.013,H:\RadioTEDU Songs\lofi\Snøw & Skinny Atlas\Chronicles of Snøw\04 Snøw & Skinny Atlas - Torn Jeans.mp3,1,1,138.337,2026-08-26 07:37:36,2026-08-26 07:37:36
2,RadioTEDU Lo-Fi,/lofi,configured_stream,49991,Towards the Mountains,Plant Guy,,,,,,,123.691,H:\RadioTEDU Songs\lofi\Plant Guy\In Harmony With Nature\04 Towards the Mountains.flac,1,1,122.132,2026-08-26 21:26:07,2026-08-26 21:26:07
2,RadioTEDU Lo-Fi,/lofi,configured_stream,49887,Transmission Lost,Le Metroid,,,,,,,177.191,"H:\RadioTEDU Songs\lofi\Le Metroid\Blackhole, Pt. 2\06 Transmission Lost.flac",1,1,174.447,2026-08-26 13:12:18,2026-08-26 13:12:18
2,RadioTEDU Lo-Fi,/lofi,configured_stream,50140,Travel Buddies,Tibeauthetraveler ft Theo Aabel × Amess,,,,,,,152.042,H:\RadioTEDU Songs\lofi\Tibeauthetraveler\Travel Buddies\01 Tibeauthetraveler ft Theo Aabel × Amess - Travel Buddies.flac,1,1,149.266,2026-08-26 10:33:45,2026-08-26 10:33:45
2,RadioTEDU Lo-Fi,/lofi,configured_stream,49465,Tropicale,Moon Blue,,,,,,,169.408,H:\RadioTEDU Songs\lofi\24.04\Moon Blue - Tropicale [tBi5Tsf9ClY].mp3,1,1,172.492,2026-08-26 11:33:04,2026-08-26 11:33:04
2,RadioTEDU Lo-Fi,/lofi,configured_stream,50498,Unchain My Heart,Nancy Wilson,,,,,,,124.333,H:\RadioTEDU Songs\lofi\Various Artists\Jazz Ballads\04 Nancy Wilson - Unchain My Heart.mp3,1,1,122.043,2026-08-26 12:26:14,2026-08-26 12:26:14
2,RadioTEDU Lo-Fi,/lofi,configured_stream,50046,Under Your Spell,Slipfunc,,,,,,,144.32,H:\RadioTEDU Songs\lofi\Slipfunc\Cherish\02 Under Your Spell.mp3,1,1,141.667,2026-08-26 12:48:45,2026-08-26 12:48:45
2,RadioTEDU Lo-Fi,/lofi,configured_stream,50338,Unknown Realms,Prithvi × sftspkn,,,,,,,147.699,H:\RadioTEDU Songs\lofi\Various Artists\Blissful Dreams\20 Prithvi × sftspkn - Unknown Realms.flac,1,1,144.886,2026-08-26 07:46:23,2026-08-26 07:46:23
2,RadioTEDU Lo-Fi,/lofi,configured_stream,49460,Valerie,Mark Ronson ft. Amy Winehouse,,,,,,,280.768,H:\RadioTEDU Songs\lofi\24.04\Mark Ronson ft. Amy Winehouse - Valerie (Official Video) [bixuI_GV5I0].mp3,1,1,279.497,2026-08-26 11:42:53,2026-08-26 11:42:53
2,RadioTEDU Lo-Fi,/lofi,configured_stream,49716,Vantage Point,"gCoope, Odd Panda",,,,,,,147.381,"H:\RadioTEDU Songs\lofi\gCoope, Odd Panda\Desired Views\07 gCoope, Odd Panda - Vantage Point.flac",1,1,144.447,2026-08-26 08:34:59,2026-08-26 08:34:59
2,RadioTEDU Lo-Fi,/lofi,configured_stream,47020,Vezzi - 4 AM (ft. Faye Nightingale),Vezzi,,,,,,,159.695,H:\RadioTEDU Songs\lofi\Vezzi - 4 AM (ft. Faye Nightingale).mp3,1,1,158.808,2026-08-26 07:35:17,2026-08-26 07:35:17
2,RadioTEDU Lo-Fi,/lofi,configured_stream,47021,vict molina & N.I.K - tired eyes,vict molina & N.I.K,,,,,,,106.965,H:\RadioTEDU Songs\lofi\vict molina & N.I.K - tired eyes.mp3,1,1,104.783,2026-08-26 09:54:17,2026-08-26 09:54:17
2,RadioTEDU Lo-Fi,/lofi,configured_stream,50363,"Violin Concerto in A minor, BWV 1041: I. Allegro",Johann Sebastian Bach,,,,,,,232.427,"H:\RadioTEDU Songs\lofi\Various Artists\Classical Masterworks\02-01 Johann Sebastian Bach - Violin Concerto in A minor, BWV 1041_ I. Allegro.mp3",1,1,229.916,2026-08-26 10:37:34,2026-08-26 10:37:34
2,RadioTEDU Lo-Fi,/lofi,configured_stream,50728,Voice of the Forest,Yasumu ft. No Spirit,,,,,,,170.718,H:\RadioTEDU Songs\lofi\Yasumu\Unravel\05 Yasumu ft. No Spirit - Voice of the Forest.flac,1,1,167.951,2026-08-26 04:14:34,2026-08-26 04:14:34
2,RadioTEDU Lo-Fi,/lofi,configured_stream,47025,w00ds - part of you..,w00ds,,,,,,,161.728,H:\RadioTEDU Songs\lofi\w00ds - part of you...mp3,1,1,160.305,2026-08-26 18:09:42,2026-08-26 18:09:42
2,RadioTEDU Lo-Fi,/lofi,configured_stream,49793,Walking and slowly dancing together,Jalaapeno,,,,,,,135.877,H:\RadioTEDU Songs\lofi\Jalaapeno\Jisoo in the garden\08 Walking and slowly dancing together.flac,1,1,134.18,2026-08-26 01:30:47,2026-08-26 01:30:47
2,RadioTEDU Lo-Fi,/lofi,configured_stream,49794,Waltz with the trees,Jalaapeno,,,,,,,132.006,H:\RadioTEDU Songs\lofi\Jalaapeno\Jisoo in the garden\09 Waltz with the trees.flac,1,1,129.143,2026-08-26 16:32:31,2026-08-26 16:32:31
2,RadioTEDU Lo-Fi,/lofi,configured_stream,49891,Wandering,"Lenny Loops, Nowun ft. Gerardo Millán",,,,,,,120.006,"H:\RadioTEDU Songs\lofi\Lenny Loops, Nowun\Places\04 Lenny Loops, Nowun ft. Gerardo Millán - Wandering.flac",1,1,122.225,2026-08-26 08:04:16,2026-08-26 08:04:16
2,RadioTEDU Lo-Fi,/lofi,configured_stream,49826,Warm Wind,Juliàn ft. softy,,,,,,,128.083,H:\RadioTEDU Songs\lofi\Juliàn\Unwind\11 Juliàn ft. softy - Warm Wind.flac,1,1,125.133,2026-08-26 06:16:46,2026-08-26 06:16:46
2,RadioTEDU Lo-Fi,/lofi,configured_stream,50197,What a Wonderful World,Louis Armstrong,,,,,,,139.96,H:\RadioTEDU Songs\lofi\Various Artists\100 Greatest Jazz Icons\100 Louis Armstrong - What a Wonderful World.mp3,1,1,138.381,2026-08-26 17:50:53,2026-08-26 17:50:53
2,RadioTEDU Lo-Fi,/lofi,configured_stream,45836,What I Used To Say,R. Kei,,,,,,,136.986,H:\RadioTEDU Songs\lofi\185 Tracks ~Chill Lofi Study Beats Songs  Playlist Spotify  [320]  kbps Beats⭐\185 Tracks ~Chill Lofi Study Beats Songs  Playlist Spotify  [320]  kbps Beats⭐\What I Used To Say.mp3,1,1,134.18,2026-08-26 08:55:56,2026-08-26 08:55:56
2,RadioTEDU Lo-Fi,/lofi,configured_stream,50284,Whatever,Le Metroid,,,,,,,176.333,H:\RadioTEDU Songs\lofi\Various Artists\3 A.M Chill Session\16 Le Metroid - Whatever.flac,1,1,174.331,2026-08-26 03:58:23,2026-08-26 03:58:23
2,RadioTEDU Lo-Fi,/lofi,configured_stream,50232,Where Do You Start,Brad Mehldau Trio,,,,,,,246.034,H:\RadioTEDU Songs\lofi\Various Artists\100 Greatest Jazz Icons\60 Brad Mehldau Trio - Where Do You Start.mp3,1,1,244.017,2026-08-26 00:10:23,2026-08-26 00:10:23
2,RadioTEDU Lo-Fi,/lofi,configured_stream,49815,where there is life,Jorrit Brodersen,,,,,,,110.406,H:\RadioTEDU Songs\lofi\Jorrit Brodersen\Intimacy\13 where there is life.flac,1,1,107.613,2026-08-26 02:42:17,2026-08-26 02:42:17
2,RadioTEDU Lo-Fi,/lofi,configured_stream,50258,Winelight,"Grover Washington, Jr.",,,,,,,452.573,"H:\RadioTEDU Songs\lofi\Various Artists\100 Greatest Jazz Icons\97 Grover Washington, Jr. - Winelight.mp3",1,1,450.04,2026-08-26 05:06:26,2026-08-26 05:06:26
2,RadioTEDU Lo-Fi,/lofi,configured_stream,50097,with purpose,steezy prime ft. fnonose,,,,,,,162.26,H:\RadioTEDU Songs\lofi\steezy prime\never alone\04 steezy prime ft. fnonose - with purpose.flac,1,1,159.391,2026-08-26 04:45:53,2026-08-26 04:45:53
2,RadioTEDU Lo-Fi,/lofi,configured_stream,50297,Worries,Raphaël Novarina,,,,,,,279.0,"H:\RadioTEDU Songs\lofi\Various Artists\Ambient Music for Sleeping, Studying, Yoga, Meditation, Chill, Massage, Spa\06 Raphaël Novarina - Worries (1).mp3",1,1,276.059,2026-08-26 00:30:18,2026-08-26 00:30:18
2,RadioTEDU Lo-Fi,/lofi,configured_stream,47037,XXXTENTACION - Depression & Obsession (Timmies Remix),XXXTENTACION,,,,,,,169.963,H:\RadioTEDU Songs\lofi\XXXTENTACION - Depression & Obsession (Timmies Remix).mp3,1,1,167.17,2026-08-26 07:49:11,2026-08-26 07:49:11
2,RadioTEDU Lo-Fi,/lofi,configured_stream,47040,yaeow & Roiael - one more time,yaeow & Roiael,,,,,,,151.568,H:\RadioTEDU Songs\lofi\yaeow & Roiael - one more time.mp3,1,1,149.561,2026-08-26 13:42:49,2026-08-26 13:42:49
2,RadioTEDU Lo-Fi,/lofi,configured_stream,47041,yaeow - Behind The Clouds (wander all winter. Remix),yaeow,,,,,,,203.685,H:\RadioTEDU Songs\lofi\yaeow - Behind The Clouds (wander all winter. Remix).mp3,1,1,200.928,2026-08-26 03:28:00,2026-08-26 03:28:00
2,RadioTEDU Lo-Fi,/lofi,configured_stream,47051,yaeow - if only (ft. Haidi),yaeow,,,,,,,146.959,H:\RadioTEDU Songs\lofi\yaeow - if only (ft. Haidi).mp3,1,1,146.618,2026-08-26 13:56:21,2026-08-26 13:56:21
2,RadioTEDU Lo-Fi,/lofi,configured_stream,50205,Yardbird Suite,Charlie Parker,,,,,,,172.447,H:\RadioTEDU Songs\lofi\Various Artists\100 Greatest Jazz Icons\18 Charlie Parker - Yardbird Suite.mp3,1,1,169.593,2026-08-26 17:15:47,2026-08-26 17:15:47
2,RadioTEDU Lo-Fi,/lofi,configured_stream,50142,Yesteryear,TibeauTheTraveler,,,,,,,141.781,H:\RadioTEDU Songs\lofi\Tibeauthetraveler\Yesteryear\03 TibeauTheTraveler - Yesteryear.flac,1,1,138.895,2026-08-26 04:07:12,2026-08-26 04:07:12
2,RadioTEDU Lo-Fi,/lofi,configured_stream,49796,You and the Night,Jalaapeno,,,,,,,170.757,H:\RadioTEDU Songs\lofi\Jalaapeno\La petite radio jaune\08 You and the Night.flac,1,1,167.923,2026-08-26 13:51:14,2026-08-26 13:51:14
2,RadioTEDU Lo-Fi,/lofi,configured_stream,50113,You Broke My Heart Again,Teqkoi feat. Aiko,,,,,,,103.7,H:\RadioTEDU Songs\lofi\Teqkoi feat. Aiko\You Broke My Heart Again\01 You Broke My Heart Again.mp3,1,1,102.601,2026-08-26 00:32:00,2026-08-26 00:32:00
2,RadioTEDU Lo-Fi,/lofi,configured_stream,49605,You Heard Me Call You but U Didn’t Care,BVG,,,,,,,118.165,H:\RadioTEDU Songs\lofi\BVG\This Could Have Been Our Love Story\01 BVG - You Heard Me Call You but U Didn’t Care.mp3,1,1,115.406,2026-08-26 10:55:47,2026-08-26 10:55:47
2,RadioTEDU Lo-Fi,/lofi,configured_stream,47062,Zaini & Dyslm - Hold On (feat. DNAKM),Zaini & Dyslm,,,,,,,180.16,H:\RadioTEDU Songs\lofi\Zaini & Dyslm - Hold On (feat. DNAKM).mp3,1,1,185.088,2026-08-26 21:08:12,2026-08-26 21:08:12
2,RadioTEDU Lo-Fi,/lofi,configured_stream,47064,Zaini & Vict Molina - it's ok to leave,Zaini & Vict Molina,,,,,,,184.842,H:\RadioTEDU Songs\lofi\Zaini & Vict Molina - it's ok to leave.mp3,1,1,182.054,2026-08-26 13:34:34,2026-08-26 13:34:34
2,RadioTEDU Lo-Fi,/lofi,configured_stream,47068,Zaini - Joke (ft. Vict Molina & Keagan),Zaini,,,,,,,158.801,H:\RadioTEDU Songs\lofi\Zaini - Joke (ft. Vict Molina & Keagan).mp3,1,1,157.6,2026-08-26 05:12:06,2026-08-26 05:12:06
2,RadioTEDU Lo-Fi,/lofi,configured_stream,49730,Zero Hour,"Girl From Nowhere, Boy From Nowhere",,,,,,,142.673,"H:\RadioTEDU Songs\lofi\Girl From Nowhere, Boy From Nowhere\Between Phases\04 Zero Hour.flac",1,1,139.874,2026-08-26 10:45:24,2026-08-26 10:45:24
2,RadioTEDU Lo-Fi,/lofi,configured_stream,49505,가을의 속삭임 (A Comme Amour),[unknown],,,,,,,198.687,H:\RadioTEDU Songs\lofi\[unknown]\Golden Best Pops Piano 1\06 가을의 속삭임 (A Comme Amour).mp3,1,1,195.749,2026-08-26 01:34:02,2026-08-26 01:34:02
2,RadioTEDU Lo-Fi,/lofi,configured_stream,47074,ＣＡＮＤＹ,,,,,,,,120.683,H:\RadioTEDU Songs\lofi\ＣＡＮＤＹ.mp3,1,1,118.464,2026-08-26 09:00:27,2026-08-26 09:00:27
2,RadioTEDU Lo-Fi,/lofi,configured_stream,47075,ＥＭＰＴＹ,,,,,,,,98.72,H:\RadioTEDU Songs\lofi\ＥＭＰＴＹ.mp3,1,1,96.024,2026-08-26 07:10:31,2026-08-26 07:10:31
2,RadioTEDU Lo-Fi,/lofi,configured_stream,47079,ＬＯＳＴ ＬＯＶＥ,,,,,,,,1026.09,H:\RadioTEDU Songs\lofi\ＬＯＳＴ ＬＯＶＥ.mp3,1,1,1023.491,2026-08-26 06:54:34,2026-08-26 06:54:34
2,RadioTEDU Lo-Fi,/lofi,configured_stream,47084,ＷＩＴＨＯＵＴ,,,,,,,,158.244,H:\RadioTEDU Songs\lofi\ＷＩＴＨＯＵＴ.mp3,1,1,155.413,2026-08-26 08:16:23,2026-08-26 08:16:23
4,RadioTEDU Pop,/radio,configured_stream,52431,TEDU_4,,,,,,,,7.497,H:\RadioTEDU Songs\Ads\Jingles\Pop\TEDU_4.mp3,23,23,253.973,2026-08-26 00:00:04,2026-08-26 23:32:05
4,RadioTEDU Pop,/radio,configured_stream,52432,TEDU_5,,,,,,,,6.792,H:\RadioTEDU Songs\Ads\Jingles\Pop\TEDU_5.mp3,23,23,202.094,2026-08-26 00:09:11,2026-08-26 23:46:42
4,RadioTEDU Pop,/radio,configured_stream,52433,TEDU_6,,,,,,,,8.986,H:\RadioTEDU Songs\Ads\Jingles\Pop\TEDU_6.mp3,23,23,245.108,2026-08-26 00:19:51,2026-08-26 23:56:01
4,RadioTEDU Pop,/radio,configured_stream,52428,TEDU_1,,,,,,,,7.419,H:\RadioTEDU Songs\Ads\Jingles\Pop\TEDU_1.mp3,22,22,182.082,2026-08-26 00:29:16,2026-08-26 23:01:43
4,RadioTEDU Pop,/radio,configured_stream,52429,TEDU_2,,,,,,,,7.419,H:\RadioTEDU Songs\Ads\Jingles\Pop\TEDU_2.mp3,22,22,177.884,2026-08-26 00:39:35,2026-08-26 23:13:34
4,RadioTEDU Pop,/radio,configured_stream,52430,TEDU_3,,,,,,,,7.863,H:\RadioTEDU Songs\Ads\Jingles\Pop\TEDU_3.mp3,22,22,184.719,2026-08-26 00:48:38,2026-08-26 23:21:38
4,RadioTEDU Pop,/radio,configured_stream,50774,(There Is) No Greater Love,Amy Winehouse,,,,,,,128.933,H:\RadioTEDU Songs\Pop\Amy Winehouse\Frank\10 (There Is) No Greater Love.flac,2,2,255.548,2026-08-26 00:29:06,2026-08-26 21:16:38
4,RadioTEDU Pop,/radio,configured_stream,50840,21 Reasons,Nathan Dawe feat. Ella Henderson,,,,,,,155.253,H:\RadioTEDU Songs\Pop\Ella Henderson\Everything I Didn’t Say and More\2-01 Nathan Dawe feat. Ella Henderson - 21 Reasons.mp3,2,2,311.549,2026-08-26 03:00:38,2026-08-26 23:49:14
4,RadioTEDU Pop,/radio,configured_stream,50736,Abracadabra,Lady Gaga,,,,,,,221.158,H:\RadioTEDU Songs\Pop\010 - Lady Gaga - Abracadabra (Lyrics).mp3,2,2,440.309,2026-08-26 02:47:00,2026-08-26 23:35:44
4,RadioTEDU Pop,/radio,configured_stream,51027,APT.,ROSÉ & Bruno Mars,,,,,,,173.383,H:\RadioTEDU Songs\Pop\ROSÉ\rosie\06 ROSÉ & Bruno Mars - APT..flac,2,2,349.26,2026-08-26 00:55:04,2026-08-26 21:43:13
4,RadioTEDU Pop,/radio,configured_stream,50790,Backseat,Balu Brigada,,,,,,,383.4,H:\RadioTEDU Songs\Pop\Balu Brigada\Backseat\01 Backseat.flac,2,2,770.074,2026-08-26 02:57:56,2026-08-26 23:46:33
4,RadioTEDU Pop,/radio,configured_stream,51053,Boston,STELLA LEFTY,,,,,,,170.859,H:\RadioTEDU Songs\Pop\STELLA LEFTY\Boston\01 Boston.flac,2,2,338.908,2026-08-26 01:21:15,2026-08-26 22:09:20
4,RadioTEDU Pop,/radio,configured_stream,50771,Can You Imagine?,African Children's Choir,,,,,,,192.017,H:\RadioTEDU Songs\Pop\African Children's Choir\Gifts of Love\08 Can You Imagine_.mp3,2,2,381.296,2026-08-26 00:58:17,2026-08-26 21:46:31
4,RadioTEDU Pop,/radio,configured_stream,51097,CHANEL,Tyla,,,,,,,189.44,H:\RadioTEDU Songs\Pop\Tyla\CHANEL.mp3,2,2,384.068,2026-08-26 00:48:31,2026-08-26 21:36:49
4,RadioTEDU Pop,/radio,configured_stream,50740,Determinate,Bridgit Mendler feat. Adam Hicks,,,,,,,198.107,H:\RadioTEDU Songs\Pop\022 - Determinate (From ＂Lemonade Mouth＂).mp3,2,2,394.209,2026-08-26 00:42:53,2026-08-26 21:30:47
4,RadioTEDU Pop,/radio,configured_stream,50957,Die With a Smile,Lady Gaga & Bruno Mars,,,,,,,251.668,H:\RadioTEDU Songs\Pop\Lady Gaga\MAYHEM\15 Lady Gaga & Bruno Mars - Die With a Smile.mp3,2,2,519.274,2026-08-26 00:26:57,2026-08-26 21:14:21
4,RadioTEDU Pop,/radio,configured_stream,51099,Dobro,Westside Cowboy,,,,,,,165.259,H:\RadioTEDU Songs\Pop\Westside Cowboy\Dobro\01 Dobro.flac,2,2,325.798,2026-08-26 00:11:54,2026-08-26 20:58:41
4,RadioTEDU Pop,/radio,configured_stream,51019,Don’t Stop the Music,Rihanna,,,,,,,267.08,H:\RadioTEDU Songs\Pop\Rihanna\Don’t Stop the Music.mp3,2,2,528.459,2026-08-26 02:51:31,2026-08-26 23:40:09
4,RadioTEDU Pop,/radio,configured_stream,50989,Embrace It,Ndotz,,,,,,,104.618,H:\RadioTEDU Songs\Pop\Ndotz\Embrace It\01 Embrace It.mp3,2,2,211.414,2026-08-26 02:26:32,2026-08-26 23:15:17
4,RadioTEDU Pop,/radio,configured_stream,52317,Eternity (Orchestral version),Robbie Williams,,,,,,,335.812,H:\RadioTEDU Songs\Pop\Robbie Williams\Swing When You're Winning\21 Robbie Williams - Eternity (Orchestral version).mp3,2,2,676.866,2026-08-26 02:13:00,2026-08-26 23:01:34
4,RadioTEDU Pop,/radio,configured_stream,50758,FE!N,,,,,,,,191.701,H:\RadioTEDU Songs\Pop\086 - FE!N.mp3,2,2,380.7,2026-08-26 01:33:26,2026-08-26 22:21:34
4,RadioTEDU Pop,/radio,configured_stream,51092,FE!N,Travis Scott feat. Playboi Carti,,,,,,,191.701,H:\RadioTEDU Songs\Pop\Travis Scott\UTOPIA\1-08 Travis Scott feat. Playboi Carti - FE!N.mp3,2,2,381.775,2026-08-26 01:49:57,2026-08-26 22:38:04
4,RadioTEDU Pop,/radio,configured_stream,50749,Fun.： We Are Young ft. Janelle Monáe,,,,,,,,252.25,H:\RadioTEDU Songs\Pop\063 - Fun.： We Are Young ft. Janelle Monáe [OFFICIAL VIDEO].mp3,2,2,503.072,2026-08-26 00:16:03,2026-08-26 21:02:54
4,RadioTEDU Pop,/radio,configured_stream,50901,GIMME GIMME,Katy Perry feat. 21 Savage,,,,,,,177.842,H:\RadioTEDU Songs\Pop\Katy Perry\143_ I Love You IRL\02 Katy Perry feat. 21 Savage - GIMME GIMME.flac,2,2,350.482,2026-08-26 01:46:46,2026-08-26 22:34:52
4,RadioTEDU Pop,/radio,configured_stream,50796,Halo,Beyoncé,,,,,,,261.64,H:\RadioTEDU Songs\Pop\Beyoncé\Halo.mp3,2,2,521.453,2026-08-26 02:07:25,2026-08-26 22:55:52
4,RadioTEDU Pop,/radio,configured_stream,52304,Hard to Say I'm Sorry,David Foster,,,,,,,274.333,H:\RadioTEDU Songs\Pop\David Foster\Rechordings\09 Hard to Say I'm Sorry.flac,2,2,543.192,2026-08-26 01:02:57,2026-08-26 21:51:02
4,RadioTEDU Pop,/radio,configured_stream,50824,Heartattack,Demi Lovato,,,,,,,210.84,H:\RadioTEDU Songs\Pop\Demi Lovato\Heartattack.mp3,2,2,420.627,2026-08-26 01:39:30,2026-08-26 22:27:32
4,RadioTEDU Pop,/radio,configured_stream,50849,Houdini,Eminem,,,,,,,227.3,H:\RadioTEDU Songs\Pop\Eminem\Houdini\01 Houdini.mp3,2,2,454.729,2026-08-26 01:14:14,2026-08-26 22:02:11
4,RadioTEDU Pop,/radio,configured_stream,51005,I Can’t Wait,Phoebe Bridgers,,,,,,,217.205,H:\RadioTEDU Songs\Pop\Phoebe Bridgers\Lost Weekend\14 I Can’t Wait (1).flac,2,2,431.992,2026-08-26 03:10:56,2026-08-26 23:59:35
4,RadioTEDU Pop,/radio,configured_stream,50969,I Don't Need,Lily Locksmith,,,,,,,151.723,H:\RadioTEDU Songs\Pop\Lily Locksmith\I Don't Need\01 I Don't Need.mp3,2,2,301.593,2026-08-26 02:29:15,2026-08-26 23:17:48
4,RadioTEDU Pop,/radio,configured_stream,50775,I Miss You the Most,Andy Griggs,,,,,,,183.252,H:\RadioTEDU Songs\Pop\Andy Griggs\You Won't Ever Be Lonely\03 I Miss You the Most.mp3,2,2,362.629,2026-08-26 00:03:04,2026-08-26 20:49:50
4,RadioTEDU Pop,/radio,configured_stream,52315,I Will Talk and Hollywood Will Listen,Robbie Williams,,,,,,,197.755,H:\RadioTEDU Songs\Pop\Robbie Williams\Swing When You're Winning\15 Robbie Williams - I Will Talk and Hollywood Will Listen.mp3,2,2,393.142,2026-08-26 02:03:00,2026-08-26 22:51:30
4,RadioTEDU Pop,/radio,configured_stream,50965,I Wish You Love,Laufey,,,,,,,155.139,H:\RadioTEDU Songs\Pop\Laufey\Typical of Me\04 I Wish You Love.flac,2,2,307.467,2026-08-26 00:05:36,2026-08-26 20:52:25
4,RadioTEDU Pop,/radio,configured_stream,51000,In the Air Tonight,Phil Collins,,,,,,,335.973,H:\RadioTEDU Songs\Pop\Phil Collins\Face Value\01 In the Air Tonight.flac,2,2,679.784,2026-08-26 02:21:22,2026-08-26 23:10:05
4,RadioTEDU Pop,/radio,configured_stream,51003,Kill Me,Phoebe Bridgers,,,,,,,281.544,H:\RadioTEDU Songs\Pop\Phoebe Bridgers\Lost Weekend\03 Kill Me.flac,2,2,577.211,2026-08-26 00:36:38,2026-08-26 21:24:17
4,RadioTEDU Pop,/radio,configured_stream,50893,Killin’ It Girl,j-hope feat. GloRilla,,,,,,,148.714,H:\RadioTEDU Songs\Pop\j‐hope\Killin’ It Girl\01 j-hope feat. GloRilla - Killin’ It Girl.mp3,2,2,299.634,2026-08-26 00:45:19,2026-08-26 21:33:20
4,RadioTEDU Pop,/radio,configured_stream,52309,Let's Face the Music and Dance,Robbie Williams,,,,,,,161.366,H:\RadioTEDU Songs\Pop\Robbie Williams\Swing When You're Winning\06 Robbie Williams - Let's Face the Music and Dance.mp3,2,2,325.722,2026-08-26 00:39:20,2026-08-26 21:27:30
4,RadioTEDU Pop,/radio,configured_stream,50964,Like the Movies,Laufey,,,,,,,162.759,H:\RadioTEDU Songs\Pop\Laufey\Typical of Me\03 Like the Movies.flac,2,2,322.699,2026-08-26 01:59:42,2026-08-26 22:48:05
4,RadioTEDU Pop,/radio,configured_stream,50983,Love Me More,Mitski,,,,,,,212.661,H:\RadioTEDU Songs\Pop\Mitski\Laurel Hell\07 Love Me More.flac,2,2,419.887,2026-08-26 00:52:09,2026-08-26 21:40:20
4,RadioTEDU Pop,/radio,configured_stream,52307,Mack the Knife,Robbie Williams,,,,,,,198.748,H:\RadioTEDU Songs\Pop\Robbie Williams\Swing When You're Winning\02 Robbie Williams - Mack the Knife.mp3,2,2,394.787,2026-08-26 01:10:16,2026-08-26 21:58:26
4,RadioTEDU Pop,/radio,configured_stream,50785,My Oh My,Ava Max,,,,,,,156.155,H:\RadioTEDU Songs\Pop\Ava Max\My Oh My\01 My Oh My.mp3,2,2,314.447,2026-08-26 02:15:39,2026-08-26 23:04:19
4,RadioTEDU Pop,/radio,configured_stream,50874,On the Floor,Jennifer Lopez & Pitbull,,,,,,,284.967,H:\RadioTEDU Songs\Pop\Jennifer Lopez\Love_\01 Jennifer Lopez & Pitbull - On the Floor.flac,2,2,568.248,2026-08-26 02:43:19,2026-08-26 23:31:58
4,RadioTEDU Pop,/radio,configured_stream,50887,Powerless,Judah & the Lion,,,,,,,212.064,H:\RadioTEDU Songs\Pop\Judah & the Lion\I AM A PRISM\08 Powerless.flac,2,2,421.845,2026-08-26 00:19:35,2026-08-26 21:06:35
4,RadioTEDU Pop,/radio,configured_stream,50990,Promiscuous,Nelly Furtado,,,,,,,242.927,H:\RadioTEDU Songs\Pop\Nelly Furtado\Loose\04 Promiscuous.flac,2,2,483.087,2026-08-26 01:06:58,2026-08-26 21:55:04
4,RadioTEDU Pop,/radio,configured_stream,50821,REDRED,CORTIS,,,,,,,163.002,H:\RadioTEDU Songs\Pop\CORTIS\REDRED\01 REDRED.flac,2,2,323.359,2026-08-26 00:31:59,2026-08-26 21:19:19
4,RadioTEDU Pop,/radio,configured_stream,50770,Super Trouper,ABBA,,,,,,,252.853,H:\RadioTEDU Songs\Pop\ABBA\Super Trouper\01 Super Trouper.flac,2,2,502.988,2026-08-26 01:43:44,2026-08-26 22:31:58
4,RadioTEDU Pop,/radio,configured_stream,50730,Sweet Dreams (Are Made of This),Eurythmics,,,,,,,216.933,H:\RadioTEDU Songs\Pop\003 - Sweet Dreams (Are Made of This) (2005 Remaster).mp3,2,2,436.449,2026-08-26 02:32:50,2026-08-26 23:21:29
4,RadioTEDU Pop,/radio,configured_stream,50838,Talk It Out,dwsdmusic,,,,,,,170.922,H:\RadioTEDU Songs\Pop\dwsdmusic\Talk It Out\01 Talk It Out.mp3,2,2,337.107,2026-08-26 03:03:34,2026-08-26 23:52:02
4,RadioTEDU Pop,/radio,configured_stream,51060,The Fate of Ophelia,Taylor Swift,,,,,,,226.074,H:\RadioTEDU Songs\Pop\Taylor Swift\The Life of a Showgirl\01 Taylor Swift - The Fate of Ophelia.mp3,2,2,449.913,2026-08-26 03:07:19,2026-08-26 23:55:51
4,RadioTEDU Pop,/radio,configured_stream,52306,The Well Swing Intro - Have You Met Miss Jones?,Robbie Williams,,,,,,,150.996,H:\RadioTEDU Songs\Pop\Robbie Williams\Swing When You're Winning\01 Robbie Williams - The Well Swing Intro - Have You Met Miss Jones_.mp3,2,2,296.316,2026-08-26 01:36:01,2026-08-26 22:24:02
4,RadioTEDU Pop,/radio,configured_stream,50863,The Wolf,half•alive,,,,,,,179.096,H:\RadioTEDU Songs\Pop\half•alive\The Wolf\01 The Wolf.flac,2,2,365.763,2026-08-26 00:22:47,2026-08-26 21:09:44
4,RadioTEDU Pop,/radio,configured_stream,50986,This Will Be,Natalie Cole,,,,,,,171.96,H:\RadioTEDU Songs\Pop\Natalie Cole\Inseparable\05 This Will Be.flac,2,2,338.366,2026-08-26 01:57:03,2026-08-26 22:45:23
4,RadioTEDU Pop,/radio,configured_stream,47302,Top Of The Stairs,D. H. Grey,,,,,,,246.5,H:\RadioTEDU Songs\Pop\D. H. Grey - Top Of The Stairs.flac,2,2,492.486,2026-08-26 01:54:05,2026-08-26 22:42:34
4,RadioTEDU Pop,/radio,configured_stream,50896,Touch,KATSEYE,,,,,,,129.883,H:\RadioTEDU Songs\Pop\KATSEYE\Touch.mp3,2,2,258.28,2026-08-26 02:35:01,2026-08-26 23:23:45
4,RadioTEDU Pop,/radio,configured_stream,50834,Training Season,Dua Lipa,,,,,,,210.419,H:\RadioTEDU Songs\Pop\Dua Lipa\Radical Optimism\03 Training Season (1).flac,2,2,415.186,2026-08-26 02:38:37,2026-08-26 23:27:12
4,RadioTEDU Pop,/radio,configured_stream,50835,Training Season,Dua Lipa,,,,,,,209.488,H:\RadioTEDU Songs\Pop\Dua Lipa\Radical Optimism\03 Training Season.flac,2,2,416.065,2026-08-26 00:09:05,2026-08-26 20:55:58
4,RadioTEDU Pop,/radio,configured_stream,51021,Umbrella,Rihanna feat. Jay‐Z,,,,,,,275.987,H:\RadioTEDU Songs\Pop\Rihanna\Good Girl Gone Bad_ Reloaded\01 Rihanna feat. Jay‐Z - Umbrella.mp3,2,2,546.49,2026-08-26 01:25:57,2026-08-26 22:13:53
4,RadioTEDU Pop,/radio,configured_stream,50747,Video Killed The Radio Star,,,,,,,,253.8,H:\RadioTEDU Songs\Pop\061 - Video Killed The Radio Star.mp3,2,2,504.909,2026-08-26 01:18:25,2026-08-26 22:06:24
4,RadioTEDU Pop,/radio,configured_stream,51015,What a Difference a Day Makes,RAYE,,,,,,,261.176,H:\RadioTEDU Songs\Pop\RAYE\What a Difference a Day Makes (from the Netflix Limited Series _Black Rabbit_)\01 What a Difference a Day Makes.flac,2,2,519.405,2026-08-26 01:30:15,2026-08-26 22:18:14
4,RadioTEDU Pop,/radio,configured_stream,50997,What Makes You Beautiful,One Direction,,,,,,,199.987,H:\RadioTEDU Songs\Pop\One Direction\Up All Night\01 What Makes You Beautiful.flac,2,2,399.031,2026-08-26 02:24:44,2026-08-26 23:13:26
4,RadioTEDU Pop,/radio,configured_stream,50839,21 Reasons,Nathan Dawe feat. Ella Henderson,,,,,,,155.249,H:\RadioTEDU Songs\Pop\Ella Henderson\Everything I Didn’t Say and More\2-01 Nathan Dawe feat. Ella Henderson - 21 Reasons.flac,1,1,152.562,2026-08-26 16:14:46,2026-08-26 16:14:46
4,RadioTEDU Pop,/radio,configured_stream,50810,24K Magic,Bruno Mars,,,,,,,225.983,H:\RadioTEDU Songs\Pop\Bruno Mars\24K Magic\01 24K Magic.flac,1,1,227.853,2026-08-26 14:27:37,2026-08-26 14:27:37
4,RadioTEDU Pop,/radio,configured_stream,50861,A Minute of Your Time,Günter Kallmann Choir,,,,,,,155.328,H:\RadioTEDU Songs\Pop\Gunter Kallmann Choir\Lounge Legends\17 A Minute of Your Time.mp3,1,1,152.436,2026-08-26 13:06:01,2026-08-26 13:06:01
4,RadioTEDU Pop,/radio,configured_stream,50955,Abracadabra,Lady Gaga,,,,,,,223.398,H:\RadioTEDU Songs\Pop\Lady Gaga\Abracadabra.mp3,1,1,223.249,2026-08-26 08:42:30,2026-08-26 08:42:30
4,RadioTEDU Pop,/radio,configured_stream,50956,Abracadabra,Lady Gaga,,,,,,,223.399,H:\RadioTEDU Songs\Pop\Lady Gaga\MAYHEM\02 Lady Gaga - Abracadabra.flac,1,1,221.848,2026-08-26 16:28:33,2026-08-26 16:28:33
4,RadioTEDU Pop,/radio,configured_stream,50779,Active,Asake & Travis Scott,,,,,,,184.32,H:\RadioTEDU Songs\Pop\Asake\Lungu Boy\06 Asake & Travis Scott - Active.flac,1,1,181.461,2026-08-26 11:12:05,2026-08-26 11:12:05
4,RadioTEDU Pop,/radio,configured_stream,50780,Active,Asake & Travis Scott,,,,,,,184.32,H:\RadioTEDU Songs\Pop\Asake\Lungu Boy\06 Asake & Travis Scott - Active.mp3,1,1,184.186,2026-08-26 07:40:19,2026-08-26 07:40:19
4,RadioTEDU Pop,/radio,configured_stream,50819,Adventure of a Lifetime,Coldplay,,,,,,,263.787,H:\RadioTEDU Songs\Pop\Coldplay\A Head Full of Dreams\05 Coldplay - Adventure of a Lifetime.flac,1,1,262.263,2026-08-26 08:31:28,2026-08-26 08:31:28
4,RadioTEDU Pop,/radio,configured_stream,52314,Ain't That a Kick in the Head,Robbie Williams,,,,,,,147.992,H:\RadioTEDU Songs\Pop\Robbie Williams\Swing When You're Winning\13 Robbie Williams - Ain't That a Kick in the Head.mp3,1,1,147.343,2026-08-26 16:37:29,2026-08-26 16:37:29
4,RadioTEDU Pop,/radio,configured_stream,50979,Ain’t No Mountain High Enough,Marvin Gaye & Tammi Terrell,,,,,,,151.667,H:\RadioTEDU Songs\Pop\Marvin Gaye & Tammi Terrell\United\01 Ain’t No Mountain High Enough.flac,1,1,151.647,2026-08-26 05:08:41,2026-08-26 05:08:41
4,RadioTEDU Pop,/radio,configured_stream,50868,All My Friends (intro),Indigo,,,,,,,173.333,H:\RadioTEDU Songs\Pop\Indigo\All My Friends\01 Indigo - All My Friends (intro).mp3,1,1,170.944,2026-08-26 08:36:37,2026-08-26 08:36:37
4,RadioTEDU Pop,/radio,configured_stream,50757,All The Stars,,,,,,,,232.187,H:\RadioTEDU Songs\Pop\085 - All The Stars.mp3,1,1,231.999,2026-08-26 07:05:35,2026-08-26 07:05:35
4,RadioTEDU Pop,/radio,configured_stream,50753,All The Things She Said,,,,,,,,212.267,H:\RadioTEDU Songs\Pop\080 - All The Things She Said.mp3,1,1,209.6,2026-08-26 08:07:53,2026-08-26 08:07:53
4,RadioTEDU Pop,/radio,configured_stream,51055,All the Things She Said,t.A.T.u.,,,,,,,214.44,H:\RadioTEDU Songs\Pop\t.A.T.u_\All the Things She Said.mp3,1,1,214.449,2026-08-26 20:43:19,2026-08-26 20:43:19
4,RadioTEDU Pop,/radio,configured_stream,51056,All the Things She Said (radio version),t.A.T.u.,,,,,,,214.436,H:\RadioTEDU Songs\Pop\t.A.T.u_\All the Things She Said\01 All the Things She Said (radio version).flac,1,1,211.731,2026-08-26 13:17:17,2026-08-26 13:17:17
4,RadioTEDU Pop,/radio,configured_stream,50992,Am I Wrong,Nico & Vinz,,,,,,,245.867,H:\RadioTEDU Songs\Pop\Nico & Vinz\Black Star Elephant\02 Am I Wrong.flac,1,1,243.391,2026-08-26 16:45:56,2026-08-26 16:45:56
4,RadioTEDU Pop,/radio,configured_stream,50752,Angel (Remastered 2019),,,,,,,,382.667,H:\RadioTEDU Songs\Pop\077 - Angel (Remastered 2019).mp3,1,1,382.997,2026-08-26 17:55:49,2026-08-26 17:55:49
4,RadioTEDU Pop,/radio,configured_stream,50895,Animal,KATSEYE,,,,,,,158.494,H:\RadioTEDU Songs\Pop\KATSEYE\Animal\01 Animal.flac,1,1,155.627,2026-08-26 15:52:41,2026-08-26 15:52:41
4,RadioTEDU Pop,/radio,configured_stream,50978,Animals,Maroon 5,,,,,,,230.92,H:\RadioTEDU Songs\Pop\Maroon 5\V\02 Maroon 5 - Animals.flac,1,1,233.29,2026-08-26 06:24:03,2026-08-26 06:24:03
4,RadioTEDU Pop,/radio,configured_stream,51028,APT.,ROSÉ & Bruno Mars,,,,,,,173.383,H:\RadioTEDU Songs\Pop\ROSÉ\rosie\06 ROSÉ & Bruno Mars - APT..mp3,1,1,174.962,2026-08-26 04:26:56,2026-08-26 04:26:56
4,RadioTEDU Pop,/radio,configured_stream,50880,Arcade,John Coldrain ft. Franco Carter,,,,,,,148.092,H:\RadioTEDU Songs\Pop\John Coldrain\Future Thoughts\02 John Coldrain ft. Franco Carter - Arcade.flac,1,1,145.251,2026-08-26 20:36:31,2026-08-26 20:36:31
4,RadioTEDU Pop,/radio,configured_stream,50827,Babydoll,Dominic Fike,,,,,,,97.96,"H:\RadioTEDU Songs\Pop\Dominic Fike\Don’t Forget About Me, Demos\03 Babydoll.flac",1,1,97.856,2026-08-26 11:59:04,2026-08-26 11:59:04
4,RadioTEDU Pop,/radio,configured_stream,51051,back to friends,sombr,,,,,,,199.032,H:\RadioTEDU Songs\Pop\sombr\I Barely Know Her\04 back to friends.flac,1,1,198.147,2026-08-26 19:43:24,2026-08-26 19:43:24
4,RadioTEDU Pop,/radio,configured_stream,50973,bad enough,Madison Beer,,,,,,,222.513,H:\RadioTEDU Songs\Pop\Madison Beer\locket\05 bad enough.flac,1,1,219.743,2026-08-26 10:07:49,2026-08-26 10:07:49
4,RadioTEDU Pop,/radio,configured_stream,50778,Bang Bang,Jessie J + Ariana Grande + Nicki Minaj,,,,,,,199.32,H:\RadioTEDU Songs\Pop\Ariana Grande\My Everything\13 Jessie J + Ariana Grande + Nicki Minaj - Bang Bang.flac,1,1,197.307,2026-08-26 04:49:43,2026-08-26 04:49:43
4,RadioTEDU Pop,/radio,configured_stream,50878,Bang Bang,"Jessie J, Ariana Grande & Nicki Minaj",,,,,,,199.32,"H:\RadioTEDU Songs\Pop\Jessie J, Ariana Grande & Nicki Minaj\Bang Bang.mp3",1,1,197.401,2026-08-26 09:39:53,2026-08-26 09:39:53
4,RadioTEDU Pop,/radio,configured_stream,50841,Be Her,Ella Langley,,,,,,,217.24,H:\RadioTEDU Songs\Pop\Ella Langley\Dandelion\06 Ella Langley - Be Her.flac,1,1,223.215,2026-08-26 05:30:36,2026-08-26 05:30:36
4,RadioTEDU Pop,/radio,configured_stream,50984,Been By Now,Morgan Wallen,,,,,,,213.806,H:\RadioTEDU Songs\Pop\Morgan Wallen\Been By Now\01 Been By Now.flac,1,1,213.624,2026-08-26 06:45:37,2026-08-26 06:45:37
4,RadioTEDU Pop,/radio,configured_stream,50865,Believer,Imagine Dragons,,,,,,,204.347,H:\RadioTEDU Songs\Pop\Imagine Dragons\Believer.mp3,1,1,207.533,2026-08-26 14:48:17,2026-08-26 14:48:17
4,RadioTEDU Pop,/radio,configured_stream,50814,Big Strong Man,Cavetown,,,,,,,229.682,H:\RadioTEDU Songs\Pop\Cavetown\Big Strong Man\01 Big Strong Man.flac,1,1,226.91,2026-08-26 16:09:56,2026-08-26 16:09:56
4,RadioTEDU Pop,/radio,configured_stream,50738,Bloody Mary,Lady Gaga,,,,,,,244.76,H:\RadioTEDU Songs\Pop\019 - Bloody Mary.mp3,1,1,241.83,2026-08-26 15:35:57,2026-08-26 15:35:57
4,RadioTEDU Pop,/radio,configured_stream,47349,Bloody Mary Wednesday Soner Karaca Remix,Lady Gaga,,,,,,,197.01,H:\RadioTEDU Songs\Pop\NA - Lady_Gaga_-_Bloody_Mary_Wednesday_Soner_Karaca_Remix.flac,1,1,194.922,2026-08-26 12:12:31,2026-08-26 12:12:31
4,RadioTEDU Pop,/radio,configured_stream,51023,Breakin' Dishes,Rihanna,,,,,,,200.574,H:\RadioTEDU Songs\Pop\Rihanna\Good Girl Gone Bad_ Reloaded\04 Rihanna - Breakin' Dishes.flac,1,1,197.796,2026-08-26 20:46:47,2026-08-26 20:46:47
4,RadioTEDU Pop,/radio,configured_stream,51017,Breakin’ Dishes,Rihanna,,,,,,,200.573,H:\RadioTEDU Songs\Pop\Rihanna\Breakin’ Dishes.mp3,1,1,200.594,2026-08-26 07:29:38,2026-08-26 07:29:38
4,RadioTEDU Pop,/radio,configured_stream,50959,Brooklyn Baby,Lana Del Rey,,,,,,,351.64,H:\RadioTEDU Songs\Pop\Lana Del Rey\Greatest Hits\2-15 Lana Del Rey - Brooklyn Baby.mp3,1,1,349.263,2026-08-26 09:16:19,2026-08-26 09:16:19
4,RadioTEDU Pop,/radio,configured_stream,50746,Bye Bye Bye,,,,,,,,200.4,H:\RadioTEDU Songs\Pop\060 - Bye Bye Bye.mp3,1,1,197.686,2026-08-26 10:04:10,2026-08-26 10:04:10
4,RadioTEDU Pop,/radio,configured_stream,50902,California Gurls,Katy Perry & Snoop Dogg,,,,,,,233.964,H:\RadioTEDU Songs\Pop\Katy Perry\Teenage Dream\03 Katy Perry & Snoop Dogg - California Gurls.flac,1,1,232.434,2026-08-26 08:56:56,2026-08-26 08:56:56
4,RadioTEDU Pop,/radio,configured_stream,50900,California Gurls,Katy Perry feat. Snoop Dogg,,,,,,,233.918,H:\RadioTEDU Songs\Pop\Katy Perry feat. Snoop Dogg\California Gurls.mp3,1,1,237.332,2026-08-26 15:17:32,2026-08-26 15:17:32
4,RadioTEDU Pop,/radio,configured_stream,51078,Can’t Feel My Face,The Weeknd,,,,,,,213.52,H:\RadioTEDU Songs\Pop\The Weeknd\Beauty Behind the Madness\07 The Weeknd - Can’t Feel My Face.flac,1,1,210.655,2026-08-26 20:20:06,2026-08-26 20:20:06
4,RadioTEDU Pop,/radio,configured_stream,50890,CAN’T STOP THE FEELING! (original song from DreamWorks Animation’s “TROLLS”),Justin Timberlake,,,,,,,236.002,H:\RadioTEDU Songs\Pop\Justin Timberlake\CAN’T STOP THE FEELING!\01 CAN’T STOP THE FEELING! (original song from DreamWorks Animation’s “TROLLS”).flac,1,1,236.237,2026-08-26 18:40:42,2026-08-26 18:40:42
4,RadioTEDU Pop,/radio,configured_stream,51098,CHANEL,Tyla,,,,,,,189.44,H:\RadioTEDU Songs\Pop\Tyla\CHANEL\01 CHANEL.flac,1,1,186.721,2026-08-26 17:59:06,2026-08-26 17:59:06
4,RadioTEDU Pop,/radio,configured_stream,50782,Choose Your Fighter,Ava Max,,,,,,,137.514,H:\RadioTEDU Songs\Pop\Ava Max\Choose Your Fighter.mp3,1,1,134.986,2026-08-26 18:56:14,2026-08-26 18:56:14
4,RadioTEDU Pop,/radio,configured_stream,50972,closer to heaven,Madelline,,,,,,,175.624,H:\RadioTEDU Songs\Pop\Madelline\closer to heaven\01 closer to heaven.flac,1,1,174.342,2026-08-26 14:20:13,2026-08-26 14:20:13
4,RadioTEDU Pop,/radio,configured_stream,51062,Come Together,The Beatles,,,,,,,259.947,H:\RadioTEDU Songs\Pop\The Beatles\Abbey Road\01 Come Together.flac,1,1,259.815,2026-08-26 10:25:24,2026-08-26 10:25:24
4,RadioTEDU Pop,/radio,configured_stream,50884,Cosmic Dust,John Coldrain ft. Franco Carter,,,,,,,205.34,H:\RadioTEDU Songs\Pop\John Coldrain\Future Thoughts\06 John Coldrain ft. Franco Carter - Cosmic Dust.flac,1,1,202.399,2026-08-26 14:40:19,2026-08-26 14:40:19
4,RadioTEDU Pop,/radio,configured_stream,47419,Counting Stars,OneRepublic,,,,,,,283.098,H:\RadioTEDU Songs\Pop\NA - OneRepublic_-_Counting_Stars.flac,1,1,283.289,2026-08-26 08:12:36,2026-08-26 08:12:36
4,RadioTEDU Pop,/radio,configured_stream,50794,Crazy in Love,Beyoncé featuring Jay‐Z,,,,,,,236.739,H:\RadioTEDU Songs\Pop\Beyoncé\Dangerously in Love\01 Beyoncé featuring Jay‐Z - Crazy in Love.flac,1,1,234.606,2026-08-26 07:15:29,2026-08-26 07:15:29
4,RadioTEDU Pop,/radio,configured_stream,44942,cult leader,daisy angel,,,,,,,114.01,H:\RadioTEDU Songs\Pop\daisy angel - cult leader.flac,1,1,111.075,2026-08-26 04:42:48,2026-08-26 04:42:48
4,RadioTEDU Pop,/radio,configured_stream,50792,Damage,Bazanji,,,,,,,166.08,H:\RadioTEDU Songs\Pop\Bazanji\Damage\01 Damage.mp3,1,1,166.349,2026-08-26 19:53:13,2026-08-26 19:53:13
4,RadioTEDU Pop,/radio,configured_stream,50852,Damn Your Eyes,Etta James,,,,,,,251.333,H:\RadioTEDU Songs\Pop\Etta James\Seven Year Itch\05 Damn Your Eyes.flac,1,1,249.29,2026-08-26 05:38:23,2026-08-26 05:38:23
4,RadioTEDU Pop,/radio,configured_stream,50734,Dancing Queen,ABBA,,,,,,,230.4,H:\RadioTEDU Songs\Pop\008 - Dancing Queen.mp3,1,1,229.304,2026-08-26 17:16:59,2026-08-26 17:16:59
4,RadioTEDU Pop,/radio,configured_stream,51018,Diamonds,Rihanna,,,,,,,225.147,H:\RadioTEDU Songs\Pop\Rihanna\Diamonds.mp3,1,1,223.585,2026-08-26 18:36:46,2026-08-26 18:36:46
4,RadioTEDU Pop,/radio,configured_stream,51025,Diamonds,Rihanna,,,,,,,225.141,H:\RadioTEDU Songs\Pop\Rihanna\Greatest Hits\20 Rihanna - Diamonds.flac,1,1,222.295,2026-08-26 13:13:46,2026-08-26 13:13:46
4,RadioTEDU Pop,/radio,configured_stream,50798,Diva,Beyoncé,,,,,,,200.613,H:\RadioTEDU Songs\Pop\Beyoncé\I Am… Sasha Fierce\11 Beyoncé - Diva.flac,1,1,200.71,2026-08-26 04:37:32,2026-08-26 04:37:32
4,RadioTEDU Pop,/radio,configured_stream,50816,Do It to It,Cherish feat. Sean Paul,,,,,,,223.434,H:\RadioTEDU Songs\Pop\Cherish\Unappreciated\02 Cherish feat. Sean Paul - Do It to It.flac,1,1,222.268,2026-08-26 11:31:21,2026-08-26 11:31:21
4,RadioTEDU Pop,/radio,configured_stream,52308,Do Nothin' Till You Hear From Me,Robbie Williams,,,,,,,178.059,H:\RadioTEDU Songs\Pop\Robbie Williams\Swing When You're Winning\04 Robbie Williams - Do Nothin' Till You Hear From Me.mp3,1,1,176.891,2026-08-26 17:39:31,2026-08-26 17:39:31
4,RadioTEDU Pop,/radio,configured_stream,51061,Don't Leave Me Here Alone,The Barrier Brothers,,,,,,,147.865,H:\RadioTEDU Songs\Pop\The Barrier Brothers\Pickin' And Singin'\10 Don't Leave Me Here Alone.mp3,1,1,145.022,2026-08-26 05:59:32,2026-08-26 05:59:32
4,RadioTEDU Pop,/radio,configured_stream,51022,Don’t Stop the Music,Rihanna,,,,,,,267.08,H:\RadioTEDU Songs\Pop\Rihanna\Good Girl Gone Bad_ Reloaded\03 Rihanna - Don’t Stop the Music.flac,1,1,264.969,2026-08-26 16:59:55,2026-08-26 16:59:55
4,RadioTEDU Pop,/radio,configured_stream,51024,Don’t Stop the Music,Rihanna,,,,,,,267.076,H:\RadioTEDU Songs\Pop\Rihanna\Greatest Hits\07 Rihanna - Don’t Stop the Music.flac,1,1,265.226,2026-08-26 08:04:20,2026-08-26 08:04:20
4,RadioTEDU Pop,/radio,configured_stream,50756,Dracula,,,,,,,,205.309,H:\RadioTEDU Songs\Pop\084 - Dracula.mp3,1,1,202.367,2026-08-26 20:04:24,2026-08-26 20:04:24
4,RadioTEDU Pop,/radio,configured_stream,50961,Dreamer,Laufey,,,,,,,210.827,H:\RadioTEDU Songs\Pop\Laufey\Bewitched\01 Laufey - Dreamer.flac,1,1,211.062,2026-08-26 14:17:11,2026-08-26 14:17:11
4,RadioTEDU Pop,/radio,configured_stream,50995,drop dead,Olivia Rodrigo,,,,,,,224.999,H:\RadioTEDU Songs\Pop\Olivia Rodrigo\you seem pretty sad for a girl so in love\01 Olivia Rodrigo - drop dead.flac,1,1,222.258,2026-08-26 07:22:48,2026-08-26 07:22:48
4,RadioTEDU Pop,/radio,configured_stream,50993,Dying for Attention,"nothing,nowhere.",,,,,,,205.6,"H:\RadioTEDU Songs\Pop\nothing,nowhere_\Dying for Attention\01 Dying for Attention.flac",1,1,202.86,2026-08-26 13:54:38,2026-08-26 13:54:38
4,RadioTEDU Pop,/radio,configured_stream,51080,Easier Said Than Done,Thee Sacred Souls,,,,,,,173.353,H:\RadioTEDU Songs\Pop\Thee Sacred Souls\The Instrumentals\03 Easier Said Than Done.flac,1,1,181.937,2026-08-26 16:31:45,2026-08-26 16:31:45
4,RadioTEDU Pop,/radio,configured_stream,50988,Embrace It,Ndotz,,,,,,,104.618,H:\RadioTEDU Songs\Pop\Ndotz\Embrace It\01 Embrace It.flac,1,1,105.22,2026-08-26 10:39:39,2026-08-26 10:39:39
4,RadioTEDU Pop,/radio,configured_stream,50881,End of Time,John Coldrain ft. Downtown Binary,,,,,,,216.528,H:\RadioTEDU Songs\Pop\John Coldrain\Future Thoughts\03 John Coldrain ft. Downtown Binary - End of Time.flac,1,1,213.839,2026-08-26 19:47:02,2026-08-26 19:47:02
4,RadioTEDU Pop,/radio,configured_stream,50766,Escapism,,,,,,,,272.373,H:\RadioTEDU Songs\Pop\096 - Escapism..mp3,1,1,270.463,2026-08-26 14:44:49,2026-08-26 14:44:49
4,RadioTEDU Pop,/radio,configured_stream,51030,Espresso,Sabrina Carpenter,,,,,,,175.45,H:\RadioTEDU Songs\Pop\Sabrina Carpenter\Short n' Sweet\07 Espresso.flac,1,1,175.532,2026-08-26 09:23:09,2026-08-26 09:23:09
4,RadioTEDU Pop,/radio,configured_stream,51031,Espresso,Sabrina Carpenter,,,,,,,175.459,H:\RadioTEDU Songs\Pop\Sabrina Carpenter\Short n' Sweet\07 Espresso.mp3,1,1,172.811,2026-08-26 10:28:23,2026-08-26 10:28:23
4,RadioTEDU Pop,/radio,configured_stream,52319,Ev'ry Time We Say Goodbye,Robbie Williams,,,,,,,183.283,H:\RadioTEDU Songs\Pop\Robbie Williams\Swing When You're Winning\23 Robbie Williams - Ev'ry Time We Say Goodbye.mp3,1,1,180.379,2026-08-26 03:17:21,2026-08-26 03:17:21
4,RadioTEDU Pop,/radio,configured_stream,50788,Every Time I Close My Eyes,Babyface,,,,,,,298.713,H:\RadioTEDU Songs\Pop\Babyface\The Day\01 Every Time I Close My Eyes (1).flac,1,1,296.009,2026-08-26 15:22:35,2026-08-26 15:22:35
4,RadioTEDU Pop,/radio,configured_stream,50789,Every Time I Close My Eyes,Babyface,,,,,,,296.448,H:\RadioTEDU Songs\Pop\Babyface\The Day\01 Every Time I Close My Eyes.flac,1,1,293.918,2026-08-26 14:13:39,2026-08-26 14:13:39
4,RadioTEDU Pop,/radio,configured_stream,50743,Excess,,,,,,,,277.375,H:\RadioTEDU Songs\Pop\042 - Excess.mp3,1,1,277.778,2026-08-26 19:30:41,2026-08-26 19:30:41
4,RadioTEDU Pop,/radio,configured_stream,51091,FE!N,Travis Scott feat. Playboi Carti,,,,,,,191.704,H:\RadioTEDU Songs\Pop\Travis Scott\UTOPIA\1-08 Travis Scott feat. Playboi Carti - FE!N.flac,1,1,189.07,2026-08-26 08:16:02,2026-08-26 08:16:02
4,RadioTEDU Pop,/radio,configured_stream,50762,Feel Good Inc,,,,,,,,222.64,H:\RadioTEDU Songs\Pop\090 - Feel Good Inc..mp3,1,1,220.532,2026-08-26 03:28:53,2026-08-26 03:28:53
4,RadioTEDU Pop,/radio,configured_stream,51083,FLOWERS,Tiffany Day,,,,,,,148.066,H:\RadioTEDU Songs\Pop\Tiffany Day\FLOWERS\01 FLOWERS.flac,1,1,146.123,2026-08-26 06:20:09,2026-08-26 06:20:09
4,RadioTEDU Pop,/radio,configured_stream,50742,Footloose,Kenny Loggins,,,,,,,226.827,H:\RadioTEDU Songs\Pop\024 - Footloose (From ＂Footloose＂ Soundtrack).mp3,1,1,224.937,2026-08-26 15:13:34,2026-08-26 15:13:34
4,RadioTEDU Pop,/radio,configured_stream,50815,For me... formidable,Charles Aznavour,,,,,,,143.587,H:\RadioTEDU Songs\Pop\Charles Aznavour\Qui _\01 For me... formidable.flac,1,1,144.183,2026-08-26 12:39:53,2026-08-26 12:39:53
4,RadioTEDU Pop,/radio,configured_stream,51048,Freedom Bus,Sheryl Crow feat. Jesse Welles,,,,,,,283.115,H:\RadioTEDU Songs\Pop\Sheryl Crow\Freedom Bus\01 Freedom Bus.flac,1,1,280.457,2026-08-26 18:54:00,2026-08-26 18:54:00
4,RadioTEDU Pop,/radio,configured_stream,50962,From the Start,Laufey,,,,,,,169.573,H:\RadioTEDU Songs\Pop\Laufey\Bewitched\10 Laufey - From the Start.flac,1,1,166.737,2026-08-26 15:42:24,2026-08-26 15:42:24
4,RadioTEDU Pop,/radio,configured_stream,50818,Genie in a Bottle,Christina Aguilera,,,,,,,217.573,H:\RadioTEDU Songs\Pop\Christina Aguilera\Christina Aguilera_ Special Edition\01 Genie in a Bottle.flac,1,1,216.417,2026-08-26 12:37:28,2026-08-26 12:37:28
4,RadioTEDU Pop,/radio,configured_stream,50875,Get Right,Jennifer Lopez,,,,,,,225.533,H:\RadioTEDU Songs\Pop\Jennifer Lopez\Rebirth\01 Jennifer Lopez - Get Right.flac,1,1,222.628,2026-08-26 05:23:26,2026-08-26 05:23:26
4,RadioTEDU Pop,/radio,configured_stream,50731,Ghostbusters,Ray Parker Jr.,,,,,,,245.6,H:\RadioTEDU Songs\Pop\005 - Ghostbusters.mp3,1,1,243.799,2026-08-26 08:27:03,2026-08-26 08:27:03
4,RadioTEDU Pop,/radio,configured_stream,50899,GIMME GIMME,Katy Perry feat. 21 Savage,,,,,,,177.842,H:\RadioTEDU Songs\Pop\Katy Perry feat. 21 Savage\GIMME GIMME.mp3,1,1,178.33,2026-08-26 09:33:23,2026-08-26 09:33:23
4,RadioTEDU Pop,/radio,configured_stream,50748,Girls Just Want to Have Fun,,,,,,,,238.267,H:\RadioTEDU Songs\Pop\062 - Girls Just Want to Have Fun.mp3,1,1,235.596,2026-08-26 06:42:04,2026-08-26 06:42:04
4,RadioTEDU Pop,/radio,configured_stream,50850,Godzilla,Eminem feat. Juice WRLD,,,,,,,210.791,H:\RadioTEDU Songs\Pop\Eminem\Music to Be Murdered By\07 Eminem feat. Juice WRLD - Godzilla.flac,1,1,213.655,2026-08-26 19:20:26,2026-08-26 19:20:26
4,RadioTEDU Pop,/radio,configured_stream,50847,Godzilla,Eminem ft. Juice WRLD,,,,,,,210.8,H:\RadioTEDU Songs\Pop\Eminem ft. Juice WRLD\Godzilla.mp3,1,1,211.553,2026-08-26 15:39:29,2026-08-26 15:39:29
4,RadioTEDU Pop,/radio,configured_stream,50829,God’s Plan,Drake,,,,,,,198.972,H:\RadioTEDU Songs\Pop\Drake\Scorpion\1-05 Drake - God’s Plan.flac,1,1,196.055,2026-08-26 20:27:05,2026-08-26 20:27:05
4,RadioTEDU Pop,/radio,configured_stream,50830,God’s Plan,Drake,,,,,,,198.973,H:\RadioTEDU Songs\Pop\Drake\Scorpion\1-05 Drake - God’s Plan.mp3,1,1,198.824,2026-08-26 19:50:20,2026-08-26 19:50:20
4,RadioTEDU Pop,/radio,configured_stream,51057,greedy,Tate McRae,,,,,,,129.687,H:\RadioTEDU Songs\Pop\Tate McRae\greedy.mp3,1,1,131.65,2026-08-26 11:43:48,2026-08-26 11:43:48
4,RadioTEDU Pop,/radio,configured_stream,50812,Grenade,Bruno Mars,,,,,,,222.091,H:\RadioTEDU Songs\Pop\Bruno Mars\Doo-Wops & Hooligans\01 Bruno Mars - Grenade.flac,1,1,219.399,2026-08-26 12:23:33,2026-08-26 12:23:33
4,RadioTEDU Pop,/radio,configured_stream,50797,Halo,Beyoncé,,,,,,,261.642,H:\RadioTEDU Songs\Pop\Beyoncé\Halo\01 Halo.flac,1,1,262.116,2026-08-26 13:30:07,2026-08-26 13:30:07
4,RadioTEDU Pop,/radio,configured_stream,52316,Have You Met Miss Jones?,Robbie Williams,,,,,,,154.157,H:\RadioTEDU Songs\Pop\Robbie Williams\Swing When You're Winning\16 Robbie Williams - Have You Met Miss Jones_.mp3,1,1,151.209,2026-08-26 08:59:27,2026-08-26 08:59:27
4,RadioTEDU Pop,/radio,configured_stream,51086,He Wasn’t Man Enough,Toni Braxton,,,,,,,261.933,H:\RadioTEDU Songs\Pop\Toni Braxton\The Heat\01 Toni Braxton - He Wasn’t Man Enough.flac,1,1,259.044,2026-08-26 05:45:34,2026-08-26 05:45:34
4,RadioTEDU Pop,/radio,configured_stream,50823,Heart Attack,Demi Lovato,,,,,,,210.837,H:\RadioTEDU Songs\Pop\Demi Lovato\Heart Attack\01 Heart Attack.flac,1,1,208.033,2026-08-26 16:18:14,2026-08-26 16:18:14
4,RadioTEDU Pop,/radio,configured_stream,50857,Heat Waves,Glass Animals,,,,,,,238.817,H:\RadioTEDU Songs\Pop\Glass Animals\Dreamland\14 Glass Animals - Heat Waves.flac,1,1,236.19,2026-08-26 12:33:52,2026-08-26 12:33:52
4,RadioTEDU Pop,/radio,configured_stream,50858,Heat Waves,Glass Animals,,,,,,,238.805,H:\RadioTEDU Songs\Pop\Glass Animals\Dreamland\14 Glass Animals - Heat Waves.mp3,1,1,235.845,2026-08-26 07:55:27,2026-08-26 07:55:27
4,RadioTEDU Pop,/radio,configured_stream,51063,Here Comes the Sun,The Beatles,,,,,,,185.733,H:\RadioTEDU Songs\Pop\The Beatles\Abbey Road\07 Here Comes the Sun.flac,1,1,185.745,2026-08-26 10:35:07,2026-08-26 10:35:07
4,RadioTEDU Pop,/radio,configured_stream,51008,Hey Baby (Drop It to the Floor),Pitbull feat. T‐Pain,,,,,,,235.903,H:\RadioTEDU Songs\Pop\Pitbull\Planet Pit\04 Pitbull feat. T‐Pain - Hey Baby (Drop It to the Floor).flac,1,1,236.552,2026-08-26 04:16:28,2026-08-26 04:16:28
4,RadioTEDU Pop,/radio,configured_stream,51041,Hips Don't Lie,Shakira feat. Wyclef Jean,,,,,,,218.21,"H:\RadioTEDU Songs\Pop\Shakira\Oral Fixation, Vol. 2\03 Shakira feat. Wyclef Jean - Hips Don't Lie (1).flac",1,1,215.479,2026-08-26 15:26:10,2026-08-26 15:26:10
4,RadioTEDU Pop,/radio,configured_stream,51042,Hips Don't Lie,Shakira feat. Wyclef Jean,,,,,,,220.357,"H:\RadioTEDU Songs\Pop\Shakira\Oral Fixation, Vol. 2\03 Shakira feat. Wyclef Jean - Hips Don't Lie.flac",1,1,219.769,2026-08-26 12:05:45,2026-08-26 12:05:45
4,RadioTEDU Pop,/radio,configured_stream,51043,Hips Don't Lie,Shakira feat. Wyclef Jean,,,,,,,220.36,"H:\RadioTEDU Songs\Pop\Shakira\Oral Fixation, Vol. 2\03 Shakira feat. Wyclef Jean - Hips Don't Lie.mp3",1,1,218.5,2026-08-26 17:30:29,2026-08-26 17:30:29
4,RadioTEDU Pop,/radio,configured_stream,47335,Hit Me Up,Darin,,,,,,,125.005,H:\RadioTEDU Songs\Pop\NA - Darin_-_Hit_Me_Up_Visualizer.flac,1,1,125.526,2026-08-26 08:33:33,2026-08-26 08:33:33
4,RadioTEDU Pop,/radio,configured_stream,51068,Ho Hey,The Lumineers,,,,,,,163.133,H:\RadioTEDU Songs\Pop\The Lumineers\The Lumineers\05 Ho Hey.flac,1,1,160.303,2026-08-26 10:37:54,2026-08-26 10:37:54
4,RadioTEDU Pop,/radio,configured_stream,51032,"Hold On, I’m Comin’",Sam & Dave,,,,,,,155.707,"H:\RadioTEDU Songs\Pop\Sam & Dave\Hold On, I’m Comin’\01 Hold On, I’m Comin’.flac",1,1,152.864,2026-08-26 09:05:27,2026-08-26 09:05:27
4,RadioTEDU Pop,/radio,configured_stream,50898,Hootie Frutti,KATSEYE,,,,,,,140.72,H:\RadioTEDU Songs\Pop\KATSEYE\WILD\03 Hootie Frutti.flac,1,1,139.745,2026-08-26 07:01:43,2026-08-26 07:01:43
4,RadioTEDU Pop,/radio,configured_stream,50831,Houdini,Dua Lipa,,,,,,,185.918,H:\RadioTEDU Songs\Pop\Dua Lipa\Houdini.mp3,1,1,184.192,2026-08-26 12:26:37,2026-08-26 12:26:37
4,RadioTEDU Pop,/radio,configured_stream,50833,Houdini,Dua Lipa,,,,,,,185.922,H:\RadioTEDU Songs\Pop\Dua Lipa\Radical Optimism\02 Houdini.flac,1,1,183.347,2026-08-26 17:26:49,2026-08-26 17:26:49
4,RadioTEDU Pop,/radio,configured_stream,50848,Houdini,Eminem,,,,,,,227.3,H:\RadioTEDU Songs\Pop\Eminem\Houdini\01 Houdini.flac,1,1,224.6,2026-08-26 06:52:01,2026-08-26 06:52:01
4,RadioTEDU Pop,/radio,configured_stream,51101,How Many Days,William Hall,,,,,,,155.69,H:\RadioTEDU Songs\Pop\William Hall\Goodbye Home\02 How Many Days.mp3,1,1,153.207,2026-08-26 07:51:32,2026-08-26 07:51:32
4,RadioTEDU Pop,/radio,configured_stream,51006,I Can’t Wait,Phoebe Bridgers,,,,,,,217.205,H:\RadioTEDU Songs\Pop\Phoebe Bridgers\Lost Weekend\14 I Can’t Wait.flac,1,1,214.312,2026-08-26 06:31:23,2026-08-26 06:31:23
4,RadioTEDU Pop,/radio,configured_stream,51100,I Forgot to Be Your Lover,William Bell,,,,,,,138.96,H:\RadioTEDU Songs\Pop\William Bell\The Very Best of William Bell\11 William Bell - I Forgot to Be Your Lover.flac,1,1,137.932,2026-08-26 19:33:06,2026-08-26 19:33:06
4,RadioTEDU Pop,/radio,configured_stream,50985,I Got Better,Morgan Wallen,,,,,,,204.964,H:\RadioTEDU Songs\Pop\Morgan Wallen\I’m the Problem\02 Morgan Wallen - I Got Better.flac,1,1,202.114,2026-08-26 10:59:08,2026-08-26 10:59:08
4,RadioTEDU Pop,/radio,configured_stream,51064,I Gotta Feeling,The Black Eyed Peas,,,,,,,289.133,H:\RadioTEDU Songs\Pop\The Black Eyed Peas\I Gotta Feeling.mp3,1,1,289.19,2026-08-26 03:58:54,2026-08-26 03:58:54
4,RadioTEDU Pop,/radio,configured_stream,51066,I Gotta Feeling,The Black Eyed Peas,,,,,,,289.135,H:\RadioTEDU Songs\Pop\The Black Eyed Peas\The E•N•D\1-05 I Gotta Feeling.flac,1,1,288.971,2026-08-26 05:19:36,2026-08-26 05:19:36
4,RadioTEDU Pop,/radio,configured_stream,50813,I Just Might,Bruno Mars,,,,,,,212.974,H:\RadioTEDU Songs\Pop\Bruno Mars\The Romantic\03 I Just Might.flac,1,1,213.88,2026-08-26 06:34:56,2026-08-26 06:34:56
4,RadioTEDU Pop,/radio,configured_stream,50998,I Like U,One Track Mind,,,,,,,192.61,H:\RadioTEDU Songs\Pop\One Track Mind\I Like U\01 I Like U.mp3,1,1,192.962,2026-08-26 12:08:58,2026-08-26 12:08:58
4,RadioTEDU Pop,/radio,configured_stream,51073,I Love You So,The Walters,,,,,,,160.24,H:\RadioTEDU Songs\Pop\The Walters\Songs For Dads\01 I Love You So.mp3,1,1,161.43,2026-08-26 19:10:43,2026-08-26 19:10:43
4,RadioTEDU Pop,/radio,configured_stream,51104,I Still Dream of You,Yea‐Ming and The Rumours,,,,,,,219.605,"H:\RadioTEDU Songs\Pop\Yea‐Ming and The Rumours\So, Bird.._\10 I Still Dream of You.mp3",1,1,216.962,2026-08-26 06:27:48,2026-08-26 06:27:48
4,RadioTEDU Pop,/radio,configured_stream,50733,I Wanna Dance with Somebody (Who Loves Me),Whitney Houston,,,,,,,291.293,H:\RadioTEDU Songs\Pop\007 - I Wanna Dance with Somebody (Who Loves Me).mp3,1,1,289.806,2026-08-26 20:09:13,2026-08-26 20:09:13
4,RadioTEDU Pop,/radio,configured_stream,51033,I Wish You Love,Sam Cooke,,,,,,,145.125,H:\RadioTEDU Songs\Pop\Sam Cooke\Mr. Soul\01 I Wish You Love.flac,1,1,154.167,2026-08-26 11:18:20,2026-08-26 11:18:20
4,RadioTEDU Pop,/radio,configured_stream,50804,If U Seek Amy,Britney Spears,,,,,,,216.52,H:\RadioTEDU Songs\Pop\Britney Spears\Circus\1-06 If U Seek Amy.flac,1,1,213.926,2026-08-26 15:00:56,2026-08-26 15:00:56
4,RadioTEDU Pop,/radio,configured_stream,50781,In The Middle,Austin Burke,,,,,,,154.552,H:\RadioTEDU Songs\Pop\Austin Burke\In The Middle\01 In The Middle.flac,1,1,154.368,2026-08-26 03:47:44,2026-08-26 03:47:44
4,RadioTEDU Pop,/radio,configured_stream,51077,In Your Eyes (remix),The Weeknd feat. Kenny G,,,,,,,257.556,H:\RadioTEDU Songs\Pop\The Weeknd feat. Kenny G\In Your Eyes (remix)\01 In Your Eyes (remix).flac,1,1,257.694,2026-08-26 07:59:44,2026-08-26 07:59:44
4,RadioTEDU Pop,/radio,configured_stream,50793,Irreplaceable,Beyoncé,,,,,,,227.667,H:\RadioTEDU Songs\Pop\Beyoncé\B’Day (deluxe edition)\02 Beyoncé - Irreplaceable.flac,1,1,224.817,2026-08-26 17:10:18,2026-08-26 17:10:18
4,RadioTEDU Pop,/radio,configured_stream,50745,IYDKMIGTHTKY (Gimme That),,,,,,,,380.24,H:\RadioTEDU Songs\Pop\044 - IYDKMIGTHTKY (Gimme That).mp3,1,1,377.421,2026-08-26 11:57:27,2026-08-26 11:57:27
4,RadioTEDU Pop,/radio,configured_stream,51071,I’m Gonna Be (500 Miles),The Proclaimers,,,,,,,219.467,H:\RadioTEDU Songs\Pop\The Proclaimers\Sunshine on Leith\01 I’m Gonna Be (500 Miles).flac,1,1,216.744,2026-08-26 08:19:42,2026-08-26 08:19:42
4,RadioTEDU Pop,/radio,configured_stream,50822,Just Fine,David Ruis,,,,,,,230.688,H:\RadioTEDU Songs\Pop\David Ruis\Sweet Mercies\04 Just Fine.flac,1,1,229.227,2026-08-26 19:08:02,2026-08-26 19:08:02
4,RadioTEDU Pop,/radio,configured_stream,50892,Killin’ It Girl,j-hope feat. GloRilla,,,,,,,148.724,H:\RadioTEDU Songs\Pop\j‐hope\Killin’ It Girl\01 j-hope feat. GloRilla - Killin’ It Girl.flac,1,1,149.297,2026-08-26 14:36:50,2026-08-26 14:36:50
4,RadioTEDU Pop,/radio,configured_stream,50783,Kings & Queens,Ava Max,,,,,,,162.399,H:\RadioTEDU Songs\Pop\Ava Max\Kings & Queens.mp3,1,1,160.855,2026-08-26 18:20:43,2026-08-26 18:20:43
4,RadioTEDU Pop,/radio,configured_stream,51013,Kiss,Prince,,,,,,,226.005,H:\RadioTEDU Songs\Pop\Prince\Parade - Music From the Motion Picture Under the Cherry Moon\10 Kiss.flac,1,1,223.16,2026-08-26 17:46:08,2026-08-26 17:46:08
4,RadioTEDU Pop,/radio,configured_stream,50987,La La La,Naughty Boy feat. Sam Smith,,,,,,,222.2,H:\RadioTEDU Songs\Pop\Naughty Boy\Hotel Cabana (deluxe version)\08 Naughty Boy feat. Sam Smith - La La La.flac,1,1,220.207,2026-08-26 20:16:35,2026-08-26 20:16:35
4,RadioTEDU Pop,/radio,configured_stream,50886,Leave (Get Out),JoJo,,,,,,,242.84,H:\RadioTEDU Songs\Pop\JoJo\JoJo\07 Leave (Get Out).flac,1,1,239.963,2026-08-26 04:34:11,2026-08-26 04:34:11
4,RadioTEDU Pop,/radio,configured_stream,50980,Let’s Get It On,Marvin Gaye,,,,,,,291.36,H:\RadioTEDU Songs\Pop\Marvin Gaye\Let’s Get It On\01 Let’s Get It On.flac,1,1,288.785,2026-08-26 04:24:02,2026-08-26 04:24:02
4,RadioTEDU Pop,/radio,configured_stream,51010,Let’s Go Crazy,Prince and The Revolution,,,,,,,279.616,H:\RadioTEDU Songs\Pop\Prince and The Revolution\Purple Rain\01 Let’s Go Crazy.flac,1,1,283.051,2026-08-26 10:12:32,2026-08-26 10:12:32
4,RadioTEDU Pop,/radio,configured_stream,50832,Levitating,Dua Lipa,,,,,,,203.808,H:\RadioTEDU Songs\Pop\Dua Lipa\Levitating.mp3,1,1,203.146,2026-08-26 06:10:52,2026-08-26 06:10:52
4,RadioTEDU Pop,/radio,configured_stream,50800,Like You,Bow Wow feat. Ciara,,,,,,,205.868,H:\RadioTEDU Songs\Pop\Bow Wow\Wanted\06 Bow Wow feat. Ciara - Like You.flac,1,1,205.921,2026-08-26 18:06:05,2026-08-26 18:06:05
4,RadioTEDU Pop,/radio,configured_stream,51014,Locked Away,R. City feat. Adam Levine,,,,,,,226.429,H:\RadioTEDU Songs\Pop\R. City\What Dreams Are Made Of\02 R. City feat. Adam Levine - Locked Away.flac,1,1,229.103,2026-08-26 17:23:38,2026-08-26 17:23:38
4,RadioTEDU Pop,/radio,configured_stream,50853,Lose a Friend,Evan Honer & Winyah,,,,,,,203.093,H:\RadioTEDU Songs\Pop\Evan Honer\Everything I Wanted (& more)\15 Evan Honer & Winyah - Lose a Friend.mp3,1,1,204.738,2026-08-26 05:26:50,2026-08-26 05:26:50
4,RadioTEDU Pop,/radio,configured_stream,51002,Lost Boys,Phoebe Bridgers,,,,,,,254.615,H:\RadioTEDU Songs\Pop\Phoebe Bridgers\Lost Weekend\02 Lost Boys.flac,1,1,254.686,2026-08-26 16:41:44,2026-08-26 16:41:44
4,RadioTEDU Pop,/radio,configured_stream,50773,Love Is a Losing Game,Amy Winehouse,,,,,,,154.16,H:\RadioTEDU Songs\Pop\Amy Winehouse\Back to Black\06 Love Is a Losing Game.flac,1,1,151.686,2026-08-26 03:25:13,2026-08-26 03:25:13
4,RadioTEDU Pop,/radio,configured_stream,50885,Love Me Again,John Newman,,,,,,,239.894,H:\RadioTEDU Songs\Pop\John Newman\Tribute\02 Love Me Again.flac,1,1,237.122,2026-08-26 14:31:53,2026-08-26 14:31:53
4,RadioTEDU Pop,/radio,configured_stream,50843,Love Me Like You Do,Ellie Goulding,,,,,,,253.52,H:\RadioTEDU Songs\Pop\Ellie Goulding\Love Me Like You Do.mp3,1,1,251.326,2026-08-26 19:57:25,2026-08-26 19:57:25
4,RadioTEDU Pop,/radio,configured_stream,51038,Love You Like a Love Song,Selena Gomez & the Scene,,,,,,,188.453,H:\RadioTEDU Songs\Pop\Selena Gomez & the Scene\Love You Like a Love Song.mp3,1,1,185.757,2026-08-26 17:36:35,2026-08-26 17:36:35
4,RadioTEDU Pop,/radio,configured_stream,51039,Love You Like a Love Song,Selena Gomez & the Scene,,,,,,,188.067,H:\RadioTEDU Songs\Pop\Selena Gomez & the Scene\When the Sun Goes Down\01 Selena Gomez & the Scene - Love You Like a Love Song.flac,1,1,185.188,2026-08-26 09:36:36,2026-08-26 09:36:36
4,RadioTEDU Pop,/radio,configured_stream,50958,LoveGame,Lady Gaga,,,,,,,216.333,H:\RadioTEDU Songs\Pop\Lady Gaga\The Fame\02 Lady Gaga - LoveGame.flac,1,1,213.504,2026-08-26 18:02:39,2026-08-26 18:02:39
4,RadioTEDU Pop,/radio,configured_stream,50960,Lover Girl,Laufey,,,,,,,164.4,H:\RadioTEDU Songs\Pop\Laufey\A Matter of Time\02 Lover Girl.flac,1,1,164.302,2026-08-26 09:10:23,2026-08-26 09:10:23
4,RadioTEDU Pop,/radio,configured_stream,50801,Lovey Dovey Kind of Love,Brenton Wood,,,,,,,125.64,H:\RadioTEDU Songs\Pop\Brenton Wood\Brenton Wood’s 18 Best\07 Lovey Dovey Kind of Love.flac,1,1,127.21,2026-08-26 12:45:40,2026-08-26 12:45:40
4,RadioTEDU Pop,/radio,configured_stream,50994,Man I Need,Olivia Dean,,,,,,,183.716,H:\RadioTEDU Songs\Pop\Olivia Dean\Man I Need\01 Man I Need.flac,1,1,188.488,2026-08-26 08:22:50,2026-08-26 08:22:50
4,RadioTEDU Pop,/radio,configured_stream,50977,Maps,Maroon 5,,,,,,,190.267,H:\RadioTEDU Songs\Pop\Maroon 5\V\01 Maroon 5 - Maps.flac,1,1,191.069,2026-08-26 11:27:31,2026-08-26 11:27:31
4,RadioTEDU Pop,/radio,configured_stream,50999,Mariposa,Peach Tree Rascals,,,,,,,210.0,H:\RadioTEDU Songs\Pop\Peach Tree Rascals\Mariposa\01 Mariposa.flac,1,1,210.013,2026-08-26 07:18:59,2026-08-26 07:18:59
4,RadioTEDU Pop,/radio,configured_stream,52305,Mary Jane vs Graeme Blevins.,RAYE w/ The Heritage Orchestra & Graeme Blevins,,,,,,,91.78,H:\RadioTEDU Songs\Pop\RAYE w_ The Heritage Orchestra\My 21st Century Symphony. (live at the Royal Albert Hall)\07 RAYE w_ The Heritage Orchestra & Graeme Blevins - Mary Jane vs Graeme Blevins..flac,1,1,91.881,2026-08-26 13:18:48,2026-08-26 13:18:48
4,RadioTEDU Pop,/radio,configured_stream,50795,"Me, Myself and I",Beyoncé,,,,,,,301.173,"H:\RadioTEDU Songs\Pop\Beyoncé\Dangerously in Love\06 Beyoncé - Me, Myself and I.flac",1,1,298.785,2026-08-26 03:45:09,2026-08-26 03:45:09
4,RadioTEDU Pop,/radio,configured_stream,51035,Medley: Try a Little Tenderness / (I Love You) For Sentimental Reasons / You Send Me,Sam Cooke,,,,,,,295.627,H:\RadioTEDU Songs\Pop\Sam Cooke\Sam Cooke at the Copa\06 Medley_ Try a Little Tenderness _ (I Love You) For Sentimental Reasons _ You Send Me.flac,1,1,294.981,2026-08-26 15:47:18,2026-08-26 15:47:18
4,RadioTEDU Pop,/radio,configured_stream,51108,MIDNIGHT PRETENDERS,亜蘭知子,,,,,,,345.267,H:\RadioTEDU Songs\Pop\亜蘭知子\浮遊空間\05 MIDNIGHT PRETENDERS.flac,1,1,342.527,2026-08-26 03:40:11,2026-08-26 03:40:11
4,RadioTEDU Pop,/radio,configured_stream,50891,Mirrors,Justin Timberlake,,,,,,,484.147,H:\RadioTEDU Songs\Pop\Justin Timberlake\The 20_20 Experience\09 Mirrors.flac,1,1,481.284,2026-08-26 04:07:04,2026-08-26 04:07:04
4,RadioTEDU Pop,/radio,configured_stream,50981,Missing You Now,Michael Bolton feat. Kenny G,,,,,,,265.985,"H:\RadioTEDU Songs\Pop\Michael Bolton\Time, Love & Tenderness\03 Michael Bolton feat. Kenny G - Missing You Now.flac",1,1,263.053,2026-08-26 05:06:10,2026-08-26 05:06:10
4,RadioTEDU Pop,/radio,configured_stream,50777,Moody Wind,Anthony Lazaro,,,,,,,192.261,H:\RadioTEDU Songs\Pop\Anthony Lazaro\Midnight Pilots\05 Moody Wind.flac,1,1,192.373,2026-08-26 12:29:49,2026-08-26 12:29:49
4,RadioTEDU Pop,/radio,configured_stream,50976,Moves Like Jagger,Maroon 5 feat. Christina Aguilera,,,,,,,201.493,H:\RadioTEDU Songs\Pop\Maroon 5\Hands All Over\13 Maroon 5 feat. Christina Aguilera - Moves Like Jagger.flac,1,1,201.538,2026-08-26 16:21:35,2026-08-26 16:21:35
4,RadioTEDU Pop,/radio,configured_stream,52311,Mr. Bojangles,Robbie Williams,,,,,,,197.833,H:\RadioTEDU Songs\Pop\Robbie Williams\Swing When You're Winning\09 Robbie Williams - Mr. Bojangles.mp3,1,1,195.39,2026-08-26 04:40:57,2026-08-26 04:40:57
4,RadioTEDU Pop,/radio,configured_stream,51072,My Girl,The Temptations,,,,,,,165.0,H:\RadioTEDU Songs\Pop\The Temptations\The Temptations Sing Smokey\03 My Girl.flac,1,1,165.717,2026-08-26 17:33:14,2026-08-26 17:33:14
4,RadioTEDU Pop,/radio,configured_stream,50784,My Oh My,Ava Max,,,,,,,156.155,H:\RadioTEDU Songs\Pop\Ava Max\My Oh My\01 My Oh My.flac,1,1,158.022,2026-08-26 04:30:03,2026-08-26 04:30:03
4,RadioTEDU Pop,/radio,configured_stream,52318,My Way,Robbie Williams,,,,,,,285.683,H:\RadioTEDU Songs\Pop\Robbie Williams\Swing When You're Winning\22 Robbie Williams - My Way.mp3,1,1,283.085,2026-08-26 10:21:05,2026-08-26 10:21:05
4,RadioTEDU Pop,/radio,configured_stream,51105,Need Someone,Zara Larsson,,,,,,,177.361,H:\RadioTEDU Songs\Pop\Zara Larsson\Poster Girl\03 Zara Larsson - Need Someone.flac,1,1,174.652,2026-08-26 12:02:06,2026-08-26 12:02:06
4,RadioTEDU Pop,/radio,configured_stream,50761,Nightcrawler,,,,,,,,321.553,H:\RadioTEDU Songs\Pop\089 - Nightcrawler.mp3,1,1,321.52,2026-08-26 03:34:17,2026-08-26 03:34:17
4,RadioTEDU Pop,/radio,configured_stream,50889,No Surprises,Juliana Chahayed,,,,,,,120.962,H:\RadioTEDU Songs\Pop\Juliana Chahayed\No Surprises\01 No Surprises.flac,1,1,118.527,2026-08-26 19:26:04,2026-08-26 19:26:04
4,RadioTEDU Pop,/radio,configured_stream,50854,NOBLE,F3miii,,,,,,,185.806,H:\RadioTEDU Songs\Pop\F3miii\NOBLE\01 NOBLE.flac,1,1,182.908,2026-08-26 13:33:16,2026-08-26 13:33:16
4,RadioTEDU Pop,/radio,configured_stream,50970,Not Afraid,Lontalius,,,,,,,199.211,H:\RadioTEDU Songs\Pop\Lontalius\How Can We Lose When We’re So Sincere_!\13 Not Afraid.mp3,1,1,196.932,2026-08-26 12:43:19,2026-08-26 12:43:19
4,RadioTEDU Pop,/radio,configured_stream,50856,Not Enough,Futuristic,,,,,,,146.453,H:\RadioTEDU Songs\Pop\Futuristic\The Rise\05 Futuristic - Not Enough.mp3,1,1,144.279,2026-08-26 11:09:01,2026-08-26 11:09:01
4,RadioTEDU Pop,/radio,configured_stream,51034,Nothing Can Change This Love,Sam Cooke,,,,,,,158.68,H:\RadioTEDU Songs\Pop\Sam Cooke\Mr. Soul\10 Nothing Can Change This Love.flac,1,1,156.175,2026-08-26 07:32:21,2026-08-26 07:32:21
4,RadioTEDU Pop,/radio,configured_stream,51082,Oh No Now My,This Is Lorelei,,,,,,,188.454,H:\RadioTEDU Songs\Pop\This Is Lorelei\Oh No Now My\01 Oh No Now My.flac,1,1,185.706,2026-08-26 13:22:04,2026-08-26 13:22:04
4,RadioTEDU Pop,/radio,configured_stream,50967,Old Town Road (remix),Lil Nas X feat. Billy Ray Cyrus,,,,,,,157.06,H:\RadioTEDU Songs\Pop\Lil Nas X\7\01 Lil Nas X feat. Billy Ray Cyrus - Old Town Road (remix).flac,1,1,156.911,2026-08-26 11:46:24,2026-08-26 11:46:24
4,RadioTEDU Pop,/radio,configured_stream,50968,Old Town Road (remix),Lil Nas X feat. Billy Ray Cyrus,,,,,,,157.067,H:\RadioTEDU Songs\Pop\Lil Nas X\7\01 Lil Nas X feat. Billy Ray Cyrus - Old Town Road (remix).mp3,1,1,158.119,2026-08-26 17:42:12,2026-08-26 17:42:12
4,RadioTEDU Pop,/radio,configured_stream,50873,On the Floor (radio edit),Jennifer Lopez & Pitbull,,,,,,,230.907,H:\RadioTEDU Songs\Pop\Jennifer Lopez & Pitbull\On the Floor (radio edit).mp3,1,1,228.749,2026-08-26 13:47:24,2026-08-26 13:47:24
4,RadioTEDU Pop,/radio,configured_stream,52313,One for My Baby,Robbie Williams,,,,,,,257.993,H:\RadioTEDU Songs\Pop\Robbie Williams\Swing When You're Winning\11 Robbie Williams - One for My Baby.mp3,1,1,258.18,2026-08-26 18:17:42,2026-08-26 18:17:42
4,RadioTEDU Pop,/radio,configured_stream,51026,Only Girl (in the World),Rihanna,,,,,,,235.497,H:\RadioTEDU Songs\Pop\Rihanna\Loud\05 Rihanna - Only Girl (in the World).flac,1,1,235.58,2026-08-26 13:09:56,2026-08-26 13:09:56
4,RadioTEDU Pop,/radio,configured_stream,50807,Oops!...I Did It Again,Britney Spears,,,,,,,211.537,H:\RadioTEDU Songs\Pop\Britney Spears\Oops!...I Did It Again.mp3,1,1,208.96,2026-08-26 07:43:54,2026-08-26 07:43:54
4,RadioTEDU Pop,/radio,configured_stream,50882,Parallel,John Coldrain ft. Franco Carter & Dr. Luv,,,,,,,137.938,H:\RadioTEDU Songs\Pop\John Coldrain\Future Thoughts\04 John Coldrain ft. Franco Carter & Dr. Luv - Parallel.flac,1,1,135.351,2026-08-26 03:50:06,2026-08-26 03:50:06
4,RadioTEDU Pop,/radio,configured_stream,50864,Party Ppl,Henny,,,,,,,168.078,"H:\RadioTEDU Songs\Pop\Henny\Get 'em Drunk, Volume 1\05 Party Ppl.mp3",1,1,165.869,2026-08-26 05:14:47,2026-08-26 05:14:47
4,RadioTEDU Pop,/radio,configured_stream,47320,Plastic Love,Mariya Takeuchi,,,,,,,296.589,H:\RadioTEDU Songs\Pop\Mariya Takeuchi - Plastic Love.flac,1,1,293.806,2026-08-26 11:23:13,2026-08-26 11:23:13
4,RadioTEDU Pop,/radio,configured_stream,50763,Poker Face,,,,,,,,237.2,H:\RadioTEDU Songs\Pop\092 - Poker Face.mp3,1,1,234.554,2026-08-26 10:48:38,2026-08-26 10:48:38
4,RadioTEDU Pop,/radio,configured_stream,50879,Polar,John Coldrain ft. Franco Carter,,,,,,,176.006,H:\RadioTEDU Songs\Pop\John Coldrain\Future Thoughts\01 John Coldrain ft. Franco Carter - Polar.flac,1,1,173.058,2026-08-26 16:35:02,2026-08-26 16:35:02
4,RadioTEDU Pop,/radio,configured_stream,51054,Polaroid,Syndrome,,,,,,,132.139,H:\RadioTEDU Songs\Pop\Syndrome\Wish You Well\02 Polaroid.mp3,1,1,129.239,2026-08-26 18:46:30,2026-08-26 18:46:30
4,RadioTEDU Pop,/radio,configured_stream,50971,pretty little wreck,LØLØ,,,,,,,118.027,H:\RadioTEDU Songs\Pop\LØLØ\pretty little wreck\01 pretty little wreck.flac,1,1,115.969,2026-08-26 15:09:47,2026-08-26 15:09:47
4,RadioTEDU Pop,/radio,configured_stream,50876,Price Tag,Jessie J feat. B.o.B,,,,,,,221.24,H:\RadioTEDU Songs\Pop\Jessie J feat. B.o.B\Price Tag\01 Price Tag.flac,1,1,218.48,2026-08-26 10:32:02,2026-08-26 10:32:02
4,RadioTEDU Pop,/radio,configured_stream,50877,Price Tag,Jessie J feat. B.o.B,,,,,,,221.24,H:\RadioTEDU Songs\Pop\Jessie J feat. B.o.B\Price Tag\01 Price Tag.mp3,1,1,221.111,2026-08-26 14:02:47,2026-08-26 14:02:47
4,RadioTEDU Pop,/radio,configured_stream,51012,Purple Rain,Prince and The Revolution,,,,,,,521.555,H:\RadioTEDU Songs\Pop\Prince and The Revolution\Purple Rain\09 Purple Rain.flac,1,1,518.819,2026-08-26 09:51:58,2026-08-26 09:51:58
4,RadioTEDU Pop,/radio,configured_stream,50735,Rasputin,Boney M.,,,,,,,351.573,H:\RadioTEDU Songs\Pop\009 - Rasputin.mp3,1,1,350.27,2026-08-26 07:11:33,2026-08-26 07:11:33
4,RadioTEDU Pop,/radio,configured_stream,50820,REDRED,CORTIS,,,,,,,163.002,H:\RadioTEDU Songs\Pop\CORTIS\REDRED.mp3,1,1,163.947,2026-08-26 15:28:53,2026-08-26 15:28:53
4,RadioTEDU Pop,/radio,configured_stream,50862,Rich Girl,Gwen Stefani featuring Eve,,,,,,,236.681,H:\RadioTEDU Songs\Pop\Gwen Stefani\Love. Angel. Music. Baby_\02 Gwen Stefani featuring Eve - Rich Girl.flac,1,1,233.954,2026-08-26 09:20:13,2026-08-26 09:20:13
4,RadioTEDU Pop,/radio,configured_stream,51016,Right Here Waiting,Richard Marx,,,,,,,264.333,H:\RadioTEDU Songs\Pop\Richard Marx\Repeat Offender\05 Right Here Waiting.flac,1,1,261.567,2026-08-26 05:01:47,2026-08-26 05:01:47
4,RadioTEDU Pop,/radio,configured_stream,50772,Right Now (Na Na Na),Akon,,,,,,,240.747,H:\RadioTEDU Songs\Pop\Akon\Freedom\01 Akon - Right Now (Na Na Na).flac,1,1,240.624,2026-08-26 11:06:22,2026-08-26 11:06:22
4,RadioTEDU Pop,/radio,configured_stream,50855,Right Round,Flo Rida feat. Ke$ha,,,,,,,209.874,H:\RadioTEDU Songs\Pop\Flo Rida\R.O.O.T.S_\05 Flo Rida feat. Ke$ha - Right Round.flac,1,1,212.155,2026-08-26 11:41:33,2026-08-26 11:41:33
4,RadioTEDU Pop,/radio,configured_stream,50776,Robin Hood (Sarcastic Sounds Remix),Anson Seabra & Sarcastic Sounds,,,,,,,127.06,H:\RadioTEDU Songs\Pop\Anson Seabra\Robin Hood (Sarcastic Sounds Remix)\01 Robin Hood (Sarcastic Sounds Remix).mp3,1,1,129.337,2026-08-26 16:12:06,2026-08-26 16:12:06
4,RadioTEDU Pop,/radio,configured_stream,51065,Rock That Body,The Black Eyed Peas,,,,,,,268.84,H:\RadioTEDU Songs\Pop\The Black Eyed Peas\The E•N•D\1-02 Rock That Body.flac,1,1,265.942,2026-08-26 04:54:08,2026-08-26 04:54:08
4,RadioTEDU Pop,/radio,configured_stream,50844,Rocket Man (I Think It’s Going to Be a Long Long Time),Elton John,,,,,,,281.613,H:\RadioTEDU Songs\Pop\Elton John\Honky Château\05 Rocket Man (I Think It’s Going to Be a Long Long Time).flac,1,1,278.681,2026-08-26 18:33:03,2026-08-26 18:33:03
4,RadioTEDU Pop,/radio,configured_stream,51079,Running Away,Thee Sacred Souls,,,,,,,195.087,H:\RadioTEDU Songs\Pop\Thee Sacred Souls\Running Away\01 Running Away.flac,1,1,193.489,2026-08-26 05:12:01,2026-08-26 05:12:01
4,RadioTEDU Pop,/radio,configured_stream,50765,Running Up That Hill (A Deal With God) (2018 Remaster),,,,,,,,300.84,H:\RadioTEDU Songs\Pop\095 - Running Up That Hill (A Deal With God) (2018 Remaster).mp3,1,1,300.828,2026-08-26 03:22:21,2026-08-26 03:22:21
4,RadioTEDU Pop,/radio,configured_stream,50767,Sasha (Sex Secret),2raumwohnung,,,,,,,212.253,H:\RadioTEDU Songs\Pop\2raumwohnung\Es wird Morgen\07 Sasha (Sex Secret).mp3,1,1,210.754,2026-08-26 07:26:18,2026-08-26 07:26:18
4,RadioTEDU Pop,/radio,configured_stream,50991,Say It Right,Nelly Furtado,,,,,,,223.08,H:\RadioTEDU Songs\Pop\Nelly Furtado\Loose\10 Say It Right.flac,1,1,225.274,2026-08-26 10:00:43,2026-08-26 10:00:43
4,RadioTEDU Pop,/radio,configured_stream,51103,See You Again,Wiz Khalifa feat. Charlie Puth,,,,,,,237.366,H:\RadioTEDU Songs\Pop\Wiz Khalifa feat. Charlie Puth\See You Again\01 See You Again.flac,1,1,237.432,2026-08-26 07:48:51,2026-08-26 07:48:51
4,RadioTEDU Pop,/radio,configured_stream,50759,SexyBack,,,,,,,,242.8,H:\RadioTEDU Songs\Pop\087 - SexyBack.mp3,1,1,242.875,2026-08-26 05:57:06,2026-08-26 05:57:06
4,RadioTEDU Pop,/radio,configured_stream,50870,She Knows,J. Cole feat. Amber Coffman & Cults,,,,,,,297.041,H:\RadioTEDU Songs\Pop\J. Cole\Born Sinner\08 J. Cole feat. Amber Coffman & Cults - She Knows.flac,1,1,297.008,2026-08-26 10:44:36,2026-08-26 10:44:36
4,RadioTEDU Pop,/radio,configured_stream,50871,She Knows,J. Cole feat. Amber Coffman & Cults,,,,,,,297.041,H:\RadioTEDU Songs\Pop\J. Cole\Born Sinner\08 J. Cole feat. Amber Coffman & Cults - She Knows.mp3,1,1,294.295,2026-08-26 07:37:15,2026-08-26 07:37:15
4,RadioTEDU Pop,/radio,configured_stream,50768,She Looks So Perfect,5 Seconds of Summer,,,,,,,202.496,H:\RadioTEDU Songs\Pop\5 Seconds of Summer\5 Seconds of Summer\01 She Looks So Perfect.flac,1,1,199.778,2026-08-26 19:16:52,2026-08-26 19:16:52
4,RadioTEDU Pop,/radio,configured_stream,50755,She's My Collar (feat. Kali Uchis),,,,,,,,209.56,H:\RadioTEDU Songs\Pop\083 - She's My Collar (feat. Kali Uchis).mp3,1,1,209.577,2026-08-26 20:33:55,2026-08-26 20:33:55
4,RadioTEDU Pop,/radio,configured_stream,47404,Show Me Love,WizTheMc bees & honey Tyla,,,,,,,61.951,H:\RadioTEDU Songs\Pop\WizTheMc_bees_honey - Show_Me_Love.flac,1,1,59.645,2026-08-26 07:44:54,2026-08-26 07:44:54
4,RadioTEDU Pop,/radio,configured_stream,50744,Smooth Criminal,Michael Jackson,,,,,,,257.76,H:\RadioTEDU Songs\Pop\043 - Smooth Criminal (2012 Remaster).mp3,1,1,254.925,2026-08-26 08:46:51,2026-08-26 08:46:51
4,RadioTEDU Pop,/radio,configured_stream,50869,Somebody Else,Isac Elliot,,,,,,,161.643,H:\RadioTEDU Songs\Pop\Isac Elliot\Somebody Else\01 Somebody Else.mp3,1,1,158.919,2026-08-26 13:03:28,2026-08-26 13:03:28
4,RadioTEDU Pop,/radio,configured_stream,50859,Somebody That I Used to Know,Gotye feat. Kimbra,,,,,,,243.891,H:\RadioTEDU Songs\Pop\Gotye\Making Mirrors\03 Gotye feat. Kimbra - Somebody That I Used to Know.flac,1,1,240.994,2026-08-26 16:06:09,2026-08-26 16:06:09
4,RadioTEDU Pop,/radio,configured_stream,50751,Somebody's Watching Me,,,,,,,,237.96,H:\RadioTEDU Songs\Pop\075 - Somebody's Watching Me.mp3,1,1,235.059,2026-08-26 12:53:18,2026-08-26 12:53:18
4,RadioTEDU Pop,/radio,configured_stream,50791,Someone to You,BANNERS,,,,,,,221.576,H:\RadioTEDU Songs\Pop\BANNERS\Where the Shadow Ends\03 BANNERS - Someone to You.flac,1,1,221.24,2026-08-26 13:25:45,2026-08-26 13:25:45
4,RadioTEDU Pop,/radio,configured_stream,50837,Spooky,Dusty Springfield,,,,,,,164.173,H:\RadioTEDU Songs\Pop\Dusty Springfield\Dusty… Definitely\16 Spooky.flac,1,1,161.442,2026-08-26 19:13:33,2026-08-26 19:13:33
4,RadioTEDU Pop,/radio,configured_stream,50786,Spot a Fake,Ava Max,,,,,,,167.288,H:\RadioTEDU Songs\Pop\Ava Max\Spot a Fake.mp3,1,1,165.14,2026-08-26 16:55:27,2026-08-26 16:55:27
4,RadioTEDU Pop,/radio,configured_stream,50888,"sry, i like u",Julia Alexa & Oui Lele,,,,,,,111.653,"H:\RadioTEDU Songs\Pop\Julia Alexa & Oui Lele\sry, i like u\01 sry, i like u.mp3",1,1,111.575,2026-08-26 06:01:23,2026-08-26 06:01:23
4,RadioTEDU Pop,/radio,configured_stream,51069,Stargazing,The Neighbourhood,,,,,,,217.027,H:\RadioTEDU Songs\Pop\The Neighbourhood\Chip Chrome & The Mono‐Tones\1-01 Stargazing.flac,1,1,214.962,2026-08-26 10:16:21,2026-08-26 10:16:21
4,RadioTEDU Pop,/radio,configured_stream,50883,Stars Aligned,John Coldrain ft. Virtua,,,,,,,171.041,H:\RadioTEDU Songs\Pop\John Coldrain\Future Thoughts\05 John Coldrain ft. Virtua - Stars Aligned.flac,1,1,170.801,2026-08-26 17:19:49,2026-08-26 17:19:49
4,RadioTEDU Pop,/radio,configured_stream,51040,Stay Asleep,Seth Power,,,,,,,224.171,H:\RadioTEDU Songs\Pop\Seth Power\Souvenir\12 Stay Asleep.mp3,1,1,224.055,2026-08-26 13:51:09,2026-08-26 13:51:09
4,RadioTEDU Pop,/radio,configured_stream,51045,Stitches,Shawn Mendes,,,,,,,206.88,H:\RadioTEDU Songs\Pop\Shawn Mendes\Handwritten\02 Shawn Mendes - Stitches.flac,1,1,203.978,2026-08-26 06:59:23,2026-08-26 06:59:23
4,RadioTEDU Pop,/radio,configured_stream,52310,Straighten Up and Fly Right,Robbie Williams,,,,,,,156.351,H:\RadioTEDU Songs\Pop\Robbie Williams\Swing When You're Winning\07 Robbie Williams - Straighten Up and Fly Right.mp3,1,1,159.93,2026-08-26 18:49:09,2026-08-26 18:49:09
4,RadioTEDU Pop,/radio,configured_stream,51093,Stressed Out,twenty one pilots,,,,,,,202.339,H:\RadioTEDU Songs\Pop\twenty one pilots\Blurryface\02 Stressed Out (1).flac,1,1,200.503,2026-08-26 18:09:34,2026-08-26 18:09:34
4,RadioTEDU Pop,/radio,configured_stream,51094,Stressed Out,twenty one pilots,,,,,,,202.333,H:\RadioTEDU Songs\Pop\twenty one pilots\Blurryface\02 Stressed Out.flac,1,1,202.417,2026-08-26 08:52:54,2026-08-26 08:52:54
4,RadioTEDU Pop,/radio,configured_stream,51096,Stressed Out,twenty one pilots,,,,,,,202.333,H:\RadioTEDU Songs\Pop\twenty one pilots\Stressed Out.mp3,1,1,202.348,2026-08-26 16:52:34,2026-08-26 16:52:34
4,RadioTEDU Pop,/radio,configured_stream,50905,Stronger (What Doesn’t Kill You),Kelly Clarkson,,,,,,,220.938,H:\RadioTEDU Songs\Pop\Kelly Clarkson\Stronger (What Doesn’t Kill You).mp3,1,1,222.889,2026-08-26 05:52:50,2026-08-26 05:52:50
4,RadioTEDU Pop,/radio,configured_stream,50996,stupid song,Olivia Rodrigo,,,,,,,209.68,H:\RadioTEDU Songs\Pop\Olivia Rodrigo\you seem pretty sad for a girl so in love\02 Olivia Rodrigo - stupid song.flac,1,1,209.67,2026-08-26 04:46:17,2026-08-26 04:46:17
4,RadioTEDU Pop,/radio,configured_stream,52320,Summertime,The Platters,,,,,,,151.272,H:\RadioTEDU Songs\Pop\The Platters\Encore of Broadway Golden Hits\01 Summertime.mp3,1,1,148.326,2026-08-26 14:34:21,2026-08-26 14:34:21
4,RadioTEDU Pop,/radio,configured_stream,51009,Sunflower (Spider‐Man: Into the Spider‐Verse),Post Malone & Swae Lee,,,,,,,157.56,H:\RadioTEDU Songs\Pop\Post Malone\Hollywood’s Bleeding\12 Post Malone & Swae Lee - Sunflower (Spider‐Man_ Into the Spider‐Verse).flac,1,1,155.1,2026-08-26 14:51:00,2026-08-26 14:51:00
4,RadioTEDU Pop,/radio,configured_stream,51070,Sweater Weather,The Neighbourhood,,,,,,,240.4,H:\RadioTEDU Songs\Pop\The Neighbourhood\I Love You_\04 Sweater Weather.flac,1,1,239.39,2026-08-26 03:54:05,2026-08-26 03:54:05
4,RadioTEDU Pop,/radio,configured_stream,50754,São Paulo,,,,,,,,301.623,H:\RadioTEDU Songs\Pop\082 - São Paulo.mp3,1,1,298.941,2026-08-26 19:04:12,2026-08-26 19:04:12
4,RadioTEDU Pop,/radio,configured_stream,51074,São Paulo,The Weeknd feat. Anitta,,,,,,,301.976,H:\RadioTEDU Songs\Pop\The Weeknd & Anitta\São Paulo\01 São Paulo.flac,1,1,299.346,2026-08-26 09:56:58,2026-08-26 09:56:58
4,RadioTEDU Pop,/radio,configured_stream,51075,São Paulo,The Weeknd feat. Anitta,,,,,,,301.976,H:\RadioTEDU Songs\Pop\The Weeknd & Anitta\São Paulo\01 São Paulo.mp3,1,1,301.555,2026-08-26 15:57:42,2026-08-26 15:57:42
4,RadioTEDU Pop,/radio,configured_stream,50741,Take On Me,a-ha,,,,,,,225.28,H:\RadioTEDU Songs\Pop\023 - Take on Me.mp3,1,1,226.13,2026-08-26 06:55:47,2026-08-26 06:55:47
4,RadioTEDU Pop,/radio,configured_stream,50787,Take On Me,a‐ha,,,,,,,225.28,H:\RadioTEDU Songs\Pop\a‐ha\Hunting High and Low\01 Take On Me.flac,1,1,222.413,2026-08-26 12:16:15,2026-08-26 12:16:15
4,RadioTEDU Pop,/radio,configured_stream,51047,Teach Me How to Love,Shawn Mendes,,,,,,,202.357,H:\RadioTEDU Songs\Pop\Shawn Mendes\Wonder\05 Shawn Mendes - Teach Me How to Love.flac,1,1,199.58,2026-08-26 17:49:27,2026-08-26 17:49:27
4,RadioTEDU Pop,/radio,configured_stream,51095,Tear in My Heart,twenty one pilots,,,,,,,188.493,H:\RadioTEDU Songs\Pop\twenty one pilots\Blurryface\05 Tear in My Heart.flac,1,1,189.207,2026-08-26 04:57:18,2026-08-26 04:57:18
4,RadioTEDU Pop,/radio,configured_stream,51029,Tears,Sabrina Carpenter,,,,,,,160.184,H:\RadioTEDU Songs\Pop\Sabrina Carpenter\Man's Best Friend\02 Tears.mp3,1,1,160.144,2026-08-26 15:49:59,2026-08-26 15:49:59
4,RadioTEDU Pop,/radio,configured_stream,50769,Teeth,5 Seconds of Summer,,,,,,,205.503,H:\RadioTEDU Songs\Pop\5 Seconds of Summer\CALM\05 Teeth.mp3,1,1,204.577,2026-08-26 13:36:41,2026-08-26 13:36:41
4,RadioTEDU Pop,/radio,configured_stream,50764,Telephone,,,,,,,,220.627,H:\RadioTEDU Songs\Pop\093 - Telephone.mp3,1,1,217.729,2026-08-26 18:24:21,2026-08-26 18:24:21
4,RadioTEDU Pop,/radio,configured_stream,50966,Tell Me If You Love Me,Levi Ransom,,,,,,,180.001,H:\RadioTEDU Songs\Pop\Levi Ransom\True Intentions\06 Tell Me If You Love Me.mp3,1,1,180.173,2026-08-26 13:39:42,2026-08-26 13:39:42
4,RadioTEDU Pop,/radio,configured_stream,51037,Temperature,Sean Paul,,,,,,,216.32,H:\RadioTEDU Songs\Pop\Sean Paul\The Trinity\11 Sean Paul - Temperature.flac,1,1,216.32,2026-08-26 15:07:43,2026-08-26 15:07:43
4,RadioTEDU Pop,/radio,configured_stream,50811,That's What I Like,Bruno Mars,,,,,,,206.693,H:\RadioTEDU Songs\Pop\Bruno Mars\24K Magic\04 That's What I Like.flac,1,1,206.657,2026-08-26 20:00:54,2026-08-26 20:00:54
4,RadioTEDU Pop,/radio,configured_stream,50860,That’s So True,Gracie Abrams,,,,,,,166.777,H:\RadioTEDU Songs\Pop\Gracie Abrams\The Secret of Us (deluxe)\15 Gracie Abrams - That’s So True.mp3,1,1,167.234,2026-08-26 18:59:03,2026-08-26 18:59:03
4,RadioTEDU Pop,/radio,configured_stream,51067,The Bar Is Set So Low,The Format,,,,,,,165.94,H:\RadioTEDU Songs\Pop\The Format\The Bar Is Set So Low\01 The Bar Is Set So Low.flac,1,1,165.952,2026-08-26 19:39:50,2026-08-26 19:39:50
4,RadioTEDU Pop,/radio,configured_stream,51084,The Best,Tina Turner,,,,,,,328.917,H:\RadioTEDU Songs\Pop\Tina Turner\Foreign Affair\1-02 The Best.flac,1,1,327.242,2026-08-26 04:12:31,2026-08-26 04:12:31
4,RadioTEDU Pop,/radio,configured_stream,50872,The Boss,James Brown,,,,,,,194.038,H:\RadioTEDU Songs\Pop\James Brown\Black Caesar\05 James Brown - The Boss.flac,1,1,191.146,2026-08-26 09:30:25,2026-08-26 09:30:25
4,RadioTEDU Pop,/radio,configured_stream,50737,The Dead Dance,Lady Gaga,,,,,,,228.577,H:\RadioTEDU Songs\Pop\011 - Lady Gaga - The Dead Dance (Lyrics).mp3,1,1,225.744,2026-08-26 13:43:36,2026-08-26 13:43:36
4,RadioTEDU Pop,/radio,configured_stream,51058,The Fate of Ophelia (Loud Luxury remix),Taylor Swift,,,,,,,156.294,H:\RadioTEDU Songs\Pop\Taylor Swift\The Fate of Ophelia (Loud Luxury remix)\01 The Fate of Ophelia (Loud Luxury remix).flac,1,1,153.976,2026-08-26 06:48:16,2026-08-26 06:48:16
4,RadioTEDU Pop,/radio,configured_stream,51059,The Fate of Ophelia (Loud Luxury remix),Taylor Swift,,,,,,,156.302,H:\RadioTEDU Songs\Pop\Taylor Swift\The Fate of Ophelia (Loud Luxury remix)\01 The Fate of Ophelia (Loud Luxury remix).mp3,1,1,157.587,2026-08-26 17:12:59,2026-08-26 17:12:59
4,RadioTEDU Pop,/radio,configured_stream,51004,The Governor’s Waltz,Phoebe Bridgers,,,,,,,207.205,H:\RadioTEDU Songs\Pop\Phoebe Bridgers\Lost Weekend\04 The Governor’s Waltz.flac,1,1,207.078,2026-08-26 17:03:23,2026-08-26 17:03:23
4,RadioTEDU Pop,/radio,configured_stream,51049,The Greatest,Sia feat. Kendrick Lamar,,,,,,,210.233,H:\RadioTEDU Songs\Pop\Sia\This Is Acting\14 Sia feat. Kendrick Lamar - The Greatest.flac,1,1,211.205,2026-08-26 20:12:45,2026-08-26 20:12:45
4,RadioTEDU Pop,/radio,configured_stream,51050,The Greatest,Sia feat. Kendrick Lamar,,,,,,,210.227,H:\RadioTEDU Songs\Pop\Sia\This Is Acting\14 Sia feat. Kendrick Lamar - The Greatest.mp3,1,1,210.126,2026-08-26 12:19:45,2026-08-26 12:19:45
4,RadioTEDU Pop,/radio,configured_stream,52312,The Lady Is a Tramp,Robbie Williams,,,,,,,216.459,H:\RadioTEDU Songs\Pop\Robbie Williams\Swing When You're Winning\10 Robbie Williams - The Lady Is a Tramp.mp3,1,1,215.512,2026-08-26 14:23:49,2026-08-26 14:23:49
4,RadioTEDU Pop,/radio,configured_stream,50903,The One That Got Away,Katy Perry,,,,,,,227.333,H:\RadioTEDU Songs\Pop\Katy Perry\Teenage Dream\07 Katy Perry - The One That Got Away.flac,1,1,226.256,2026-08-26 18:13:23,2026-08-26 18:13:23
4,RadioTEDU Pop,/radio,configured_stream,51001,The Outside,Phoebe Bridgers,,,,,,,237.708,H:\RadioTEDU Songs\Pop\Phoebe Bridgers\Lost Weekend\01 The Outside.flac,1,1,234.952,2026-08-26 09:27:11,2026-08-26 09:27:11
4,RadioTEDU Pop,/radio,configured_stream,50739,The Purple People Eater,Sheb Wooley,,,,,,,133.759,H:\RadioTEDU Songs\Pop\021 - Sheb Wooley ＂The Purple People Eater＂ (Official Video).mp3,1,1,131.21,2026-08-26 09:07:39,2026-08-26 09:07:39
4,RadioTEDU Pop,/radio,configured_stream,50982,The Way I Love You,Michal Leah,,,,,,,163.178,H:\RadioTEDU Songs\Pop\Michal Leah\The Way I Love You\01 The Way I Love You.mp3,1,1,160.457,2026-08-26 08:49:32,2026-08-26 08:49:32
4,RadioTEDU Pop,/radio,configured_stream,51046,There’s Nothing Holdin’ Me Back,Shawn Mendes,,,,,,,199.44,H:\RadioTEDU Songs\Pop\Shawn Mendes\There’s Nothing Holdin’ Me Back.mp3,1,1,199.588,2026-08-26 09:02:46,2026-08-26 09:02:46
4,RadioTEDU Pop,/radio,configured_stream,51085,Thief,Tommy Lefroy,,,,,,,166.366,H:\RadioTEDU Songs\Pop\Tommy Lefroy\Thief\01 Thief.flac,1,1,166.169,2026-08-26 05:41:09,2026-08-26 05:41:09
4,RadioTEDU Pop,/radio,configured_stream,50729,Thriller,Michael Jackson,,,,,,,357.8,H:\RadioTEDU Songs\Pop\002 - Thriller.mp3,1,1,357.695,2026-08-26 06:07:28,2026-08-26 06:07:28
4,RadioTEDU Pop,/radio,configured_stream,50866,Thunder,Imagine Dragons,,,,,,,187.147,H:\RadioTEDU Songs\Pop\Imagine Dragons\Thunder.mp3,1,1,187.183,2026-08-26 11:37:52,2026-08-26 11:37:52
4,RadioTEDU Pop,/radio,configured_stream,50904,TiK ToK,Ke$ha,,,,,,,199.693,H:\RadioTEDU Songs\Pop\Ke$ha\Animal\02 Ke$ha - TiK ToK.flac,1,1,197.37,2026-08-26 11:34:39,2026-08-26 11:34:39
4,RadioTEDU Pop,/radio,configured_stream,51007,Timber,Pitbull feat. Ke$ha,,,,,,,204.16,H:\RadioTEDU Songs\Pop\Pitbull\Global Warming_ Meltdown (Deluxe Version)\13 Pitbull feat. Ke$ha - Timber.flac,1,1,201.333,2026-08-26 20:30:26,2026-08-26 20:30:26
4,RadioTEDU Pop,/radio,configured_stream,51076,Timeless,The Weeknd & Playboi Carti,,,,,,,256.0,H:\RadioTEDU Songs\Pop\The Weeknd & Playboi Carti\Timeless.mp3,1,1,256.858,2026-08-26 16:01:59,2026-08-26 16:01:59
4,RadioTEDU Pop,/radio,configured_stream,50954,Today I Started Loving You Again,Kenny Rogers,,,,,,,184.366,H:\RadioTEDU Songs\Pop\Kenny Rogers\The Best Of\3-13 Today I Started Loving You Again.flac,1,1,181.445,2026-08-26 14:54:01,2026-08-26 14:54:01
4,RadioTEDU Pop,/radio,configured_stream,50760,Too Many Nights,,,,,,,,199.92,H:\RadioTEDU Songs\Pop\088 - Too Many Nights.mp3,1,1,199.982,2026-08-26 10:55:38,2026-08-26 10:55:38
4,RadioTEDU Pop,/radio,configured_stream,50897,Touch,KATSEYE,,,,,,,129.892,H:\RadioTEDU Songs\Pop\KATSEYE\Touch\01 Touch.flac,1,1,128.499,2026-08-26 08:38:46,2026-08-26 08:38:46
4,RadioTEDU Pop,/radio,configured_stream,50805,Toxic,Britney Spears,,,,,,,198.809,H:\RadioTEDU Songs\Pop\Britney Spears\In the Zone\06 Britney Spears - Toxic (1).flac,1,1,196.342,2026-08-26 05:34:14,2026-08-26 05:34:14
4,RadioTEDU Pop,/radio,configured_stream,50806,Toxic,Britney Spears,,,,,,,198.8,H:\RadioTEDU Songs\Pop\Britney Spears\In the Zone\06 Britney Spears - Toxic.flac,1,1,196.068,2026-08-26 16:49:12,2026-08-26 16:49:12
4,RadioTEDU Pop,/radio,configured_stream,50808,Toxic,Britney Spears,,,,,,,198.8,H:\RadioTEDU Songs\Pop\Britney Spears\Toxic.mp3,1,1,195.904,2026-08-26 03:14:20,2026-08-26 03:14:20
4,RadioTEDU Pop,/radio,configured_stream,50836,Training Season,Dua Lipa,,,,,,,209.488,H:\RadioTEDU Songs\Pop\Dua Lipa\Training Season.mp3,1,1,207.37,2026-08-26 18:44:21,2026-08-26 18:44:21
4,RadioTEDU Pop,/radio,configured_stream,50817,TRUTH OR DARE,CHRI$00,,,,,,,154.499,H:\RadioTEDU Songs\Pop\CHRI$00\TRUTH OR DARE\01 TRUTH OR DARE.flac,1,1,151.669,2026-08-26 04:19:14,2026-08-26 04:19:14
4,RadioTEDU Pop,/radio,configured_stream,51020,Umbrella,Rihanna feat. Jay‐Z,,,,,,,275.992,H:\RadioTEDU Songs\Pop\Rihanna\Good Girl Gone Bad_ Reloaded\01 Rihanna feat. Jay‐Z - Umbrella.flac,1,1,273.426,2026-08-26 11:51:09,2026-08-26 11:51:09
4,RadioTEDU Pop,/radio,configured_stream,50975,Uptown Funk,Mark Ronson feat. Bruno Mars,,,,,,,270.396,H:\RadioTEDU Songs\Pop\Mark Ronson\Uptown Special\04 Mark Ronson feat. Bruno Mars - Uptown Funk.flac,1,1,267.574,2026-08-26 13:59:06,2026-08-26 13:59:06
4,RadioTEDU Pop,/radio,configured_stream,50732,Uptown Funk!,Mark Ronson feat. Bruno Mars,,,,,,,269.667,H:\RadioTEDU Songs\Pop\006 - Uptown Funk.mp3,1,1,270.719,2026-08-26 13:00:34,2026-08-26 13:00:34
4,RadioTEDU Pop,/radio,configured_stream,50894,Use This Gospel,Kanye West feat. Clipse & Kenny G,,,,,,,216.747,H:\RadioTEDU Songs\Pop\Kanye West\Jesus Is King\10 Kanye West feat. Clipse & Kenny G - Use This Gospel.flac,1,1,216.6,2026-08-26 20:23:42,2026-08-26 20:23:42
4,RadioTEDU Pop,/radio,configured_stream,50963,Valentine,Laufey,,,,,,,168.907,H:\RadioTEDU Songs\Pop\Laufey\Everything I Know About Love\03 Valentine.flac,1,1,166.082,2026-08-26 12:56:04,2026-08-26 12:56:04
4,RadioTEDU Pop,/radio,configured_stream,50799,Vienna,Billy Joel,,,,,,,214.24,H:\RadioTEDU Songs\Pop\Billy Joel\The Stranger\05 Vienna.flac,1,1,214.228,2026-08-26 12:49:15,2026-08-26 12:49:15
4,RadioTEDU Pop,/radio,configured_stream,50851,Walking On Clouds,Emperose & Esthie,,,,,,,187.327,H:\RadioTEDU Songs\Pop\Emperose & Esthie\Walking On Clouds\01 Walking On Clouds.mp3,1,1,184.514,2026-08-26 17:06:34,2026-08-26 17:06:34
4,RadioTEDU Pop,/radio,configured_stream,51052,Wasting My Time,Stefanie Heinzmann,,,,,,,202.768,H:\RadioTEDU Songs\Pop\Stefanie Heinzmann\Roots to Grow\14 Stefanie Heinzmann - Wasting My Time.mp3,1,1,200.474,2026-08-26 19:24:06,2026-08-26 19:24:06
4,RadioTEDU Pop,/radio,configured_stream,52321,Water,Tyla x Marshmello,,,,,,,191.734,H:\RadioTEDU Songs\Pop\Tyla x Marshmello\Water\01 Water.flac,1,1,190.252,2026-08-26 16:24:52,2026-08-26 16:24:52
4,RadioTEDU Pop,/radio,configured_stream,50974,We Belong Together,Mariah Carey,,,,,,,201.4,H:\RadioTEDU Songs\Pop\Mariah Carey\The Emancipation of Mimi\02 Mariah Carey - We Belong Together.flac,1,1,203.316,2026-08-26 11:15:28,2026-08-26 11:15:28
4,RadioTEDU Pop,/radio,configured_stream,50842,weren’t for the wind,Ella Langley,,,,,,,193.667,H:\RadioTEDU Songs\Pop\Ella Langley\still hungover\16 Ella Langley - weren’t for the wind.flac,1,1,190.786,2026-08-26 15:04:07,2026-08-26 15:04:07
4,RadioTEDU Pop,/radio,configured_stream,50825,What It Is (solo version),Doechii,,,,,,,189.823,H:\RadioTEDU Songs\Pop\Doechii\Booty Drop\02 What It Is (solo version).flac,1,1,189.094,2026-08-26 11:02:17,2026-08-26 11:02:17
4,RadioTEDU Pop,/radio,configured_stream,50826,What It Is (solo version),Doechii,,,,,,,189.825,H:\RadioTEDU Songs\Pop\Doechii\What It Is (solo version).mp3,1,1,189.681,2026-08-26 14:57:10,2026-08-26 14:57:10
4,RadioTEDU Pop,/radio,configured_stream,51011,When Doves Cry,Prince and The Revolution,,,,,,,354.929,H:\RadioTEDU Songs\Pop\Prince and The Revolution\Purple Rain\06 When Doves Cry.flac,1,1,352.029,2026-08-26 14:08:46,2026-08-26 14:08:46
4,RadioTEDU Pop,/radio,configured_stream,51044,"Whenever, Wherever",Shakira,,,,,,,196.16,"H:\RadioTEDU Songs\Pop\Shakira\Whenever, Wherever.mp3",1,1,194.108,2026-08-26 20:39:45,2026-08-26 20:39:45
4,RadioTEDU Pop,/radio,configured_stream,50750,WHERE IS MY HUSBAND!,,,,,,,,196.796,H:\RadioTEDU Songs\Pop\064 - WHERE IS MY HUSBAND!.mp3,1,1,196.657,2026-08-26 06:14:08,2026-08-26 06:14:08
4,RadioTEDU Pop,/radio,configured_stream,51081,Will I See You Again?,Thee Sacred Souls,,,,,,,240.653,H:\RadioTEDU Songs\Pop\Thee Sacred Souls\Will I See You Again_\01 Will I See You Again_.flac,1,1,237.974,2026-08-26 19:37:04,2026-08-26 19:37:04
4,RadioTEDU Pop,/radio,configured_stream,50803,Womanizer,Britney Spears,,,,,,,224.4,H:\RadioTEDU Songs\Pop\Britney Spears\Circus\1-01 Womanizer.flac,1,1,221.529,2026-08-26 10:52:19,2026-08-26 10:52:19
4,RadioTEDU Pop,/radio,configured_stream,50867,You and Me Against the World,India Ramey,,,,,,,217.28,H:\RadioTEDU Songs\Pop\India Ramey\Shallow Graves\06 You and Me Against the World.mp3,1,1,214.38,2026-08-26 05:49:08,2026-08-26 05:49:08
4,RadioTEDU Pop,/radio,configured_stream,51036,You Send Me,Sam Cooke,,,,,,,163.736,H:\RadioTEDU Songs\Pop\Sam Cooke\The Best of Sam Cooke\12 You Send Me.flac,1,1,162.385,2026-08-26 15:31:52,2026-08-26 15:31:52
4,RadioTEDU Pop,/radio,configured_stream,52303,You're the Inspiration,David Foster,,,,,,,235.0,H:\RadioTEDU Songs\Pop\David Foster\Rechordings\02 You're the Inspiration.flac,1,1,235.13,2026-08-26 18:28:16,2026-08-26 18:28:16
4,RadioTEDU Pop,/radio,configured_stream,51102,Yours Not Mine,Willowake,,,,,,,181.157,H:\RadioTEDU Songs\Pop\Willowake\This Wasn't What I Meant\03 Yours Not Mine.flac,1,1,178.261,2026-08-26 06:38:09,2026-08-26 06:38:09
4,RadioTEDU Pop,/radio,configured_stream,50802,You’re Everything I Need,Brenton Wood,,,,,,,198.008,H:\RadioTEDU Songs\Pop\Brenton Wood\Come Softly\06 You’re Everything I Need.mp3,1,1,198.18,2026-08-26 09:43:11,2026-08-26 09:43:11
4,RadioTEDU Pop,/radio,configured_stream,50809,…Baby One More Time,Britney Spears,,,,,,,211.067,H:\RadioTEDU Songs\Pop\Britney Spears\…Baby One More Time\01 Britney Spears - …Baby One More Time.flac,1,1,208.486,2026-08-26 06:17:43,2026-08-26 06:17:43
5,RadioTEDU Jazz,/cazz,configured_stream,45014,RadioTEDU Jazz Jingle,RadioTEDU-Imaging,,,,,,,10.08,H:\RadioTEDU Songs\Ads\Jingles\Jazz\radio_tedu_jazz_jingle.mp3,15,15,182.169,2026-08-26 00:14:55,2026-08-26 23:23:26
5,RadioTEDU Jazz,/cazz,configured_stream,45015,RadioTEDU Jazz Jingle,RadioTEDU-Imaging,,,,,,,10.08,H:\RadioTEDU Songs\Ads\Jingles\Jazz\radio_tedu_jazz_jingle_01.mp3,15,15,162.752,2026-08-26 00:24:55,2026-08-26 23:37:56
5,RadioTEDU Jazz,/cazz,configured_stream,45018,RadioTEDU Jazz Jingle,RadioTEDU-Imaging,,,,,,,10.08,H:\RadioTEDU Songs\Ads\Jingles\Jazz\radio_tedu_jazz_jingle_04.mp3,15,15,177.479,2026-08-26 00:01:34,2026-08-26 23:12:21
5,RadioTEDU Jazz,/cazz,configured_stream,45019,RadioTEDU Jazz Jingle,RadioTEDU-Imaging,,,,,,,10.08,H:\RadioTEDU Songs\Ads\Jingles\Jazz\radio_tedu_jazz_jingle_05.mp3,15,15,160.753,2026-08-26 00:34:00,2026-08-26 23:49:44
5,RadioTEDU Jazz,/cazz,configured_stream,45016,RadioTEDU Jazz Jingle,RadioTEDU-Imaging,,,,,,,10.08,H:\RadioTEDU Songs\Ads\Jingles\Jazz\radio_tedu_jazz_jingle_02.mp3,14,14,159.957,2026-08-26 01:03:27,2026-08-26 22:39:03
5,RadioTEDU Jazz,/cazz,configured_stream,45017,RadioTEDU Jazz Jingle,RadioTEDU-Imaging,,,,,,,10.08,H:\RadioTEDU Songs\Ads\Jingles\Jazz\radio_tedu_jazz_jingle_03.mp3,14,14,185.122,2026-08-26 01:15:22,2026-08-26 22:59:04
5,RadioTEDU Jazz,/cazz,configured_stream,45020,RadioTEDU Jazz Jingle,RadioTEDU-Imaging,,,,,,,10.08,H:\RadioTEDU Songs\Ads\Jingles\Jazz\radio_tedu_jazz_jingle_06.mp3,14,14,160.867,2026-08-26 00:47:47,2026-08-26 22:20:46
5,RadioTEDU Jazz,/cazz,configured_stream,51501,And I Love Her,"Harry Connick, Jr.",,,,,,,192.077,"H:\RadioTEDU Songs\Jazz\Harry Connick, Jr_\Your Songs\04 And I Love Her.mp3",2,2,383.723,2026-08-26 01:10:17,2026-08-26 02:35:24
5,RadioTEDU Jazz,/cazz,configured_stream,51415,Basin Street Blues,Ella Fitzgerald,,,,,,,187.824,H:\RadioTEDU Songs\Jazz\Ella Fitzgerald\Lullabies of Birdland\09 Basin Street Blues.mp3,2,2,371.711,2026-08-26 00:51:00,2026-08-26 02:16:13
5,RadioTEDU Jazz,/cazz,configured_stream,51329,Butterfly,Courtney Pine featuring Omar,,,,,,,236.813,H:\RadioTEDU Songs\Jazz\Courtney Pine\Black Notes From the Deep\09 Courtney Pine featuring Omar - Butterfly.mp3,2,2,471.681,2026-08-26 00:31:01,2026-08-26 01:56:13
5,RadioTEDU Jazz,/cazz,configured_stream,51510,Cantaloupe Island,Herbie Hancock,,,,,,,333.947,H:\RadioTEDU Songs\Jazz\Herbie Hancock\Empyrean Isles\03 Cantaloupe Island.flac,2,2,668.307,2026-08-26 00:01:23,2026-08-26 22:58:54
5,RadioTEDU Jazz,/cazz,configured_stream,51244,Dancing in the Dark,Bill Evans,,,,,,,276.64,H:\RadioTEDU Songs\Jazz\Bill Evans\Trio 64\07 Dancing in the Dark.mp3,2,2,548.709,2026-08-26 20:29:01,2026-08-26 23:45:51
5,RadioTEDU Jazz,/cazz,configured_stream,52361,Dream a Little Dream of Me,Doris Day with Paul Weston & His Music from Hollywood,,,,,,,223.637,H:\RadioTEDU Songs\Jazz\Doris Day with Paul Weston & His Music from Hollywood\Day by Night\04 Dream a Little Dream of Me.flac,2,2,452.719,2026-08-26 20:32:52,2026-08-26 23:49:34
5,RadioTEDU Jazz,/cazz,configured_stream,51703,Ev’ry Time We Say Goodbye,Ray Charles & Betty Carter,,,,,,,283.907,H:\RadioTEDU Songs\Jazz\Ray Charles & Betty Carter\Ray Charles and Betty Carter\01 Ev’ry Time We Say Goodbye.flac,2,2,562.179,2026-08-26 00:06:17,2026-08-26 23:03:45
5,RadioTEDU Jazz,/cazz,configured_stream,52385,Fall Again,Kenny G feat. Robin Thicke,,,,,,,249.684,H:\RadioTEDU Songs\Jazz\Kenny G\Heart and Soul\03 Kenny G feat. Robin Thicke - Fall Again.flac,2,2,499.099,2026-08-26 00:14:46,2026-08-26 23:12:11
5,RadioTEDU Jazz,/cazz,configured_stream,51178,Five,Bill Evans Trio,,,,,,,330.585,H:\RadioTEDU Songs\Jazz\Bill Evans Trio\The Complete Balboa Jazz Club Performances\1-09 Five.mp3,2,2,658.969,2026-08-26 20:01:02,2026-08-26 23:17:51
5,RadioTEDU Jazz,/cazz,configured_stream,51124,Gershwin Medley: The Man I Love / Summertime / I’ve Got Plenty of Nothin’ / It Ain’t Necessarily So,Art Tatum,,,,,,,269.561,H:\RadioTEDU Songs\Jazz\Art Tatum\The V-Discs\05 Gershwin Medley_ The Man I Love _ Summertime _ I’ve Got Plenty of Nothin’ _ It Ain’t Necessarily So.mp3,2,2,535.083,2026-08-26 20:37:32,2026-08-26 23:54:10
5,RadioTEDU Jazz,/cazz,configured_stream,51252,God Bless the Child,Billie Holiday,,,,,,,177.325,H:\RadioTEDU Songs\Jazz\Billie Holiday\Greatest Hits\10 God Bless the Child.mp3,2,2,349.012,2026-08-26 20:03:56,2026-08-26 23:20:46
5,RadioTEDU Jazz,/cazz,configured_stream,52380,How Could an Angel Break My Heart,Kenny G with Toni Braxton,,,,,,,260.04,H:\RadioTEDU Songs\Jazz\Kenny G\Greatest Hits\1-07 Kenny G with Toni Braxton - How Could an Angel Break My Heart.flac,2,2,516.806,2026-08-26 00:10:36,2026-08-26 23:08:02
5,RadioTEDU Jazz,/cazz,configured_stream,51379,In a Sentimental Mood,Duke Ellington & John Coltrane,,,,,,,257.437,H:\RadioTEDU Songs\Jazz\Duke Ellington & John Coltrane\Duke Ellington & John Coltrane\01 In a Sentimental Mood.flac,2,2,514.767,2026-08-26 00:24:45,2026-08-26 01:49:49
5,RadioTEDU Jazz,/cazz,configured_stream,51566,La Vie en Rose,Louis Armstrong,,,,,,,205.73,H:\RadioTEDU Songs\Jazz\Louis Armstrong\Highlights From His Decca Years\2-08 La Vie en Rose.flac,2,2,406.425,2026-08-26 00:18:18,2026-08-26 01:43:23
5,RadioTEDU Jazz,/cazz,configured_stream,51181,Laurie,Bill Evans Trio,,,,,,,408.443,H:\RadioTEDU Songs\Jazz\Bill Evans Trio\The Complete Balboa Jazz Club Performances\2-03 Laurie.mp3,2,2,814.567,2026-08-26 00:42:59,2026-08-26 02:08:11
5,RadioTEDU Jazz,/cazz,configured_stream,51481,Little Train,George Benson,,,,,,,345.796,H:\RadioTEDU Songs\Jazz\George Benson\White Rabbit\03 Little Train.mp3,2,2,685.902,2026-08-26 01:21:04,2026-08-26 02:46:13
5,RadioTEDU Jazz,/cazz,configured_stream,51133,Londonderry Air,Ben Webster,,,,,,,272.356,H:\RadioTEDU Songs\Jazz\Ben Webster\Stormy Weather\04 Londonderry Air.mp3,2,2,548.817,2026-08-26 00:47:34,2026-08-26 02:12:44
5,RadioTEDU Jazz,/cazz,configured_stream,51271,Love Is Blindness,Cassandra Wilson,,,,,,,293.133,H:\RadioTEDU Songs\Jazz\Cassandra Wilson\New Moon Daughter\02 Love Is Blindness.mp3,2,2,587.121,2026-08-26 01:15:11,2026-08-26 02:40:20
5,RadioTEDU Jazz,/cazz,configured_stream,51789,Luz negra,Stefano Bollani,,,,,,,303.773,H:\RadioTEDU Songs\Jazz\Stefano Bollani\BollaniCarioca\01 Luz negra.mp3,2,2,604.258,2026-08-26 01:32:37,2026-08-26 02:57:38
5,RadioTEDU Jazz,/cazz,configured_stream,51426,Mai Tai,"Erwin Do, Miguel Carne",,,,,,,151.274,"H:\RadioTEDU Songs\Jazz\Erwin Do, Miguel Carne\Cocktail Bar Jazz\06 Mai Tai.flac",2,2,309.34,2026-08-26 01:27:22,2026-08-26 02:52:25
5,RadioTEDU Jazz,/cazz,configured_stream,51422,Margarita,"Erwin Do, Miguel Carne",,,,,,,132.18,"H:\RadioTEDU Songs\Jazz\Erwin Do, Miguel Carne\Cocktail Bar Jazz\02 Margarita.flac",2,2,258.849,2026-08-26 00:20:28,2026-08-26 01:45:32
5,RadioTEDU Jazz,/cazz,configured_stream,52363,Moonlight Serenade,Glenn Miller,,,,,,,200.5,H:\RadioTEDU Songs\Jazz\Glenn Miller and His Orchestra\The Complete Glenn Miller and His Orchestra (1938-1942)\01-10 Moonlight Serenade.flac,2,2,400.803,2026-08-26 20:20:55,2026-08-26 23:37:44
5,RadioTEDU Jazz,/cazz,configured_stream,51309,My Funny Valentine,Chet Baker,,,,,,,136.168,H:\RadioTEDU Songs\Jazz\Chet Baker\Chet Baker Sings\10 My Funny Valentine.flac,2,2,266.814,2026-08-26 00:36:13,2026-08-26 02:01:22
5,RadioTEDU Jazz,/cazz,configured_stream,51223,My Romance (take 2),Bill Evans,,,,,,,433.973,H:\RadioTEDU Songs\Jazz\Bill Evans\The Complete Riverside Recordings\06-06 My Romance (take 2).mp3,2,2,862.814,2026-08-26 00:58:11,2026-08-26 02:23:24
5,RadioTEDU Jazz,/cazz,configured_stream,51158,Re: Person I Knew,Bill Evans Trio,,,,,,,304.333,H:\RadioTEDU Songs\Jazz\Bill Evans Trio\In Buenos Aires - Vol. 1\01 Re_ Person I Knew.mp3,2,2,610.041,2026-08-26 01:03:17,2026-08-26 02:28:28
5,RadioTEDU Jazz,/cazz,configured_stream,51791,Shadows in the Rain,Sting & Gil Evans,,,,,,,354.982,H:\RadioTEDU Songs\Jazz\Sting & Gil Evans\Last Session\03 Shadows in the Rain.mp3,2,2,705.105,2026-08-26 20:17:34,2026-08-26 23:34:24
5,RadioTEDU Jazz,/cazz,configured_stream,51585,Somethin’ Grand,Madeleine Peyroux,,,,,,,224.213,H:\RadioTEDU Songs\Jazz\Madeleine Peyroux\Bare Bones\11 Somethin’ Grand.mp3,2,2,442.806,2026-08-26 01:24:45,2026-08-26 02:49:54
5,RadioTEDU Jazz,/cazz,configured_stream,51628,The Rain,Melody Gardot,,,,,,,203.893,H:\RadioTEDU Songs\Jazz\Melody Gardot\My One and Only Thrill\08 Melody Gardot - The Rain.mp3,2,2,402.317,2026-08-26 20:24:27,2026-08-26 23:41:18
5,RadioTEDU Jazz,/cazz,configured_stream,51191,Why Did I Choose You?,Bill Evans,,,,,,,308.76,H:\RadioTEDU Songs\Jazz\Bill Evans\From Left to Right\03 Why Did I Choose You_.mp3,2,2,612.049,2026-08-26 20:11:41,2026-08-26 23:28:32
5,RadioTEDU Jazz,/cazz,configured_stream,52339,Words,Bebel Gilberto,,,,,,,150.103,H:\RadioTEDU Songs\Jazz\Bebel Gilberto\Momento\11 Bebel Gilberto - Words.mp3,2,2,300.615,2026-08-26 20:06:26,2026-08-26 23:23:16
5,RadioTEDU Jazz,/cazz,configured_stream,51622,Your Heart Is as Black as Night,Melody Gardot,,,,,,,161.715,H:\RadioTEDU Songs\Jazz\Melody Gardot\My One and Only Thrill\04 Melody Gardot - Your Heart Is as Black as Night (1).mp3,2,2,321.961,2026-08-26 01:35:17,2026-08-26 23:56:52
5,RadioTEDU Jazz,/cazz,configured_stream,51623,Your Heart Is as Black as Night,Melody Gardot,,,,,,,163.72,H:\RadioTEDU Songs\Jazz\Melody Gardot\My One and Only Thrill\04 Melody Gardot - Your Heart Is as Black as Night.mp3,2,2,328.712,2026-08-26 00:33:47,2026-08-26 01:58:57
5,RadioTEDU Jazz,/cazz,configured_stream,51506,Your Song,"Harry Connick, Jr.",,,,,,,216.691,"H:\RadioTEDU Songs\Jazz\Harry Connick, Jr_\Your Songs\09 Your Song.mp3",2,2,431.829,2026-08-26 01:07:05,2026-08-26 02:32:13
5,RadioTEDU Jazz,/cazz,configured_stream,52419,You’re All the World to Me,Tony Bennett,,,,,,,134.56,H:\RadioTEDU Songs\Jazz\Tony Bennett\MTV Unplugged\1-08 Tony Bennett - You’re All the World to Me.mp3,2,2,265.828,2026-08-26 00:27:08,2026-08-26 01:52:15
5,RadioTEDU Jazz,/cazz,configured_stream,51198,11 Why Did I Choose You,Bill Evans,,,,,,,260.493,H:\RadioTEDU Songs\Jazz\Bill Evans\From Left to Right\11 Why Did I Choose You_ [Quartet].mp3,1,1,258.032,2026-08-26 21:04:33,2026-08-26 21:04:33
5,RadioTEDU Jazz,/cazz,configured_stream,51282,13 32-20,Cassandra Wilson,,,,,,,323.347,H:\RadioTEDU Songs\Jazz\Cassandra Wilson\New Moon Daughter\13 32-20.mp3,1,1,320.535,2026-08-26 21:38:13,2026-08-26 21:38:13
5,RadioTEDU Jazz,/cazz,configured_stream,51818,24,Walter Smith III,,,,,,,160.307,H:\RadioTEDU Songs\Jazz\Walter Smith III\three of us are from Houston and Reuben is not\03 24.flac,1,1,157.525,2026-08-26 04:43:29,2026-08-26 04:43:29
5,RadioTEDU Jazz,/cazz,configured_stream,51166,34 Skidoo,Bill Evans Trio,,,,,,,380.067,H:\RadioTEDU Songs\Jazz\Bill Evans Trio\In Buenos Aires - Vol. 1\09 34 Skidoo.mp3,1,1,380.031,2026-08-26 03:25:24,2026-08-26 03:25:24
5,RadioTEDU Jazz,/cazz,configured_stream,51786,A Nightingale Sang in Berkeley Square,Stan Getz / Bob Brookmeyer,,,,,,,419.627,H:\RadioTEDU Songs\Jazz\Stan Getz _ Bob Brookmeyer\Recorded Fall 1961\05 A Nightingale Sang in Berkeley Square.flac,1,1,419.683,2026-08-26 16:47:59,2026-08-26 16:47:59
5,RadioTEDU Jazz,/cazz,configured_stream,51150,A Sleepin’ Bee,Bill Evans Trio,,,,,,,365.195,H:\RadioTEDU Songs\Jazz\Bill Evans Trio\At the Montreux Jazz Festival\02 A Sleepin’ Bee.mp3,1,1,375.487,2026-08-26 05:04:20,2026-08-26 05:04:20
5,RadioTEDU Jazz,/cazz,configured_stream,51259,Ain't Misbehavin',Billie Holiday,,,,,,,280.214,H:\RadioTEDU Songs\Jazz\Billie Holiday\Stay With Me\02 Ain't Misbehavin'.flac,1,1,281.874,2026-08-26 18:22:38,2026-08-26 18:22:38
5,RadioTEDU Jazz,/cazz,configured_stream,51360,Ain’t That a Kick in the Head,Dean Martin,,,,,,,144.893,H:\RadioTEDU Songs\Jazz\Dean Martin\The Capitol Years\2-16 Dean Martin - Ain’t That a Kick in the Head.flac,1,1,144.107,2026-08-26 06:25:20,2026-08-26 06:25:20
5,RadioTEDU Jazz,/cazz,configured_stream,51814,All of You,Sammy Davis Jr.,,,,,,,164.64,H:\RadioTEDU Songs\Jazz\The Rat Pack\100 Hits Legends_ The Rat Pack\1-07 Sammy Davis Jr. - All of You.flac,1,1,164.912,2026-08-26 14:50:22,2026-08-26 14:50:22
5,RadioTEDU Jazz,/cazz,configured_stream,51487,American Patrol,Glenn Miller,,,,,,,207.313,H:\RadioTEDU Songs\Jazz\Glenn Miller\Jazz Moods - Hot\05 American Patrol.mp3,1,1,204.454,2026-08-26 07:32:24,2026-08-26 07:32:24
5,RadioTEDU Jazz,/cazz,configured_stream,51350,Aphrodite,Dave Pike,,,,,,,196.24,H:\RadioTEDU Songs\Jazz\Dave Pike\Manhattan Latin\06 Aphrodite.mp3,1,1,194.236,2026-08-26 15:24:16,2026-08-26 15:24:16
5,RadioTEDU Jazz,/cazz,configured_stream,51859,April in Paris,Yehudi Menuhin & Stéphane Grappelli,,,,,,,218.178,H:\RadioTEDU Songs\Jazz\Yehudi Menuhin & Stéphane Grappelli\Menuhin & Grappelli Play\1-18 April in Paris (1).mp3,1,1,215.668,2026-08-26 03:53:43,2026-08-26 03:53:43
5,RadioTEDU Jazz,/cazz,configured_stream,51860,April in Paris,Yehudi Menuhin & Stéphane Grappelli,,,,,,,218.178,H:\RadioTEDU Songs\Jazz\Yehudi Menuhin & Stéphane Grappelli\Menuhin & Grappelli Play\1-18 April in Paris.mp3,1,1,216.324,2026-08-26 18:10:33,2026-08-26 18:10:33
5,RadioTEDU Jazz,/cazz,configured_stream,51261,As Time Goes By,Billie Holiday,,,,,,,194.573,H:\RadioTEDU Songs\Jazz\Billie Holiday\The Complete Commodore Recordings\2-07 As Time Goes By.flac,1,1,192.379,2026-08-26 09:39:32,2026-08-26 09:39:32
5,RadioTEDU Jazz,/cazz,configured_stream,51861,Autumn Leaves,Yehudi Menuhin & Stéphane Grappelli,,,,,,,283.327,H:\RadioTEDU Songs\Jazz\Yehudi Menuhin & Stéphane Grappelli\Menuhin & Grappelli Play\1-19 Autumn Leaves (1).mp3,1,1,280.457,2026-08-26 03:44:21,2026-08-26 03:44:21
5,RadioTEDU Jazz,/cazz,configured_stream,51862,Autumn Leaves,Yehudi Menuhin & Stéphane Grappelli,,,,,,,283.327,H:\RadioTEDU Songs\Jazz\Yehudi Menuhin & Stéphane Grappelli\Menuhin & Grappelli Play\1-19 Autumn Leaves.mp3,1,1,280.572,2026-08-26 06:34:15,2026-08-26 06:34:15
5,RadioTEDU Jazz,/cazz,configured_stream,51518,Bach,Jeff Berlin,,,,,,,291.082,H:\RadioTEDU Songs\Jazz\Jeff Berlin\Pump It\04 Bach (1).mp3,1,1,288.919,2026-08-26 04:16:30,2026-08-26 04:16:30
5,RadioTEDU Jazz,/cazz,configured_stream,52358,Back From Where I Started,De‐Phazz,,,,,,,300.144,H:\RadioTEDU Songs\Jazz\De‐Phazz\Lala 2.0\16 Back From Where I Started.mp3,1,1,299.993,2026-08-26 11:44:14,2026-08-26 11:44:14
5,RadioTEDU Jazz,/cazz,configured_stream,51686,Back to Manhattan,Norah Jones,,,,,,,249.933,H:\RadioTEDU Songs\Jazz\Norah Jones\The Fall\1-09 Back to Manhattan.mp3,1,1,247.738,2026-08-26 10:39:11,2026-08-26 10:39:11
5,RadioTEDU Jazz,/cazz,configured_stream,51560,Bedroom Blues,Leonard Feather and Dan Burley,,,,,,,144.576,H:\RadioTEDU Songs\Jazz\Leonard Feather\The Chronological Classics_ Leonard Feather 1937-1945\19 Leonard Feather and Dan Burley - Bedroom Blues.mp3,1,1,144.661,2026-08-26 14:59:14,2026-08-26 14:59:14
5,RadioTEDU Jazz,/cazz,configured_stream,51203,Bill's Hit Tune,Bill Evans,,,,,,,448.029,H:\RadioTEDU Songs\Jazz\Bill Evans\His Last Concert in Germany\04 Bill's Hit Tune.mp3,1,1,447.975,2026-08-26 07:10:01,2026-08-26 07:10:01
5,RadioTEDU Jazz,/cazz,configured_stream,51728,Black Coffee,Sarah Vaughan,,,,,,,200.44,H:\RadioTEDU Songs\Jazz\Sarah Vaughan\After Hours With Sarah Vaughan\07 Black Coffee.flac,1,1,197.52,2026-08-26 13:49:44,2026-08-26 13:49:44
5,RadioTEDU Jazz,/cazz,configured_stream,51641,Blue In Green,Miles Davis,,,,,,,338.651,H:\RadioTEDU Songs\Jazz\Miles Davis & John Coltrane\Miles Davis & John Coltrane_ The Complete Columbia Recordings 1955-1961\4-05 Blue In Green.flac,1,1,335.973,2026-08-26 15:21:01,2026-08-26 15:21:01
5,RadioTEDU Jazz,/cazz,configured_stream,51358,Blue Moon,Dean Martin,,,,,,,184.453,H:\RadioTEDU Songs\Jazz\Dean Martin\Dream With Dean_ The Intimate Dean Martin\05 Blue Moon.flac,1,1,190.217,2026-08-26 11:18:30,2026-08-26 11:18:30
5,RadioTEDU Jazz,/cazz,configured_stream,51407,Blue Skies,Ella Fitzgerald,,,,,,,226.36,H:\RadioTEDU Songs\Jazz\Ella Fitzgerald\Get Happy!\08 Blue Skies.flac,1,1,226.954,2026-08-26 16:36:55,2026-08-26 16:36:55
5,RadioTEDU Jazz,/cazz,configured_stream,45208,Blues Cliché,Kai Gluska,,,,,,,294.997,H:\RadioTEDU Songs\Jazz\Kai Gluska - Blues Cliché.flac,1,1,293.97,2026-08-26 18:50:33,2026-08-26 18:50:33
5,RadioTEDU Jazz,/cazz,configured_stream,52368,Bossa Antigua,Kenny G,,,,,,,228.6,H:\RadioTEDU Songs\Jazz\Kenny G\Brazilian Nights\01 Bossa Antigua.flac,1,1,225.877,2026-08-26 10:42:56,2026-08-26 10:42:56
5,RadioTEDU Jazz,/cazz,configured_stream,51479,Breezin',George Benson,,,,,,,341.733,H:\RadioTEDU Songs\Jazz\George Benson\Breezin'\01 Breezin'.flac,1,1,341.541,2026-08-26 22:38:47,2026-08-26 22:38:47
5,RadioTEDU Jazz,/cazz,configured_stream,51127,Brightlight,Avishai Cohen,,,,,,,208.552,H:\RadioTEDU Songs\Jazz\Avishai Cohen\Brightlight\02 Brightlight.flac,1,1,206.298,2026-08-26 09:04:00,2026-08-26 09:04:00
5,RadioTEDU Jazz,/cazz,configured_stream,51516,But for Now,Jamie Cullum,,,,,,,235.547,H:\RadioTEDU Songs\Jazz\Jamie Cullum\Twentysomething\05 But for Now.mp3,1,1,235.441,2026-08-26 18:39:05,2026-08-26 18:39:05
5,RadioTEDU Jazz,/cazz,configured_stream,52336,Cadê você?,Bebel Gilberto,,,,,,,210.602,H:\RadioTEDU Songs\Jazz\Bebel Gilberto\Momento\10 Bebel Gilberto - Cadê você_ (1).mp3,1,1,210.559,2026-08-26 09:00:24,2026-08-26 09:00:24
5,RadioTEDU Jazz,/cazz,configured_stream,52337,Cadê você?,Bebel Gilberto,,,,,,,210.602,H:\RadioTEDU Songs\Jazz\Bebel Gilberto\Momento\10 Bebel Gilberto - Cadê você_.mp3,1,1,208.025,2026-08-26 12:12:14,2026-08-26 12:12:14
5,RadioTEDU Jazz,/cazz,configured_stream,52330,Caçada,Bebel Gilberto,,,,,,,272.878,H:\RadioTEDU Songs\Jazz\Bebel Gilberto\Momento\06 Bebel Gilberto - Caçada (1).mp3,1,1,270.053,2026-08-26 05:40:51,2026-08-26 05:40:51
5,RadioTEDU Jazz,/cazz,configured_stream,51511,Chameleon,Herbie Hancock,,,,,,,944.617,H:\RadioTEDU Songs\Jazz\Herbie Hancock\Head Hunters\01 Chameleon.flac,1,1,941.939,2026-08-26 17:27:10,2026-08-26 17:27:10
5,RadioTEDU Jazz,/cazz,configured_stream,51491,Chattanooga Choo-Choo,Glenn Miller,,,,,,,209.403,H:\RadioTEDU Songs\Jazz\Glenn Miller\Jazz Moods - Hot\09 Chattanooga Choo-Choo.mp3,1,1,206.599,2026-08-26 13:11:43,2026-08-26 13:11:43
5,RadioTEDU Jazz,/cazz,configured_stream,51326,Cinema Paradiso,Chris Botti,,,,,,,496.536,H:\RadioTEDU Songs\Jazz\Chris Botti\In Boston\2-09 Cinema Paradiso (1).mp3,1,1,493.619,2026-08-26 08:15:08,2026-08-26 08:15:08
5,RadioTEDU Jazz,/cazz,configured_stream,51327,Cinema Paradiso,Chris Botti,,,,,,,496.536,H:\RadioTEDU Songs\Jazz\Chris Botti\In Boston\2-09 Cinema Paradiso.mp3,1,1,497.098,2026-08-26 11:06:33,2026-08-26 11:06:33
5,RadioTEDU Jazz,/cazz,configured_stream,52324,Close to You,Bebel Gilberto,,,,,,,198.769,H:\RadioTEDU Songs\Jazz\Bebel Gilberto\Momento\03 Bebel Gilberto - Close to You (1).mp3,1,1,198.62,2026-08-26 15:15:14,2026-08-26 15:15:14
5,RadioTEDU Jazz,/cazz,configured_stream,51328,Cloud Message,Chris Potter,,,,,,,425.24,H:\RadioTEDU Songs\Jazz\Chris Potter\Eagle's Point\02 Cloud Message.flac,1,1,422.919,2026-08-26 22:46:06,2026-08-26 22:46:06
5,RadioTEDU Jazz,/cazz,configured_stream,51320,Come Rain or Come Shine,Chet Baker,,,,,,,127.086,H:\RadioTEDU Songs\Jazz\Chet Baker\Embraceable You\10 Come Rain or Come Shine.mp3,1,1,124.871,2026-08-26 15:55:40,2026-08-26 15:55:40
5,RadioTEDU Jazz,/cazz,configured_stream,51773,Comes Love,Stacey Kent,,,,,,,244.25,H:\RadioTEDU Songs\Jazz\Stacey Kent\The Tender Trap\03 Comes Love (1).mp3,1,1,244.152,2026-08-26 16:41:00,2026-08-26 16:41:00
5,RadioTEDU Jazz,/cazz,configured_stream,51774,Comes Love,Stacey Kent,,,,,,,244.592,H:\RadioTEDU Songs\Jazz\Stacey Kent\The Tender Trap\03 Comes Love.mp3,1,1,244.51,2026-08-26 18:06:47,2026-08-26 18:06:47
5,RadioTEDU Jazz,/cazz,configured_stream,51450,Didjo,Paolo Fresu,,,,,,,473.24,H:\RadioTEDU Songs\Jazz\Frank Sinatra\Hi-Res Masters_ 50 Jazz Tracks to Test Your Speakers\41 Paolo Fresu - Didjo.flac,1,1,470.84,2026-08-26 18:30:45,2026-08-26 18:30:45
5,RadioTEDU Jazz,/cazz,configured_stream,51477,Dina ögon blå,Fredrika Stahl,,,,,,,191.653,H:\RadioTEDU Songs\Jazz\Fredrika Stahl\Tributaries\09 Dina ögon blå (1).mp3,1,1,191.896,2026-08-26 15:27:27,2026-08-26 15:27:27
5,RadioTEDU Jazz,/cazz,configured_stream,51781,Don't Be That Way,Stacey Kent,,,,,,,262.225,H:\RadioTEDU Songs\Jazz\Stacey Kent\The Tender Trap\09 Don't Be That Way.mp3,1,1,262.075,2026-08-26 06:18:06,2026-08-26 06:18:06
5,RadioTEDU Jazz,/cazz,configured_stream,52367,Don’t Know Why,Kenny G featuring David Benoit,,,,,,,272.027,H:\RadioTEDU Songs\Jazz\Kenny G\At Last…The Duets Album\09 Kenny G featuring David Benoit - Don’t Know Why.flac,1,1,269.802,2026-08-26 09:48:08,2026-08-26 09:48:08
5,RadioTEDU Jazz,/cazz,configured_stream,51635,Down My Avenue,Melody Gardot,,,,,,,277.867,H:\RadioTEDU Songs\Jazz\Melody Gardot\Some Lessons\03 Down My Avenue.flac,1,1,276.263,2026-08-26 03:50:07,2026-08-26 03:50:07
5,RadioTEDU Jazz,/cazz,configured_stream,51406,Dream a Little Dream of Me,Ella Fitzgerald,,,,,,,187.147,H:\RadioTEDU Songs\Jazz\Ella Fitzgerald\Ella_ The Legendary Decca Recordings\2-02 Ella Fitzgerald - Dream a Little Dream of Me.flac,1,1,184.349,2026-08-26 21:57:28,2026-08-26 21:57:28
5,RadioTEDU Jazz,/cazz,configured_stream,52346,Duck & Cover,De‐Phazz,,,,,,,209.678,H:\RadioTEDU Songs\Jazz\De‐Phazz\Lala 2.0\04 Duck & Cover.mp3,1,1,206.756,2026-08-26 04:11:42,2026-08-26 04:11:42
5,RadioTEDU Jazz,/cazz,configured_stream,51418,Early Days,Emile Londonien,,,,,,,193.192,H:\RadioTEDU Songs\Jazz\Emile Londonien\Inwards\02 Emile Londonien - Early Days.flac,1,1,193.388,2026-08-26 03:36:14,2026-08-26 03:36:14
5,RadioTEDU Jazz,/cazz,configured_stream,51762,Easy to Remember,Stacey Kent,,,,,,,297.9,H:\RadioTEDU Songs\Jazz\Stacey Kent\In Love Again_ The Music of Richard Rodgers\11 Easy to Remember.mp3,1,1,297.9,2026-08-26 16:05:34,2026-08-26 16:05:34
5,RadioTEDU Jazz,/cazz,configured_stream,51549,Eleanor Rigby,Katie Noonan,,,,,,,307.987,H:\RadioTEDU Songs\Jazz\Katie Noonan\Blackbird_ The Music of Lennon & McCartney\09 Eleanor Rigby.mp3,1,1,307.794,2026-08-26 17:32:18,2026-08-26 17:32:18
5,RadioTEDU Jazz,/cazz,configured_stream,51413,Ella Hums the Blues,Ella Fitzgerald,,,,,,,313.238,H:\RadioTEDU Songs\Jazz\Ella Fitzgerald\Lullabies of Birdland\07 Ella Hums the Blues.mp3,1,1,310.45,2026-08-26 21:54:24,2026-08-26 21:54:24
5,RadioTEDU Jazz,/cazz,configured_stream,51836,Embraceable You,Yehudi Menuhin & Stéphane Grappelli,,,,,,,194.694,H:\RadioTEDU Songs\Jazz\Yehudi Menuhin & Stéphane Grappelli\Menuhin & Grappelli Play\1-04 Embraceable You.mp3,1,1,194.739,2026-08-26 08:35:08,2026-08-26 08:35:08
5,RadioTEDU Jazz,/cazz,configured_stream,51159,Emily,Bill Evans Trio,,,,,,,413.4,H:\RadioTEDU Songs\Jazz\Bill Evans Trio\In Buenos Aires - Vol. 1\02 Emily.mp3,1,1,410.467,2026-08-26 08:31:54,2026-08-26 08:31:54
5,RadioTEDU Jazz,/cazz,configured_stream,51357,Everybody Loves Somebody,Dean Martin,,,,,,,166.204,H:\RadioTEDU Songs\Jazz\Dean Martin\Dino_ The Essential Dean Martin\24 Everybody Loves Somebody.mp3,1,1,163.61,2026-08-26 14:45:44,2026-08-26 14:45:44
5,RadioTEDU Jazz,/cazz,configured_stream,51297,First Song,Charlie Haden / Egberto Gismonti,,,,,,,388.235,H:\RadioTEDU Songs\Jazz\Charlie Haden _ Egberto Gismonti\In Montreal\03 First Song.mp3,1,1,385.517,2026-08-26 13:44:01,2026-08-26 13:44:01
5,RadioTEDU Jazz,/cazz,configured_stream,51440,Fly Me To The Moon,Frank Sinatra,,,,,,,151.541,H:\RadioTEDU Songs\Jazz\Frank Sinatra\Greatest Hits\2-12 Fly Me To The Moon.mp3,1,1,148.787,2026-08-26 13:52:12,2026-08-26 13:52:12
5,RadioTEDU Jazz,/cazz,configured_stream,51109,Flyways,Aaron Parks,,,,,,,243.04,H:\RadioTEDU Songs\Jazz\Aaron Parks\Little Big III\01 Flyways.flac,1,1,240.157,2026-08-26 19:19:17,2026-08-26 19:19:17
5,RadioTEDU Jazz,/cazz,configured_stream,51554,Fool on the Hill,Katie Noonan,,,,,,,469.427,H:\RadioTEDU Songs\Jazz\Katie Noonan\Blackbird_ The Music of Lennon & McCartney\14 Fool on the Hill.mp3,1,1,466.862,2026-08-26 10:02:25,2026-08-26 10:02:25
5,RadioTEDU Jazz,/cazz,configured_stream,51543,For No One,Katie Noonan,,,,,,,190.24,H:\RadioTEDU Songs\Jazz\Katie Noonan\Blackbird_ The Music of Lennon & McCartney\03 For No One.mp3,1,1,197.395,2026-08-26 21:21:08,2026-08-26 21:21:08
5,RadioTEDU Jazz,/cazz,configured_stream,51301,Frevo,Charlie Haden / Egberto Gismonti,,,,,,,403.151,H:\RadioTEDU Songs\Jazz\Charlie Haden _ Egberto Gismonti\In Montreal\08 Frevo.mp3,1,1,403.014,2026-08-26 05:36:11,2026-08-26 05:36:11
5,RadioTEDU Jazz,/cazz,configured_stream,51136,Friskin' the Frog,Ben Webster,,,,,,,436.692,H:\RadioTEDU Songs\Jazz\Ben Webster\Stormy Weather\08 Friskin' the Frog.mp3,1,1,433.928,2026-08-26 10:53:43,2026-08-26 10:53:43
5,RadioTEDU Jazz,/cazz,configured_stream,51695,Gabaldon’s Glide,Out Of/Into,,,,,,,243.147,H:\RadioTEDU Songs\Jazz\Out Of_Into\Motion I\02 Gabaldon’s Glide.flac,1,1,243.043,2026-08-26 05:49:09,2026-08-26 05:49:09
5,RadioTEDU Jazz,/cazz,configured_stream,51219,Gee Baby Ain't I Good to You,Bill Evans,,,,,,,281.24,H:\RadioTEDU Songs\Jazz\Bill Evans\The Complete Gus Wildi Recordings\2-11 Gee Baby Ain't I Good to You.mp3,1,1,280.671,2026-08-26 20:51:56,2026-08-26 20:51:56
5,RadioTEDU Jazz,/cazz,configured_stream,51490,Glen Island Special,Glenn Miller,,,,,,,181.791,H:\RadioTEDU Songs\Jazz\Glenn Miller\Jazz Moods - Hot\08 Glen Island Special.mp3,1,1,178.96,2026-08-26 07:43:14,2026-08-26 07:43:14
5,RadioTEDU Jazz,/cazz,configured_stream,51770,He Loves and She Loves,Stacey Kent,,,,,,,265.018,H:\RadioTEDU Songs\Jazz\Stacey Kent\Let Yourself Go_ Celebrating Fred Astaire\06 He Loves and She Loves.mp3,1,1,262.251,2026-08-26 12:50:23,2026-08-26 12:50:23
5,RadioTEDU Jazz,/cazz,configured_stream,51846,He Loves and She Loves,Yehudi Menuhin & Stéphane Grappelli,,,,,,,178.759,H:\RadioTEDU Songs\Jazz\Yehudi Menuhin & Stéphane Grappelli\Menuhin & Grappelli Play\1-10 He Loves and She Loves.mp3,1,1,175.976,2026-08-26 08:41:01,2026-08-26 08:41:01
5,RadioTEDU Jazz,/cazz,configured_stream,51497,Hey Laura,Gregory Porter,,,,,,,199.054,H:\RadioTEDU Songs\Jazz\Gregory Porter\Liquid Spirit\05 Hey Laura.flac,1,1,201.148,2026-08-26 10:46:18,2026-08-26 10:46:18
5,RadioTEDU Jazz,/cazz,configured_stream,51122,I Could Write a Book,Anita O’Day & Billy May,,,,,,,129.267,H:\RadioTEDU Songs\Jazz\Anita O’Day & Billy May\Anita O'Day and Billy May Swing Rodgers and Hart\05 I Could Write a Book.flac,1,1,129.18,2026-08-26 04:18:42,2026-08-26 04:18:42
5,RadioTEDU Jazz,/cazz,configured_stream,51603,I Got Lost in His Arms,Marilyn Scott,,,,,,,245.264,H:\RadioTEDU Songs\Jazz\Marilyn Scott\Every Time We Say Goodbye\02 I Got Lost in His Arms.mp3,1,1,245.215,2026-08-26 05:18:48,2026-08-26 05:18:48
5,RadioTEDU Jazz,/cazz,configured_stream,51377,I Had the Craziest Dream,Dizzy Reece,,,,,,,185.84,H:\RadioTEDU Songs\Jazz\Dizzy Reece\Blues in Trinity\02 I Had the Craziest Dream.flac,1,1,185.66,2026-08-26 13:14:48,2026-08-26 13:14:48
5,RadioTEDU Jazz,/cazz,configured_stream,51593,I Loves You Porgy,Marcus Miller,,,,,,,565.868,H:\RadioTEDU Songs\Jazz\Marcus Miller\The Ozell Tapes_ The Official Bootleg\1-07 Marcus Miller - I Loves You Porgy.mp3,1,1,563.011,2026-08-26 08:01:04,2026-08-26 08:01:04
5,RadioTEDU Jazz,/cazz,configured_stream,51863,I've Seen That Face Before (Libertango),Youn Sun Nah,,,,,,,298.68,H:\RadioTEDU Songs\Jazz\Youn Sun Nah\Elles\03 I've Seen That Face Before (Libertango).flac,1,1,303.803,2026-08-26 19:37:35,2026-08-26 19:37:35
5,RadioTEDU Jazz,/cazz,configured_stream,51619,If the Stars Were Mine,Melody Gardot,,,,,,,170.347,H:\RadioTEDU Songs\Jazz\Melody Gardot\My One and Only Thrill\02 Melody Gardot - If the Stars Were Mine.mp3,1,1,167.736,2026-08-26 14:17:36,2026-08-26 14:17:36
5,RadioTEDU Jazz,/cazz,configured_stream,51288,If You Want to Write Me,Charlie Haden & Carla Bley,,,,,,,235.773,H:\RadioTEDU Songs\Jazz\Charlie Haden & Carla Bley\The Ballad of the Fallen\03 If You Want to Write Me.mp3,1,1,234.978,2026-08-26 16:23:07,2026-08-26 16:23:07
5,RadioTEDU Jazz,/cazz,configured_stream,51775,In the Still of the Night,Stacey Kent,,,,,,,308.955,H:\RadioTEDU Songs\Jazz\Stacey Kent\The Tender Trap\04 In the Still of the Night (1).mp3,1,1,306.142,2026-08-26 22:09:01,2026-08-26 22:09:01
5,RadioTEDU Jazz,/cazz,configured_stream,51776,In the Still of the Night,Stacey Kent,,,,,,,308.305,H:\RadioTEDU Songs\Jazz\Stacey Kent\The Tender Trap\04 In the Still of the Night.mp3,1,1,305.61,2026-08-26 22:14:06,2026-08-26 22:14:06
5,RadioTEDU Jazz,/cazz,configured_stream,51451,In the Wee Small Hours of the Morning,Frank Sinatra,,,,,,,180.933,H:\RadioTEDU Songs\Jazz\Frank Sinatra\In the Wee Small Hours\01 In the Wee Small Hours of the Morning.flac,1,1,178.049,2026-08-26 04:00:08,2026-08-26 04:00:08
5,RadioTEDU Jazz,/cazz,configured_stream,51824,In Your Own Sweet Way,Wes Montgomery,,,,,,,295.531,H:\RadioTEDU Songs\Jazz\Wes Montgomery\The Incredible Jazz Guitar of Wes Montgomery\06 In Your Own Sweet Way.mp3,1,1,295.453,2026-08-26 15:53:26,2026-08-26 15:53:26
5,RadioTEDU Jazz,/cazz,configured_stream,51793,Introduction of the Band,Sting & Gil Evans,,,,,,,133.333,H:\RadioTEDU Songs\Jazz\Sting & Gil Evans\Last Session\06 Introduction of the Band.mp3,1,1,133.634,2026-08-26 13:46:14,2026-08-26 13:46:14
5,RadioTEDU Jazz,/cazz,configured_stream,51290,Introduction to People,Charlie Haden & Carla Bley,,,,,,,235.0,H:\RadioTEDU Songs\Jazz\Charlie Haden & Carla Bley\The Ballad of the Fallen\05 Introduction to People.mp3,1,1,232.145,2026-08-26 06:38:07,2026-08-26 06:38:07
5,RadioTEDU Jazz,/cazz,configured_stream,51766,Isn’t This a Lovely Day?,Stacey Kent,,,,,,,237.733,H:\RadioTEDU Songs\Jazz\Stacey Kent\Let Yourself Go_ Celebrating Fred Astaire\04 Isn’t This a Lovely Day_ (1).mp3,1,1,237.647,2026-08-26 09:43:29,2026-08-26 09:43:29
5,RadioTEDU Jazz,/cazz,configured_stream,51767,Isn’t This a Lovely Day?,Stacey Kent,,,,,,,239.156,H:\RadioTEDU Songs\Jazz\Stacey Kent\Let Yourself Go_ Celebrating Fred Astaire\04 Isn’t This a Lovely Day_ (2).mp3,1,1,239.314,2026-08-26 11:22:58,2026-08-26 11:22:58
5,RadioTEDU Jazz,/cazz,configured_stream,51768,Isn’t This a Lovely Day?,Stacey Kent,,,,,,,237.733,H:\RadioTEDU Songs\Jazz\Stacey Kent\Let Yourself Go_ Celebrating Fred Astaire\04 Isn’t This a Lovely Day_.mp3,1,1,235.658,2026-08-26 11:10:39,2026-08-26 11:10:39
5,RadioTEDU Jazz,/cazz,configured_stream,51404,It’s a Lovely Day Today,Ella Fitzgerald,,,,,,,148.148,H:\RadioTEDU Songs\Jazz\Ella Fitzgerald\Ella Fitzgerald Sings the Irving Berlin Songbook\2-12 It’s a Lovely Day Today.flac,1,1,145.356,2026-08-26 14:34:50,2026-08-26 14:34:50
5,RadioTEDU Jazz,/cazz,configured_stream,51276,I’m So Lonesome I Could Cry,Cassandra Wilson,,,,,,,291.44,H:\RadioTEDU Songs\Jazz\Cassandra Wilson\New Moon Daughter\07 I’m So Lonesome I Could Cry.mp3,1,1,291.423,2026-08-26 04:08:06,2026-08-26 04:08:06
5,RadioTEDU Jazz,/cazz,configured_stream,51706,I’ve Got a Woman,Ray Charles,,,,,,,175.373,H:\RadioTEDU Songs\Jazz\Ray Charles\Ultimate Hits Collection\1-02 Ray Charles - I’ve Got a Woman.mp3,1,1,172.97,2026-08-26 15:48:30,2026-08-26 15:48:30
5,RadioTEDU Jazz,/cazz,configured_stream,51396,I’ve Got My Love to Keep Me Warm,Ella Fitzgerald & Louis Armstrong,,,,,,,188.572,H:\RadioTEDU Songs\Jazz\Ella Fitzgerald & Louis Armstrong\Ella and Louis Again\12 I’ve Got My Love to Keep Me Warm.flac,1,1,185.73,2026-08-26 03:28:39,2026-08-26 03:28:39
5,RadioTEDU Jazz,/cazz,configured_stream,51128,Jazz Carnival,Azymuth,,,,,,,569.607,H:\RadioTEDU Songs\Jazz\Azymuth\Light as a Feather\06 Jazz Carnival.mp3,1,1,570.546,2026-08-26 15:08:56,2026-08-26 15:08:56
5,RadioTEDU Jazz,/cazz,configured_stream,51447,Kachucha,Roberto Fonseca,,,,,,,251.446,H:\RadioTEDU Songs\Jazz\Frank Sinatra\Hi-Res Masters_ 50 Jazz Tracks to Test Your Speakers\28 Roberto Fonseca - Kachucha (1).flac,1,1,251.701,2026-08-26 12:21:58,2026-08-26 12:21:58
5,RadioTEDU Jazz,/cazz,configured_stream,51448,Kachucha,Roberto Fonseca,,,,,,,251.446,H:\RadioTEDU Songs\Jazz\Frank Sinatra\Hi-Res Masters_ 50 Jazz Tracks to Test Your Speakers\28 Roberto Fonseca - Kachucha.flac,1,1,255.6,2026-08-26 10:34:49,2026-08-26 10:34:49
5,RadioTEDU Jazz,/cazz,configured_stream,51599,Killing Me Softly,Marcus Miller,,,,,,,402.577,H:\RadioTEDU Songs\Jazz\Marcus Miller\The Ozell Tapes_ The Official Bootleg\2-07 Marcus Miller - Killing Me Softly.mp3,1,1,399.702,2026-08-26 03:14:08,2026-08-26 03:14:08
5,RadioTEDU Jazz,/cazz,configured_stream,51293,La Pasionaria,Charlie Haden & Carla Bley,,,,,,,626.267,H:\RadioTEDU Songs\Jazz\Charlie Haden & Carla Bley\The Ballad of the Fallen\09 La Pasionaria.mp3,1,1,623.386,2026-08-26 06:57:03,2026-08-26 06:57:03
5,RadioTEDU Jazz,/cazz,configured_stream,51351,La Playa,Dave Pike,,,,,,,186.013,H:\RadioTEDU Songs\Jazz\Dave Pike\Manhattan Latin\07 La Playa.mp3,1,1,183.26,2026-08-26 10:05:30,2026-08-26 10:05:30
5,RadioTEDU Jazz,/cazz,configured_stream,51277,Last Train to Clarksville,Cassandra Wilson,,,,,,,316.8,H:\RadioTEDU Songs\Jazz\Cassandra Wilson\New Moon Daughter\08 Last Train to Clarksville.mp3,1,1,316.685,2026-08-26 12:43:19,2026-08-26 12:43:19
5,RadioTEDU Jazz,/cazz,configured_stream,51412,Later,Ella Fitzgerald,,,,,,,152.793,H:\RadioTEDU Songs\Jazz\Ella Fitzgerald\Lullabies of Birdland\06 Later.mp3,1,1,150.888,2026-08-26 10:23:00,2026-08-26 10:23:00
5,RadioTEDU Jazz,/cazz,configured_stream,51858,Laura,Yehudi Menuhin & Stéphane Grappelli,,,,,,,272.565,H:\RadioTEDU Songs\Jazz\Yehudi Menuhin & Stéphane Grappelli\Menuhin & Grappelli Play\1-17 Laura.mp3,1,1,269.767,2026-08-26 19:05:44,2026-08-26 19:05:44
5,RadioTEDU Jazz,/cazz,configured_stream,51657,Libations: Uxolo,Nduduzo Makhathini,,,,,,,261.827,H:\RadioTEDU Songs\Jazz\Nduduzo Makhathini\uNomkhubulwane\02 Libations_ Uxolo.flac,1,1,258.984,2026-08-26 08:53:52,2026-08-26 08:53:52
5,RadioTEDU Jazz,/cazz,configured_stream,51182,Like Someone in Love,Bill Evans Trio,,,,,,,434.54,H:\RadioTEDU Songs\Jazz\Bill Evans Trio\The Complete Balboa Jazz Club Performances\2-04 Like Someone in Love.mp3,1,1,431.718,2026-08-26 22:53:21,2026-08-26 22:53:21
5,RadioTEDU Jazz,/cazz,configured_stream,51419,Lion Song,Emmet Cohen,,,,,,,295.502,H:\RadioTEDU Songs\Jazz\Emmet Cohen\Vibe Provider\01 Lion Song.flac,1,1,295.373,2026-08-26 08:20:03,2026-08-26 08:20:03
5,RadioTEDU Jazz,/cazz,configured_stream,51489,Little Brown Jug,Glenn Miller,,,,,,,172.126,H:\RadioTEDU Songs\Jazz\Glenn Miller\Jazz Moods - Hot\07 Little Brown Jug.mp3,1,1,169.462,2026-08-26 11:39:14,2026-08-26 11:39:14
5,RadioTEDU Jazz,/cazz,configured_stream,51312,Little Girl Blue (instrumental version),Chet Baker,,,,,,,273.685,H:\RadioTEDU Songs\Jazz\Chet Baker\Embraceable You\02 Little Girl Blue (instrumental version).mp3,1,1,275.884,2026-08-26 13:31:45,2026-08-26 13:31:45
5,RadioTEDU Jazz,/cazz,configured_stream,51322,Little Girl Blue (vocal version),Chet Baker,,,,,,,270.132,H:\RadioTEDU Songs\Jazz\Chet Baker\Embraceable You\12 Little Girl Blue (vocal version).mp3,1,1,271.236,2026-08-26 01:39:50,2026-08-26 01:39:50
5,RadioTEDU Jazz,/cazz,configured_stream,51590,Lonnie's Lament,Marcus Miller,,,,,,,651.289,H:\RadioTEDU Songs\Jazz\Marcus Miller\The Ozell Tapes_ The Official Bootleg\1-04 Marcus Miller - Lonnie's Lament.mp3,1,1,651.521,2026-08-26 21:49:04,2026-08-26 21:49:04
5,RadioTEDU Jazz,/cazz,configured_stream,51459,Love Is Here to Stay,Frank Sinatra,,,,,,,162.84,H:\RadioTEDU Songs\Jazz\Frank Sinatra\Songs for Swingin’ Lovers!\08 Love Is Here to Stay.flac,1,1,167.873,2026-08-26 04:30:19,2026-08-26 04:30:19
5,RadioTEDU Jazz,/cazz,configured_stream,51624,Lover Undercover,Melody Gardot,,,,,,,266.933,H:\RadioTEDU Songs\Jazz\Melody Gardot\My One and Only Thrill\05 Melody Gardot - Lover Undercover.mp3,1,1,264.194,2026-08-26 16:13:12,2026-08-26 16:13:12
5,RadioTEDU Jazz,/cazz,configured_stream,51300,Lôro,Charlie Haden / Egberto Gismonti,,,,,,,451.895,H:\RadioTEDU Songs\Jazz\Charlie Haden _ Egberto Gismonti\In Montreal\07 Lôro.mp3,1,1,451.318,2026-08-26 10:30:32,2026-08-26 10:30:32
5,RadioTEDU Jazz,/cazz,configured_stream,51267,Mack the Knife,Bobby Darin,,,,,,,183.203,H:\RadioTEDU Songs\Jazz\Bobby Darin\That's All\01 Mack the Knife.flac,1,1,181.073,2026-08-26 08:56:54,2026-08-26 08:56:54
5,RadioTEDU Jazz,/cazz,configured_stream,51689,Man of the Hour,Norah Jones,,,,,,,176.987,H:\RadioTEDU Songs\Jazz\Norah Jones\The Fall\1-13 Man of the Hour.mp3,1,1,175.767,2026-08-26 19:32:30,2026-08-26 19:32:30
5,RadioTEDU Jazz,/cazz,configured_stream,51763,Manhattan,Stacey Kent,,,,,,,262.635,H:\RadioTEDU Songs\Jazz\Stacey Kent\In Love Again_ The Music of Richard Rodgers\12 Manhattan.mp3,1,1,261.784,2026-08-26 18:35:07,2026-08-26 18:35:07
5,RadioTEDU Jazz,/cazz,configured_stream,51443,Midnight Blue (2012 Remaster),Kenny Burrell,,,,,,,242.773,H:\RadioTEDU Songs\Jazz\Frank Sinatra\Hi-Res Masters_ 50 Jazz Tracks to Test Your Speakers\09 Kenny Burrell - Midnight Blue (2012 Remaster).flac,1,1,241.865,2026-08-26 21:17:50,2026-08-26 21:17:50
5,RadioTEDU Jazz,/cazz,configured_stream,51247,Miss Brown to You,Billie Holiday,,,,,,,181.06,H:\RadioTEDU Songs\Jazz\Billie Holiday\Greatest Hits\01 Miss Brown to You.mp3,1,1,178.543,2026-08-26 16:08:47,2026-08-26 16:08:47
5,RadioTEDU Jazz,/cazz,configured_stream,51536,Miss Understanding,Kamasi Washington,,,,,,,526.109,H:\RadioTEDU Songs\Jazz\Kamasi Washington\The Epic\2-04 Miss Understanding (1).flac,1,1,523.299,2026-08-26 06:13:44,2026-08-26 06:13:44
5,RadioTEDU Jazz,/cazz,configured_stream,51344,Misty,Dave Koz,,,,,,,200.096,H:\RadioTEDU Songs\Jazz\Dave Koz\Lucky Man\14 Dave Koz - Misty.mp3,1,1,197.612,2026-08-26 03:39:41,2026-08-26 03:39:41
5,RadioTEDU Jazz,/cazz,configured_stream,51521,Mode for Joe,Joe Henderson,,,,,,,480.92,H:\RadioTEDU Songs\Jazz\Joe Henderson\Mode for Joe\02 Mode for Joe.mp3,1,1,481.002,2026-08-26 07:24:42,2026-08-26 07:24:42
5,RadioTEDU Jazz,/cazz,configured_stream,51425,Mojito,"Erwin Do, Miguel Carne",,,,,,,203.485,"H:\RadioTEDU Songs\Jazz\Erwin Do, Miguel Carne\Cocktail Bar Jazz\05 Mojito.flac",1,1,200.865,2026-08-26 17:05:19,2026-08-26 17:05:19
5,RadioTEDU Jazz,/cazz,configured_stream,52322,Momento,Bebel Gilberto,,,,,,,314.726,H:\RadioTEDU Songs\Jazz\Bebel Gilberto\Momento\01 Bebel Gilberto - Momento (1).mp3,1,1,312.069,2026-08-26 10:17:24,2026-08-26 10:17:24
5,RadioTEDU Jazz,/cazz,configured_stream,52323,Momento,Bebel Gilberto,,,,,,,314.726,H:\RadioTEDU Songs\Jazz\Bebel Gilberto\Momento\01 Bebel Gilberto - Momento.mp3,1,1,314.73,2026-08-26 12:17:28,2026-08-26 12:17:28
5,RadioTEDU Jazz,/cazz,configured_stream,51637,Momma,Melody Gardot,,,,,,,258.28,H:\RadioTEDU Songs\Jazz\Melody Gardot\Some Lessons\05 Momma.flac,1,1,255.343,2026-08-26 05:45:06,2026-08-26 05:45:06
5,RadioTEDU Jazz,/cazz,configured_stream,51390,Mood Indigo,Duke Ellington and His Orchestra,,,,,,,310.628,H:\RadioTEDU Songs\Jazz\Duke Ellington and His Orchestra\The Popular Duke Ellington\04 Mood Indigo.flac,1,1,308.096,2026-08-26 14:43:01,2026-08-26 14:43:01
5,RadioTEDU Jazz,/cazz,configured_stream,51565,Moon River,Louis Armstrong,,,,,,,179.867,"H:\RadioTEDU Songs\Jazz\Louis Armstrong\Hello, Dolly!\08 Moon River.flac",1,1,177.12,2026-08-26 08:06:55,2026-08-26 08:06:55
5,RadioTEDU Jazz,/cazz,configured_stream,51258,Moonglow,Billie Holiday,,,,,,,179.44,H:\RadioTEDU Songs\Jazz\Billie Holiday\Solitude\11 Moonglow.flac,1,1,182.169,2026-08-26 12:29:30,2026-08-26 12:29:30
5,RadioTEDU Jazz,/cazz,configured_stream,51616,Morning Sun,Melody Gardot,,,,,,,305.266,H:\RadioTEDU Songs\Jazz\Melody Gardot\Currency of Man\03 Morning Sun.flac,1,1,305.296,2026-08-26 12:01:43,2026-08-26 12:01:43
5,RadioTEDU Jazz,/cazz,configured_stream,51661,My Baby Just Cares for Me,Nina Simone,,,,,,,215.747,H:\RadioTEDU Songs\Jazz\Nina Simone\Little Girl Blue\06 My Baby Just Cares for Me.flac,1,1,215.672,2026-08-26 14:09:24,2026-08-26 14:09:24
5,RadioTEDU Jazz,/cazz,configured_stream,51530,My Favorite Things (Part II),John Coltrane,,,,,,,182.286,H:\RadioTEDU Songs\Jazz\John Coltrane\My Favorite Things\02 My Favorite Things (Part II).mp3,1,1,179.609,2026-08-26 15:11:55,2026-08-26 15:11:55
5,RadioTEDU Jazz,/cazz,configured_stream,51140,My Funny Valentine,Bill Evans & Jim Hall,,,,,,,321.8,H:\RadioTEDU Songs\Jazz\Bill Evans & Jim Hall\Undercurrent\01 My Funny Valentine.mp3,1,1,323.417,2026-08-26 20:47:05,2026-08-26 20:47:05
5,RadioTEDU Jazz,/cazz,configured_stream,51139,My Funny Valentine (alternate take),Bill Evans & Jim Hall,,,,,,,416.0,H:\RadioTEDU Songs\Jazz\Bill Evans & Jim Hall\Undercurrent\01 My Funny Valentine (alternate take).mp3,1,1,413.415,2026-08-26 12:08:46,2026-08-26 12:08:46
5,RadioTEDU Jazz,/cazz,configured_stream,51170,My Man’s Gone Now,Bill Evans Trio,,,,,,,389.047,H:\RadioTEDU Songs\Jazz\Bill Evans Trio\The Complete Balboa Jazz Club Performances\1-03 My Man’s Gone Now.mp3,1,1,387.979,2026-08-26 13:08:10,2026-08-26 13:08:10
5,RadioTEDU Jazz,/cazz,configured_stream,51737,My Queen Is Harriet Tubman,Sons of Kemet,,,,,,,340.053,H:\RadioTEDU Songs\Jazz\Sons of Kemet\Your Queen Is a Reptile\03 My Queen Is Harriet Tubman.flac,1,1,340.57,2026-08-26 13:37:36,2026-08-26 13:37:36
5,RadioTEDU Jazz,/cazz,configured_stream,51152,Nardis,Bill Evans Trio,,,,,,,502.495,H:\RadioTEDU Songs\Jazz\Bill Evans Trio\At the Montreux Jazz Festival\04 Nardis.mp3,1,1,502.328,2026-08-26 08:49:24,2026-08-26 08:49:24
5,RadioTEDU Jazz,/cazz,configured_stream,52345,No Lie,De‐Phazz,,,,,,,225.584,H:\RadioTEDU Songs\Jazz\De‐Phazz\Lala 2.0\03 No Lie.mp3,1,1,225.454,2026-08-26 19:26:26,2026-08-26 19:26:26
5,RadioTEDU Jazz,/cazz,configured_stream,51678,Not Too Late,Norah Jones,,,,,,,211.467,H:\RadioTEDU Songs\Jazz\Norah Jones\Not Too Late\13 Not Too Late.mp3,1,1,208.746,2026-08-26 05:29:28,2026-08-26 05:29:28
5,RadioTEDU Jazz,/cazz,configured_stream,51473,Oh Sunny Sunny Day,Fredrika Stahl,,,,,,,181.693,H:\RadioTEDU Songs\Jazz\Fredrika Stahl\Tributaries\06 Oh Sunny Sunny Day (1).mp3,1,1,178.863,2026-08-26 19:29:35,2026-08-26 19:29:35
5,RadioTEDU Jazz,/cazz,configured_stream,51532,Omission,Julian Lage,,,,,,,206.8,H:\RadioTEDU Songs\Jazz\Julian Lage\Speak to Me\03 Omission.flac,1,1,204.405,2026-08-26 19:22:41,2026-08-26 19:22:41
5,RadioTEDU Jazz,/cazz,configured_stream,51186,One for Helen,Bill Evans,,,,,,,263.997,H:\RadioTEDU Songs\Jazz\Bill Evans\At the Montreux Jazz Festival\02 One for Helen.mp3,1,1,261.295,2026-08-26 03:33:00,2026-08-26 03:33:00
5,RadioTEDU Jazz,/cazz,configured_stream,51654,Orange Colored Sky,Nat King Cole,,,,,,,152.933,H:\RadioTEDU Songs\Jazz\Nat King Cole\The Extraordinary\19 Nat King Cole - Orange Colored Sky.flac,1,1,150.343,2026-08-26 12:46:01,2026-08-26 12:46:01
5,RadioTEDU Jazz,/cazz,configured_stream,51625,Our Love Is Easy,Melody Gardot,,,,,,,329.373,H:\RadioTEDU Songs\Jazz\Melody Gardot\My One and Only Thrill\06 Melody Gardot - Our Love Is Easy.mp3,1,1,329.627,2026-08-26 11:54:19,2026-08-26 11:54:19
5,RadioTEDU Jazz,/cazz,configured_stream,51851,Our Love is Here to Stay,Yehudi Menuhin & Stéphane Grappelli,,,,,,,241.845,H:\RadioTEDU Songs\Jazz\Yehudi Menuhin & Stéphane Grappelli\Menuhin & Grappelli Play\1-14 Our Love is Here to Stay (1).mp3,1,1,239.306,2026-08-26 05:57:39,2026-08-26 05:57:39
5,RadioTEDU Jazz,/cazz,configured_stream,51632,Over the Rainbow,Melody Gardot,,,,,,,274.707,H:\RadioTEDU Songs\Jazz\Melody Gardot\My One and Only Thrill\11 Melody Gardot - Over the Rainbow.mp3,1,1,271.994,2026-08-26 10:58:15,2026-08-26 10:58:15
5,RadioTEDU Jazz,/cazz,configured_stream,51594,Panther,Marcus Miller,,,,,,,681.251,H:\RadioTEDU Songs\Jazz\Marcus Miller\The Ozell Tapes_ The Official Bootleg\1-08 Marcus Miller - Panther.mp3,1,1,681.141,2026-08-26 14:28:57,2026-08-26 14:28:57
5,RadioTEDU Jazz,/cazz,configured_stream,51785,Para machuchar meu coração,Stan Getz & João Gilberto feat. Antonio Carlos Jobim,,,,,,,305.0,H:\RadioTEDU Songs\Jazz\Stan Getz & João Gilberto feat. Antonio Carlos Jobim\Getz_Gilberto\03 Para machuchar meu coração.flac,1,1,305.284,2026-08-26 11:29:07,2026-08-26 11:29:07
5,RadioTEDU Jazz,/cazz,configured_stream,51446,Parisienne Girl (Live),Incognito,,,,,,,827.987,H:\RadioTEDU Songs\Jazz\Frank Sinatra\Hi-Res Masters_ 50 Jazz Tracks to Test Your Speakers\22 Incognito - Parisienne Girl (Live).flac,1,1,826.85,2026-08-26 17:01:58,2026-08-26 17:01:58
5,RadioTEDU Jazz,/cazz,configured_stream,51724,Peace of Mind / Dreams Come True,Samara Joy,,,,,,,426.0,H:\RadioTEDU Songs\Jazz\Samara Joy\Portrait\04 Peace of Mind _ Dreams Come True.flac,1,1,426.462,2026-08-26 11:36:13,2026-08-26 11:36:13
5,RadioTEDU Jazz,/cazz,configured_stream,51598,People Make the World Go 'Round,Marcus Miller,,,,,,,667.119,H:\RadioTEDU Songs\Jazz\Marcus Miller\The Ozell Tapes_ The Official Bootleg\2-06 Marcus Miller - People Make the World Go 'Round.mp3,1,1,668.203,2026-08-26 13:01:31,2026-08-26 13:01:31
5,RadioTEDU Jazz,/cazz,configured_stream,45318,Perfect (Saxophone Instrumental),Samuel Solís,,,,,,,263.75,H:\RadioTEDU Songs\Jazz\Samuel Solís - Perfect (Saxophone Instrumental).flac,1,1,261.024,2026-08-26 05:53:40,2026-08-26 05:53:40
5,RadioTEDU Jazz,/cazz,configured_stream,51470,Pourquoi pas moi ?,Fredrika Stahl,,,,,,,219.08,H:\RadioTEDU Songs\Jazz\Fredrika Stahl\Tributaries\03 Pourquoi pas moi _.mp3,1,1,219.149,2026-08-26 19:15:07,2026-08-26 19:15:07
5,RadioTEDU Jazz,/cazz,configured_stream,51588,Power,Marcus Miller,,,,,,,363.132,H:\RadioTEDU Songs\Jazz\Marcus Miller\The Ozell Tapes_ The Official Bootleg\1-02 Marcus Miller - Power.mp3,1,1,361.265,2026-08-26 04:58:05,2026-08-26 04:58:05
5,RadioTEDU Jazz,/cazz,configured_stream,51187,Quiet Now,Bill Evans,,,,,,,373.946,H:\RadioTEDU Songs\Jazz\Bill Evans\At the Montreux Jazz Festival\10 Quiet Now.mp3,1,1,377.46,2026-08-26 14:01:27,2026-08-26 14:01:27
5,RadioTEDU Jazz,/cazz,configured_stream,51817,Ran Kan Kan,Tito Puente,,,,,,,315.203,H:\RadioTEDU Songs\Jazz\Tito Puente\Party with Puente!\05 Ran Kan Kan.mp3,1,1,313.017,2026-08-26 03:02:52,2026-08-26 03:02:52
5,RadioTEDU Jazz,/cazz,configured_stream,51143,Romain,Bill Evans & Jim Hall,,,,,,,321.533,H:\RadioTEDU Songs\Jazz\Bill Evans & Jim Hall\Undercurrent\04 Romain.mp3,1,1,321.42,2026-08-26 07:02:24,2026-08-26 07:02:24
5,RadioTEDU Jazz,/cazz,configured_stream,51795,Roxanne,Sting & Gil Evans,,,,,,,316.429,H:\RadioTEDU Songs\Jazz\Sting & Gil Evans\Last Session\09 Roxanne.mp3,1,1,314.882,2026-08-26 14:14:48,2026-08-26 14:14:48
5,RadioTEDU Jazz,/cazz,configured_stream,51723,Rumba Roy,Roy Hargrove,,,,,,,412.627,H:\RadioTEDU Songs\Jazz\Roy Hargrove\Grande-Terre\01 Rumba Roy.flac,1,1,410.578,2026-08-26 04:40:51,2026-08-26 04:40:51
5,RadioTEDU Jazz,/cazz,configured_stream,51241,Santa Claus Is Coming to Town,Bill Evans,,,,,,,265.329,H:\RadioTEDU Songs\Jazz\Bill Evans\Trio 64\04 Santa Claus Is Coming to Town.mp3,1,1,264.159,2026-08-26 07:51:41,2026-08-26 07:51:41
5,RadioTEDU Jazz,/cazz,configured_stream,51444,September Second (Live),Michel Petrucciani,,,,,,,319.303,H:\RadioTEDU Songs\Jazz\Frank Sinatra\Hi-Res Masters_ 50 Jazz Tracks to Test Your Speakers\17 Michel Petrucciani - September Second (Live).flac,1,1,317.86,2026-08-26 22:26:03,2026-08-26 22:26:03
5,RadioTEDU Jazz,/cazz,configured_stream,51274,Skylark,Cassandra Wilson,,,,,,,248.693,H:\RadioTEDU Songs\Jazz\Cassandra Wilson\New Moon Daughter\05 Skylark.mp3,1,1,245.913,2026-08-26 07:28:59,2026-08-26 07:28:59
5,RadioTEDU Jazz,/cazz,configured_stream,52349,Slums of Monte Carlo,De‐Phazz,,,,,,,200.824,H:\RadioTEDU Songs\Jazz\De‐Phazz\Lala 2.0\07 Slums of Monte Carlo.mp3,1,1,200.659,2026-08-26 10:08:50,2026-08-26 10:08:50
5,RadioTEDU Jazz,/cazz,configured_stream,51589,So What,Marcus Miller,,,,,,,531.282,H:\RadioTEDU Songs\Jazz\Marcus Miller\The Ozell Tapes_ The Official Bootleg\1-03 Marcus Miller - So What.mp3,1,1,531.177,2026-08-26 13:27:10,2026-08-26 13:27:10
5,RadioTEDU Jazz,/cazz,configured_stream,51306,Solar,Chet Baker,,,,,,,351.403,H:\RadioTEDU Songs\Jazz\Chet Baker\Chet Baker in New York\04 Solar.mp3,1,1,351.215,2026-08-26 16:19:03,2026-08-26 16:19:03
5,RadioTEDU Jazz,/cazz,configured_stream,51251,Solitude,Billie Holiday,,,,,,,195.166,H:\RadioTEDU Songs\Jazz\Billie Holiday\Greatest Hits\09 Solitude.mp3,1,1,192.578,2026-08-26 17:36:19,2026-08-26 17:36:19
5,RadioTEDU Jazz,/cazz,configured_stream,51507,Some Enchanted Evening,"Harry Connick, Jr.",,,,,,,246.669,"H:\RadioTEDU Songs\Jazz\Harry Connick, Jr_\Your Songs\10 Some Enchanted Evening.mp3",1,1,248.352,2026-08-26 06:42:15,2026-08-26 06:42:15
5,RadioTEDU Jazz,/cazz,configured_stream,51638,Some Lessons,Melody Gardot,,,,,,,346.813,H:\RadioTEDU Songs\Jazz\Melody Gardot\Some Lessons\06 Some Lessons.flac,1,1,344.091,2026-08-26 19:11:28,2026-08-26 19:11:28
5,RadioTEDU Jazz,/cazz,configured_stream,51494,Song of the Volga Boatmen,Glenn Miller,,,,,,,206.843,H:\RadioTEDU Songs\Jazz\Glenn Miller\Jazz Moods - Hot\12 Song of the Volga Boatmen.mp3,1,1,207.792,2026-08-26 04:33:48,2026-08-26 04:33:48
5,RadioTEDU Jazz,/cazz,configured_stream,51832,Soon,Yehudi Menuhin & Stéphane Grappelli,,,,,,,232.101,H:\RadioTEDU Songs\Jazz\Yehudi Menuhin & Stéphane Grappelli\Menuhin & Grappelli Play\1-02 Soon (1).mp3,1,1,231.914,2026-08-26 07:47:06,2026-08-26 07:47:06
5,RadioTEDU Jazz,/cazz,configured_stream,51449,Source,Nubya Garcia,,,,,,,728.339,H:\RadioTEDU Songs\Jazz\Frank Sinatra\Hi-Res Masters_ 50 Jazz Tracks to Test Your Speakers\30 Nubya Garcia - Source.flac,1,1,728.327,2026-08-26 17:54:04,2026-08-26 17:54:04
5,RadioTEDU Jazz,/cazz,configured_stream,51353,South Seas,Dave Pike,,,,,,,158.907,H:\RadioTEDU Songs\Jazz\Dave Pike\Manhattan Latin\09 South Seas.mp3,1,1,158.908,2026-08-26 08:03:42,2026-08-26 08:03:42
5,RadioTEDU Jazz,/cazz,configured_stream,51185,Spoken Introduction,Bill Evans,,,,,,,57.473,H:\RadioTEDU Songs\Jazz\Bill Evans\At the Montreux Jazz Festival\01 Spoken Introduction.mp3,1,1,57.988,2026-08-26 03:45:18,2026-08-26 03:45:18
5,RadioTEDU Jazz,/cazz,configured_stream,51382,Squeeze Me,Duke Ellington & Johnny Hodges,,,,,,,278.521,H:\RadioTEDU Songs\Jazz\Duke Ellington & Johnny Hodges\Side by Side\02 Squeeze Me.mp3,1,1,276.07,2026-08-26 15:45:38,2026-08-26 15:45:38
5,RadioTEDU Jazz,/cazz,configured_stream,51733,St. Thomas,"Sonny Rollins feat. Tommy Flanagan, Doug Watkins, Max Roach",,,,,,,406.922,"H:\RadioTEDU Songs\Jazz\Sonny Rollins feat. Tommy Flanagan, Doug Watkins, Max Roach\Saxophone Colossus (Rudy van Gelder remaster)\01 St. Thomas.mp3",1,1,404.183,2026-08-26 05:11:19,2026-08-26 05:11:19
5,RadioTEDU Jazz,/cazz,configured_stream,52340,Stompin' at the Savoy,Benny Goodman and His Orchestra,,,,,,,195.533,H:\RadioTEDU Songs\Jazz\Benny Goodman\B.G. in Hi-Fi\11 Benny Goodman and His Orchestra - Stompin' at the Savoy.flac,1,1,192.832,2026-08-26 16:26:20,2026-08-26 16:26:20
5,RadioTEDU Jazz,/cazz,configured_stream,51381,Stompy Jones,Duke Ellington & Johnny Hodges,,,,,,,401.035,H:\RadioTEDU Songs\Jazz\Duke Ellington & Johnny Hodges\Side by Side\01 Stompy Jones.mp3,1,1,398.306,2026-08-26 07:16:41,2026-08-26 07:16:41
5,RadioTEDU Jazz,/cazz,configured_stream,51137,Stormy Weather,Ben Webster,,,,,,,441.786,H:\RadioTEDU Songs\Jazz\Ben Webster\Stormy Weather\09 Stormy Weather.mp3,1,1,442.335,2026-08-26 09:11:23,2026-08-26 09:11:23
5,RadioTEDU Jazz,/cazz,configured_stream,51114,Summertime,Al Jarreau,,,,,,,377.571,H:\RadioTEDU Songs\Jazz\Al Jarreau\Tenderness\06 Al Jarreau - Summertime.mp3,1,1,377.513,2026-08-26 22:03:45,2026-08-26 22:03:45
5,RadioTEDU Jazz,/cazz,configured_stream,51394,Summertime,Ella Fitzgerald & Louis Armstrong,,,,,,,298.994,H:\RadioTEDU Songs\Jazz\Ella Fitzgerald & Louis Armstrong\Ella & Louis\2-15 Summertime.mp3,1,1,296.075,2026-08-26 16:00:37,2026-08-26 16:00:37
5,RadioTEDU Jazz,/cazz,configured_stream,51361,Sway (Quien sera),Dean Martin,,,,,,,164.232,H:\RadioTEDU Songs\Jazz\Dean Martin\The Very Best of Dean Martin\06 Sway (Quien sera).mp3,1,1,164.203,2026-08-26 13:54:57,2026-08-26 13:54:57
5,RadioTEDU Jazz,/cazz,configured_stream,51539,Tainted Love,Karen Souza & The Stella Starling Trio,,,,,,,193.938,H:\RadioTEDU Songs\Jazz\Karen Souza\Essentials\04 Karen Souza & The Stella Starling Trio - Tainted Love.mp3,1,1,194.82,2026-08-26 17:08:34,2026-08-26 17:08:34
5,RadioTEDU Jazz,/cazz,configured_stream,51796,Tea in the Sahara,Sting & Gil Evans,,,,,,,521.229,H:\RadioTEDU Songs\Jazz\Sting & Gil Evans\Last Session\10 Tea in the Sahara.mp3,1,1,519.63,2026-08-26 04:27:31,2026-08-26 04:27:31
5,RadioTEDU Jazz,/cazz,configured_stream,51138,Teach Me Tonight,Ben Webster,,,,,,,169.172,H:\RadioTEDU Songs\Jazz\Ben Webster\Stormy Weather\10 Teach Me Tonight.mp3,1,1,169.279,2026-08-26 14:37:39,2026-08-26 14:37:39
5,RadioTEDU Jazz,/cazz,configured_stream,51429,Technically Acceptable,Ethan Iverson,,,,,,,258.508,H:\RadioTEDU Songs\Jazz\Ethan Iverson\Technically Acceptable\03 Technically Acceptable.flac,1,1,255.704,2026-08-26 06:46:40,2026-08-26 06:46:40
5,RadioTEDU Jazz,/cazz,configured_stream,51688,Tell Yer Mama,Norah Jones,,,,,,,205.933,H:\RadioTEDU Songs\Jazz\Norah Jones\The Fall\1-12 Tell Yer Mama.mp3,1,1,207.251,2026-08-26 20:59:50,2026-08-26 20:59:50
5,RadioTEDU Jazz,/cazz,configured_stream,51365,The Boy From Ipanema,Diana Krall,,,,,,,294.507,H:\RadioTEDU Songs\Jazz\Diana Krall\Quiet Nights\04 The Boy From Ipanema.mp3,1,1,291.853,2026-08-26 06:05:00,2026-08-26 06:05:00
5,RadioTEDU Jazz,/cazz,configured_stream,51193,The Dolphin - After,Bill Evans,,,,,,,191.467,H:\RadioTEDU Songs\Jazz\Bill Evans\From Left to Right\06 The Dolphin - After.mp3,1,1,188.867,2026-08-26 10:12:08,2026-08-26 10:12:08
5,RadioTEDU Jazz,/cazz,configured_stream,52375,The Girl From Ipanema,Kenny G feat. Bebel Gilberto,,,,,,,242.184,H:\RadioTEDU Songs\Jazz\Kenny G\Classics in the Key of G\06 Kenny G feat. Bebel Gilberto - The Girl From Ipanema.flac,1,1,242.187,2026-08-26 06:29:25,2026-08-26 06:29:25
5,RadioTEDU Jazz,/cazz,configured_stream,52370,The Joy of Life,Kenny G,,,,,,,260.76,H:\RadioTEDU Songs\Jazz\Kenny G\Breathless\01 Kenny G - The Joy of Life.flac,1,1,258.054,2026-08-26 14:05:49,2026-08-26 14:05:49
5,RadioTEDU Jazz,/cazz,configured_stream,52411,The Look of Love,Kenny G,,,,,,,315.293,H:\RadioTEDU Songs\Jazz\Kenny G\Ultimate Kenny G\05 Kenny G - The Look of Love.flac,1,1,312.402,2026-08-26 12:34:53,2026-08-26 12:34:53
5,RadioTEDU Jazz,/cazz,configured_stream,52379,The Moment,Kenny G,,,,,,,283.16,H:\RadioTEDU Songs\Jazz\Kenny G\Greatest Hits\1-06 Kenny G - The Moment.flac,1,1,280.556,2026-08-26 11:15:20,2026-08-26 11:15:20
5,RadioTEDU Jazz,/cazz,configured_stream,51402,The Nearness of You,Ella Fitzgerald and Louis Armstrong,,,,,,,337.25,H:\RadioTEDU Songs\Jazz\Ella Fitzgerald and Louis Armstrong\Ella and Louis\10 The Nearness of You.flac,1,1,337.29,2026-08-26 17:41:56,2026-08-26 17:41:56
5,RadioTEDU Jazz,/cazz,configured_stream,51556,The Nearness of You,Kenny Barron,,,,,,,394.653,H:\RadioTEDU Songs\Jazz\Kenny Barron\Beyond This Place\01 The Nearness of You.flac,1,1,395.651,2026-08-26 16:32:55,2026-08-26 16:32:55
5,RadioTEDU Jazz,/cazz,configured_stream,51311,The Night We Called It a Day,Chet Baker,,,,,,,142.602,H:\RadioTEDU Songs\Jazz\Chet Baker\Embraceable You\01 The Night We Called It a Day.mp3,1,1,140.538,2026-08-26 15:30:15,2026-08-26 15:30:15
5,RadioTEDU Jazz,/cazz,configured_stream,51291,The People United Will Never Be Defeated,Charlie Haden & Carla Bley,,,,,,,100.067,H:\RadioTEDU Songs\Jazz\Charlie Haden & Carla Bley\The Ballad of the Fallen\06 The People United Will Never Be Defeated.mp3,1,1,101.018,2026-08-26 14:47:26,2026-08-26 14:47:26
5,RadioTEDU Jazz,/cazz,configured_stream,51493,The Rhumba Jumps,Glenn Miller,,,,,,,170.768,H:\RadioTEDU Songs\Jazz\Glenn Miller\Jazz Moods - Hot\11 The Rhumba Jumps.mp3,1,1,168.103,2026-08-26 08:38:06,2026-08-26 08:38:06
5,RadioTEDU Jazz,/cazz,configured_stream,51126,The Seventh,Avishai Cohen,,,,,,,198.118,H:\RadioTEDU Songs\Jazz\Avishai Cohen\Ashes to Gold\07 The Seventh.flac,1,1,195.288,2026-08-26 09:51:24,2026-08-26 09:51:24
5,RadioTEDU Jazz,/cazz,configured_stream,51558,The Sidewinder,Lee Morgan,,,,,,,627.549,H:\RadioTEDU Songs\Jazz\Lee Morgan\The Sidewinder\01 The Sidewinder (1).flac,1,1,627.512,2026-08-26 19:01:05,2026-08-26 19:01:05
5,RadioTEDU Jazz,/cazz,configured_stream,51615,The Solitary Seeker,Melissa Aldana,,,,,,,368.402,H:\RadioTEDU Songs\Jazz\Melissa Aldana\Echoes of the Inner Prophet\04 The Solitary Seeker.flac,1,1,372.514,2026-08-26 15:40:52,2026-08-26 15:40:52
5,RadioTEDU Jazz,/cazz,configured_stream,51771,The Tender Trap,Stacey Kent,,,,,,,282.209,H:\RadioTEDU Songs\Jazz\Stacey Kent\The Tender Trap\01 The Tender Trap.mp3,1,1,280.198,2026-08-26 06:22:56,2026-08-26 06:22:56
5,RadioTEDU Jazz,/cazz,configured_stream,51253,The Very Thought of You,Billie Holiday,,,,,,,167.476,H:\RadioTEDU Songs\Jazz\Billie Holiday\Greatest Hits\12 The Very Thought of You.mp3,1,1,164.712,2026-08-26 17:11:29,2026-08-26 17:11:29
5,RadioTEDU Jazz,/cazz,configured_stream,51439,The Way You Look Tonight,Frank Sinatra,,,,,,,201.677,"H:\RadioTEDU Songs\Jazz\Frank Sinatra\Frank Sinatra Sings Days of Wine and Roses, Moon River and Other Academy Award Winners\03 The Way You Look Tonight.flac",1,1,198.974,2026-08-26 13:18:18,2026-08-26 13:18:18
5,RadioTEDU Jazz,/cazz,configured_stream,51829,The Way You Look Tonight,Yehudi Menuhin & Stéphane Grappelli,,,,,,,222.227,H:\RadioTEDU Songs\Jazz\Yehudi Menuhin & Stéphane Grappelli - Arranged And Conducted By Nelson Riddle\Top Hat (Songs Made Famous By Fred Astaire)\02 The Way You Look Tonight.mp3,1,1,223.798,2026-08-26 09:15:06,2026-08-26 09:15:06
5,RadioTEDU Jazz,/cazz,configured_stream,51797,There Comes a Time,Sting & Gil Evans,,,,,,,277.947,H:\RadioTEDU Songs\Jazz\Sting & Gil Evans\Strange Fruit\08 There Comes a Time.mp3,1,1,275.383,2026-08-26 09:36:20,2026-08-26 09:36:20
5,RadioTEDU Jazz,/cazz,configured_stream,51741,There's a Lull in My Life,Stacey Kent,,,,,,,266.614,H:\RadioTEDU Songs\Jazz\Stacey Kent\Close Your Eyes\04 There's a Lull in My Life.mp3,1,1,263.889,2026-08-26 20:56:22,2026-08-26 20:56:22
5,RadioTEDU Jazz,/cazz,configured_stream,51855,These Foolish Things,Yehudi Menuhin & Stéphane Grappelli,,,,,,,265.355,H:\RadioTEDU Songs\Jazz\Yehudi Menuhin & Stéphane Grappelli\Menuhin & Grappelli Play\1-16 These Foolish Things (1).mp3,1,1,265.264,2026-08-26 03:07:19,2026-08-26 03:07:19
5,RadioTEDU Jazz,/cazz,configured_stream,51856,These Foolish Things,Yehudi Menuhin & Stéphane Grappelli,,,,,,,265.355,H:\RadioTEDU Songs\Jazz\Yehudi Menuhin & Stéphane Grappelli\Menuhin & Grappelli Play\1-16 These Foolish Things.mp3,1,1,262.65,2026-08-26 15:34:40,2026-08-26 15:34:40
5,RadioTEDU Jazz,/cazz,configured_stream,51769,They All Laughed,Stacey Kent,,,,,,,270.059,H:\RadioTEDU Songs\Jazz\Stacey Kent\Let Yourself Go_ Celebrating Fred Astaire\05 They All Laughed.mp3,1,1,267.91,2026-08-26 12:26:27,2026-08-26 12:26:27
5,RadioTEDU Jazz,/cazz,configured_stream,51782,They All Laughed,Stacey Kent,,,,,,,241.144,H:\RadioTEDU Songs\Jazz\Stacey Kent\The Tender Trap\10 They All Laughed.mp3,1,1,239.104,2026-08-26 19:41:58,2026-08-26 19:41:58
5,RadioTEDU Jazz,/cazz,configured_stream,51848,They Can't Take That Away From Me,Yehudi Menuhin & Stéphane Grappelli,,,,,,,292.862,H:\RadioTEDU Songs\Jazz\Yehudi Menuhin & Stéphane Grappelli\Menuhin & Grappelli Play\1-11 They Can't Take That Away From Me.mp3,1,1,290.006,2026-08-26 08:25:03,2026-08-26 08:25:03
5,RadioTEDU Jazz,/cazz,configured_stream,51780,They Say It's Wonderful,Stacey Kent,,,,,,,297.36,H:\RadioTEDU Songs\Jazz\Stacey Kent\The Tender Trap\08 They Say It's Wonderful.mp3,1,1,297.478,2026-08-26 04:48:26,2026-08-26 04:48:26
5,RadioTEDU Jazz,/cazz,configured_stream,51524,They Say It’s Wonderful,John Coltrane Quartet,,,,,,,182.627,H:\RadioTEDU Songs\Jazz\John Coltrane Quartet\Ballads\2-01 They Say It’s Wonderful.flac,1,1,182.769,2026-08-26 09:54:26,2026-08-26 09:54:26
5,RadioTEDU Jazz,/cazz,configured_stream,51671,Thinking About You,Norah Jones,,,,,,,200.6,H:\RadioTEDU Songs\Jazz\Norah Jones\Not Too Late\06 Thinking About You.mp3,1,1,197.842,2026-08-26 14:32:24,2026-08-26 14:32:24
5,RadioTEDU Jazz,/cazz,configured_stream,51513,Transfiguration,James Brandon Lewis Quartet,,,,,,,424.066,H:\RadioTEDU Songs\Jazz\James Brandon Lewis Quartet\Transfiguration\01 Transfiguration.flac,1,1,422.661,2026-08-26 22:33:06,2026-08-26 22:33:06
5,RadioTEDU Jazz,/cazz,configured_stream,51492,Tuxedo Junction,Glenn Miller,,,,,,,209.22,H:\RadioTEDU Songs\Jazz\Glenn Miller\Jazz Moods - Hot\10 Tuxedo Junction.mp3,1,1,207.009,2026-08-26 04:52:04,2026-08-26 04:52:04
5,RadioTEDU Jazz,/cazz,configured_stream,51656,Unforgettable,Nat King Cole,,,,,,,193.333,H:\RadioTEDU Songs\Jazz\Nat King Cole\Unforgettable\01 Unforgettable.flac,1,1,190.475,2026-08-26 12:38:03,2026-08-26 12:38:03
5,RadioTEDU Jazz,/cazz,configured_stream,51278,Until,Cassandra Wilson,,,,,,,390.333,H:\RadioTEDU Songs\Jazz\Cassandra Wilson\New Moon Daughter\09 Until.mp3,1,1,387.661,2026-08-26 14:56:50,2026-08-26 14:56:50
5,RadioTEDU Jazz,/cazz,configured_stream,51356,Vikki,Dave Pike,,,,,,,326.227,H:\RadioTEDU Songs\Jazz\Dave Pike\Manhattan Latin\12 Vikki.mp3,1,1,325.757,2026-08-26 17:59:45,2026-08-26 17:59:45
5,RadioTEDU Jazz,/cazz,configured_stream,51366,Walk On By,Diana Krall,,,,,,,303.013,H:\RadioTEDU Songs\Jazz\Diana Krall\Quiet Nights\05 Walk On By.mp3,1,1,303.184,2026-08-26 09:31:35,2026-08-26 09:31:35
5,RadioTEDU Jazz,/cazz,configured_stream,52355,Walk With Love,De‐Phazz,,,,,,,198.678,H:\RadioTEDU Songs\Jazz\De‐Phazz\Lala 2.0\13 Walk With Love.mp3,1,1,198.359,2026-08-26 09:26:31,2026-08-26 09:26:31
5,RadioTEDU Jazz,/cazz,configured_stream,51227,Walking Up,Bill Evans,,,,,,,299.627,H:\RadioTEDU Songs\Jazz\Bill Evans\The Complete Riverside Recordings\07-13 Walking Up.mp3,1,1,296.765,2026-08-26 03:19:04,2026-08-26 03:19:04
5,RadioTEDU Jazz,/cazz,configured_stream,51694,Wave,Oscar Peterson,,,,,,,360.298,H:\RadioTEDU Songs\Jazz\Oscar Peterson\Motions and Emotions\06 Wave.mp3,1,1,357.514,2026-08-26 19:47:57,2026-08-26 19:47:57
5,RadioTEDU Jazz,/cazz,configured_stream,51823,West Coast Blues,Wes Montgomery,,,,,,,447.041,H:\RadioTEDU Songs\Jazz\Wes Montgomery\The Incredible Jazz Guitar of Wes Montgomery\05 West Coast Blues.mp3,1,1,447.002,2026-08-26 19:55:24,2026-08-26 19:55:24
5,RadioTEDU Jazz,/cazz,configured_stream,51567,When You’re Smiling (The Whole World Smiles with You),Louis Armstrong,,,,,,,243.801,H:\RadioTEDU Songs\Jazz\Louis Armstrong\Highlights From His Decca Years\2-15 When You’re Smiling (The Whole World Smiles with You).flac,1,1,242.603,2026-08-26 20:41:39,2026-08-26 20:41:39
5,RadioTEDU Jazz,/cazz,configured_stream,51820,While We're Young,Wes Montgomery,,,,,,,138.0,H:\RadioTEDU Songs\Jazz\Wes Montgomery\So Much Guitar!\07 While We're Young.flac,1,1,138.077,2026-08-26 07:34:42,2026-08-26 07:34:42
5,RadioTEDU Jazz,/cazz,configured_stream,51160,Who Can I Turn To?,Bill Evans Trio,,,,,,,479.267,H:\RadioTEDU Songs\Jazz\Bill Evans Trio\In Buenos Aires - Vol. 1\03 Who Can I Turn To_.mp3,1,1,476.554,2026-08-26 09:23:13,2026-08-26 09:23:13
5,RadioTEDU Jazz,/cazz,configured_stream,51535,Why Don't You Do Right,Julie London,,,,,,,140.027,H:\RadioTEDU Songs\Jazz\Julie London\Whatever Julie Wants\01 Why Don't You Do Right.flac,1,1,139.949,2026-08-26 05:59:58,2026-08-26 05:59:58
5,RadioTEDU Jazz,/cazz,configured_stream,51633,Wicked Ride,Melody Gardot,,,,,,,204.08,H:\RadioTEDU Songs\Jazz\Melody Gardot\Some Lessons\01 Wicked Ride.flac,1,1,202.137,2026-08-26 05:14:41,2026-08-26 05:14:41
5,RadioTEDU Jazz,/cazz,configured_stream,51331,Wonderland,Daniel García Trio,,,,,,,368.267,H:\RadioTEDU Songs\Jazz\Daniel García Trio\Wonderland\03 Wonderland.flac,1,1,368.351,2026-08-26 21:27:21,2026-08-26 21:27:21
5,RadioTEDU Jazz,/cazz,configured_stream,52338,Words,Bebel Gilberto,,,,,,,150.103,H:\RadioTEDU Songs\Jazz\Bebel Gilberto\Momento\11 Bebel Gilberto - Words (1).mp3,1,1,149.877,2026-08-26 21:07:03,2026-08-26 21:07:03
5,RadioTEDU Jazz,/cazz,configured_stream,51727,Words Can't Describe,Sarah Vaughan and Her Trio,,,,,,,275.6,H:\RadioTEDU Songs\Jazz\Sarah Vaughan and Her Trio\Swingin' Easy\06 Words Can't Describe.flac,1,1,272.739,2026-08-26 18:15:07,2026-08-26 18:15:07
5,RadioTEDU Jazz,/cazz,configured_stream,51542,Yesterday,Katie Noonan,,,,,,,316.547,H:\RadioTEDU Songs\Jazz\Katie Noonan\Blackbird_ The Music of Lennon & McCartney\02 Yesterday.mp3,1,1,314.555,2026-08-26 21:32:53,2026-08-26 21:32:53
5,RadioTEDU Jazz,/cazz,configured_stream,51201,Yet Never Broken,Bill Evans,,,,,,,388.052,H:\RadioTEDU Songs\Jazz\Bill Evans\His Last Concert in Germany\02 Yet Never Broken.mp3,1,1,385.23,2026-08-26 18:45:40,2026-08-26 18:45:40
5,RadioTEDU Jazz,/cazz,configured_stream,51210,You and the Night and the Music,Bill Evans,,,,,,,424.589,H:\RadioTEDU Songs\Jazz\Bill Evans\Interplay\01 You and the Night and the Music.mp3,1,1,421.892,2026-08-26 05:25:59,2026-08-26 05:25:59
5,RadioTEDU Jazz,/cazz,configured_stream,51734,You Don't Know What Love Is,Sonny Rollins,,,,,,,389.752,H:\RadioTEDU Songs\Jazz\Sonny Rollins\Saxophone Colossus\02 You Don't Know What Love Is.mp3,1,1,389.74,2026-08-26 22:20:36,2026-08-26 22:20:36
5,RadioTEDU Jazz,/cazz,configured_stream,51116,You Don’t See Me,Al Jarreau,,,,,,,326.896,H:\RadioTEDU Songs\Jazz\Al Jarreau\Tenderness\09 Al Jarreau - You Don’t See Me.mp3,1,1,324.008,2026-08-26 07:40:16,2026-08-26 07:40:16
5,RadioTEDU Jazz,/cazz,configured_stream,51458,You Make Me Feel So Young,Frank Sinatra,,,,,,,177.4,H:\RadioTEDU Songs\Jazz\Frank Sinatra\Songs for Swingin’ Lovers!\01 You Make Me Feel So Young.flac,1,1,177.589,2026-08-26 18:02:43,2026-08-26 18:02:43
5,RadioTEDU Jazz,/cazz,configured_stream,51338,You Make Me Smile,Dave Koz,,,,,,,257.599,H:\RadioTEDU Songs\Jazz\Dave Koz\Lucky Man\02 Dave Koz - You Make Me Smile.mp3,1,1,257.83,2026-08-26 11:48:36,2026-08-26 11:48:36
5,RadioTEDU Jazz,/cazz,configured_stream,51864,Young & Holtful,Young–Holt Unlimited,,,,,,,173.147,H:\RadioTEDU Songs\Jazz\Young–Holt Unlimited\Definitive Young-Holt Unlimited\19 Young & Holtful.flac,1,1,173.581,2026-08-26 10:20:17,2026-08-26 10:20:17
5,RadioTEDU Jazz,/cazz,configured_stream,51112,Your Song,Al Jarreau,,,,,,,365.322,H:\RadioTEDU Songs\Jazz\Al Jarreau\Tenderness\03 Al Jarreau - Your Song.mp3,1,1,369.068,2026-08-26 21:13:13,2026-08-26 21:13:13
5,RadioTEDU Jazz,/cazz,configured_stream,51125,Água de beber,Astrud Gilberto,,,,,,,140.533,H:\RadioTEDU Songs\Jazz\Astrud Gilberto\The Astrud Gilberto Album\02 Água de beber.flac,1,1,138.633,2026-08-26 11:56:37,2026-08-26 11:56:37
5,RadioTEDU Jazz,/cazz,configured_stream,51815,’Round Midnight,Thelonious Monk,,,,,,,189.857,"H:\RadioTEDU Songs\Jazz\Thelonious Monk\Genius of Modern Music, Volume One\01 ’Round Midnight.flac",1,1,195.867,2026-08-26 03:56:59,2026-08-26 03:56:59
5,RadioTEDU Jazz,/cazz,configured_stream,51652,’Tis Autumn,Nat King Cole,,,,,,,190.137,H:\RadioTEDU Songs\Jazz\Nat King Cole\Collectors Edition\1-10 ’Tis Autumn.flac,1,1,187.265,2026-08-26 04:03:15,2026-08-26 04:03:15
8,RadioTEDU Rock,/rock,configured_stream,45341,RadioTEDU Rock Jingle,RadioTEDU-Imaging,,,,,,,10.08,H:\RadioTEDU Songs\Ads\Jingles\Rock\radio_tedu_rock_jingle_01.mp3,18,18,226.588,2026-08-26 00:25:40,2026-08-26 23:56:43
8,RadioTEDU Rock,/rock,configured_stream,45342,RadioTEDU Rock Jingle,RadioTEDU-Imaging,,,,,,,10.08,H:\RadioTEDU Songs\Ads\Jingles\Rock\radio_tedu_rock_jingle_02.mp3,18,18,191.073,2026-08-26 00:04:12,2026-08-26 23:32:59
8,RadioTEDU Rock,/rock,configured_stream,45343,RadioTEDU Rock Jingle,RadioTEDU-Imaging,,,,,,,10.08,H:\RadioTEDU Songs\Ads\Jingles\Rock\radio_tedu_rock_jingle_03.mp3,18,18,213.657,2026-08-26 00:13:36,2026-08-26 23:44:53
8,RadioTEDU Rock,/rock,configured_stream,45340,RadioTEDU Rock Jingle,RadioTEDU-Imaging,,,,,,,10.08,H:\RadioTEDU Songs\Ads\Jingles\Rock\radio_tedu_rock_jingle.mp3,17,17,183.5,2026-08-26 01:03:22,2026-08-26 23:07:06
8,RadioTEDU Rock,/rock,configured_stream,45344,RadioTEDU Rock Jingle,RadioTEDU-Imaging,,,,,,,10.08,H:\RadioTEDU Songs\Ads\Jingles\Rock\radio_tedu_rock_jingle_04.mp3,17,17,188.961,2026-08-26 00:38:17,2026-08-26 22:42:39
8,RadioTEDU Rock,/rock,configured_stream,45345,RadioTEDU Rock Jingle,RadioTEDU-Imaging,,,,,,,10.08,H:\RadioTEDU Songs\Ads\Jingles\Rock\radio_tedu_rock_jingle_05.mp3,17,17,178.888,2026-08-26 01:15:45,2026-08-26 23:19:23
8,RadioTEDU Rock,/rock,configured_stream,45346,RadioTEDU Rock Jingle,RadioTEDU-Imaging,,,,,,,10.08,H:\RadioTEDU Songs\Ads\Jingles\Rock\radio_tedu_rock_jingle_06.mp3,17,17,184.236,2026-08-26 00:50:31,2026-08-26 22:55:53
8,RadioTEDU Rock,/rock,configured_stream,51934,505,Arctic Monkeys,,,,,,,253.587,H:\RadioTEDU Songs\Rock\Arctic Monkeys\Favourite Worst Nightmare\12 505.flac,2,2,501.6,2026-08-26 13:22:17,2026-08-26 23:23:34
8,RadioTEDU Rock,/rock,configured_stream,51931,A Horse With No Name,America,,,,,,,226.0,H:\RadioTEDU Songs\Rock\America\Horse With No Name\04 A Horse With No Name.flac,2,2,446.591,2026-08-26 13:35:35,2026-08-26 23:36:42
8,RadioTEDU Rock,/rock,configured_stream,47094,Adore You,LIA LIA,,,,,,,154.686,H:\RadioTEDU Songs\Rock\LIA LIA - Adore You.flac,2,2,320.023,2026-08-26 05:23:49,2026-08-26 21:13:52
8,RadioTEDU Rock,/rock,configured_stream,45424,After,Just Penelope,,,,,,,174.507,H:\RadioTEDU Songs\Rock\Just Penelope - After.flac,2,2,346.244,2026-08-26 16:23:47,2026-08-26 22:29:41
8,RadioTEDU Rock,/rock,configured_stream,52178,All Along the Watchtower,The Jimi Hendrix Experience,,,,,,,244.564,H:\RadioTEDU Songs\Rock\The Jimi Hendrix Experience\Electric Ladyland\15 All Along the Watchtower.flac,2,2,487.054,2026-08-26 09:05:52,2026-08-26 12:40:34
8,RadioTEDU Rock,/rock,configured_stream,52111,Andy's Gotta Bang,Petey USA,,,,,,,322.333,H:\RadioTEDU Songs\Rock\Petey USA\oooo\04 Andy's Gotta Bang.flac,2,2,650.192,2026-08-26 13:31:40,2026-08-26 23:32:48
8,RadioTEDU Rock,/rock,configured_stream,52211,Antidote,Weathers,,,,,,,190.719,H:\RadioTEDU Songs\Rock\Weathers\Antidote\01 Antidote.flac,2,2,379.249,2026-08-26 05:56:17,2026-08-26 21:39:16
8,RadioTEDU Rock,/rock,configured_stream,52095,Baby Kool (Evelyn),Nothing But Thieves,,,,,,,224.2,H:\RadioTEDU Songs\Rock\Nothing But Thieves\Baby Kool (Evelyn)\01 Baby Kool (Evelyn).flac,2,2,454.199,2026-08-26 03:29:05,2026-08-26 14:31:04
8,RadioTEDU Rock,/rock,configured_stream,52133,Bad Apple,Sailor Honeymoon,,,,,,,157.536,H:\RadioTEDU Songs\Rock\Sailor Honeymoon\Sailor Honeymoon\01 Bad Apple.flac,2,2,310.673,2026-08-26 16:01:16,2026-08-26 21:00:30
8,RadioTEDU Rock,/rock,configured_stream,45540,Beaver Pond,Trask,,,,,,,162.111,H:\RadioTEDU Songs\Rock\Trask - Beaver Pond.flac,2,2,318.831,2026-08-26 14:04:25,2026-08-26 23:51:09
8,RadioTEDU Rock,/rock,configured_stream,52196,Behind Blue Eyes,The Who,,,,,,,221.427,H:\RadioTEDU Songs\Rock\The Who\Who’s Next\08 Behind Blue Eyes.flac,2,2,442.56,2026-08-26 13:17:57,2026-08-26 23:19:14
8,RadioTEDU Rock,/rock,configured_stream,52140,Black Hole Sun,Soundgarden,,,,,,,318.587,H:\RadioTEDU Songs\Rock\Soundgarden\Superunknown\07 Black Hole Sun.flac,2,2,634.528,2026-08-26 08:04:44,2026-08-26 12:03:00
8,RadioTEDU Rock,/rock,configured_stream,52421,Black Magic Woman,Santana,,,,,,,196.467,H:\RadioTEDU Songs\Rock\Santana\Santana’s Greatest Hits\06 Black Magic Woman.flac,2,2,390.156,2026-08-26 02:50:06,2026-08-26 12:47:39
8,RadioTEDU Rock,/rock,configured_stream,52144,Born to Be Wild,Steppenwolf,,,,,,,210.373,H:\RadioTEDU Songs\Rock\Steppenwolf\Steppenwolf\05 Born to Be Wild.flac,2,2,420.458,2026-08-26 06:39:06,2026-08-26 22:46:10
8,RadioTEDU Rock,/rock,configured_stream,52027,Breaking the Law,Judas Priest,,,,,,,153.84,H:\RadioTEDU Songs\Rock\Judas Priest\British Steel\03 Breaking the Law.flac,2,2,302.561,2026-08-26 16:35:04,2026-08-26 23:02:04
8,RadioTEDU Rock,/rock,configured_stream,52093,Come as You Are,Nirvana,,,,,,,224.189,H:\RadioTEDU Songs\Rock\Nirvana\Nevermind\03 Come as You Are.flac,2,2,443.22,2026-08-26 03:33:01,2026-08-26 14:57:44
8,RadioTEDU Rock,/rock,configured_stream,52077,Counting Stars,Michelle Malone and Drag the River,,,,,,,283.04,H:\RadioTEDU Songs\Rock\Michelle Malone and Drag the River\Relentless\11 Counting Stars.mp3,2,2,560.48,2026-08-26 03:37:41,2026-08-26 15:15:22
8,RadioTEDU Rock,/rock,configured_stream,52048,Crawling,Linkin Park,,,,,,,216.758,H:\RadioTEDU Songs\Rock\Linkin Park\Crawling.mp3,2,2,431.193,2026-08-26 08:14:24,2026-08-26 12:10:21
8,RadioTEDU Rock,/rock,configured_stream,51906,Crazy Train,,,,,,,,293.183,H:\RadioTEDU Songs\Rock\065 - Crazy Train.mp3,2,2,584.823,2026-08-26 13:00:27,2026-08-26 23:06:57
8,RadioTEDU Rock,/rock,configured_stream,52100,Crazy Train,Ozzy Osbourne,,,,,,,293.183,H:\RadioTEDU Songs\Rock\Ozzy Osbourne\The Essential Ozzy Osbourne\1-01 Ozzy Osbourne - Crazy Train.flac,2,2,581.03,2026-08-26 13:09:17,2026-08-26 23:15:33
8,RadioTEDU Rock,/rock,configured_stream,52026,Don’t Stop Believin’,Journey,,,,,,,248.2,H:\RadioTEDU Songs\Rock\Journey\Escape\01 Don’t Stop Believin’.flac,2,2,491.994,2026-08-26 03:47:00,2026-08-26 15:28:10
8,RadioTEDU Rock,/rock,configured_stream,51987,Dreams,Fleetwood Mac,,,,,,,257.8,H:\RadioTEDU Songs\Rock\Fleetwood Mac\Rumours\02 Dreams.flac,2,2,515.442,2026-08-26 05:53:06,2026-08-26 21:35:58
8,RadioTEDU Rock,/rock,configured_stream,52155,Edge of Seventeen,Stevie Nicks,,,,,,,329.413,H:\RadioTEDU Songs\Rock\Stevie Nicks\Bella Donna\1-06 Stevie Nicks - Edge of Seventeen.flac,2,2,654.746,2026-08-26 07:44:18,2026-08-26 11:49:02
8,RadioTEDU Rock,/rock,configured_stream,51877,Figurative Theater,,,,,,,,161.8,H:\RadioTEDU Songs\Rock\028 - Figurative Theater.mp3,2,2,321.798,2026-08-26 05:45:27,2026-08-26 21:28:24
8,RadioTEDU Rock,/rock,configured_stream,51932,For You,Anti-Nowhere League,,,,,,,208.724,H:\RadioTEDU Songs\Rock\Anti-Nowhere League\For You\11 For You.mp3,2,2,418.592,2026-08-26 09:09:21,2026-08-26 12:44:03
8,RadioTEDU Rock,/rock,configured_stream,51927,Garden,Alabama Shakes,,,,,,,299.042,H:\RadioTEDU Songs\Rock\Alabama Shakes\Garden\01 Garden.flac,2,2,592.868,2026-08-26 08:22:08,2026-08-26 12:15:17
8,RadioTEDU Rock,/rock,configured_stream,51868,Goo Goo Muck,The Cramps,,,,,,,186.178,H:\RadioTEDU Songs\Rock\001 - The Cramps - Goo Goo Muck (Lyric Video).mp3,2,2,369.816,2026-08-26 06:23:17,2026-08-26 22:20:03
8,RadioTEDU Rock,/rock,configured_stream,52167,Good Times Roll,The Cars,,,,,,,225.227,H:\RadioTEDU Songs\Rock\The Cars\The Elektra Years_ 1978–1987\1-01 Good Times Roll.flac,2,2,449.502,2026-08-26 07:48:02,2026-08-26 11:52:51
8,RadioTEDU Rock,/rock,configured_stream,47097,Gut,Gliiico,,,,,,,145.267,H:\RadioTEDU Songs\Rock\Gliiico - Gut.flac,2,2,285.87,2026-08-26 06:20:14,2026-08-26 22:16:54
8,RadioTEDU Rock,/rock,configured_stream,51990,Hanging Out to Dry,Florence Road,,,,,,,210.133,H:\RadioTEDU Songs\Rock\Florence Road\Hanging Out to Dry\01 Hanging Out to Dry.flac,2,2,414.793,2026-08-26 05:17:33,2026-08-26 21:07:24
8,RadioTEDU Rock,/rock,configured_stream,52108,Hit Me With Your Best Shot,Pat Benatar,,,,,,,172.467,H:\RadioTEDU Songs\Rock\Pat Benatar\Crimes of Passion\04 Hit Me With Your Best Shot.flac,2,2,361.003,2026-08-26 05:39:02,2026-08-26 21:21:34
8,RadioTEDU Rock,/rock,configured_stream,52136,Home Again,Shihad,,,,,,,225.045,H:\RadioTEDU Songs\Rock\Shihad\Shihad\01 Home Again.flac,2,2,444.52,2026-08-26 05:21:15,2026-08-26 21:11:07
8,RadioTEDU Rock,/rock,configured_stream,52024,I Hate Myself for Loving You,Joan Jett and the Blackhearts,,,,,,,246.8,H:\RadioTEDU Songs\Rock\Joan Jett and the Blackhearts\Up Your Alley\01 I Hate Myself for Loving You.flac,2,2,495.356,2026-08-26 03:25:14,2026-08-26 14:27:08
8,RadioTEDU Rock,/rock,configured_stream,52106,I'll Be Okay,Paperback Tragedy,,,,,,,131.691,H:\RadioTEDU Songs\Rock\Paperback Tragedy\Threeshe!\08 I'll Be Okay.mp3,2,2,260.464,2026-08-26 08:43:42,2026-08-26 12:23:41
8,RadioTEDU Rock,/rock,configured_stream,52166,Just What I Needed,The Cars,,,,,,,225.627,H:\RadioTEDU Songs\Rock\The Cars\The Cars\03 Just What I Needed.flac,2,2,448.474,2026-08-26 06:02:36,2026-08-26 21:45:27
8,RadioTEDU Rock,/rock,configured_stream,52194,Last Nite,The Strokes,,,,,,,193.507,H:\RadioTEDU Songs\Rock\The Strokes\Is This It\07 Last Nite.flac,2,2,382.515,2026-08-26 08:41:31,2026-08-26 12:21:32
8,RadioTEDU Rock,/rock,configured_stream,51979,Life in the Fast Lane,Eagles,,,,,,,285.803,H:\RadioTEDU Songs\Rock\Eagles\Hotel California\03 Life in the Fast Lane.flac,2,2,571.359,2026-08-26 07:52:52,2026-08-26 11:57:44
8,RadioTEDU Rock,/rock,configured_stream,52172,Light My Fire,The Doors,,,,,,,429.76,H:\RadioTEDU Songs\Rock\The Doors\The Doors\06 Light My Fire.flac,2,2,854.135,2026-08-26 06:46:23,2026-08-26 22:53:17
8,RadioTEDU Rock,/rock,configured_stream,52121,Losing My Religion 2 (demo),R.E.M.,,,,,,,273.968,H:\RadioTEDU Songs\Rock\R.E.M_\Out of Time\2-11 Losing My Religion 2 (demo).flac,2,2,543.3,2026-08-26 13:49:14,2026-08-26 23:41:13
8,RadioTEDU Rock,/rock,configured_stream,45381,Lost In Translation,Colorblind,,,,,,,147.77,H:\RadioTEDU Songs\Rock\Colorblind - Lost In Translation.flac,2,2,290.829,2026-08-26 05:58:53,2026-08-26 21:41:42
8,RadioTEDU Rock,/rock,configured_stream,52099,"Mama, I’m Coming Home",Ozzy Osbourne,,,,,,,251.867,"H:\RadioTEDU Songs\Rock\Ozzy Osbourne\No More Tears\03 Mama, I’m Coming Home.flac",2,2,508.366,2026-08-26 06:17:41,2026-08-26 22:14:30
8,RadioTEDU Rock,/rock,configured_stream,52201,Mary Jane’s Last Dance,Tom Petty & the Heartbreakers,,,,,,,273.6,H:\RadioTEDU Songs\Rock\Tom Petty and the Heartbreakers\Greatest Hits\17 Tom Petty & the Heartbreakers - Mary Jane’s Last Dance.flac,2,2,542.28,2026-08-26 16:14:26,2026-08-26 22:02:08
8,RadioTEDU Rock,/rock,configured_stream,52018,Mr Brightside,It’s a Cover Up,,,,,,,222.973,"H:\RadioTEDU Songs\Rock\It’s a Cover Up\Most Requested Party Songs, Vol. 1\08 Mr Brightside.mp3",2,2,443.442,2026-08-26 12:51:25,2026-08-26 22:59:33
8,RadioTEDU Rock,/rock,configured_stream,51896,My Girlfriend's Girlfriend,,,,,,,,228.827,H:\RadioTEDU Songs\Rock\050 - My Girlfriend's Girlfriend.mp3,2,2,458.676,2026-08-26 03:03:01,2026-08-26 13:26:06
8,RadioTEDU Rock,/rock,configured_stream,51944,No Rain,Blind Melon,,,,,,,217.107,H:\RadioTEDU Songs\Rock\Blind Melon\Blind Melon\07 No Rain.flac,2,2,431.741,2026-08-26 13:04:05,2026-08-26 23:10:41
8,RadioTEDU Rock,/rock,configured_stream,45541,On My Back,Triggerfinger,,,,,,,238.007,H:\RadioTEDU Songs\Rock\Triggerfinger - On My Back.flac,2,2,471.338,2026-08-26 05:31:01,2026-08-26 21:18:23
8,RadioTEDU Rock,/rock,configured_stream,52159,Once in a Lifetime,Talking Heads,,,,,,,259.907,H:\RadioTEDU Songs\Rock\Talking Heads\Remain in Light\1-04 Once in a Lifetime.flac,2,2,515.768,2026-08-26 03:07:28,2026-08-26 13:39:53
8,RadioTEDU Rock,/rock,configured_stream,51956,One Last Breath,Creed,,,,,,,239.456,H:\RadioTEDU Songs\Rock\Creed\One Last Breath.mp3,2,2,477.27,2026-08-26 03:54:51,2026-08-26 15:48:10
8,RadioTEDU Rock,/rock,configured_stream,51957,One Last Breath,Creed,,,,,,,239.456,H:\RadioTEDU Songs\Rock\Creed\Weathered\05 One Last Breath.flac,2,2,477.736,2026-08-26 02:54:13,2026-08-26 12:55:35
8,RadioTEDU Rock,/rock,configured_stream,51889,Out Of Control,,,,,,,,217.293,H:\RadioTEDU Songs\Rock\040 - Out Of Control.mp3,2,2,431.848,2026-08-26 08:08:30,2026-08-26 12:06:37
8,RadioTEDU Rock,/rock,configured_stream,52029,Painkiller,Judas Priest,,,,,,,368.373,H:\RadioTEDU Songs\Rock\Judas Priest\Painkiller.mp3,2,2,732.382,2026-08-26 09:01:50,2026-08-26 12:36:29
8,RadioTEDU Rock,/rock,configured_stream,51872,Paint It Black,,,,,,,,145.333,H:\RadioTEDU Songs\Rock\018 - Paint It Black.mp3,2,2,287.968,2026-08-26 06:48:45,2026-08-26 22:55:43
8,RadioTEDU Rock,/rock,configured_stream,52187,Paint It Black,The Rolling Stones,,,,,,,202.267,H:\RadioTEDU Songs\Rock\The Rolling Stones\Aftermath\01 Paint It Black.flac,2,2,401.938,2026-08-26 16:17:49,2026-08-26 22:05:27
8,RadioTEDU Rock,/rock,configured_stream,51874,"Paint It, Black",,,,,,,,202.267,"H:\RadioTEDU Songs\Rock\025 - Paint It, Black.mp3",2,2,404.428,2026-08-26 16:04:40,2026-08-26 21:48:58
8,RadioTEDU Rock,/rock,configured_stream,51942,Paranoid,Black Sabbath,,,,,,,167.72,H:\RadioTEDU Songs\Rock\Black Sabbath\Paranoid\02 Paranoid.flac,2,2,336.187,2026-08-26 15:54:50,2026-08-26 20:54:07
8,RadioTEDU Rock,/rock,configured_stream,52008,Prey for Me,If Not for Me,,,,,,,205.888,H:\RadioTEDU Songs\Rock\If Not For Me\Where the Light Begins to Fade\06 If Not for Me - Prey for Me.flac,2,2,414.459,2026-08-26 06:06:04,2026-08-26 21:57:28
8,RadioTEDU Rock,/rock,configured_stream,52157,"Rapture, Or...",Sweeping Promises,,,,,,,218.812,"H:\RadioTEDU Songs\Rock\Sweeping Promises\You Say I Romanticize\04 Rapture, Or....flac",2,2,434.083,2026-08-26 15:58:41,2026-08-26 20:57:54
8,RadioTEDU Rock,/rock,configured_stream,51950,Rebel Rebel,Bowie,,,,,,,274.747,H:\RadioTEDU Songs\Rock\Bowie\Diamond Dogs\06 Rebel Rebel.flac,2,2,548.579,2026-08-26 06:13:28,2026-08-26 22:10:03
8,RadioTEDU Rock,/rock,configured_stream,52015,Run to the Hills,Iron Maiden,,,,,,,233.507,H:\RadioTEDU Songs\Rock\Iron Maiden\The Number Of The Beast\06 Run to the Hills.flac,2,2,464.101,2026-08-26 16:38:57,2026-08-26 23:27:25
8,RadioTEDU Rock,/rock,configured_stream,52063,Scavenger Hunt,Louie Zong,,,,,,,10.083,H:\RadioTEDU Songs\Rock\Louie Zong\Light\04 Scavenger Hunt (3).mp3,2,2,18.259,2026-08-26 09:09:43,2026-08-26 12:44:25
8,RadioTEDU Rock,/rock,configured_stream,51928,School’s Out,Alice Cooper,,,,,,,210.493,H:\RadioTEDU Songs\Rock\Alice Cooper\School’s Out\01 School’s Out.flac,2,2,419.378,2026-08-26 06:26:48,2026-08-26 22:26:46
8,RadioTEDU Rock,/rock,configured_stream,52161,Self Aware,Temper City,,,,,,,180.741,H:\RadioTEDU Songs\Rock\Temper City\Self Aware\01 Self Aware.flac,2,2,355.708,2026-08-26 16:20:56,2026-08-26 22:23:17
8,RadioTEDU Rock,/rock,configured_stream,52089,Smells Like Teen Spirit,Nirvana,,,,,,,301.929,H:\RadioTEDU Songs\Rock\Nirvana\Gold\01 Smells Like Teen Spirit.flac,2,2,603.972,2026-08-26 03:42:43,2026-08-26 15:20:23
8,RadioTEDU Rock,/rock,configured_stream,52091,Smells Like Teen Spirit,Nirvana,,,,,,,301.92,H:\RadioTEDU Songs\Rock\Nirvana\Nevermind\01 Smells Like Teen Spirit.flac,2,2,598.352,2026-08-26 02:59:13,2026-08-26 13:14:16
8,RadioTEDU Rock,/rock,configured_stream,52053,Somewhere I Belong,Linkin Park,,,,,,,225.768,H:\RadioTEDU Songs\Rock\Linkin Park\Meteora\03 Somewhere I Belong.flac,2,2,448.65,2026-08-26 16:32:32,2026-08-26 22:42:29
8,RadioTEDU Rock,/rock,configured_stream,52191,Start Me Up,The Rolling Stones,,,,,,,213.124,H:\RadioTEDU Songs\Rock\The Rolling Stones\Tattoo You\01 Start Me Up.flac,2,2,422.464,2026-08-26 03:21:11,2026-08-26 14:16:08
8,RadioTEDU Rock,/rock,configured_stream,45477,Sweet Devotion,Queen of Jeans,,,,,,,188.207,H:\RadioTEDU Songs\Rock\Queen of Jeans - Sweet Devotion.flac,2,2,379.994,2026-08-26 05:13:56,2026-08-26 21:03:42
8,RadioTEDU Rock,/rock,configured_stream,51921,T.N.T.,AC/DC,,,,,,,216.631,H:\RadioTEDU Songs\Rock\AC_DC\High Voltage\05 T.N.T..flac,2,2,434.308,2026-08-26 13:56:18,2026-08-26 23:48:27
8,RadioTEDU Rock,/rock,configured_stream,52131,Ten Over Ten,Royal Blood,,,,,,,197.324,H:\RadioTEDU Songs\Rock\Royal Blood\Ten Over Ten\01 Ten Over Ten.flac,2,2,389.249,2026-08-26 05:48:51,2026-08-26 21:31:38
8,RadioTEDU Rock,/rock,configured_stream,45550,Terminal Crew of Dudes,Whitmer Thomas,,,,,,,232.88,H:\RadioTEDU Songs\Rock\Whitmer Thomas - Terminal Crew of Dudes.flac,2,2,466.183,2026-08-26 03:50:51,2026-08-26 15:32:05
8,RadioTEDU Rock,/rock,configured_stream,52014,The Number of the Beast,Iron Maiden,,,,,,,291.051,H:\RadioTEDU Songs\Rock\Iron Maiden\The Number of the Beast.mp3,2,2,581.944,2026-08-26 16:28:38,2026-08-26 22:38:43
8,RadioTEDU Rock,/rock,configured_stream,51903,This Love,,,,,,,,393.706,H:\RadioTEDU Songs\Rock\057 - This Love.mp3,2,2,787.419,2026-08-26 08:55:32,2026-08-26 12:30:14
8,RadioTEDU Rock,/rock,configured_stream,51992,Times Like These (acoustic version),Foo Fighters,,,,,,,238.587,H:\RadioTEDU Songs\Rock\Foo Fighters\00020225\07 Times Like These (acoustic version).flac,2,2,473.74,2026-08-26 06:30:56,2026-08-26 22:33:52
8,RadioTEDU Rock,/rock,configured_stream,52132,Tom Sawyer,Rush,,,,,,,276.88,H:\RadioTEDU Songs\Rock\Rush\Moving Pictures\01 Tom Sawyer.flac,2,2,552.659,2026-08-26 03:12:04,2026-08-26 13:44:31
8,RadioTEDU Rock,/rock,configured_stream,45522,Tossing & Turning,The Gringos,,,,,,,223.951,H:\RadioTEDU Songs\Rock\The Gringos - Tossing & Turning.flac,2,2,452.341,2026-08-26 05:42:46,2026-08-26 21:25:25
8,RadioTEDU Rock,/rock,configured_stream,52103,Walk,Pantera,,,,,,,315.861,H:\RadioTEDU Songs\Rock\Pantera\Vulgar Display of Power\03 Walk.flac,2,2,628.644,2026-08-26 03:17:21,2026-08-26 14:01:45
8,RadioTEDU Rock,/rock,configured_stream,51980,Whole Lot Coming for You,Eddie 9V,,,,,,,173.291,H:\RadioTEDU Songs\Rock\Eddie 9V\Down Here\01 Whole Lot Coming for You.flac,2,2,344.083,2026-08-26 08:28:08,2026-08-26 12:18:10
8,RadioTEDU Rock,/rock,configured_stream,51929,Would?,Alice in Chains,,,,,,,206.773,H:\RadioTEDU Songs\Rock\Alice in Chains\Dirt\13 Would_.flac,2,2,411.777,2026-08-26 13:52:38,2026-08-26 23:44:40
8,RadioTEDU Rock,/rock,configured_stream,45517,Zombie - 2025 Remastered,The Cranberries,,,,,,,306.991,H:\RadioTEDU Songs\Rock\The Cranberries - Zombie - 2025 Remastered.flac,2,2,608.354,2026-08-26 16:09:55,2026-08-26 21:54:03
8,RadioTEDU Rock,/rock,configured_stream,52193,1979,The Smashing Pumpkins,,,,,,,265.996,H:\RadioTEDU Songs\Rock\The Smashing Pumpkins\Mellon Collie and the Infinite Sadness\2-05 1979.flac,1,1,266.016,2026-08-26 18:32:26,2026-08-26 18:32:26
8,RadioTEDU Rock,/rock,configured_stream,47100,4.3 Forty,Knox,,,,,,,182.438,H:\RadioTEDU Songs\Rock\Knox - 4.3 Forty.flac,1,1,179.559,2026-08-26 18:59:54,2026-08-26 18:59:54
8,RadioTEDU Rock,/rock,configured_stream,52011,Aces High,Iron Maiden,,,,,,,299.968,H:\RadioTEDU Songs\Rock\Iron Maiden\Aces High.mp3,1,1,297.795,2026-08-26 02:29:44,2026-08-26 02:29:44
8,RadioTEDU Rock,/rock,configured_stream,52012,Aces High (video),Iron Maiden,,,,,,,300.025,H:\RadioTEDU Songs\Rock\Iron Maiden\Powerslave\10 Aces High (video).flac,1,1,298.568,2026-08-26 01:08:21,2026-08-26 01:08:21
8,RadioTEDU Rock,/rock,configured_stream,52182,All Day and All of the Night,The Kinks,,,,,,,142.227,H:\RadioTEDU Songs\Rock\The Kinks\The Best of the Kinks\02 All Day and All of the Night.flac,1,1,139.447,2026-08-26 19:11:09,2026-08-26 19:11:09
8,RadioTEDU Rock,/rock,configured_stream,51945,All the Small Things,blink‐182,,,,,,,167.067,H:\RadioTEDU Songs\Rock\blink‐182\Enema of the State\08 All the Small Things.flac,1,1,164.253,2026-08-26 00:20:45,2026-08-26 00:20:45
8,RadioTEDU Rock,/rock,configured_stream,51939,ALWAYS LET YOU DOWN,Bilmuri feat. A Day to Remember,,,,,,,179.136,H:\RadioTEDU Songs\Rock\Bilmuri\KINDA HARD\10 Bilmuri feat. A Day to Remember - ALWAYS LET YOU DOWN.mp3,1,1,179.158,2026-08-26 08:25:07,2026-08-26 08:25:07
8,RadioTEDU Rock,/rock,configured_stream,51977,American Pie,Don McLean,,,,,,,516.893,H:\RadioTEDU Songs\Rock\Don McLean\American Pie\01 American Pie.flac,1,1,516.67,2026-08-26 17:50:04,2026-08-26 17:50:04
8,RadioTEDU Rock,/rock,configured_stream,52112,Another Brick in the Wall (Part 2),Pink Floyd,,,,,,,238.747,H:\RadioTEDU Songs\Rock\Pink Floyd\The Wall\1-05 Another Brick in the Wall (Part 2).flac,1,1,238.646,2026-08-26 10:59:42,2026-08-26 10:59:42
8,RadioTEDU Rock,/rock,configured_stream,52118,Another One Bites the Dust,Queen,,,,,,,214.653,H:\RadioTEDU Songs\Rock\Queen\The Game\03 Another One Bites the Dust (1).flac,1,1,212.004,2026-08-26 10:05:32,2026-08-26 10:05:32
8,RadioTEDU Rock,/rock,configured_stream,52119,Another One Bites the Dust,Queen,,,,,,,214.653,H:\RadioTEDU Songs\Rock\Queen\The Game\03 Another One Bites the Dust.flac,1,1,211.915,2026-08-26 11:40:30,2026-08-26 11:40:30
8,RadioTEDU Rock,/rock,configured_stream,52041,Are You Gonna Go My Way,Lenny Kravitz,,,,,,,211.933,H:\RadioTEDU Songs\Rock\Lenny Kravitz\Are You Gonna Go My Way\1-01 Are You Gonna Go My Way.flac,1,1,209.142,2026-08-26 14:34:43,2026-08-26 14:34:43
8,RadioTEDU Rock,/rock,configured_stream,52186,August,The Plugs,,,,,,,213.0,H:\RadioTEDU Songs\Rock\The Plugs\August\01 August.flac,1,1,214.681,2026-08-26 06:56:43,2026-08-26 06:56:43
8,RadioTEDU Rock,/rock,configured_stream,52195,Baba O’Riley,The Who,,,,,,,300.4,H:\RadioTEDU Songs\Rock\The Who\Who’s Next\01 Baba O’Riley.flac,1,1,300.33,2026-08-26 04:10:46,2026-08-26 04:10:46
8,RadioTEDU Rock,/rock,configured_stream,47096,Bang Bang,Dear Youth,,,,,,,164.241,H:\RadioTEDU Songs\Rock\Dear Youth - Bang Bang.flac,1,1,164.935,2026-08-26 18:41:17,2026-08-26 18:41:17
8,RadioTEDU Rock,/rock,configured_stream,52006,Barracuda,Heart,,,,,,,261.933,H:\RadioTEDU Songs\Rock\Heart\Little Queen\01 Barracuda.flac,1,1,259.468,2026-08-26 15:02:03,2026-08-26 15:02:03
8,RadioTEDU Rock,/rock,configured_stream,52036,Black Dog,Led Zeppelin,,,,,,,295.648,H:\RadioTEDU Songs\Rock\Led Zeppelin\[Led Zeppelin IV]\01 Black Dog.flac,1,1,295.609,2026-08-26 17:09:07,2026-08-26 17:09:07
8,RadioTEDU Rock,/rock,configured_stream,52124,Blitzkrieg Bop,Ramones,,,,,,,134.467,H:\RadioTEDU Songs\Rock\Ramones\Ramones\01 Blitzkrieg Bop.flac,1,1,133.871,2026-08-26 02:00:24,2026-08-26 02:00:24
8,RadioTEDU Rock,/rock,configured_stream,51951,Born in the U.S.A.,Bruce Springsteen,,,,,,,278.827,H:\RadioTEDU Songs\Rock\Bruce Springsteen\Born in the U.S.A_\01 Born in the U.S.A..flac,1,1,278.866,2026-08-26 06:35:35,2026-08-26 06:35:35
8,RadioTEDU Rock,/rock,configured_stream,52171,Break On Through (to the Other Side),The Doors,,,,,,,145.867,H:\RadioTEDU Songs\Rock\The Doors\The Doors\01 Break On Through (to the Other Side).flac,1,1,143.033,2026-08-26 23:59:10,2026-08-26 23:59:10
8,RadioTEDU Rock,/rock,configured_stream,47107,Bright Shadow,Mr. Bison,,,,,,,433.333,H:\RadioTEDU Songs\Rock\Mr. Bison - Bright Shadow.flac,1,1,433.109,2026-08-26 05:01:21,2026-08-26 05:01:21
8,RadioTEDU Rock,/rock,configured_stream,51983,Bring Me to Life,Evanescence,,,,,,,235.892,H:\RadioTEDU Songs\Rock\Evanescence\Bring Me to Life\01 Bring Me to Life.flac,1,1,237.36,2026-08-26 00:10:39,2026-08-26 00:10:39
8,RadioTEDU Rock,/rock,configured_stream,52214,Broken Window Serenade,Whiskey Myers,,,,,,,346.333,H:\RadioTEDU Songs\Rock\Whiskey Myers\Firewater\05 Broken Window Serenade.flac,1,1,343.389,2026-08-26 02:46:50,2026-08-26 02:46:50
8,RadioTEDU Rock,/rock,configured_stream,52212,C.E.O.,Weezer,,,,,,,174.253,H:\RadioTEDU Songs\Rock\Weezer\Weezer\05 Weezer - C.E.O..flac,1,1,171.632,2026-08-26 00:28:31,2026-08-26 00:28:31
8,RadioTEDU Rock,/rock,configured_stream,52068,Canyons,Man/Woman/Chainsaw,,,,,,,173.988,H:\RadioTEDU Songs\Rock\Man_Woman_Chainsaw\Cannonball\02 Canyons.flac,1,1,173.992,2026-08-26 04:20:59,2026-08-26 04:20:59
8,RadioTEDU Rock,/rock,configured_stream,47105,Clear,JonoJono,,,,,,,210.5,H:\RadioTEDU Songs\Rock\JonoJono - Clear.flac,1,1,210.437,2026-08-26 19:51:08,2026-08-26 19:51:08
8,RadioTEDU Rock,/rock,configured_stream,52147,Coalesce,Stereo Wildlife feat. Izzy Chase,,,,,,,123.708,H:\RadioTEDU Songs\Rock\Stereo Wildlife\The Lighthouse\03 Stereo Wildlife feat. Izzy Chase - Coalesce.flac,1,1,120.826,2026-08-26 11:07:38,2026-08-26 11:07:38
8,RadioTEDU Rock,/rock,configured_stream,52092,Come as You Are,Nirvana,,,,,,,218.92,H:\RadioTEDU Songs\Rock\Nirvana\Nevermind\03 Come as You Are (1).flac,1,1,216.001,2026-08-26 04:18:06,2026-08-26 04:18:06
8,RadioTEDU Rock,/rock,configured_stream,45363,Control,Billy Vincent,,,,,,,234.545,H:\RadioTEDU Songs\Rock\Billy Vincent - Control.flac,1,1,235.496,2026-08-26 02:38:16,2026-08-26 02:38:16
8,RadioTEDU Rock,/rock,configured_stream,52050,Crawling,Linkin Park,,,,,,,216.758,H:\RadioTEDU Songs\Rock\Linkin Park\Greatest Hits\1-17 Linkin Park - Crawling.flac,1,1,226.468,2026-08-26 11:32:36,2026-08-26 11:32:36
8,RadioTEDU Rock,/rock,configured_stream,52005,Crazy on You,Heart,,,,,,,293.44,H:\RadioTEDU Songs\Rock\Heart\Dreamboat Annie\03 Crazy on You.flac,1,1,295.713,2026-08-26 17:14:02,2026-08-26 17:14:02
8,RadioTEDU Rock,/rock,configured_stream,45418,Cup,Jawdropped,,,,,,,247.533,H:\RadioTEDU Songs\Rock\Jawdropped - Cup.flac,1,1,249.094,2026-08-26 19:41:22,2026-08-26 19:41:22
8,RadioTEDU Rock,/rock,configured_stream,51879,Dig Up Her Bones,Misfits,,,,,,,177.354,H:\RadioTEDU Songs\Rock\030 - Misfits - Dig Up Her Bones.mp3,1,1,178.089,2026-08-26 10:38:49,2026-08-26 10:38:49
8,RadioTEDU Rock,/rock,configured_stream,52078,Dig Up Her Bones (album version),Misfits,,,,,,,177.4,H:\RadioTEDU Songs\Rock\Misfits\American Psycho\07 Dig Up Her Bones (album version).flac,1,1,174.614,2026-08-26 11:02:46,2026-08-26 11:02:46
8,RadioTEDU Rock,/rock,configured_stream,52079,Dig Up Her Bones (album version),Misfits,,,,,,,177.354,H:\RadioTEDU Songs\Rock\Misfits\American Psycho\07 Dig Up Her Bones (album version).mp3,1,1,174.645,2026-08-26 09:20:47,2026-08-26 09:20:47
8,RadioTEDU Rock,/rock,configured_stream,45404,Divine Machine,Forest,,,,,,,170.884,H:\RadioTEDU Songs\Rock\Forest - Divine Machine.flac,1,1,168.182,2026-08-26 18:38:33,2026-08-26 18:38:33
8,RadioTEDU Rock,/rock,configured_stream,51888,Don't Fear The Reaper,,,,,,,,384.16,H:\RadioTEDU Songs\Rock\039 - Don't Fear The Reaper.mp3,1,1,381.731,2026-08-26 10:11:53,2026-08-26 10:11:53
8,RadioTEDU Rock,/rock,configured_stream,51933,Don't Move,Anxious,,,,,,,241.999,H:\RadioTEDU Songs\Rock\Anxious\Don't Move\01 Don't Move.flac,1,1,245.012,2026-08-26 01:54:49,2026-08-26 01:54:49
8,RadioTEDU Rock,/rock,configured_stream,52004,Don’t Cry,Guns N’ Roses,,,,,,,283.733,H:\RadioTEDU Songs\Rock\Guns N’ Roses\Use Your Illusion I\04 Don’t Cry.flac,1,1,283.394,2026-08-26 17:54:48,2026-08-26 17:54:48
8,RadioTEDU Rock,/rock,configured_stream,51963,Don’t Dream It’s Over,Crowded House,,,,,,,236.933,H:\RadioTEDU Songs\Rock\Crowded House\Crowded House\04 Don’t Dream It’s Over.flac,1,1,237.231,2026-08-26 20:41:31,2026-08-26 20:41:31
8,RadioTEDU Rock,/rock,configured_stream,51974,Down With the Sickness,Disturbed,,,,,,,217.559,H:\RadioTEDU Songs\Rock\Disturbed\Disturbed\01 Down With the Sickness.mp3,1,1,217.445,2026-08-26 01:42:17,2026-08-26 01:42:17
8,RadioTEDU Rock,/rock,configured_stream,51892,Dragula,,,,,,,,222.827,H:\RadioTEDU Songs\Rock\046 - Dragula.mp3,1,1,220.653,2026-08-26 20:33:12,2026-08-26 20:33:12
8,RadioTEDU Rock,/rock,configured_stream,52075,Enter Sandman,Metallica,,,,,,,331.573,H:\RadioTEDU Songs\Rock\Metallica\Metallica\01 Enter Sandman.flac,1,1,328.706,2026-08-26 20:10:12,2026-08-26 20:10:12
8,RadioTEDU Rock,/rock,configured_stream,52076,Enter Sandman,Metallica,,,,,,,331.56,H:\RadioTEDU Songs\Rock\Metallica\Metallica\01-01 Metallica - Enter Sandman.flac,1,1,328.686,2026-08-26 20:01:06,2026-08-26 20:01:06
8,RadioTEDU Rock,/rock,configured_stream,52145,Everything Illuminated,Stereo Wildlife,,,,,,,125.999,H:\RadioTEDU Songs\Rock\Stereo Wildlife\The Lighthouse\01 Stereo Wildlife - Everything Illuminated.flac,1,1,123.125,2026-08-26 08:46:00,2026-08-26 08:46:00
8,RadioTEDU Rock,/rock,configured_stream,52141,Fake Friends,Sounds Like Color,,,,,,,219.231,H:\RadioTEDU Songs\Rock\Sounds Like Color\Fake Friends\01 Fake Friends.flac,1,1,219.269,2026-08-26 09:13:23,2026-08-26 09:13:23
8,RadioTEDU Rock,/rock,configured_stream,51912,Falling Away from Me,,,,,,,,270.92,H:\RadioTEDU Songs\Rock\071 - Falling Away from Me.mp3,1,1,271.062,2026-08-26 10:16:25,2026-08-26 10:16:25
8,RadioTEDU Rock,/rock,configured_stream,52040,Fly Away,Lenny Kravitz,,,,,,,221.333,H:\RadioTEDU Songs\Rock\Lenny Kravitz\5\08 Fly Away.flac,1,1,231.124,2026-08-26 11:19:06,2026-08-26 11:19:06
8,RadioTEDU Rock,/rock,configured_stream,51970,Freakin’ Out,Dexter and The Moonrocks,,,,,,,217.898,H:\RadioTEDU Songs\Rock\Dexter and The Moonrocks\Freakin’ Out\01 Freakin’ Out.flac,1,1,215.209,2026-08-26 18:56:54,2026-08-26 18:56:54
8,RadioTEDU Rock,/rock,configured_stream,51887,Gallowdance,,,,,,,,231.912,H:\RadioTEDU Songs\Rock\038 - Gallowdance.mp3,1,1,229.082,2026-08-26 15:52:02,2026-08-26 15:52:02
8,RadioTEDU Rock,/rock,configured_stream,52158,Get It On,T. Rex,,,,,,,262.613,H:\RadioTEDU Songs\Rock\T. Rex\Electric Warrior\1-06 Get It On.flac,1,1,264.179,2026-08-26 08:38:21,2026-08-26 08:38:21
8,RadioTEDU Rock,/rock,configured_stream,52189,Gimme Shelter,The Rolling Stones,,,,,,,270.773,H:\RadioTEDU Songs\Rock\The Rolling Stones\Let It Bleed\01 Gimme Shelter.flac,1,1,268.847,2026-08-26 04:49:36,2026-08-26 04:49:36
8,RadioTEDU Rock,/rock,configured_stream,52084,"Girls, Girls, Girls",Mötley Crüe,,,,,,,270.533,"H:\RadioTEDU Songs\Rock\Mötley Crüe\Girls, Girls, Girls\02 Girls, Girls, Girls.flac",1,1,274.501,2026-08-26 18:09:38,2026-08-26 18:09:38
8,RadioTEDU Rock,/rock,configured_stream,51984,Going Under,Evanescence,,,,,,,218.151,H:\RadioTEDU Songs\Rock\Evanescence\Fallen\01 Going Under.flac,1,1,215.903,2026-08-26 02:10:39,2026-08-26 02:10:39
8,RadioTEDU Rock,/rock,configured_stream,51882,Graveyard Love Song,,,,,,,,260.2,H:\RadioTEDU Songs\Rock\033 - Graveyard Love Song.mp3,1,1,257.643,2026-08-26 20:51:19,2026-08-26 20:51:19
8,RadioTEDU Rock,/rock,configured_stream,52025,Gravity,Jon Toogood,,,,,,,214.624,H:\RadioTEDU Songs\Rock\Jon Toogood\Last Of The Lonely Gods\04 Gravity.flac,1,1,211.76,2026-08-26 15:24:04,2026-08-26 15:24:04
8,RadioTEDU Rock,/rock,configured_stream,47110,Gummy Bear,Le Shiv,,,,,,,164.758,H:\RadioTEDU Songs\Rock\Le Shiv - Gummy Bear.flac,1,1,164.706,2026-08-26 11:43:15,2026-08-26 11:43:15
8,RadioTEDU Rock,/rock,configured_stream,51881,Hangman Hangten,,,,,,,,149.76,H:\RadioTEDU Songs\Rock\032 - Hangman Hangten.mp3,1,1,146.897,2026-08-26 11:05:17,2026-08-26 11:05:17
8,RadioTEDU Rock,/rock,configured_stream,51875,Hard Times for Dracula,,,,,,,,155.008,H:\RadioTEDU Songs\Rock\026 - Hard Times for Dracula.mp3,1,1,152.253,2026-08-26 19:47:38,2026-08-26 19:47:38
8,RadioTEDU Rock,/rock,configured_stream,52164,Hard to Handle,The Black Crowes,,,,,,,188.067,H:\RadioTEDU Songs\Rock\The Black Crowes\Shake Your Money Maker\06 Hard to Handle.flac,1,1,187.928,2026-08-26 14:19:17,2026-08-26 14:19:17
8,RadioTEDU Rock,/rock,configured_stream,51959,Have You Ever Seen the Rain,Creedence Clearwater Revival,,,,,,,160.133,H:\RadioTEDU Songs\Rock\Creedence Clearwater Revival\Pendulum\04 Have You Ever Seen the Rain.flac,1,1,157.532,2026-08-26 06:08:56,2026-08-26 06:08:56
8,RadioTEDU Rock,/rock,configured_stream,52080,Hay Loft,Mother Mother,,,,,,,181.68,H:\RadioTEDU Songs\Rock\Mother Mother\O My ♥️\08 Hay Loft.flac,1,1,178.996,2026-08-26 08:48:58,2026-08-26 08:48:58
8,RadioTEDU Rock,/rock,configured_stream,51899,Helena,,,,,,,,199.945,H:\RadioTEDU Songs\Rock\053 - Helena.mp3,1,1,197.23,2026-08-26 10:55:44,2026-08-26 10:55:44
8,RadioTEDU Rock,/rock,configured_stream,51922,Highway to Hell,AC/DC,,,,,,,208.4,H:\RadioTEDU Songs\Rock\AC_DC\Highway to Hell\01 Highway to Hell.flac,1,1,205.535,2026-08-26 04:36:51,2026-08-26 04:36:51
8,RadioTEDU Rock,/rock,configured_stream,52188,Honky Tonk Women,The Rolling Stones,,,,,,,178.77,H:\RadioTEDU Songs\Rock\The Rolling Stones\Hot Rocks 1964–1971\2-04 Honky Tonk Women.flac,1,1,176.196,2026-08-26 04:24:06,2026-08-26 04:24:06
8,RadioTEDU Rock,/rock,configured_stream,45378,How Much Love Have I Got Left,CHEEKY LEASH,,,,,,,237.542,H:\RadioTEDU Songs\Rock\CHEEKY LEASH - How Much Love Have I Got Left.flac,1,1,237.328,2026-08-26 19:23:14,2026-08-26 19:23:14
8,RadioTEDU Rock,/rock,configured_stream,52135,How to Live,Seeland,,,,,,,146.855,H:\RadioTEDU Songs\Rock\Seeland\How to Live\06 How to Live.mp3,1,1,144.14,2026-08-26 18:12:16,2026-08-26 18:12:16
8,RadioTEDU Rock,/rock,configured_stream,51978,Hungry Like the Wolf,Duran Duran,,,,,,,220.627,H:\RadioTEDU Songs\Rock\Duran Duran\Rio\04 Hungry Like the Wolf.flac,1,1,219.466,2026-08-26 18:49:17,2026-08-26 18:49:17
8,RadioTEDU Rock,/rock,configured_stream,52138,I Don’t Need Anything from You,Slow Joy,,,,,,,133.851,H:\RadioTEDU Songs\Rock\Slow Joy\Esteban Flores\11 Slow Joy - I Don’t Need Anything from You.flac,1,1,132.514,2026-08-26 14:45:48,2026-08-26 14:45:48
8,RadioTEDU Rock,/rock,configured_stream,52142,I Got You,Split Enz,,,,,,,209.467,H:\RadioTEDU Songs\Rock\Split Enz\True Colours\02 I Got You.flac,1,1,209.376,2026-08-26 20:29:22,2026-08-26 20:29:22
8,RadioTEDU Rock,/rock,configured_stream,52199,I Hate Everything About You,Three Days Grace,,,,,,,219.73,H:\RadioTEDU Songs\Rock\Three Days Grace\I Hate Everything About You.mp3,1,1,217.877,2026-08-26 00:54:09,2026-08-26 00:54:09
8,RadioTEDU Rock,/rock,configured_stream,52130,I See You Now,Roger Taylor,,,,,,,196.973,H:\RadioTEDU Songs\Rock\Roger Taylor\I See You Now\01 I See You Now.flac,1,1,199.498,2026-08-26 10:49:35,2026-08-26 10:49:35
8,RadioTEDU Rock,/rock,configured_stream,52205,I Wanna Rock,Twisted Sister,,,,,,,183.391,H:\RadioTEDU Songs\Rock\Twisted Sister\Stay Hungry\05 I Wanna Rock.flac,1,1,180.563,2026-08-26 10:42:03,2026-08-26 10:42:03
8,RadioTEDU Rock,/rock,configured_stream,52019,I'll Give You The Moon,Jad Fair & Kramer,,,,,,,156.053,H:\RadioTEDU Songs\Rock\Jad Fair & Kramer\The History Of Crying\05 I'll Give You The Moon.mp3,1,1,155.209,2026-08-26 08:17:09,2026-08-26 08:17:09
8,RadioTEDU Rock,/rock,configured_stream,52113,i'm gonna tell my therapist on you,Pinkshift,,,,,,,161.062,H:\RadioTEDU Songs\Rock\Pinkshift\I'm Gonna Tell My Therapist on You\01 i'm gonna tell my therapist on you.flac,1,1,161.905,2026-08-26 00:40:58,2026-08-26 00:40:58
8,RadioTEDU Rock,/rock,configured_stream,51962,I'm Lost Without You,Crosstown Bus,,,,,,,600.491,H:\RadioTEDU Songs\Rock\Crosstown Bus\High Grass\10 I'm Lost Without You.mp3,1,1,600.001,2026-08-26 18:28:00,2026-08-26 18:28:00
8,RadioTEDU Rock,/rock,configured_stream,51904,Ignorance,,,,,,,,218.627,H:\RadioTEDU Songs\Rock\058 - Ignorance.mp3,1,1,229.322,2026-08-26 00:04:02,2026-08-26 00:04:02
8,RadioTEDU Rock,/rock,configured_stream,52039,Immigrant Song,Led Zeppelin,,,,,,,146.25,H:\RadioTEDU Songs\Rock\Led Zeppelin\Led Zeppelin III\01 Immigrant Song.flac,1,1,143.843,2026-08-26 10:19:01,2026-08-26 10:19:01
8,RadioTEDU Rock,/rock,configured_stream,52146,In Circles,Stereo Wildlife feat. Joris Van Meegen,,,,,,,104.649,H:\RadioTEDU Songs\Rock\Stereo Wildlife\The Lighthouse\02 Stereo Wildlife feat. Joris Van Meegen - In Circles.flac,1,1,104.8,2026-08-26 02:24:32,2026-08-26 02:24:32
8,RadioTEDU Rock,/rock,configured_stream,52051,In the End,Linkin Park,,,,,,,216.933,H:\RadioTEDU Songs\Rock\Linkin Park\Hybrid Theory\08 In the End.flac,1,1,214.153,2026-08-26 04:05:46,2026-08-26 04:05:46
8,RadioTEDU Rock,/rock,configured_stream,52052,In the End,Linkin Park,,,,,,,216.933,H:\RadioTEDU Songs\Rock\Linkin Park\In the End.mp3,1,1,213.972,2026-08-26 04:14:29,2026-08-26 04:14:29
8,RadioTEDU Rock,/rock,configured_stream,52156,Interstate Love Song,Stone Temple Pilots,,,,,,,193.613,H:\RadioTEDU Songs\Rock\Stone Temple Pilots\Purple\04 Stone Temple Pilots - Interstate Love Song.flac,1,1,190.866,2026-08-26 09:37:20,2026-08-26 09:37:20
8,RadioTEDU Rock,/rock,configured_stream,52173,Iris,The Goo Goo Dolls,,,,,,,289.533,H:\RadioTEDU Songs\Rock\The Goo Goo Dolls\Dizzy Up the Girl\11 Iris.flac,1,1,286.713,2026-08-26 10:35:51,2026-08-26 10:35:51
8,RadioTEDU Rock,/rock,configured_stream,51943,Iron Man,Black Sabbath,,,,,,,356.027,H:\RadioTEDU Songs\Rock\Black Sabbath\Paranoid\04 Iron Man.flac,1,1,354.285,2026-08-26 20:16:06,2026-08-26 20:16:06
8,RadioTEDU Rock,/rock,configured_stream,52210,Jump,Van Halen,,,,,,,241.871,H:\RadioTEDU Songs\Rock\Van Halen\The Collection\6-02 Jump.flac,1,1,239.068,2026-08-26 16:58:53,2026-08-26 16:58:53
8,RadioTEDU Rock,/rock,configured_stream,52129,Katy Bar the Door,Rise Against,,,,,,,205.203,H:\RadioTEDU Songs\Rock\Rise Against\Katy Bar the Door _ Living Undercover\01 Katy Bar the Door.flac,1,1,202.421,2026-08-26 07:18:44,2026-08-26 07:18:44
8,RadioTEDU Rock,/rock,configured_stream,52085,Kickstart My Heart,Mötley Crüe,,,,,,,311.472,H:\RadioTEDU Songs\Rock\Mötley Crüe\Greatest Video Hits\01 Kickstart My Heart.flac,1,1,309.443,2026-08-26 00:33:42,2026-08-26 00:33:42
8,RadioTEDU Rock,/rock,configured_stream,52122,Killing in the Name,Rage Against the Machine,,,,,,,313.818,H:\RadioTEDU Songs\Rock\Rage Against the Machine\Killing in the Name.mp3,1,1,318.704,2026-08-26 23:56:27,2026-08-26 23:56:27
8,RadioTEDU Rock,/rock,configured_stream,52123,Killing in the Name,Rage Against the Machine,,,,,,,313.818,H:\RadioTEDU Songs\Rock\Rage Against the Machine\Rage Against the Machine\02 Killing in the Name.flac,1,1,310.928,2026-08-26 02:22:47,2026-08-26 02:22:47
8,RadioTEDU Rock,/rock,configured_stream,47108,knee/touch,Nautics,,,,,,,246.08,H:\RadioTEDU Songs\Rock\Nautics - kneetouch.flac,1,1,246.882,2026-08-26 11:36:58,2026-08-26 11:36:58
8,RadioTEDU Rock,/rock,configured_stream,52217,La Grange,ZZ Top,,,,,,,230.48,H:\RadioTEDU Songs\Rock\ZZ Top\Tres hombres\08 La Grange.flac,1,1,230.306,2026-08-26 18:53:09,2026-08-26 18:53:09
8,RadioTEDU Rock,/rock,configured_stream,52105,Last Resort (clean version),Papa Roach,,,,,,,198.867,H:\RadioTEDU Songs\Rock\Papa Roach\Last Resort (clean version).mp3,1,1,196.018,2026-08-26 01:45:45,2026-08-26 01:45:45
8,RadioTEDU Rock,/rock,configured_stream,51969,Layla,Derek and the Dominos,,,,,,,423.84,H:\RadioTEDU Songs\Rock\Derek and the Dominos\Layla and Other Assorted Love Songs\13 Layla.flac,1,1,423.954,2026-08-26 04:02:11,2026-08-26 04:02:11
8,RadioTEDU Rock,/rock,configured_stream,51994,Learn to Fly,Foo Fighters,,,,,,,235.293,H:\RadioTEDU Songs\Rock\Foo Fighters\There Is Nothing Left to Lose\03 Learn to Fly.flac,1,1,235.134,2026-08-26 17:58:43,2026-08-26 17:58:43
8,RadioTEDU Rock,/rock,configured_stream,52069,Let It Go,MASS OF THE FERMENTING DREGS,,,,,,,169.333,H:\RadioTEDU Songs\Rock\MASS OF THE FERMENTING DREGS\Iwaou\02 Let It Go.flac,1,1,166.54,2026-08-26 08:30:54,2026-08-26 08:30:54
8,RadioTEDU Rock,/rock,configured_stream,51995,Libra,French Police,,,,,,,167.279,H:\RadioTEDU Songs\Rock\French Police\Libra\01 Libra.flac,1,1,164.417,2026-08-26 07:55:47,2026-08-26 07:55:47
8,RadioTEDU Rock,/rock,configured_stream,52170,Listen to the Music,The Doobie Brothers,,,,,,,227.267,H:\RadioTEDU Songs\Rock\The Doobie Brothers\Toulouse Street\01 Listen to the Music.flac,1,1,227.223,2026-08-26 11:15:04,2026-08-26 11:15:04
8,RadioTEDU Rock,/rock,configured_stream,52007,Little Tea,HONEYMOAN,,,,,,,228.694,H:\RadioTEDU Songs\Rock\HONEYMOAN\LOVE DESTROY ME\03 HONEYMOAN - Little Tea.flac,1,1,235.677,2026-08-26 07:28:13,2026-08-26 07:28:13
8,RadioTEDU Rock,/rock,configured_stream,51949,Livin’ on a Prayer,Bon Jovi,,,,,,,249.293,H:\RadioTEDU Songs\Rock\Bon Jovi\Slippery When Wet\03 Livin’ on a Prayer.flac,1,1,246.696,2026-08-26 19:30:12,2026-08-26 19:30:12
8,RadioTEDU Rock,/rock,configured_stream,51900,London Dungeon,,,,,,,,154.4,H:\RadioTEDU Songs\Rock\054 - London Dungeon.mp3,1,1,151.671,2026-08-26 02:41:07,2026-08-26 02:41:07
8,RadioTEDU Rock,/rock,configured_stream,52165,Lonely Boy,The Black Keys,,,,,,,193.653,H:\RadioTEDU Songs\Rock\The Black Keys\El Camino\01 Lonely Boy.flac,1,1,190.884,2026-08-26 01:58:11,2026-08-26 01:58:11
8,RadioTEDU Rock,/rock,configured_stream,51936,Loser,Beck,,,,,,,232.234,H:\RadioTEDU Songs\Rock\Beck\Mellow Gold\01 Loser.flac,1,1,229.713,2026-08-26 17:24:04,2026-08-26 17:24:04
8,RadioTEDU Rock,/rock,configured_stream,52202,Love Is a Long Road,Tom Petty,,,,,,,247.6,H:\RadioTEDU Songs\Rock\Tom Petty\Full Moon Fever\03 Love Is a Long Road.flac,1,1,244.786,2026-08-26 05:05:35,2026-08-26 05:05:35
8,RadioTEDU Rock,/rock,configured_stream,52067,Lullaby,Low,,,,,,,589.107,H:\RadioTEDU Songs\Rock\Low\I Could Live in Hope\06 Lullaby.flac,1,1,586.253,2026-08-26 09:34:10,2026-08-26 09:34:10
8,RadioTEDU Rock,/rock,configured_stream,45530,Makes no Difference,The Rose Hips,,,,,,,252.209,H:\RadioTEDU Songs\Rock\The Rose Hips - Makes no Difference.flac,1,1,249.406,2026-08-26 17:34:09,2026-08-26 17:34:09
8,RadioTEDU Rock,/rock,configured_stream,51870,Mary On A Cross,Ghost,,,,,,,244.785,H:\RadioTEDU Songs\Rock\015 - Ghost - Mary On A Cross (Official Audio).mp3,1,1,242.365,2026-08-26 19:08:48,2026-08-26 19:08:48
8,RadioTEDU Rock,/rock,configured_stream,52074,Master of Puppets,Metallica,,,,,,,515.387,H:\RadioTEDU Songs\Rock\Metallica\Master of Puppets\02 Master of Puppets.flac,1,1,515.342,2026-08-26 10:01:50,2026-08-26 10:01:50
8,RadioTEDU Rock,/rock,configured_stream,52162,Midnight Rider,The Allman Brothers Band,,,,,,,179.76,H:\RadioTEDU Songs\Rock\The Allman Brothers Band\Idlewild South\03 Midnight Rider.flac,1,1,177.005,2026-08-26 02:07:04,2026-08-26 02:07:04
8,RadioTEDU Rock,/rock,configured_stream,52107,Misery Business,Paramore,,,,,,,211.52,H:\RadioTEDU Songs\Rock\Paramore\RIOT!\04 Misery Business.flac,1,1,211.807,2026-08-26 02:03:56,2026-08-26 02:03:56
8,RadioTEDU Rock,/rock,configured_stream,52420,Mr. Blue Sky,Electric Light Orchestra,,,,,,,302.08,H:\RadioTEDU Songs\Rock\Electric Light Orchestra\Out of the Blue\13 Mr. Blue Sky.flac,1,1,299.463,2026-08-26 01:50:44,2026-08-26 01:50:44
8,RadioTEDU Rock,/rock,configured_stream,52179,Mr. Brightside,The Killers,,,,,,,222.973,H:\RadioTEDU Songs\Rock\The Killers\Hot Fuss\02 Mr. Brightside (1).flac,1,1,224.649,2026-08-26 14:08:09,2026-08-26 14:08:09
8,RadioTEDU Rock,/rock,configured_stream,52180,Mr. Brightside,The Killers,,,,,,,222.973,H:\RadioTEDU Songs\Rock\The Killers\Hot Fuss\02 Mr. Brightside.flac,1,1,223.069,2026-08-26 14:43:19,2026-08-26 14:43:19
8,RadioTEDU Rock,/rock,configured_stream,52185,New World Order,The Pineapple Thief,,,,,,,263.364,H:\RadioTEDU Songs\Rock\The Pineapple Thief\New World Order\01 New World Order.flac,1,1,260.478,2026-08-26 00:00:13,2026-08-26 00:00:13
8,RadioTEDU Rock,/rock,configured_stream,52031,NOTHING BETTER THAN THIS,Kasabian,,,,,,,158.244,H:\RadioTEDU Songs\Rock\Kasabian\NOTHING BETTER THAN THIS\01 NOTHING BETTER THAN THIS.flac,1,1,158.342,2026-08-26 19:25:52,2026-08-26 19:25:52
8,RadioTEDU Rock,/rock,configured_stream,52148,One of These Days,Stereo Wildlife feat. Kid Alaska & Izzy Chase,,,,,,,141.606,H:\RadioTEDU Songs\Rock\Stereo Wildlife\The Lighthouse\04 Stereo Wildlife feat. Kid Alaska & Izzy Chase - One of These Days (1).flac,1,1,138.714,2026-08-26 08:10:48,2026-08-26 08:10:48
8,RadioTEDU Rock,/rock,configured_stream,52153,One of These Days (Redux),Stereo Wildlife,,,,,,,158.127,H:\RadioTEDU Songs\Rock\Stereo Wildlife\The Lighthouse\09 Stereo Wildlife - One of These Days (Redux).flac,1,1,160.628,2026-08-26 02:13:20,2026-08-26 02:13:20
8,RadioTEDU Rock,/rock,configured_stream,45461,Only Good At Being Young,Patrick Martin,,,,,,,150.0,H:\RadioTEDU Songs\Rock\Patrick Martin - Only Good At Being Young.flac,1,1,150.359,2026-08-26 00:50:18,2026-08-26 00:50:18
8,RadioTEDU Rock,/rock,configured_stream,52028,Painkiller,Judas Priest,,,,,,,368.431,H:\RadioTEDU Songs\Rock\Judas Priest\Metalogy_ Box Set Sampler\10 Painkiller.flac,1,1,366.501,2026-08-26 09:50:18,2026-08-26 09:50:18
8,RadioTEDU Rock,/rock,configured_stream,45542,Paint a Picture,Trueblood,,,,,,,198.098,H:\RadioTEDU Songs\Rock\Trueblood - Paint a Picture.flac,1,1,195.272,2026-08-26 18:02:08,2026-08-26 18:02:08
8,RadioTEDU Rock,/rock,configured_stream,52034,Painting After Painting,Kiwi Jr.,,,,,,,228.584,H:\RadioTEDU Songs\Rock\Kiwi Jr_\Blowin’ Up\08 Painting After Painting.flac,1,1,226.576,2026-08-26 15:40:30,2026-08-26 15:40:30
8,RadioTEDU Rock,/rock,configured_stream,52209,Panama,Van Halen,,,,,,,210.21,H:\RadioTEDU Songs\Rock\Van Halen\1984\03 Panama.flac,1,1,207.476,2026-08-26 17:37:38,2026-08-26 17:37:38
8,RadioTEDU Rock,/rock,configured_stream,51999,Paradise City,Guns N’ Roses,,,,,,,405.6,H:\RadioTEDU Songs\Rock\Guns N’ Roses\Appetite for Destruction\06 Paradise City (1).flac,1,1,403.942,2026-08-26 01:00:53,2026-08-26 01:00:53
8,RadioTEDU Rock,/rock,configured_stream,52000,Paradise City,Guns N’ Roses,,,,,,,408.172,H:\RadioTEDU Songs\Rock\Guns N’ Roses\Appetite for Destruction\06 Paradise City.flac,1,1,405.235,2026-08-26 01:38:40,2026-08-26 01:38:40
8,RadioTEDU Rock,/rock,configured_stream,52003,Paradise City,Guns N’ Roses,,,,,,,408.172,H:\RadioTEDU Songs\Rock\Guns N’ Roses\Paradise City.mp3,1,1,408.61,2026-08-26 00:47:47,2026-08-26 00:47:47
8,RadioTEDU Rock,/rock,configured_stream,47113,Poles,Special Features,,,,,,,218.856,H:\RadioTEDU Songs\Rock\Special Features - Poles.flac,1,1,218.268,2026-08-26 07:59:25,2026-08-26 07:59:25
8,RadioTEDU Rock,/rock,configured_stream,51966,Pour Some Sugar on Me,Def Leppard,,,,,,,267.307,H:\RadioTEDU Songs\Rock\Def Leppard\Hysteria\05 Pour Some Sugar on Me.flac,1,1,264.619,2026-08-26 01:20:09,2026-08-26 01:20:09
8,RadioTEDU Rock,/rock,configured_stream,51968,Pour Some Sugar on Me,Def Leppard,,,,,,,295.497,H:\RadioTEDU Songs\Rock\Def Leppard\Pour Some Sugar on Me.mp3,1,1,295.432,2026-08-26 01:15:35,2026-08-26 01:15:35
8,RadioTEDU Rock,/rock,configured_stream,51901,Pumpkinhead,,,,,,,,136.04,H:\RadioTEDU Songs\Rock\055 - Pumpkinhead.mp3,1,1,133.595,2026-08-26 09:53:14,2026-08-26 09:53:14
8,RadioTEDU Rock,/rock,configured_stream,52177,Purple Haze,The Jimi Hendrix Experience,,,,,,,180.489,H:\RadioTEDU Songs\Rock\The Jimi Hendrix Experience\Are You Experienced\1-14 Purple Haze.flac,1,1,177.841,2026-08-26 09:44:11,2026-08-26 09:44:11
8,RadioTEDU Rock,/rock,configured_stream,51910,Red Flags And Long Nights,,,,,,,,308.987,H:\RadioTEDU Songs\Rock\069 - Red Flags And Long Nights.mp3,1,1,308.904,2026-08-26 17:04:01,2026-08-26 17:04:01
8,RadioTEDU Rock,/rock,configured_stream,52021,Ricochet,Jamey Cassell,,,,,,,223.962,H:\RadioTEDU Songs\Rock\Jamey Cassell\Ricochet\01 Ricochet.flac,1,1,222.119,2026-08-26 20:25:53,2026-08-26 20:25:53
8,RadioTEDU Rock,/rock,configured_stream,45380,Robot,Clutter,,,,,,,178.75,H:\RadioTEDU Songs\Rock\Clutter - Robot.flac,1,1,175.931,2026-08-26 18:05:03,2026-08-26 18:05:03
8,RadioTEDU Rock,/rock,configured_stream,51915,Rock Lobster,,,,,,,,296.053,H:\RadioTEDU Songs\Rock\074 - Rock Lobster.mp3,1,1,296.57,2026-08-26 01:28:20,2026-08-26 01:28:20
8,RadioTEDU Rock,/rock,configured_stream,45457,Rock N Roll Ruined My Life,Ok Cowgirl,,,,,,,255.547,H:\RadioTEDU Songs\Rock\Ok Cowgirl - Rock N Roll Ruined My Life.flac,1,1,254.663,2026-08-26 04:41:05,2026-08-26 04:41:05
8,RadioTEDU Rock,/rock,configured_stream,52134,Rock You Like a Hurricane,Scorpions,,,,,,,253.667,H:\RadioTEDU Songs\Rock\Scorpions\Love at First Sting\02 Rock You Like a Hurricane.flac,1,1,251.717,2026-08-26 14:12:37,2026-08-26 14:12:37
8,RadioTEDU Rock,/rock,configured_stream,52422,Samba de Sausalito,Santana,,,,,,,188.257,H:\RadioTEDU Songs\Rock\Santana\Welcome\03 Samba de Sausalito.mp3,1,1,186.101,2026-08-26 18:35:44,2026-08-26 18:35:44
8,RadioTEDU Rock,/rock,configured_stream,52190,Satisfaction,The Rolling Stones,,,,,,,222.813,H:\RadioTEDU Songs\Rock\The Rolling Stones\Out of Our Heads\07 Satisfaction.flac,1,1,222.648,2026-08-26 14:53:53,2026-08-26 14:53:53
8,RadioTEDU Rock,/rock,configured_stream,51898,Saturday Night,,,,,,,,208.103,H:\RadioTEDU Songs\Rock\052 - Saturday Night.mp3,1,1,205.485,2026-08-26 01:31:55,2026-08-26 01:31:55
8,RadioTEDU Rock,/rock,configured_stream,45348,"Save Us (feat. Tobias Forge, Frank Bello, Ray Luzier)",Accept;Tobias Forge;Frank Bello;Ray Luzier,,,,,,,262.653,"H:\RadioTEDU Songs\Rock\Accept - Save Us (feat. Tobias Forge, Frank Bello, Ray Luzier).flac",1,1,262.592,2026-08-26 00:38:05,2026-08-26 00:38:05
8,RadioTEDU Rock,/rock,configured_stream,52061,Scavenger Hunt,Louie Zong,,,,,,,10.083,H:\RadioTEDU Songs\Rock\Louie Zong\Light\04 Scavenger Hunt (1).mp3,1,1,9.251,2026-08-26 11:43:35,2026-08-26 11:43:35
8,RadioTEDU Rock,/rock,configured_stream,52062,Scavenger Hunt,Louie Zong,,,,,,,10.083,H:\RadioTEDU Songs\Rock\Louie Zong\Light\04 Scavenger Hunt (2).mp3,1,1,9.913,2026-08-26 09:50:27,2026-08-26 09:50:27
8,RadioTEDU Rock,/rock,configured_stream,52064,Scavenger Hunt,Louie Zong,,,,,,,10.083,H:\RadioTEDU Songs\Rock\Louie Zong\Light\04 Scavenger Hunt (4).mp3,1,1,10.324,2026-08-26 09:13:33,2026-08-26 09:13:33
8,RadioTEDU Rock,/rock,configured_stream,52065,Scavenger Hunt,Louie Zong,,,,,,,10.083,H:\RadioTEDU Songs\Rock\Louie Zong\Light\04 Scavenger Hunt (5).mp3,1,1,9.529,2026-08-26 09:51:01,2026-08-26 09:51:01
8,RadioTEDU Rock,/rock,configured_stream,52066,Scavenger Hunt,Louie Zong,,,,,,,10.083,H:\RadioTEDU Songs\Rock\Louie Zong\Light\04 Scavenger Hunt.mp3,1,1,9.951,2026-08-26 11:05:27,2026-08-26 11:05:27
8,RadioTEDU Rock,/rock,configured_stream,51880,Scream!,Misfits,,,,,,,176.021,H:\RadioTEDU Songs\Rock\031 - Misfits - Scream! [OFFICIAL VIDEO].mp3,1,1,173.354,2026-08-26 20:22:11,2026-08-26 20:22:11
8,RadioTEDU Rock,/rock,configured_stream,52204,SEEIN’ STARS,Turnstile,,,,,,,186.277,H:\RadioTEDU Songs\Rock\Turnstile\NEVER ENOUGH\10 SEEIN’ STARS.flac,1,1,186.355,2026-08-26 19:14:15,2026-08-26 19:14:15
8,RadioTEDU Rock,/rock,configured_stream,52073,Seek & Destroy,Metallica,,,,,,,414.72,H:\RadioTEDU Songs\Rock\Metallica\Kill ’Em All\09 Seek & Destroy.flac,1,1,417.506,2026-08-26 19:37:13,2026-08-26 19:37:13
8,RadioTEDU Rock,/rock,configured_stream,52198,Semi-Charmed Life,Third Eye Blind,,,,,,,268.36,H:\RadioTEDU Songs\Rock\Third Eye Blind\Third Eye Blind\03 Semi-Charmed Life.flac,1,1,265.528,2026-08-26 15:36:44,2026-08-26 15:36:44
8,RadioTEDU Rock,/rock,configured_stream,52216,Sharp Dressed Man,ZZ Top,,,,,,,258.027,H:\RadioTEDU Songs\Rock\ZZ Top\Eliminator\03 Sharp Dressed Man.flac,1,1,255.865,2026-08-26 20:37:32,2026-08-26 20:37:32
8,RadioTEDU Rock,/rock,configured_stream,52168,Should I Stay or Should I Go,The Clash,,,,,,,188.987,H:\RadioTEDU Songs\Rock\The Clash\Combat Rock\03 Should I Stay or Should I Go.flac,1,1,187.266,2026-08-26 05:27:06,2026-08-26 05:27:06
8,RadioTEDU Rock,/rock,configured_stream,51991,Slow Ride,Foghat,,,,,,,232.533,H:\RadioTEDU Songs\Rock\Foghat\Slow Ride\01 Slow Ride.flac,1,1,233.324,2026-08-26 04:44:59,2026-08-26 04:44:59
8,RadioTEDU Rock,/rock,configured_stream,52090,Smells Like Teen Spirit,Nirvana,,,,,,,301.92,H:\RadioTEDU Songs\Rock\Nirvana\Nevermind\01 Smells Like Teen Spirit (1).flac,1,1,301.929,2026-08-26 05:36:02,2026-08-26 05:36:02
8,RadioTEDU Rock,/rock,configured_stream,52094,Smells Like Teen Spirit,Nirvana,,,,,,,301.92,H:\RadioTEDU Songs\Rock\Nirvana\Smells Like Teen Spirit.mp3,1,1,301.834,2026-08-26 04:33:16,2026-08-26 04:33:16
8,RadioTEDU Rock,/rock,configured_stream,52110,Solsbury Hill,Peter Gabriel,,,,,,,261.56,H:\RadioTEDU Songs\Rock\Peter Gabriel\Peter Gabriel\02 Solsbury Hill.flac,1,1,261.405,2026-08-26 07:38:42,2026-08-26 07:38:42
8,RadioTEDU Rock,/rock,configured_stream,52054,Somewhere I Belong,Linkin Park,,,,,,,225.768,H:\RadioTEDU Songs\Rock\Linkin Park\Meteora\03 Somewhere I Belong.mp3,1,1,225.707,2026-08-26 17:29:49,2026-08-26 17:29:49
8,RadioTEDU Rock,/rock,configured_stream,51947,Song 2,Blur,,,,,,,121.208,H:\RadioTEDU Songs\Rock\Blur\Blur\02 Song 2.flac,1,1,118.95,2026-08-26 17:26:03,2026-08-26 17:26:03
8,RadioTEDU Rock,/rock,configured_stream,51961,Southern Cross,"Crosby, Stills & Nash",,,,,,,281.0,"H:\RadioTEDU Songs\Rock\Crosby, Stills & Nash\Daylight Again\03 Southern Cross.flac",1,1,281.547,2026-08-26 19:04:35,2026-08-26 19:04:35
8,RadioTEDU Rock,/rock,configured_stream,51895,Spellbound,,,,,,,,197.013,H:\RadioTEDU Songs\Rock\049 - Spellbound.mp3,1,1,194.573,2026-08-26 16:54:54,2026-08-26 16:54:54
8,RadioTEDU Rock,/rock,configured_stream,52139,Spill,Slow Pulp,,,,,,,195.912,H:\RadioTEDU Songs\Rock\Slow Pulp\Spill\01 Spill.flac,1,1,193.67,2026-08-26 01:23:22,2026-08-26 01:23:22
8,RadioTEDU Rock,/rock,configured_stream,51964,Starman,David Bowie,,,,,,,254.421,H:\RadioTEDU Songs\Rock\David Bowie\The Rise and Fall of Ziggy Stardust and the Spiders From Mars\04 Starman.flac,1,1,254.284,2026-08-26 06:52:59,2026-08-26 06:52:59
8,RadioTEDU Rock,/rock,configured_stream,52208,Sunday Bloody Sunday,U2,,,,,,,279.44,H:\RadioTEDU Songs\Rock\U2\War\01 Sunday Bloody Sunday.flac,1,1,279.355,2026-08-26 07:15:12,2026-08-26 07:15:12
8,RadioTEDU Rock,/rock,configured_stream,51955,Sunshine of Your Love,Cream,,,,,,,250.0,H:\RadioTEDU Songs\Rock\Cream\Disraeli Gears\02 Sunshine of Your Love.flac,1,1,248.407,2026-08-26 04:28:14,2026-08-26 04:28:14
8,RadioTEDU Rock,/rock,configured_stream,52001,Sweet Child o’ Mine,Guns N’ Roses,,,,,,,356.067,H:\RadioTEDU Songs\Rock\Guns N’ Roses\Appetite for Destruction\09 Sweet Child o’ Mine.flac,1,1,358.022,2026-08-26 17:20:00,2026-08-26 17:20:00
8,RadioTEDU Rock,/rock,configured_stream,51923,T.N.T.,AC/DC,,,,,,,216.631,H:\RadioTEDU Songs\Rock\AC_DC\T.N.T..mp3,1,1,219.489,2026-08-26 17:41:17,2026-08-26 17:41:17
8,RadioTEDU Rock,/rock,configured_stream,52035,Take Me Away,Lash,,,,,,,213.8,H:\RadioTEDU Songs\Rock\Lash\The Beautiful and the Damned\01 Take Me Away.flac,1,1,210.888,2026-08-26 19:45:05,2026-08-26 19:45:05
8,RadioTEDU Rock,/rock,configured_stream,51981,Take Me Home Tonight,Eddie Money feat. Ronnie Spector,,,,,,,211.16,H:\RadioTEDU Songs\Rock\Eddie Money\Can’t Hold Back\01 Eddie Money feat. Ronnie Spector - Take Me Home Tonight.flac,1,1,211.186,2026-08-26 15:44:02,2026-08-26 15:44:02
8,RadioTEDU Rock,/rock,configured_stream,51890,Tear You Apart,,,,,,,,284.68,H:\RadioTEDU Songs\Rock\041 - Tear You Apart.mp3,1,1,284.924,2026-08-26 00:25:29,2026-08-26 00:25:29
8,RadioTEDU Rock,/rock,configured_stream,52082,Teenagers,My Chemical Romance,,,,,,,161.92,H:\RadioTEDU Songs\Rock\My Chemical Romance\The Black Parade\11 Teenagers.flac,1,1,159.949,2026-08-26 10:52:26,2026-08-26 10:52:26
8,RadioTEDU Rock,/rock,configured_stream,51905,The Blade,,,,,,,,273.213,H:\RadioTEDU Songs\Rock\059 - The Blade.mp3,1,1,276.059,2026-08-26 02:34:21,2026-08-26 02:34:21
8,RadioTEDU Rock,/rock,configured_stream,52197,The Boys Are Back in Town,Thin Lizzy,,,,,,,266.467,H:\RadioTEDU Songs\Rock\Thin Lizzy\Jailbreak\06 The Boys Are Back in Town.flac,1,1,264.702,2026-08-26 00:18:01,2026-08-26 00:18:01
8,RadioTEDU Rock,/rock,configured_stream,51971,The Fountain,DIIV,,,,,,,205.0,H:\RadioTEDU Songs\Rock\DIIV\The Fountain\01 The Fountain.flac,1,1,205.017,2026-08-26 15:05:28,2026-08-26 15:05:28
8,RadioTEDU Rock,/rock,configured_stream,51908,The Kids Aren't Alright,,,,,,,,180.16,H:\RadioTEDU Songs\Rock\067 - The Kids Aren't Alright.mp3,1,1,177.221,2026-08-26 06:59:41,2026-08-26 06:59:41
8,RadioTEDU Rock,/rock,configured_stream,52183,The Kids Aren't Alright,The Offspring,,,,,,,179.56,H:\RadioTEDU Songs\Rock\The Offspring\Americana\05 The Kids Aren't Alright.flac,1,1,179.177,2026-08-26 07:31:25,2026-08-26 07:31:25
8,RadioTEDU Rock,/rock,configured_stream,52184,The Kids Aren’t Alright,The Offspring,,,,,,,179.56,H:\RadioTEDU Songs\Rock\The Offspring\The Kids Aren’t Alright.mp3,1,1,176.816,2026-08-26 07:34:21,2026-08-26 07:34:21
8,RadioTEDU Rock,/rock,configured_stream,45357,The Martyr,Ally Evenson,,,,,,,195.398,H:\RadioTEDU Songs\Rock\Ally Evenson - The Martyr.flac,1,1,193.247,2026-08-26 16:47:07,2026-08-26 16:47:07
8,RadioTEDU Rock,/rock,configured_stream,52017,The Number of the Beast,Iron Maiden,,,,,,,291.109,H:\RadioTEDU Songs\Rock\Iron Maiden\Virus\06 The Number of the Beast.flac,1,1,288.384,2026-08-26 16:43:54,2026-08-26 16:43:54
8,RadioTEDU Rock,/rock,configured_stream,52013,The Trooper,Iron Maiden,,,,,,,263.454,H:\RadioTEDU Songs\Rock\Iron Maiden\Rock in Rio\1-10 The Trooper.flac,1,1,260.554,2026-08-26 19:55:38,2026-08-26 19:55:38
8,RadioTEDU Rock,/rock,configured_stream,52016,The Trooper,Iron Maiden,,,,,,,263.407,H:\RadioTEDU Songs\Rock\Iron Maiden\The Trooper.mp3,1,1,263.475,2026-08-26 16:51:30,2026-08-26 16:51:30
8,RadioTEDU Rock,/rock,configured_stream,47098,The World Keeps Spinning,Alemeda;Fousheé,,,,,,,135.307,H:\RadioTEDU Songs\Rock\Alemeda - The World Keeps Spinning.flac,1,1,134.145,2026-08-26 10:21:15,2026-08-26 10:21:15
8,RadioTEDU Rock,/rock,configured_stream,51909,Thunderstruck,,,,,,,,292.88,H:\RadioTEDU Songs\Rock\068 - Thunderstruck.mp3,1,1,293.69,2026-08-26 14:39:36,2026-08-26 14:39:36
8,RadioTEDU Rock,/rock,configured_stream,51924,Thunderstruck,AC/DC,,,,,,,292.88,H:\RadioTEDU Songs\Rock\AC_DC\The Razors Edge\01 Thunderstruck.flac,1,1,290.106,2026-08-26 19:19:17,2026-08-26 19:19:17
8,RadioTEDU Rock,/rock,configured_stream,52143,"Tonight, Tonight",Starbenders,,,,,,,264.213,"H:\RadioTEDU Songs\Rock\Starbenders\Tonight, Tonight\01 Tonight, Tonight.flac",1,1,261.441,2026-08-26 07:10:33,2026-08-26 07:10:33
8,RadioTEDU Rock,/rock,configured_stream,52117,Under Pressure,Queen & David Bowie,,,,,,,253.051,H:\RadioTEDU Songs\Rock\Queen\Hot Space\11 Queen & David Bowie - Under Pressure.flac,1,1,250.387,2026-08-26 09:17:53,2026-08-26 09:17:53
8,RadioTEDU Rock,/rock,configured_stream,52126,Under the Bridge,Red Hot Chili Peppers,,,,,,,264.307,H:\RadioTEDU Songs\Rock\Red Hot Chili Peppers\Blood Sugar Sex Magik\11 Under the Bridge.flac,1,1,261.718,2026-08-26 11:28:49,2026-08-26 11:28:49
8,RadioTEDU Rock,/rock,configured_stream,52081,Uprising,Muse,,,,,,,304.84,H:\RadioTEDU Songs\Rock\Muse\The Resistance\1-01 Uprising.flac,1,1,304.485,2026-08-26 15:10:42,2026-08-26 15:10:42
8,RadioTEDU Rock,/rock,configured_stream,45416,Vincent Thomas,Jakobs Castle,,,,,,,164.867,H:\RadioTEDU Songs\Rock\Jakobs Castle - Vincent Thomas.flac,1,1,165.289,2026-08-26 08:33:39,2026-08-26 08:33:39
8,RadioTEDU Rock,/rock,configured_stream,51884,Voodoo Idol,,,,,,,,219.103,H:\RadioTEDU Songs\Rock\035 - Voodoo Idol.mp3,1,1,218.616,2026-08-26 11:11:16,2026-08-26 11:11:16
8,RadioTEDU Rock,/rock,configured_stream,52104,Walk,Pantera,,,,,,,315.861,H:\RadioTEDU Songs\Rock\Pantera\Walk.mp3,1,1,313.013,2026-08-26 05:10:48,2026-08-26 05:10:48
8,RadioTEDU Rock,/rock,configured_stream,52060,Walk on the Wild Side,Lou Reed,,,,,,,253.96,H:\RadioTEDU Songs\Rock\Lou Reed\Transformer\05 Walk on the Wild Side.flac,1,1,252.64,2026-08-26 10:46:15,2026-08-26 10:46:15
8,RadioTEDU Rock,/rock,configured_stream,51925,Walk This Way,Aerosmith,,,,,,,220.311,H:\RadioTEDU Songs\Rock\Aerosmith\Toys in the Attic\04 Walk This Way.flac,1,1,220.329,2026-08-26 10:24:55,2026-08-26 10:24:55
8,RadioTEDU Rock,/rock,configured_stream,51897,Wanderer,Këkht Aräkh,,,,,,,182.822,H:\RadioTEDU Songs\Rock\051 - Këkht Aräkh - Wanderer.mp3,1,1,182.626,2026-08-26 20:19:08,2026-08-26 20:19:08
8,RadioTEDU Rock,/rock,configured_stream,51998,We Got the Beat,Go‐Go’s,,,,,,,151.107,H:\RadioTEDU Songs\Rock\Go‐Go’s\Beauty and the Beat\06 We Got the Beat.flac,1,1,149.122,2026-08-26 00:06:42,2026-08-26 00:06:42
8,RadioTEDU Rock,/rock,configured_stream,52032,We Have Each Other,Kenny Smith,,,,,,,181.653,H:\RadioTEDU Songs\Rock\Kenny Smith\One More Day\14 Kenny Smith - We Have Each Other.mp3,1,1,178.732,2026-08-26 07:06:12,2026-08-26 07:06:12
8,RadioTEDU Rock,/rock,configured_stream,51948,Weather Me,BODEGA,,,,,,,202.835,H:\RadioTEDU Songs\Rock\BODEGA\Weather Me\01 Weather Me.flac,1,1,202.835,2026-08-26 07:03:03,2026-08-26 07:03:03
8,RadioTEDU Rock,/rock,configured_stream,52002,Welcome to the Jungle,Guns N’ Roses,,,,,,,273.48,H:\RadioTEDU Songs\Rock\Guns N’ Roses\Greatest Hits\01 Welcome to the Jungle.flac,1,1,271.661,2026-08-26 04:54:08,2026-08-26 04:54:08
8,RadioTEDU Rock,/rock,configured_stream,52058,What I've Done,Linkin Park,,,,,,,205.613,H:\RadioTEDU Songs\Rock\Linkin Park\Minutes to Midnight\1-06 What I've Done.flac,1,1,205.743,2026-08-26 09:24:12,2026-08-26 09:24:12
8,RadioTEDU Rock,/rock,configured_stream,52163,What if?,The Backfires,,,,,,,244.907,H:\RadioTEDU Songs\Rock\The Backfires\Stardust\03 What if_.flac,1,1,244.238,2026-08-26 02:17:37,2026-08-26 02:17:37
8,RadioTEDU Rock,/rock,configured_stream,51996,What Is Life,George Harrison,,,,,,,264.406,H:\RadioTEDU Songs\Rock\George Harrison\All Things Must Pass\1-05 What Is Life.flac,1,1,263.1,2026-08-26 14:50:11,2026-08-26 14:50:11
8,RadioTEDU Rock,/rock,configured_stream,52087,When I Come Home,New Jordal Swingers,,,,,,,219.2,H:\RadioTEDU Songs\Rock\New Jordal Swingers\New Jordal Swingers on Top\5-09 When I Come Home.mp3,1,1,219.996,2026-08-26 09:41:00,2026-08-26 09:41:00
8,RadioTEDU Rock,/rock,configured_stream,52207,Where the Streets Have No Name,U2,,,,,,,336.613,H:\RadioTEDU Songs\Rock\U2\The Joshua Tree\01 Where the Streets Have No Name.flac,1,1,334.244,2026-08-26 07:24:18,2026-08-26 07:24:18
8,RadioTEDU Rock,/rock,configured_stream,51938,"White Wedding, Part 1",Billy Idol,,,,,,,252.2,"H:\RadioTEDU Songs\Rock\Billy Idol\Billy Idol\02 White Wedding, Part 1.flac",1,1,250.745,2026-08-26 18:45:38,2026-08-26 18:45:38
8,RadioTEDU Rock,/rock,configured_stream,51930,Would?,Alice in Chains,,,,,,,207.723,H:\RadioTEDU Songs\Rock\Alice in Chains\Would_.mp3,1,1,207.657,2026-08-26 20:04:33,2026-08-26 20:04:33
8,RadioTEDU Rock,/rock,configured_stream,51920,You Shook Me All Night Long,AC/DC,,,,,,,210.173,H:\RadioTEDU Songs\Rock\AC_DC\Back in Black\07 You Shook Me All Night Long.flac,1,1,207.721,2026-08-26 14:22:55,2026-08-26 14:22:55
8,RadioTEDU Rock,/rock,configured_stream,52023,You're Gone,Jimmie Logsdon,,,,,,,134.763,H:\RadioTEDU Songs\Rock\Jimmie Logsdon AKA Jimmie Lloyd\Now And Then ... I Think Of The 50's\04 You're Gone.mp3,1,1,135.053,2026-08-26 01:03:10,2026-08-26 01:03:10
8,RadioTEDU Rock,/rock,configured_stream,52022,You're So Cool,Jim Babjak's Buzzed Meg,,,,,,,165.198,H:\RadioTEDU Songs\Rock\Jim Babjak's Buzzed Meg\The Music From Jim Babjak's Buzzed Meg\04 You're So Cool.mp3,1,1,165.17,2026-08-26 00:13:24,2026-08-26 00:13:24
8,RadioTEDU Rock,/rock,configured_stream,51919,Zombie,,,,,,,,307.813,H:\RadioTEDU Songs\Rock\081 - Zombie.mp3,1,1,311.045,2026-08-26 20:47:00,2026-08-26 20:47:00
8,RadioTEDU Rock,/rock,configured_stream,51894,Судно (Борис Рижий),,,,,,,,141.395,H:\RadioTEDU Songs\Rock\048 - Судно (Борис Рижий).mp3,1,1,139.478,2026-08-26 01:10:40,2026-08-26 01:10:40
8,RadioTEDU Rock,/rock,configured_stream,51965,“Heroes”,David Bowie,,,,,,,363.347,H:\RadioTEDU Songs\Rock\David Bowie\“Heroes”\03 “Heroes”.flac,1,1,360.57,2026-08-26 10:31:05,2026-08-26 10:31:05
9,RadioTEDU Energize,/energize,configured_stream,52229,All Things Burn,Amon Tobin,,,,,,,341.806,H:\RadioTEDU Songs\Energize\Amon Tobin\How Do You Live\10 Amon Tobin - All Things Burn.flac,8,8,2711.585,2026-08-26 02:43:03,2026-08-26 23:29:30
9,RadioTEDU Energize,/energize,configured_stream,52242,Beautiful People,David Guetta & Sia,,,,,,,187.083,H:\RadioTEDU Songs\Energize\David Guetta & Sia\Beautiful People\01 Beautiful People.flac,8,8,1479.96,2026-08-26 03:14:40,2026-08-26 22:39:04
9,RadioTEDU Energize,/energize,configured_stream,52278,Break it off,PinkPantheress,,,,,,,96.133,H:\RadioTEDU Songs\Energize\PinkPantheress\to hell with it\10 Break it off.flac,8,8,750.486,2026-08-26 03:19:04,2026-08-26 22:43:27
9,RadioTEDU Energize,/energize,configured_stream,52238,Cola,CamelPhat & Elderbrook,,,,,,,223.869,H:\RadioTEDU Songs\Energize\CamelPhat & Elderbrook\Cola\01 Cola.flac,8,8,1772.121,2026-08-26 02:57:23,2026-08-26 23:43:49
9,RadioTEDU Energize,/energize,configured_stream,52279,Ethereal,Punch Deck,,,,,,,216.433,H:\RadioTEDU Songs\Energize\Punch Deck\Ethereal\01 Ethereal.m4a,8,8,1713.002,2026-08-26 03:41:34,2026-08-26 23:05:58
9,RadioTEDU Energize,/energize,configured_stream,52248,Gettin’ Over You,David Guetta & Chris Willis feat. Fergie & LMFAO,,,,,,,188.012,H:\RadioTEDU Songs\Energize\David Guetta\One More Love\02 David Guetta & Chris Willis feat. Fergie & LMFAO - Gettin’ Over You.flac,8,8,1484.107,2026-08-26 03:11:35,2026-08-26 22:35:58
9,RadioTEDU Energize,/energize,configured_stream,52219,Heads Will Roll,Yeah Yeah Yeahs,,,,,,,220.09,H:\RadioTEDU Songs\Energize\017 - Yeah Yeah Yeahs - Heads Will Roll (Official Music Video).mp3,8,8,1741.666,2026-08-26 03:53:06,2026-08-26 23:20:11
9,RadioTEDU Energize,/energize,configured_stream,52235,How Deep Is Your Love,Calvin Harris & Disciples,,,,,,,212.64,H:\RadioTEDU Songs\Energize\Calvin Harris & Disciples\How Deep Is Your Love.mp3,8,8,1687.609,2026-08-26 02:46:33,2026-08-26 23:33:01
9,RadioTEDU Energize,/energize,configured_stream,52230,Hypnotized,Anyma feat. Ellie Goulding,,,,,,,177.621,H:\RadioTEDU Songs\Energize\Anyma\The End of Genesys\03 Anyma feat. Ellie Goulding - Hypnotized.flac,8,8,1400.79,2026-08-26 03:38:01,2026-08-26 23:02:24
9,RadioTEDU Energize,/energize,configured_stream,52291,I Follow Rivers,Tiësto feat. Oaks,,,,,,,198.972,H:\RadioTEDU Songs\Energize\Tiësto feat. Oaks\I Follow Rivers\01 I Follow Rivers.flac,8,8,1569.639,2026-08-26 03:31:10,2026-08-26 22:55:36
9,RadioTEDU Energize,/energize,configured_stream,52241,If (A Better World),David Guetta & Cedric Gervais,,,,,,,170.806,H:\RadioTEDU Songs\Energize\David Guetta & Cedric Gervais\If (A Better World)\01 If (A Better World).mp3,8,8,1356.904,2026-08-26 03:17:29,2026-08-26 22:41:53
9,RadioTEDU Energize,/energize,configured_stream,52265,JAMMU,KSHMR,,,,,,,235.764,H:\RadioTEDU Songs\Energize\KSHMR\JAMMU\01 JAMMU.flac,8,8,1868.47,2026-08-26 03:35:04,2026-08-26 22:59:30
9,RadioTEDU Energize,/energize,configured_stream,47200,Lady Gaga - Bloody Mary // Wednesday (Soner Karaca Remix),Soner Karaca,,,,,,,197.01,H:\RadioTEDU Songs\Energize\037 - Lady Gaga - Bloody Mary ⧸⧸ Wednesday (Soner Karaca Remix).mp3,8,8,1567.599,2026-08-26 03:49:25,2026-08-26 23:16:34
9,RadioTEDU Energize,/energize,configured_stream,52251,Mammoth,"Dimitri Vegas & Like Mike, MOGUAI & Like Mike",,,,,,,332.289,"H:\RadioTEDU Songs\Energize\Dimitri Vegas & Like Mike, MOGUAI & Like Mike\Mammoth\02 Mammoth.flac",8,8,2651.823,2026-08-26 03:24:33,2026-08-26 22:48:59
9,RadioTEDU Energize,/energize,configured_stream,52224,Memories (feat. Kid Cudi),,,,,,,,210.84,H:\RadioTEDU Songs\Energize\099 - Memories (feat. Kid Cudi).mp3,8,8,1672.464,2026-08-26 03:08:25,2026-08-26 22:32:52
9,RadioTEDU Energize,/energize,configured_stream,52282,Reload (radio edit),"Sebastian Ingrosso, Tommy Trash & John Martin",,,,,,,221.28,"H:\RadioTEDU Songs\Energize\Sebastian Ingrosso, Tommy Trash & John Martin\Reload (vocal version _ radio edit)\01 Reload (radio edit).flac",8,8,1754.043,2026-08-26 03:56:45,2026-08-26 23:23:50
9,RadioTEDU Energize,/energize,configured_stream,52280,Sugar,Robin Schulz feat. Francesco Yates,,,,,,,222.691,H:\RadioTEDU Songs\Energize\Robin Schulz\Sugar\02 Robin Schulz feat. Francesco Yates - Sugar.flac,8,8,1763.78,2026-08-26 02:53:41,2026-08-26 23:40:08
9,RadioTEDU Energize,/energize,configured_stream,52283,Sweet Lovin’,Sigala feat. Bryn Christopher,,,,,,,202.213,H:\RadioTEDU Songs\Energize\Sigala\Brighter Days\11 Sigala feat. Bryn Christopher - Sweet Lovin’.flac,8,8,1599.323,2026-08-26 03:27:54,2026-08-26 22:52:20
9,RadioTEDU Energize,/energize,configured_stream,52232,The Days,Avicii,,,,,,,278.48,H:\RadioTEDU Songs\Energize\Avicii\The Days _ Nights EP\01 The Days.flac,8,8,2207.707,2026-08-26 03:46:09,2026-08-26 23:13:19
9,RadioTEDU Energize,/energize,configured_stream,52237,This Is What You Came For,Calvin Harris & Rihanna,,,,,,,221.901,H:\RadioTEDU Songs\Energize\Calvin Harris\96 Months\03 Calvin Harris & Rihanna - This Is What You Came For.flac,8,8,1756.221,2026-08-26 03:01:02,2026-08-26 23:47:29
9,RadioTEDU Energize,/energize,configured_stream,47183,Training Season,Dua Lipa,,,,,,,210.419,H:\RadioTEDU Songs\Energize\023 - Dua Lipa - Training Season .mp3,8,8,1666.922,2026-08-26 02:50:00,2026-08-26 23:36:29
9,RadioTEDU Energize,/energize,configured_stream,52243,Beautiful People,David Guetta & Sia,,,,,,,187.087,H:\RadioTEDU Songs\Energize\David Guetta & Sia\Beautiful People\01 Beautiful People.mp3,7,7,1293.413,2026-08-26 04:30:32,2026-08-26 22:04:42
9,RadioTEDU Energize,/energize,configured_stream,52284,Easy Love,Sigala,,,,,,,229.813,H:\RadioTEDU Songs\Energize\Sigala\Brighter Days\16 Sigala - Easy Love.flac,7,7,1594.1,2026-08-26 05:11:35,2026-08-26 22:18:17
9,RadioTEDU Energize,/energize,configured_stream,52223,Fireball,,,,,,,,235.012,H:\RadioTEDU Songs\Energize\098 - Fireball.mp3,7,7,1635.44,2026-08-26 03:04:57,2026-08-26 22:01:33
9,RadioTEDU Energize,/energize,configured_stream,52246,Forever Young,"David Guetta, Alphaville & Ava Max",,,,,,,156.003,"H:\RadioTEDU Songs\Energize\David Guetta, Alphaville & Ava Max\Forever Young\01 Forever Young.mp3",7,7,1075.592,2026-08-26 05:14:09,2026-08-26 22:20:52
9,RadioTEDU Energize,/energize,configured_stream,52249,Gettin’ Over You,David Guetta & Chris Willis feat. Fergie & LMFAO,,,,,,,188.0,H:\RadioTEDU Songs\Energize\David Guetta\One More Love\02 David Guetta & Chris Willis feat. Fergie & LMFAO - Gettin’ Over You.mp3,7,7,1299.905,2026-08-26 04:16:00,2026-08-26 21:19:14
9,RadioTEDU Energize,/energize,configured_stream,52220,Hung Up,,,,,,,,337.733,H:\RadioTEDU Songs\Energize\091 - Hung Up.mp3,7,7,2345.443,2026-08-26 05:19:43,2026-08-26 22:26:27
9,RadioTEDU Energize,/energize,configured_stream,52231,Hypnotized,Anyma feat. Ellie Goulding,,,,,,,177.621,H:\RadioTEDU Songs\Energize\Anyma\The End of Genesys\03 Anyma feat. Ellie Goulding - Hypnotized.mp3,7,7,1232.573,2026-08-26 05:22:44,2026-08-26 22:29:23
9,RadioTEDU Energize,/energize,configured_stream,52292,I Follow Rivers,Tiësto feat. Oaks,,,,,,,198.972,H:\RadioTEDU Songs\Energize\Tiësto feat. Oaks\I Follow Rivers\01 I Follow Rivers.mp3,7,7,1375.798,2026-08-26 05:01:19,2026-08-26 22:07:59
9,RadioTEDU Energize,/energize,configured_stream,52240,If (A Better World),David Guetta & Cedric Gervais,,,,,,,170.806,H:\RadioTEDU Songs\Energize\David Guetta & Cedric Gervais\If (A Better World)\01 If (A Better World).flac,7,7,1181.626,2026-08-26 04:24:42,2026-08-26 21:31:19
9,RadioTEDU Energize,/energize,configured_stream,52276,It’s Not Right (But It’s Ok),Mr. Belt & Wezol,,,,,,,152.253,H:\RadioTEDU Songs\Energize\Mr. Belt & Wezol\It's Not Right But It's Okay\01 It’s Not Right (But It’s Ok).flac,7,7,1051.068,2026-08-26 04:18:30,2026-08-26 21:24:58
9,RadioTEDU Energize,/energize,configured_stream,52277,It’s Not Right (But It’s Ok),Mr. Belt & Wezol,,,,,,,152.253,H:\RadioTEDU Songs\Energize\Mr. Belt & Wezol\It's Not Right But It's Okay\01 It’s Not Right (But It’s Ok).mp3,7,7,1051.06,2026-08-26 05:03:48,2026-08-26 22:10:29
9,RadioTEDU Energize,/energize,configured_stream,52263,Love and Imitation,Infusion,,,,,,,455.773,H:\RadioTEDU Songs\Energize\Infusion\Six Feet Above Yesterday\05 Love and Imitation.mp3,7,7,3173.923,2026-08-26 04:12:53,2026-08-26 21:16:08
9,RadioTEDU Energize,/energize,configured_stream,52260,Peanut Butter Jelly,Galantis,,,,,,,203.133,H:\RadioTEDU Songs\Energize\Galantis\Pharmacy\09 Peanut Butter Jelly.flac,7,7,1414.424,2026-08-26 04:21:50,2026-08-26 21:28:30
9,RadioTEDU Energize,/energize,configured_stream,52222,Rock That Body,,,,,,,,269.253,H:\RadioTEDU Songs\Energize\097 - Rock That Body.mp3,7,7,1872.117,2026-08-26 04:01:12,2026-08-26 21:04:24
9,RadioTEDU Energize,/energize,configured_stream,52293,Secrets,Tiësto & KSHMR feat. Vassy,,,,,,,250.947,"H:\RadioTEDU Songs\Energize\Tiësto\Club Life, Volume Four_ New York City\02 Tiësto & KSHMR feat. Vassy - Secrets.flac",7,7,1738.636,2026-08-26 04:05:20,2026-08-26 21:08:33
9,RadioTEDU Energize,/energize,configured_stream,52289,Tired to Shine,The Chain Gang of 1974,,,,,,,240.0,H:\RadioTEDU Songs\Energize\The Chain Gang of 1974\Tired to Shine\01 Tired to Shine.flac,7,7,1662.21,2026-08-26 05:07:47,2026-08-26 22:14:28
9,RadioTEDU Energize,/energize,configured_stream,52221,Von dutch,,,,,,,,164.284,H:\RadioTEDU Songs\Energize\094 - Von dutch.mp3,7,7,1159.47,2026-08-26 04:27:25,2026-08-26 21:34:00
9,RadioTEDU Energize,/energize,configured_stream,52274,Light It Up (remix),Major Lazer feat. Nyla & Fuse ODG,,,,,,,166.174,H:\RadioTEDU Songs\Energize\Major Lazer\Peace Is the Mission (extended)\10 Major Lazer feat. Nyla & Fuse ODG - Light It Up (remix).flac,5,5,852.171,2026-08-26 15:46:02,2026-08-26 23:08:43
9,RadioTEDU Energize,/energize,configured_stream,52259,Ain’t Nobody (Loves Me Better),Felix Jaehn feat. Jasmine Thompson,,,,,,,188.372,H:\RadioTEDU Songs\Energize\Felix Jaehn\I\16 Felix Jaehn feat. Jasmine Thompson - Ain’t Nobody (Loves Me Better).flac,4,4,745.107,2026-08-26 01:19:37,2026-08-26 11:39:29
9,RadioTEDU Energize,/energize,configured_stream,52264,Fast Car,Jonas Blue feat. Dakota,,,,,,,215.818,H:\RadioTEDU Songs\Energize\Jonas Blue\Blue\15 Jonas Blue feat. Dakota - Fast Car.flac,4,4,854.679,2026-08-26 01:23:11,2026-08-26 11:43:03
9,RadioTEDU Energize,/energize,configured_stream,52239,Get Lucky,Daft Punk,,,,,,,369.627,H:\RadioTEDU Songs\Energize\Daft Punk\Random Access Memories\08 Get Lucky.flac,4,4,1471.421,2026-08-26 01:00:14,2026-08-26 11:16:18
9,RadioTEDU Energize,/energize,configured_stream,52268,Just Dance,"Lady Gaga, Colby O’Donis",,,,,,,241.933,"H:\RadioTEDU Songs\Energize\Lady Gaga, Colby O’Donis\Just Dance.mp3",4,4,956.757,2026-08-26 01:27:21,2026-08-26 11:47:04
9,RadioTEDU Energize,/energize,configured_stream,52281,Missing Piece,Scorz & Sirolf feat. Diandra Faye,,,,,,,193.793,H:\RadioTEDU Songs\Energize\Scorz & Sirolf feat. Diandra Faye\Missing Piece\01 Missing Piece.flac,4,4,765.368,2026-08-26 01:30:32,2026-08-26 11:50:15
9,RadioTEDU Energize,/energize,configured_stream,52288,No Ordinary Love (album version),Sweet Coffee,,,,,,,327.787,H:\RadioTEDU Songs\Energize\Sweet Coffee\Memory Lane\04 No Ordinary Love (album version).mp3,4,4,1301.211,2026-08-26 01:16:31,2026-08-26 11:36:22
9,RadioTEDU Energize,/energize,configured_stream,52286,Subway Surfers (Main Theme),Subway Surfers,,,,,,,137.996,H:\RadioTEDU Songs\Energize\Subway Surfers\Greatest Hits 2020\01 Subway Surfers (Main Theme).flac,4,4,567.876,2026-08-26 01:02:29,2026-08-26 11:18:59
9,RadioTEDU Energize,/energize,configured_stream,52287,Subway Surfers (Main Theme),Subway Surfers,,,,,,,138.0,H:\RadioTEDU Songs\Energize\Subway Surfers\Subway Surfers (Main Theme).mp3,4,4,541.688,2026-08-26 01:04:45,2026-08-26 11:21:15
9,RadioTEDU Energize,/energize,configured_stream,52285,Sure Thing,St Germain,,,,,,,380.498,H:\RadioTEDU Songs\Energize\St Germain\Tourist\06 Sure Thing.flac,4,4,1511.099,2026-08-26 01:11:06,2026-08-26 11:30:55
9,RadioTEDU Energize,/energize,configured_stream,52256,W.A.V.E,Emil Rottmayer,,,,,,,339.317,H:\RadioTEDU Songs\Energize\Emil Rottmayer\Descend\09 W.A.V.E.flac,4,4,1348.261,2026-08-26 01:36:08,2026-08-26 11:55:53
9,RadioTEDU Energize,/energize,configured_stream,52218,Get Lucky (feat. Pharrell Williams and Nile Rodgers),,,,,,,,369.627,H:\RadioTEDU Songs\Energize\004 - Get Lucky (feat. Pharrell Williams and Nile Rodgers).mp3,3,3,1103.933,2026-08-26 07:01:46,2026-08-26 11:06:36
9,RadioTEDU Energize,/energize,configured_stream,52247,Hey Mama,David Guetta feat. Nicki Minaj & Afrojack,,,,,,,192.749,H:\RadioTEDU Songs\Energize\David Guetta\Listen\10 David Guetta feat. Nicki Minaj & Afrojack - Hey Mama.flac,3,3,574.966,2026-08-26 06:55:39,2026-08-26 11:00:27
9,RadioTEDU Energize,/energize,configured_stream,52261,Resonance,HOME,,,,,,,212.945,H:\RadioTEDU Songs\Energize\HOME\Odyssey\09 Resonance.flac,3,3,634.767,2026-08-26 07:05:18,2026-08-26 11:10:10
9,RadioTEDU Energize,/energize,configured_stream,52262,1,HOME,,,,,,,81.534,H:\RadioTEDU Songs\Energize\HOME\Resting State\01 1.flac,2,2,160.79,2026-08-26 00:45:10,2026-08-26 02:37:25
9,RadioTEDU Energize,/energize,configured_stream,52252,Call Me When You’re Sober,DJ Nate,,,,,,,152.404,H:\RadioTEDU Songs\Energize\DJ Nate\Da Trak Genious\06 Call Me When You’re Sober.mp3,2,2,299.899,2026-08-26 00:47:40,2026-08-26 23:49:58
9,RadioTEDU Energize,/energize,configured_stream,52295,Dear Universe,Virtua,,,,,,,156.741,H:\RadioTEDU Songs\Energize\Virtua\The Last Descent\03 Dear Universe.flac,2,2,307.9,2026-08-26 00:21:52,2026-08-26 02:14:03
9,RadioTEDU Energize,/energize,configured_stream,52425,Fast and Loud,Stéphane Pompougnac feat. Juliette Oz,,,,,,,262.64,H:\RadioTEDU Songs\Energize\Stéphane Pompougnac\Living on the Edge\09 Stéphane Pompougnac feat. Juliette Oz - Fast and Loud.mp3,2,2,520.05,2026-08-26 00:40:46,2026-08-26 02:33:03
9,RadioTEDU Energize,/energize,configured_stream,52258,Glide,Emil Rottmayer,,,,,,,190.038,H:\RadioTEDU Songs\Energize\Emil Rottmayer\Drift\02 Glide.flac,2,2,374.402,2026-08-26 00:30:32,2026-08-26 02:22:44
9,RadioTEDU Energize,/energize,configured_stream,47179,Hit Me Up,Darin Music,,,,,,,125.005,H:\RadioTEDU Songs\Energize\019 - Darin - Hit Me Up .mp3,2,2,244.971,2026-08-26 00:19:18,2026-08-26 02:11:30
9,RadioTEDU Energize,/energize,configured_stream,52273,Lean On,"Major Lazer, MØ & DJ Snake",,,,,,,180.663,"H:\RadioTEDU Songs\Energize\Major Lazer\Peace Is the Mission (extended)\04 Major Lazer, MØ & DJ Snake - Lean On.flac",2,2,355.866,2026-08-26 00:33:29,2026-08-26 02:25:41
9,RadioTEDU Energize,/energize,configured_stream,52257,Mega,Emil Rottmayer,,,,,,,371.141,H:\RadioTEDU Songs\Energize\Emil Rottmayer\Descend\11 Mega.flac,2,2,738.769,2026-08-26 00:02:44,2026-08-26 01:54:57
9,RadioTEDU Energize,/energize,configured_stream,52228,Rivals,AERwave,,,,,,,145.989,H:\RadioTEDU Songs\Energize\AERwave\Mirror City Underground\03 AERwave - Rivals.flac,2,2,286.334,2026-08-26 00:05:07,2026-08-26 01:57:20
9,RadioTEDU Energize,/energize,configured_stream,52254,S.O.L.O,Emil Rottmayer,,,,,,,248.981,H:\RadioTEDU Songs\Energize\Emil Rottmayer\Descend\03 S.O.L.O.flac,2,2,492.228,2026-08-26 00:13:44,2026-08-26 02:05:54
9,RadioTEDU Energize,/energize,configured_stream,47219,Show Me Love,"WizTheMc, bees & honey",,,,,,,61.952,H:\RadioTEDU Songs\Energize\056 - Show Me Love.mp3,2,2,121.049,2026-08-26 00:09:36,2026-08-26 02:01:48
9,RadioTEDU Energize,/energize,configured_stream,52296,Slow,憂鬱,,,,,,,333.745,H:\RadioTEDU Songs\Energize\憂鬱\Slow\01 Slow.flac,2,2,663.31,2026-08-26 00:27:25,2026-08-26 02:19:34
9,RadioTEDU Energize,/energize,configured_stream,52226,Space Echo,A.L.I.S.O.N,,,,,,,215.056,H:\RadioTEDU Songs\Energize\A.L.I.S.O.N\Space Station\02 A.L.I.S.O.N - Space Echo.flac,2,2,424.504,2026-08-26 00:17:16,2026-08-26 02:09:28
9,RadioTEDU Energize,/energize,configured_stream,52294,Stardancer,Virtua,,,,,,,184.428,H:\RadioTEDU Songs\Energize\Virtua\The Last Descent\02 Stardancer.flac,2,2,364.142,2026-08-26 00:43:47,2026-08-26 02:36:05
9,RadioTEDU Energize,/energize,configured_stream,52244,Titanium (David Guetta & MORTEN Future Rave remix),David Guetta feat. Sia,,,,,,,211.441,H:\RadioTEDU Songs\Energize\David Guetta feat. Sia\Titanium (David Guetta & MORTEN Future Rave remix)\01 Titanium (David Guetta & MORTEN Future Rave remix).flac,2,2,417.402,2026-08-26 00:08:35,2026-08-26 02:00:48
9,RadioTEDU Energize,/energize,configured_stream,52245,Titanium (David Guetta & MORTEN Future Rave remix),David Guetta feat. Sia,,,,,,,211.429,H:\RadioTEDU Songs\Energize\David Guetta feat. Sia\Titanium (David Guetta & MORTEN Future Rave remix)\01 Titanium (David Guetta & MORTEN Future Rave remix).mp3,2,2,417.24,2026-08-26 00:54:04,2026-08-26 23:56:21
9,RadioTEDU Energize,/energize,configured_stream,52266,Whatever,Kygo with Ava Max,,,,,,,178.283,H:\RadioTEDU Songs\Energize\Kygo with Ava Max\Whatever\01 Whatever.flac,2,2,351.286,2026-08-26 00:50:35,2026-08-26 23:52:53
9,RadioTEDU Energize,/energize,configured_stream,52267,Whatever,Kygo with Ava Max,,,,,,,178.273,H:\RadioTEDU Songs\Energize\Kygo with Ava Max\Whatever\01 Whatever.mp3,2,2,351.513,2026-08-26 00:36:26,2026-08-26 02:28:38
9,RadioTEDU Energize,/energize,configured_stream,52227,Continuity,A.L.I.S.O.N,,,,,,,270.006,H:\RadioTEDU Songs\Energize\A.L.I.S.O.N\Éternité\04 Continuity.flac,1,1,267.261,2026-08-26 01:40:35,2026-08-26 01:40:35
9,RadioTEDU Energize,/energize,configured_stream,52253,Descend,Emil Rottmayer,,,,,,,253.097,H:\RadioTEDU Songs\Energize\Emil Rottmayer\Descend\01 Descend.flac,1,1,250.267,2026-08-26 01:48:47,2026-08-26 01:48:47
9,RadioTEDU Energize,/energize,configured_stream,52225,Eyes on Fire,,,,,,,,302.827,H:\RadioTEDU Songs\Energize\100 - Eyes on Fire.mp3,1,1,300.83,2026-08-26 08:16:55,2026-08-26 08:16:55
9,RadioTEDU Energize,/energize,configured_stream,52271,Ghosst(s),Lorn,,,,,,,260.005,H:\RadioTEDU Songs\Energize\Lorn\Ghosst(s)\01 Ghosst(s).flac,1,1,257.202,2026-08-26 08:25:20,2026-08-26 08:25:20
9,RadioTEDU Energize,/energize,configured_stream,52250,GLOAMING,deadwinter w/ slavenciia,,,,,,,144.069,H:\RadioTEDU Songs\Energize\deadwinter w_ slavenciia\GLOAMING\01 GLOAMING.flac,1,1,141.761,2026-08-26 08:58:35,2026-08-26 08:58:35
9,RadioTEDU Energize,/energize,configured_stream,52236,I Need Your Love,Calvin Harris feat. Ellie Goulding,,,,,,,234.545,H:\RadioTEDU Songs\Energize\Calvin Harris\18 Months\1-08 Calvin Harris feat. Ellie Goulding - I Need Your Love.flac,1,1,231.699,2026-08-26 08:11:55,2026-08-26 08:11:55
9,RadioTEDU Energize,/energize,configured_stream,52272,I s s u e s,LSDXOXO,,,,,,,160.67,H:\RadioTEDU Songs\Energize\LSDXOXO\Whorecore\11 LSDXOXO - I s s u e s.mp3,1,1,159.898,2026-08-26 09:01:17,2026-08-26 09:01:17
9,RadioTEDU Energize,/energize,configured_stream,52275,In the Name of Love,Martin Garrix & Bebe Rexha,,,,,,,195.707,H:\RadioTEDU Songs\Energize\Martin Garrix & Bebe Rexha\In the Name of Love\01 In the Name of Love.flac,1,1,196.574,2026-08-26 08:33:45,2026-08-26 08:33:45
9,RadioTEDU Energize,/energize,configured_stream,52255,K.E.Y.S,Emil Rottmayer,,,,,,,242.481,H:\RadioTEDU Songs\Energize\Emil Rottmayer\Descend\08 K.E.Y.S.flac,1,1,240.4,2026-08-26 01:44:35,2026-08-26 01:44:35
9,RadioTEDU Energize,/energize,configured_stream,52269,Lapis Occultus,Lamia Vox,,,,,,,343.841,H:\RadioTEDU Songs\Energize\Lamia Vox\Sigillum Diaboli\02 Lapis Occultus.flac,1,1,341.574,2026-08-26 08:04:00,2026-08-26 08:04:00
9,RadioTEDU Energize,/energize,configured_stream,52290,Starting Over,The Crystal Method,,,,,,,242.707,H:\RadioTEDU Songs\Energize\The Crystal Method\Legion of Boom\01 Starting Over.flac,1,1,240.729,2026-08-26 08:08:00,2026-08-26 08:08:00
9,RadioTEDU Energize,/energize,configured_stream,52234,The Sky is Dead,Ben Prunty,,,,,,,378.034,H:\RadioTEDU Songs\Energize\Ben Prunty\Dark Window\11 The Sky is Dead.flac,1,1,375.622,2026-08-26 08:56:14,2026-08-26 08:56:14
9,RadioTEDU Energize,/energize,configured_stream,52270,Twilight 1,Lapsed,,,,,,,309.172,H:\RadioTEDU Songs\Energize\Lapsed\Twilight\01 Twilight 1.mp3,1,1,307.919,2026-08-26 08:30:28,2026-08-26 08:30:28
9,RadioTEDU Energize,/energize,configured_stream,52233,Wake Me Up,Avicii,,,,,,,247.427,H:\RadioTEDU Songs\Energize\Avicii\True\01 Wake Me Up.flac,1,1,244.579,2026-08-26 08:21:03,2026-08-26 08:21:03
10,RadioTEDU Situation Room,/situation,configured_stream,52434,'Awakening' by @SteffenDaum  🇩🇪 ｜ Epic Piano Music (No Copyright) 🌿,,,,,,,,144.939,H:\RadioTEDU Songs\Situation Room\'Awakening' by @SteffenDaum  🇩🇪 ｜ Epic Piano Music (No Copyright) 🌿.m4a,2,2,287.161,2026-08-26 01:36:02,2026-08-26 16:37:54
10,RadioTEDU Situation Room,/situation,configured_stream,52567,'Endless Storm' by @Makai-symphony  🇯🇵 | War Music (No Copyright) 💥,BreakingCopyright — Royalty Free Music,,,,,,,140.981,H:\RadioTEDU Songs\Situation Room\Intense Music (No Copyright) 🧨\'Endless Storm' by @Makai-symphony  🇯🇵 ｜ War Music (No Copyright) 💥 [TNs5JFYaTMk].webm,2,2,277.219,2026-08-26 03:15:22,2026-08-26 18:16:47
10,RadioTEDU Situation Room,/situation,configured_stream,52648,'Freedom' by @ScottBuckley  🇦🇺 | Epic Inspirational Music (No Copyright) 🍂,BreakingCopyright — Royalty Free Music,,,,,,,243.821,H:\RadioTEDU Songs\Situation Room\🦍 Powerful Music (No Copyright)\'Freedom' by @ScottBuckley  🇦🇺 ｜ Epic Inspirational Music (No Copyright) 🍂 [kNT52_UTsis].webm,2,2,485.166,2026-08-26 04:01:28,2026-08-26 19:04:05
10,RadioTEDU Situation Room,/situation,configured_stream,52436,'Freedom' by @ScottBuckley  🇦🇺 ｜ Epic Inspirational Music (No Copyright) 🍂,,,,,,,,243.81,H:\RadioTEDU Songs\Situation Room\'Freedom' by @ScottBuckley  🇦🇺 ｜ Epic Inspirational Music (No Copyright) 🍂.m4a,2,2,483.088,2026-08-26 07:01:50,2026-08-26 22:04:34
10,RadioTEDU Situation Room,/situation,configured_stream,52618,'Light in Dark Places' by Scott Buckley 🇦🇺 | Calm Epic Music (No Copyright) 💡,BreakingCopyright — Royalty Free Music,,,,,,,135.421,H:\RadioTEDU Songs\Situation Room\⚔️ Copyright Free Battle Music\'Light in Dark Places' by Scott Buckley 🇦🇺 ｜ Calm Epic Music (No Copyright) 💡 [hrn0RA_y2LM].webm,2,2,267.55,2026-08-26 02:34:40,2026-08-26 17:36:19
10,RadioTEDU Situation Room,/situation,configured_stream,52440,'Overwatch' by Evan King 🇨🇦 [Free Epic Music],,,,,,,,268.585,H:\RadioTEDU Songs\Situation Room\'Overwatch' by Evan King 🇨🇦 [Free Epic Music].m4a,2,2,532.681,2026-08-26 08:23:29,2026-08-26 23:25:57
10,RadioTEDU Situation Room,/situation,configured_stream,52553,'Overwatch' by Evan King 🇨🇦 [Free Epic Music],BreakingCopyright — Royalty Free Music,,,,,,,268.601,H:\RadioTEDU Songs\Situation Room\Copyright Free Military Music 🎖️\'Overwatch' by Evan King 🇨🇦 [Free Epic Music] [sskYmayIrZ8].webm,2,2,535.436,2026-08-26 00:49:58,2026-08-26 15:51:30
10,RadioTEDU Situation Room,/situation,configured_stream,52619,'Ronin' by Jantrax | Japanese 🗾 Trap Music (No Copyright),BreakingCopyright — Royalty Free Music,,,,,,,144.921,H:\RadioTEDU Songs\Situation Room\⚔️ Copyright Free Battle Music\'Ronin' by Jantrax ｜ Japanese 🗾 Trap Music (No Copyright) [6R85pUD2wbw].webm,2,2,292.891,2026-08-26 02:29:56,2026-08-26 17:31:32
10,RadioTEDU Situation Room,/situation,configured_stream,52443,'Six Coffin Nails' by Kerosyn ｜ Electronic Metal Music (No Copyright) 🔥,,,,,,,,330.815,H:\RadioTEDU Songs\Situation Room\'Six Coffin Nails' by Kerosyn ｜ Electronic Metal Music (No Copyright) 🔥.m4a,2,2,656.786,2026-08-26 02:48:00,2026-08-26 17:49:33
10,RadioTEDU Situation Room,/situation,configured_stream,52444,'The Army of Minotaur' by @Makai-symphony  🇯🇵 ｜ Fighting Music (No Copyright) 💣,,,,,,,,161.472,H:\RadioTEDU Songs\Situation Room\'The Army of Minotaur' by @Makai-symphony  🇯🇵 ｜ Fighting Music (No Copyright) 💣.m4a,2,2,320.458,2026-08-26 06:24:55,2026-08-26 21:27:52
10,RadioTEDU Situation Room,/situation,configured_stream,52621,'The Medieval Banquet' by Silvermansound 🇬🇧 | Medieval Music (No Copyright) 🏰,BreakingCopyright — Royalty Free Music,,,,,,,110.401,H:\RadioTEDU Songs\Situation Room\⚔️ Copyright Free Battle Music\'The Medieval Banquet' by Silvermansound 🇬🇧 ｜ Medieval Music (No Copyright) 🏰 [m8DsRTCtCHI].webm,2,2,219.602,2026-08-26 02:12:47,2026-08-26 17:14:34
10,RadioTEDU Situation Room,/situation,configured_stream,52446,'The Medieval Banquet' by Silvermansound 🇬🇧 ｜ Medieval Music (No Copyright) 🏰,,,,,,,,110.388,H:\RadioTEDU Songs\Situation Room\'The Medieval Banquet' by Silvermansound 🇬🇧 ｜ Medieval Music (No Copyright) 🏰.m4a,2,2,215.743,2026-08-26 07:28:56,2026-08-26 22:31:42
10,RadioTEDU Situation Room,/situation,configured_stream,52622,[Free Music] @ContextSensitive  🇨🇦 - End This [Epic],BreakingCopyright — Royalty Free Music,,,,,,,156.981,H:\RadioTEDU Songs\Situation Room\⚔️ Copyright Free Battle Music\[Free Music] @ContextSensitive  🇨🇦 - End This [Epic] [zx_466umPUM].webm,2,2,312.964,2026-08-26 01:01:23,2026-08-26 16:02:59
10,RadioTEDU Situation Room,/situation,configured_stream,52653,[No Copyright Music] @ScottBuckley  - Stars In Her Skies [Orchestral],BreakingCopyright — Royalty Free Music,,,,,,,277.201,H:\RadioTEDU Songs\Situation Room\🦍 Powerful Music (No Copyright)\[No Copyright Music] @ScottBuckley  - Stars In Her Skies [Orchestral] [HdBYkaOsLaI].webm,2,2,549.744,2026-08-26 05:11:25,2026-08-26 20:14:01
10,RadioTEDU Situation Room,/situation,configured_stream,52450,[No Copyright Music] Scott Buckley - Sanctum [Epic],,,,,,,,255.187,H:\RadioTEDU Songs\Situation Room\[No Copyright Music] Scott Buckley - Sanctum [Epic].m4a,2,2,507.802,2026-08-26 02:21:22,2026-08-26 17:23:01
10,RadioTEDU Situation Room,/situation,configured_stream,52654,[No Copyright Music] Scott Buckley - Sanctum [Epic],BreakingCopyright — Royalty Free Music,,,,,,,255.181,H:\RadioTEDU Songs\Situation Room\🦍 Powerful Music (No Copyright)\[No Copyright Music] Scott Buckley - Sanctum [Epic] [G_LeTJhjMR8].webm,2,2,506.066,2026-08-26 02:38:55,2026-08-26 17:40:32
10,RadioTEDU Situation Room,/situation,configured_stream,52451,[Non Copyrighted Music] @AHimitsu  - Two Places [Epic],,,,,,,,242.579,H:\RadioTEDU Songs\Situation Room\[Non Copyrighted Music] @AHimitsu  - Two Places [Epic].m4a,2,2,481.622,2026-08-26 08:53:21,2026-08-26 23:55:46
10,RadioTEDU Situation Room,/situation,configured_stream,52452,[Non Copyrighted Music] @MiguelJohnson - Good Day To Die [Epic],,,,,,,,365.714,H:\RadioTEDU Songs\Situation Room\[Non Copyrighted Music] @MiguelJohnson - Good Day To Die [Epic].m4a,2,2,731.431,2026-08-26 05:06:51,2026-08-26 20:09:27
10,RadioTEDU Situation Room,/situation,configured_stream,52571,[Non Copyrighted Music] @MiguelJohnson - Good Day To Die [Epic],BreakingCopyright — Royalty Free Music,,,,,,,365.741,H:\RadioTEDU Songs\Situation Room\Intense Music (No Copyright) 🧨\[Non Copyrighted Music] @MiguelJohnson - Good Day To Die [Epic] [M_k-RQA7lBE].webm,2,2,727.413,2026-08-26 08:46:02,2026-08-26 23:48:28
10,RadioTEDU Situation Room,/situation,configured_stream,52453,[Non Copyrighted Music] @ScottBuckley - Phoenix [Epic],,,,,,,,412.944,H:\RadioTEDU Songs\Situation Room\[Non Copyrighted Music] @ScottBuckley - Phoenix [Epic].m4a,2,2,823.471,2026-08-26 04:08:30,2026-08-26 19:10:57
10,RadioTEDU Situation Room,/situation,configured_stream,52655,[Non Copyrighted Music] Aakash Gandhi - Eyes of Glory [Epic],BreakingCopyright — Royalty Free Music,,,,,,,151.641,H:\RadioTEDU Songs\Situation Room\🦍 Powerful Music (No Copyright)\[Non Copyrighted Music] Aakash Gandhi - Eyes of Glory [Epic] [yhJ4RT2WLME].webm,2,2,297.956,2026-08-26 00:58:47,2026-08-26 16:00:22
10,RadioTEDU Situation Room,/situation,configured_stream,52455,[Non Copyrighted Music] Ethan Meixsell - In the Shadows [Rock],,,,,,,,179.351,H:\RadioTEDU Songs\Situation Room\[Non Copyrighted Music] Ethan Meixsell - In the Shadows [Rock].m4a,2,2,356.397,2026-08-26 06:47:32,2026-08-26 21:50:22
10,RadioTEDU Situation Room,/situation,configured_stream,52656,[Non Copyrighted Music] Ethan Meixsell - In the Shadows [Rock],BreakingCopyright — Royalty Free Music,,,,,,,179.361,H:\RadioTEDU Songs\Situation Room\🦍 Powerful Music (No Copyright)\[Non Copyrighted Music] Ethan Meixsell - In the Shadows [Rock] [g2mrBkxWLZE].webm,2,2,353.654,2026-08-26 00:29:38,2026-08-26 15:31:07
10,RadioTEDU Situation Room,/situation,configured_stream,52457,[Non Copyrighted Music] Jingle Punks - Cataclysmic Molten Core [Epic],,,,,,,,76.556,H:\RadioTEDU Songs\Situation Room\[Non Copyrighted Music] Jingle Punks - Cataclysmic Molten Core [Epic].m4a,2,2,149.25,2026-08-26 04:35:14,2026-08-26 19:37:42
10,RadioTEDU Situation Room,/situation,configured_stream,52572,[Non Copyrighted Music] Jingle Punks - Cataclysmic Molten Core [Epic],BreakingCopyright — Royalty Free Music,,,,,,,76.561,H:\RadioTEDU Songs\Situation Room\Intense Music (No Copyright) 🧨\[Non Copyrighted Music] Jingle Punks - Cataclysmic Molten Core [Epic] [Ue9ItPhn75M].webm,2,2,149.67,2026-08-26 07:34:28,2026-08-26 22:37:18
10,RadioTEDU Situation Room,/situation,configured_stream,52458,[Non Copyrighted Music] Savfk - Deep [Epic],,,,,,,,156.177,H:\RadioTEDU Songs\Situation Room\[Non Copyrighted Music] Savfk - Deep [Epic].m4a,2,2,307.614,2026-08-26 08:31:00,2026-08-26 23:33:26
10,RadioTEDU Situation Room,/situation,configured_stream,52658,[Non Copyrighted Music] Savfk - Deep [Epic],BreakingCopyright — Royalty Free Music,,,,,,,156.201,H:\RadioTEDU Songs\Situation Room\🦍 Powerful Music (No Copyright)\[Non Copyrighted Music] Savfk - Deep [Epic] [Vypp7qgHrE0].webm,2,2,308.895,2026-08-26 04:18:20,2026-08-26 19:20:55
10,RadioTEDU Situation Room,/situation,configured_stream,52623,[Non Copyrighted Music] Scott Buckley - World of Magic [Epic],BreakingCopyright — Royalty Free Music,,,,,,,97.881,H:\RadioTEDU Songs\Situation Room\⚔️ Copyright Free Battle Music\[Non Copyrighted Music] Scott Buckley - World of Magic [Epic] [0ArLCRFBQrI].webm,2,2,193.486,2026-08-26 00:31:13,2026-08-26 15:32:44
10,RadioTEDU Situation Room,/situation,configured_stream,52583,Chase Tension Cinematic No Copyright Music / Tension Ticking by Soundridemusic,Soundridemusic,,,,,,,118.521,H:\RadioTEDU Songs\Situation Room\Serious Background Music No Copyright\Chase Tension Cinematic No Copyright Music ⧸ Tension Ticking by Soundridemusic [5-fXZ5dg8_g].webm,2,2,232.932,2026-08-26 05:43:24,2026-08-26 20:45:58
10,RadioTEDU Situation Room,/situation,configured_stream,52519,Chase Tension Cinematic No Copyright Music ⧸ Tension Ticking by Soundridemusic,,,,,,,,118.515,H:\RadioTEDU Songs\Situation Room\Chase Tension Cinematic No Copyright Music ⧸ Tension Ticking by Soundridemusic.m4a,2,2,231.794,2026-08-26 04:25:01,2026-08-26 19:27:31
10,RadioTEDU Situation Room,/situation,configured_stream,52520,Cinematic Guitar Tension Drama Documentary No Copyright Music ⧸ Dark Secrets by Soundridemusic,,,,,,,,135.07,H:\RadioTEDU Songs\Situation Room\Cinematic Guitar Tension Drama Documentary No Copyright Music ⧸ Dark Secrets by Soundridemusic.m4a,2,2,265.398,2026-08-26 08:28:26,2026-08-26 23:30:53
10,RadioTEDU Situation Room,/situation,configured_stream,52586,Cinematic Suspense Trailer NoCopyright Music for Video / Anomaly by Soundridemusic,Soundridemusic,,,,,,,141.661,H:\RadioTEDU Songs\Situation Room\Serious Background Music No Copyright\Cinematic Suspense Trailer NoCopyright Music for Video ⧸ Anomaly by Soundridemusic [iPqK_NvGtTI].webm,2,2,279.414,2026-08-26 02:50:19,2026-08-26 17:51:52
10,RadioTEDU Situation Room,/situation,configured_stream,52523,Cinematic Tension NoCopyright Background Music for Video ⧸ Tensions Run High by soundridemusic,,,,,,,,86.285,H:\RadioTEDU Songs\Situation Room\Cinematic Tension NoCopyright Background Music for Video ⧸ Tensions Run High by soundridemusic.m4a,2,2,169.477,2026-08-26 04:30:16,2026-08-26 19:32:47
10,RadioTEDU Situation Room,/situation,configured_stream,52525,Crime Detective Tension Suspense No Copyright Music ⧸ Criminal Investigation by Soundridemusic,,,,,,,,139.343,H:\RadioTEDU Songs\Situation Room\Crime Detective Tension Suspense No Copyright Music ⧸ Criminal Investigation by Soundridemusic.m4a,2,2,273.791,2026-08-26 03:57:25,2026-08-26 19:00:04
10,RadioTEDU Situation Room,/situation,configured_stream,52526,Crime Tension Investigation No Copyright Music ⧸ Criminal Intent by Soundridemusic,,,,,,,,144.869,H:\RadioTEDU Songs\Situation Room\Crime Tension Investigation No Copyright Music ⧸ Criminal Intent by Soundridemusic.m4a,2,2,285.47,2026-08-26 01:45:49,2026-08-26 16:47:40
10,RadioTEDU Situation Room,/situation,configured_stream,52461,Dark Ambient Music (No Copyright),,,,,,,,219.986,H:\RadioTEDU Songs\Situation Room\Dark Ambient Music (No Copyright).m4a,2,2,437.819,2026-08-26 04:33:56,2026-08-26 19:36:28
10,RadioTEDU Situation Room,/situation,configured_stream,52660,Dark Ambient Music (No Copyright),BreakingCopyright — Royalty Free Music,,,,,,,220.021,H:\RadioTEDU Songs\Situation Room\🦍 Powerful Music (No Copyright)\Dark Ambient Music (No Copyright) [x74grrke9qE].webm,2,2,435.387,2026-08-26 05:00:48,2026-08-26 20:03:14
10,RadioTEDU Situation Room,/situation,configured_stream,52591,Dark Suspense Tense Crime No Copyright Music / Suspect by Soundridemusic,Soundridemusic,,,,,,,190.441,H:\RadioTEDU Songs\Situation Room\Serious Background Music No Copyright\Dark Suspense Tense Crime No Copyright Music ⧸ Suspect by Soundridemusic [99SSB89wxvI].webm,2,2,376.775,2026-08-26 07:27:09,2026-08-26 22:29:55
10,RadioTEDU Situation Room,/situation,configured_stream,52527,Dark Suspense Tense Crime No Copyright Music ⧸ Suspect by Soundridemusic,,,,,,,,190.404,H:\RadioTEDU Songs\Situation Room\Dark Suspense Tense Crime No Copyright Music ⧸ Suspect by Soundridemusic.m4a,2,2,376.96,2026-08-26 07:42:49,2026-08-26 22:45:42
10,RadioTEDU Situation Room,/situation,configured_stream,52592,Dark Suspense Tense NoCopyright Background Music for Video / Stranger by Soundridemusic,Soundridemusic,,,,,,,165.941,H:\RadioTEDU Songs\Situation Room\Serious Background Music No Copyright\Dark Suspense Tense NoCopyright Background Music for Video ⧸ Stranger by Soundridemusic [DQ1AVBs8y0o].webm,2,2,334.543,2026-08-26 01:14:37,2026-08-26 16:16:04
10,RadioTEDU Situation Room,/situation,configured_stream,52594,Electronic Synth Sci-Fi Tension No Copyright Music / Blindside by  @soundridemusic,Soundridemusic,,,,,,,136.861,H:\RadioTEDU Songs\Situation Room\Serious Background Music No Copyright\Electronic Synth Sci-Fi Tension No Copyright Music ⧸ Blindside by  @soundridemusic [Q4V8ubNElMY].webm,2,2,268.841,2026-08-26 06:40:31,2026-08-26 21:43:22
10,RadioTEDU Situation Room,/situation,configured_stream,52531,Epic Cinematic Military War No Copyright Music Compilation by Soundridemusic,,,,,,,,444.546,H:\RadioTEDU Songs\Situation Room\Epic Cinematic Military War No Copyright Music Compilation by Soundridemusic.m4a,2,2,885.425,2026-08-26 01:11:47,2026-08-26 16:13:18
10,RadioTEDU Situation Room,/situation,configured_stream,52595,Epic Cinematic Military War No Copyright Music Compilation by Soundridemusic,Soundridemusic,,,,,,,444.561,H:\RadioTEDU Songs\Situation Room\Serious Background Music No Copyright\Epic Cinematic Military War No Copyright Music Compilation by Soundridemusic [3N6gHxd1A0M].webm,2,2,886.207,2026-08-26 07:17:20,2026-08-26 22:20:09
10,RadioTEDU Situation Room,/situation,configured_stream,52624,"Epic Electronic & Cinematic (Music For Videos) - ""Reloaded"" by Savfk",BreakingCopyright — Royalty Free Music,,,,,,,267.161,H:\RadioTEDU Songs\Situation Room\⚔️ Copyright Free Battle Music\Epic Electronic & Cinematic (Music For Videos) - ＂Reloaded＂ by Savfk [DQ8ZwW3Hk9k].webm,2,2,533.533,2026-08-26 04:12:55,2026-08-26 19:15:25
10,RadioTEDU Situation Room,/situation,configured_stream,52463,Epic Emotional Music (No Copyright) 🔥,,,,,,,,175.984,H:\RadioTEDU Songs\Situation Room\Epic Emotional Music (No Copyright) 🔥.m4a,2,2,347.301,2026-08-26 02:24:16,2026-08-26 17:25:54
10,RadioTEDU Situation Room,/situation,configured_stream,52555,Epic Emotional Music (No Copyright) 🔥,BreakingCopyright — Royalty Free Music,,,,,,,175.981,H:\RadioTEDU Songs\Situation Room\Copyright Free Military Music 🎖️\Epic Emotional Music (No Copyright) 🔥 [8mdDft5-q28].webm,2,2,349.732,2026-08-26 02:02:22,2026-08-26 17:04:03
10,RadioTEDU Situation Room,/situation,configured_stream,52464,Epic Non Copyrighted Music ⚔️,,,,,,,,199.018,H:\RadioTEDU Songs\Situation Room\Epic Non Copyrighted Music ⚔️.m4a,2,2,395.092,2026-08-26 06:54:00,2026-08-26 21:56:49
10,RadioTEDU Situation Room,/situation,configured_stream,52573,Epic Non Copyrighted Music ⚔️,BreakingCopyright — Royalty Free Music,,,,,,,199.041,H:\RadioTEDU Songs\Situation Room\Intense Music (No Copyright) 🧨\Epic Non Copyrighted Music ⚔️ [USBucuZiarA].webm,2,2,394.337,2026-08-26 06:22:16,2026-08-26 21:25:10
10,RadioTEDU Situation Room,/situation,configured_stream,52596,"No Copyright Background Music for News, Finance & Crypto Videos | Cyber Threat by ArcticFoxMusic",ArcticFoxMusic - No Copyright Music,,,,,,,160.541,"H:\RadioTEDU Songs\Situation Room\Serious Background Music No Copyright\No Copyright Background Music for News, Finance & Crypto Videos ｜ Cyber Threat by ArcticFoxMusic [8o_jgb6tqTs].webm",2,2,324.273,2026-08-26 04:37:57,2026-08-26 19:40:22
10,RadioTEDU Situation Room,/situation,configured_stream,52532,"No Copyright Background Music for News, Finance & Crypto Videos ｜ Cyber Threat by ArcticFoxMusic",,,,,,,,160.543,"H:\RadioTEDU Songs\Situation Room\No Copyright Background Music for News, Finance & Crypto Videos ｜ Cyber Threat by ArcticFoxMusic.m4a",2,2,316.037,2026-08-26 05:49:00,2026-08-26 20:51:40
10,RadioTEDU Situation Room,/situation,configured_stream,52597,No Copyright Cinematic Cello Music / Wrath by Soundridemusic,Soundridemusic,,,,,,,194.021,H:\RadioTEDU Songs\Situation Room\Serious Background Music No Copyright\No Copyright Cinematic Cello Music ⧸ Wrath by Soundridemusic [PVd2o6yO4Io].webm,2,2,385.87,2026-08-26 06:35:32,2026-08-26 21:38:26
10,RadioTEDU Situation Room,/situation,configured_stream,52533,No Copyright Cinematic Cello Music ⧸ Wrath by Soundridemusic,,,,,,,,194.003,H:\RadioTEDU Songs\Situation Room\No Copyright Cinematic Cello Music ⧸ Wrath by Soundridemusic.m4a,2,2,383.598,2026-08-26 00:17:46,2026-08-26 15:19:17
10,RadioTEDU Situation Room,/situation,configured_stream,52598,No Copyright Cinematic Dark Suspense Drums Music / Hidden Threat by ArticFoxMusic,ArcticFoxMusic - No Copyright Music,,,,,,,102.501,H:\RadioTEDU Songs\Situation Room\Serious Background Music No Copyright\No Copyright Cinematic Dark Suspense Drums Music ⧸ Hidden Threat by ArticFoxMusic [mr7t91tRf80].webm,2,2,200.306,2026-08-26 04:23:06,2026-08-26 19:25:35
10,RadioTEDU Situation Room,/situation,configured_stream,52535,No Copyright Cinematic Tension Cello Music ⧸ Trap by Soundridemusic,,,,,,,,174.057,H:\RadioTEDU Songs\Situation Room\No Copyright Cinematic Tension Cello Music ⧸ Trap by Soundridemusic.m4a,2,2,343.562,2026-08-26 04:15:47,2026-08-26 19:18:20
10,RadioTEDU Situation Room,/situation,configured_stream,52600,No Copyright Cinematic Tension Suspense Music / Silent Echo by ArticFoxMusic,ArcticFoxMusic - No Copyright Music,,,,,,,92.341,H:\RadioTEDU Songs\Situation Room\Serious Background Music No Copyright\No Copyright Cinematic Tension Suspense Music ⧸ Silent Echo by ArticFoxMusic [8-ngm1rmn4k].webm,2,2,180.72,2026-08-26 07:30:27,2026-08-26 22:33:13
10,RadioTEDU Situation Room,/situation,configured_stream,52537,No Copyright Cinematic Tension Ticking Music ⧸ Tension Time by Soundridemusic,,,,,,,,178.306,H:\RadioTEDU Songs\Situation Room\No Copyright Cinematic Tension Ticking Music ⧸ Tension Time by Soundridemusic.m4a,2,2,355.129,2026-08-26 01:04:22,2026-08-26 16:05:56
10,RadioTEDU Situation Room,/situation,configured_stream,52538,No Copyright Dramatic Tension Music ⧸ Nordic Noir by Soundridemusic,,,,,,,,144.01,H:\RadioTEDU Songs\Situation Room\No Copyright Dramatic Tension Music ⧸ Nordic Noir by Soundridemusic.m4a,2,2,283.634,2026-08-26 00:26:40,2026-08-26 15:28:11
10,RadioTEDU Situation Room,/situation,configured_stream,52539,No Copyright Suspense Tense Music ⧸ Capture by #soundridemusic,,,,,,,,128.058,H:\RadioTEDU Songs\Situation Room\No Copyright Suspense Tense Music ⧸ Capture by #soundridemusic.m4a,2,2,270.538,2026-08-26 01:29:34,2026-08-26 16:31:24
10,RadioTEDU Situation Room,/situation,configured_stream,52540,No Copyright True Crime Investigation Tension Suspense Music Compilation by soundridemusic,,,,,,,,2052.644,H:\RadioTEDU Songs\Situation Room\No Copyright True Crime Investigation Tension Suspense Music Compilation by soundridemusic.m4a,2,2,3611.921,2026-08-26 06:19:00,2026-08-26 21:21:51
10,RadioTEDU Situation Room,/situation,configured_stream,52604,No Copyright True Crime Investigation Tension Suspense Music Compilation by soundridemusic,Soundridemusic,,,,,,,2052.661,H:\RadioTEDU Songs\Situation Room\Serious Background Music No Copyright\No Copyright True Crime Investigation Tension Suspense Music Compilation by soundridemusic [y5gkdmmnRls].webm,2,2,3601.237,2026-08-26 05:41:26,2026-08-26 20:44:02
10,RadioTEDU Situation Room,/situation,configured_stream,52542,NoCopyright Minimal Tension Background Music ⧸ The Chase by soundridemusic,,,,,,,,153.414,H:\RadioTEDU Songs\Situation Room\NoCopyright Minimal Tension Background Music ⧸ The Chase by soundridemusic.m4a,2,2,303.558,2026-08-26 06:28:28,2026-08-26 21:31:27
10,RadioTEDU Situation Room,/situation,configured_stream,52608,"Storytelling Crypto&Finance Cinematic No Copyright Music Music for Documentaries, News, Vlogs",Soundridemusic,,,,,,,189.881,"H:\RadioTEDU Songs\Situation Room\Serious Background Music No Copyright\Storytelling Crypto&Finance Cinematic No Copyright Music Music for Documentaries, News, Vlogs [q_r0THGGLy4].webm",2,2,376.715,2026-08-26 06:50:39,2026-08-26 21:53:32
10,RadioTEDU Situation Room,/situation,configured_stream,52609,Suspenseful Tense Cinematic Copyright Free Background Music/ Cold Pursuit by @soundridemusic,Soundridemusic,,,,,,,114.301,H:\RadioTEDU Songs\Situation Room\Serious Background Music No Copyright\Suspenseful Tense Cinematic Copyright Free Background Music⧸ Cold Pursuit by @soundridemusic [ejYMqBUpzB8].webm,2,2,223.717,2026-08-26 03:37:07,2026-08-26 18:39:43
10,RadioTEDU Situation Room,/situation,configured_stream,52610,Suspenseful Tension Mystery No Copyright Music by Soundridemusic,Soundridemusic,,,,,,,153.021,H:\RadioTEDU Songs\Situation Room\Serious Background Music No Copyright\Suspenseful Tension Mystery No Copyright Music by Soundridemusic [8abBSm3LZcs].webm,2,2,303.452,2026-08-26 02:32:26,2026-08-26 17:34:06
10,RadioTEDU Situation Room,/situation,configured_stream,52547,Tense & Dark Cello No Copyright Cinematic Music Background,,,,,,,,129.823,H:\RadioTEDU Songs\Situation Room\Tense & Dark Cello No Copyright Cinematic Music Background.m4a,2,2,255.231,2026-08-26 04:45:25,2026-08-26 19:47:52
10,RadioTEDU Situation Room,/situation,configured_stream,52548,Tense Cinematic NoCopyright Background Music Compilation,,,,,,,,3251.885,H:\RadioTEDU Songs\Situation Room\Tense Cinematic NoCopyright Background Music Compilation.m4a,2,2,3601.632,2026-08-26 00:14:34,2026-08-26 15:16:06
10,RadioTEDU Situation Room,/situation,configured_stream,52549,Tense Crime Investigation No Copyright Music Compilation by Soundridemusic,,,,,,,,370.451,H:\RadioTEDU Songs\Situation Room\Tense Crime Investigation No Copyright Music Compilation by Soundridemusic.m4a,2,2,740.665,2026-08-26 00:37:20,2026-08-26 15:38:57
10,RadioTEDU Situation Room,/situation,configured_stream,52613,Tense Crime Investigation No Copyright Music Compilation by Soundridemusic,Soundridemusic,,,,,,,370.401,H:\RadioTEDU Songs\Situation Room\Serious Background Music No Copyright\Tense Crime Investigation No Copyright Music Compilation by Soundridemusic [qRr0mViTjaI].webm,2,2,736.543,2026-08-26 08:19:03,2026-08-26 23:21:32
10,RadioTEDU Situation Room,/situation,configured_stream,52614,Tense Suspense Cinematic NoCopyright Background Music by Soundridemusic,Soundridemusic,,,,,,,118.021,H:\RadioTEDU Songs\Situation Room\Serious Background Music No Copyright\Tense Suspense Cinematic NoCopyright Background Music by Soundridemusic [wFV0u8VUkYE].webm,2,2,231.365,2026-08-26 03:35:14,2026-08-26 18:37:52
10,RadioTEDU Situation Room,/situation,configured_stream,52616,Tension Suspense Action Trailer No Copyright Background Music / Violation by Soundridemusic,Soundridemusic,,,,,,,109.801,H:\RadioTEDU Songs\Situation Room\Serious Background Music No Copyright\Tension Suspense Action Trailer No Copyright Background Music ⧸ Violation by Soundridemusic [tT35z4DZb3M].webm,2,2,214.417,2026-08-26 03:10:27,2026-08-26 18:11:57
10,RadioTEDU Situation Room,/situation,configured_stream,52625,"☢️ Final Boss & Cinematic (Royalty Free Music) - ""VIRUS"" by Alex Productions 🇮🇹",BreakingCopyright — Royalty Free Music,,,,,,,232.941,H:\RadioTEDU Songs\Situation Room\⚔️ Copyright Free Battle Music\☢️ Final Boss & Cinematic (Royalty Free Music) - ＂VIRUS＂ by Alex Productions 🇮🇹 [cGgfp2obkVg].webm,2,2,462.164,2026-08-26 04:28:52,2026-08-26 19:31:22
10,RadioTEDU Situation Room,/situation,configured_stream,52466,⚔️ Epic (Free Music) - ＂RITES OF PASSAGE＂ by Scott Buckley 🇦🇺🇸🇪,,,,,,,,336.202,H:\RadioTEDU Songs\Situation Room\⚔️ Epic (Free Music) - ＂RITES OF PASSAGE＂ by Scott Buckley 🇦🇺🇸🇪.m4a,2,2,683.928,2026-08-26 07:09:52,2026-08-26 22:12:46
10,RadioTEDU Situation Room,/situation,configured_stream,52627,"⚔️ Epic (Royalty Free Music) - ""HEARTS OF IRON"" by Alex Productions 🇮🇹",BreakingCopyright — Royalty Free Music,,,,,,,184.061,H:\RadioTEDU Songs\Situation Room\⚔️ Copyright Free Battle Music\⚔️ Epic (Royalty Free Music) - ＂HEARTS OF IRON＂ by Alex Productions 🇮🇹 [EmY3G-qy0-4].webm,2,2,364.059,2026-08-26 08:07:18,2026-08-26 23:09:48
10,RadioTEDU Situation Room,/situation,configured_stream,52468,⚔️ Epic (Royalty Free Music) - ＂REBORN＂ by Alex Productions,,,,,,,,140.458,H:\RadioTEDU Songs\Situation Room\⚔️ Epic (Royalty Free Music) - ＂REBORN＂ by Alex Productions.m4a,2,2,277.821,2026-08-26 00:24:19,2026-08-26 15:25:49
10,RadioTEDU Situation Room,/situation,configured_stream,52630,"⚔️ War & Epic (Free Music For YouTube) - ""WAR"" by @Makai-symphony 🇯🇵",BreakingCopyright — Royalty Free Music,,,,,,,156.761,H:\RadioTEDU Songs\Situation Room\⚔️ Copyright Free Battle Music\⚔️ War & Epic (Free Music For YouTube) - ＂WAR＂ by @Makai-symphony 🇯🇵 [wYGH0xdfrTo].webm,2,2,310.714,2026-08-26 07:24:01,2026-08-26 22:26:47
10,RadioTEDU Situation Room,/situation,configured_stream,52556,"⚔️ War & Military (Free Music) - ""LOCK AND LOAD"" by Hayden Folker 🇺🇸",BreakingCopyright — Royalty Free Music,,,,,,,127.761,H:\RadioTEDU Songs\Situation Room\Copyright Free Military Music 🎖️\⚔️ War & Military (Free Music) - ＂LOCK AND LOAD＂ by Hayden Folker 🇺🇸 [_DCFxKXhzbg].webm,2,2,251.1,2026-08-26 02:54:42,2026-08-26 17:56:16
10,RadioTEDU Situation Room,/situation,configured_stream,52471,⚔️ War & Military (Free Music) - ＂LOCK AND LOAD＂ by Hayden Folker 🇺🇸,,,,,,,,127.756,H:\RadioTEDU Songs\Situation Room\⚔️ War & Military (Free Music) - ＂LOCK AND LOAD＂ by Hayden Folker 🇺🇸.m4a,2,2,250.778,2026-08-26 02:56:47,2026-08-26 17:58:22
10,RadioTEDU Situation Room,/situation,configured_stream,52472,⚡ Free Epic Music (No Copyright) ＂Fire And Thunder＂ by @cjbeardsofficial  🇺🇸,,,,,,,,263.221,H:\RadioTEDU Songs\Situation Room\⚡ Free Epic Music (No Copyright) ＂Fire And Thunder＂ by @cjbeardsofficial  🇺🇸.m4a,2,2,521.972,2026-08-26 03:05:12,2026-08-26 18:06:49
10,RadioTEDU Situation Room,/situation,configured_stream,52557,"❄️ Inspiring Cinematic Epic Music (For Videos) - ""North Edge"" by Keys Of Moon 🇺🇸",BreakingCopyright — Royalty Free Music,,,,,,,215.121,H:\RadioTEDU Songs\Situation Room\Copyright Free Military Music 🎖️\❄️ Inspiring Cinematic Epic Music (For Videos) - ＂North Edge＂ by Keys Of Moon 🇺🇸 [smWb8dj1Jgs].webm,2,2,428.917,2026-08-26 02:42:31,2026-08-26 17:44:05
10,RadioTEDU Situation Room,/situation,configured_stream,52474,❄️ Inspiring Cinematic Epic Music (For Videos) - ＂North Edge＂ by Keys Of Moon 🇺🇸,,,,,,,,215.11,H:\RadioTEDU Songs\Situation Room\❄️ Inspiring Cinematic Epic Music (For Videos) - ＂North Edge＂ by Keys Of Moon 🇺🇸.m4a,2,2,430.35,2026-08-26 01:49:26,2026-08-26 16:51:13
10,RadioTEDU Situation Room,/situation,configured_stream,52661,"⭐ Copyright Free Epic Music - ""Journey To The Stars"" by @SavfkMusic  🇬🇧 🇮🇹",BreakingCopyright — Royalty Free Music,,,,,,,776.461,H:\RadioTEDU Songs\Situation Room\🦍 Powerful Music (No Copyright)\⭐ Copyright Free Epic Music - ＂Journey To The Stars＂ by @SavfkMusic  🇬🇧 🇮🇹 [MCscTvpQ7po].webm,2,2,1550.371,2026-08-26 03:55:08,2026-08-26 18:57:47
10,RadioTEDU Situation Room,/situation,configured_stream,52475,⭐ Copyright Free Epic Music - ＂Journey To The Stars＂ by @SavfkMusic  🇬🇧 🇮🇹,,,,,,,,776.452,H:\RadioTEDU Songs\Situation Room\⭐ Copyright Free Epic Music - ＂Journey To The Stars＂ by @SavfkMusic  🇬🇧 🇮🇹.m4a,2,2,1547.613,2026-08-26 03:33:15,2026-08-26 18:35:57
10,RadioTEDU Situation Room,/situation,configured_stream,52476,⭐ Triumph (Royalty Free Music) - ＂KNIGHT OF DESTINY＂ by NickOST 🇪🇸,,,,,,,,125.504,H:\RadioTEDU Songs\Situation Room\⭐ Triumph (Royalty Free Music) - ＂KNIGHT OF DESTINY＂ by NickOST 🇪🇸.m4a,2,2,245.638,2026-08-26 01:38:05,2026-08-26 16:39:56
10,RadioTEDU Situation Room,/situation,configured_stream,52477,🇨🇦  @ContextSensitive  - Titan Striker [Free trailer Music],,,,,,,,229.483,H:\RadioTEDU Songs\Situation Room\🇨🇦  @ContextSensitive  - Titan Striker [Free trailer Music].m4a,2,2,454.659,2026-08-26 01:21:47,2026-08-26 16:23:17
10,RadioTEDU Situation Room,/situation,configured_stream,52478,🇨🇦  Evan King - From Other Suns [Free Epic Emotional Music],,,,,,,,148.468,H:\RadioTEDU Songs\Situation Room\🇨🇦  Evan King - From Other Suns [Free Epic Emotional Music].m4a,2,2,292.172,2026-08-26 07:04:16,2026-08-26 22:07:00
10,RadioTEDU Situation Room,/situation,configured_stream,52633,"🌆 Free cinematic Music - ""Legends"" by Alex Productions 🇮🇹",BreakingCopyright — Royalty Free Music,,,,,,,256.401,H:\RadioTEDU Songs\Situation Room\⚔️ Copyright Free Battle Music\🌆 Free cinematic Music - ＂Legends＂ by Alex Productions 🇮🇹 [xw2fA5KfrBo].webm,2,2,510.556,2026-08-26 08:39:55,2026-08-26 23:42:25
10,RadioTEDU Situation Room,/situation,configured_stream,52479,🌆 Free cinematic Music - ＂Legends＂ by Alex Productions 🇮🇹,,,,,,,,256.372,H:\RadioTEDU Songs\Situation Room\🌆 Free cinematic Music - ＂Legends＂ by Alex Productions 🇮🇹.m4a,2,2,508.469,2026-08-26 00:22:00,2026-08-26 15:23:30
10,RadioTEDU Situation Room,/situation,configured_stream,52559,"🌇 Movie Trailer Music (Copyright Free) - ""Silhouette of War"" by Keys Of Moon 🇺🇸",BreakingCopyright — Royalty Free Music,,,,,,,247.401,H:\RadioTEDU Songs\Situation Room\Copyright Free Military Music 🎖️\🌇 Movie Trailer Music (Copyright Free) - ＂Silhouette of War＂ by Keys Of Moon 🇺🇸 [Lzofxb1vATw].webm,2,2,491.958,2026-08-26 01:33:40,2026-08-26 16:35:30
10,RadioTEDU Situation Room,/situation,configured_stream,52480,🌇 Movie Trailer Music (Copyright Free) - ＂Silhouette of War＂ by Keys Of Moon 🇺🇸,,,,,,,,247.385,H:\RadioTEDU Songs\Situation Room\🌇 Movie Trailer Music (Copyright Free) - ＂Silhouette of War＂ by Keys Of Moon 🇺🇸.m4a,2,2,493.086,2026-08-26 03:00:52,2026-08-26 18:02:29
10,RadioTEDU Situation Room,/situation,configured_stream,52663,"🌌 Trailer Cinematic & Electronic Music - ""Heart Of The Wicked"" by Cjbeards 🇺🇸",BreakingCopyright — Royalty Free Music,,,,,,,227.221,H:\RadioTEDU Songs\Situation Room\🦍 Powerful Music (No Copyright)\🌌 Trailer Cinematic & Electronic Music - ＂Heart Of The Wicked＂ by Cjbeards 🇺🇸 [NDCm6LlG1Bs].webm,2,2,452.786,2026-08-26 06:32:15,2026-08-26 21:35:14
10,RadioTEDU Situation Room,/situation,configured_stream,52481,🌌 Trailer Cinematic & Electronic Music - ＂Heart Of The Wicked＂ by Cjbeards 🇺🇸,,,,,,,,227.207,H:\RadioTEDU Songs\Situation Room\🌌 Trailer Cinematic & Electronic Music - ＂Heart Of The Wicked＂ by Cjbeards 🇺🇸.m4a,2,2,454.002,2026-08-26 06:57:49,2026-08-26 22:00:33
10,RadioTEDU Situation Room,/situation,configured_stream,52634,"🌏 Oriental & Epic (Royalty Free Music) - ""EMPEROR'S BATTLE"" by Kaiji 🇸🇬",BreakingCopyright — Royalty Free Music,,,,,,,164.741,H:\RadioTEDU Songs\Situation Room\⚔️ Copyright Free Battle Music\🌏 Oriental & Epic (Royalty Free Music) - ＂EMPEROR'S BATTLE＂ by Kaiji 🇸🇬 [74-lScOzIxk].webm,2,2,324.234,2026-08-26 08:26:13,2026-08-26 23:28:40
10,RadioTEDU Situation Room,/situation,configured_stream,52482,🌏 Oriental & Epic (Royalty Free Music) - ＂EMPEROR'S BATTLE＂ by Kaiji 🇸🇬,,,,,,,,164.722,H:\RadioTEDU Songs\Situation Room\🌏 Oriental & Epic (Royalty Free Music) - ＂EMPEROR'S BATTLE＂ by Kaiji 🇸🇬.m4a,2,2,324.036,2026-08-26 06:38:16,2026-08-26 21:41:08
10,RadioTEDU Situation Room,/situation,configured_stream,52483,🌙 Copyright Free Orchestral Music - ＂Unexplored Moon＂ by @MiguelJohnson  🇺🇸,,,,,,,,344.84,H:\RadioTEDU Songs\Situation Room\🌙 Copyright Free Orchestral Music - ＂Unexplored Moon＂ by @MiguelJohnson  🇺🇸.m4a,2,2,685.121,2026-08-26 01:27:29,2026-08-26 16:28:59
10,RadioTEDU Situation Room,/situation,configured_stream,52635,"🎖️ Free Epic Heroic Music (For Videos) - ""Terminus"" by Scott Buckley 🇦🇺",BreakingCopyright — Royalty Free Music,,,,,,,263.721,H:\RadioTEDU Songs\Situation Room\⚔️ Copyright Free Battle Music\🎖️ Free Epic Heroic Music (For Videos) - ＂Terminus＂ by Scott Buckley 🇦🇺 [hIZPPlM8LsQ].webm,2,2,522.281,2026-08-26 04:52:04,2026-08-26 19:54:32
10,RadioTEDU Situation Room,/situation,configured_stream,52576,"🎥 [Copyright Free Trailer Music] - ""Resurgence"" by @GhostrifterOfficial  🇳🇱",BreakingCopyright — Royalty Free Music,,,,,,,141.621,H:\RadioTEDU Songs\Situation Room\Intense Music (No Copyright) 🧨\🎥 [Copyright Free Trailer Music] - ＂Resurgence＂ by @GhostrifterOfficial  🇳🇱 [tSFSPZ3BcNw].webm,2,2,278.886,2026-08-26 04:47:44,2026-08-26 19:50:11
10,RadioTEDU Situation Room,/situation,configured_stream,52664,"🎮 Video game Music (No Copyright) - ""Breaking the siege"" by Arthur Vyncke 🇧🇪",BreakingCopyright — Royalty Free Music,,,,,,,246.801,H:\RadioTEDU Songs\Situation Room\🦍 Powerful Music (No Copyright)\🎮 Video game Music (No Copyright) - ＂Breaking the siege＂ by Arthur Vyncke 🇧🇪 [pLur-vK6BuQ].webm,2,2,489.676,2026-08-26 07:21:24,2026-08-26 22:24:13
10,RadioTEDU Situation Room,/situation,configured_stream,52488,🎮 Video game Music (No Copyright) - ＂Breaking the siege＂ by Arthur Vyncke 🇧🇪,,,,,,,,246.782,H:\RadioTEDU Songs\Situation Room\🎮 Video game Music (No Copyright) - ＂Breaking the siege＂ by Arthur Vyncke 🇧🇪.m4a,2,2,490.492,2026-08-26 04:57:11,2026-08-26 19:59:36
10,RadioTEDU Situation Room,/situation,configured_stream,52665,"🎸 Copyright Free Rock Music - ""Grunge Instrumental"" by Wayne John Bradley 🇦🇺",BreakingCopyright — Royalty Free Music,,,,,,,204.681,H:\RadioTEDU Songs\Situation Room\🦍 Powerful Music (No Copyright)\🎸 Copyright Free Rock Music - ＂Grunge Instrumental＂ by Wayne John Bradley 🇦🇺 [wjhxTWdqZVQ].webm,2,2,404.673,2026-08-26 07:39:42,2026-08-26 22:42:33
10,RadioTEDU Situation Room,/situation,configured_stream,52489,🎸 Copyright Free Rock Music - ＂Grunge Instrumental＂ by Wayne John Bradley 🇦🇺,,,,,,,,204.684,H:\RadioTEDU Songs\Situation Room\🎸 Copyright Free Rock Music - ＂Grunge Instrumental＂ by Wayne John Bradley 🇦🇺.m4a,2,2,404.418,2026-08-26 07:46:11,2026-08-26 22:49:04
10,RadioTEDU Situation Room,/situation,configured_stream,52490,🏍️ Royalty Free Aggressive Rock Music (For Videos) - ＂Hard Sell Hotel＂ by Shane Ivers 🇬🇧,,,,,,,,203.407,H:\RadioTEDU Songs\Situation Room\🏍️ Royalty Free Aggressive Rock Music (For Videos) - ＂Hard Sell Hotel＂ by Shane Ivers 🇬🇧.m4a,2,2,402.805,2026-08-26 07:49:32,2026-08-26 22:52:25
10,RadioTEDU Situation Room,/situation,configured_stream,52577,"🏎 Copyright Free Chase Music - ""Run"" by Ross Bugden 🇨🇦",BreakingCopyright — Royalty Free Music,,,,,,,122.261,H:\RadioTEDU Songs\Situation Room\Intense Music (No Copyright) 🧨\🏎 Copyright Free Chase Music - ＂Run＂ by Ross Bugden 🇨🇦 [Gsp3w9WD7-g].webm,2,2,243.755,2026-08-26 07:53:44,2026-08-26 22:56:27
10,RadioTEDU Situation Room,/situation,configured_stream,52491,🏎 Copyright Free Chase Music - ＂Run＂ by Ross Bugden 🇨🇦,,,,,,,,122.253,H:\RadioTEDU Songs\Situation Room\🏎 Copyright Free Chase Music - ＂Run＂ by Ross Bugden 🇨🇦.m4a,2,2,242.635,2026-08-26 06:42:30,2026-08-26 21:45:26
10,RadioTEDU Situation Room,/situation,configured_stream,52637,"🐎 Epic & Boss Battle (Royalty Free Music) - ""GODDESS OF FATE"" by Makai Symphony 🇯🇵",BreakingCopyright — Royalty Free Music,,,,,,,181.581,H:\RadioTEDU Songs\Situation Room\⚔️ Copyright Free Battle Music\🐎 Epic & Boss Battle (Royalty Free Music) - ＂GODDESS OF FATE＂ by Makai Symphony 🇯🇵 [GnT54bz5Lsw].webm,2,2,358.744,2026-08-26 05:46:23,2026-08-26 20:49:00
10,RadioTEDU Situation Room,/situation,configured_stream,52638,"🐎 Epic Background Instrumental (Music For Videos) - ""All The King's Horses"" by Savfk 🇮🇹 🇬🇧",BreakingCopyright — Royalty Free Music,,,,,,,284.081,H:\RadioTEDU Songs\Situation Room\⚔️ Copyright Free Battle Music\🐎 Epic Background Instrumental (Music For Videos) - ＂All The King's Horses＂ by Savfk 🇮🇹 🇬🇧 [yO6EbSZXiSg].webm,2,2,563.311,2026-08-26 08:35:41,2026-08-26 23:38:09
10,RadioTEDU Situation Room,/situation,configured_stream,52493,🐎 Epic Background Instrumental (Music For Videos) - ＂All The King's Horses＂ by Savfk 🇮🇹 🇬🇧,,,,,,,,284.073,H:\RadioTEDU Songs\Situation Room\🐎 Epic Background Instrumental (Music For Videos) - ＂All The King's Horses＂ by Savfk 🇮🇹 🇬🇧.m4a,2,2,564.241,2026-08-26 07:58:28,2026-08-26 23:01:09
10,RadioTEDU Situation Room,/situation,configured_stream,52639,"🐲 Evil & Epic (Royalty Free Music) - ""COLLAPSING KINGDOM"" by Makai Symphony 🇯🇵",BreakingCopyright — Royalty Free Music,,,,,,,121.561,H:\RadioTEDU Songs\Situation Room\⚔️ Copyright Free Battle Music\🐲 Evil & Epic (Royalty Free Music) - ＂COLLAPSING KINGDOM＂ by Makai Symphony 🇯🇵 [Imm4k4nloNU].webm,2,2,239.03,2026-08-26 02:17:09,2026-08-26 17:18:46
10,RadioTEDU Situation Room,/situation,configured_stream,52494,🐲 Evil & Epic (Royalty Free Music) - ＂COLLAPSING KINGDOM＂ by Makai Symphony 🇯🇵,,,,,,,,121.533,H:\RadioTEDU Songs\Situation Room\🐲 Evil & Epic (Royalty Free Music) - ＂COLLAPSING KINGDOM＂ by Makai Symphony 🇯🇵.m4a,2,2,239.0,2026-08-26 06:44:29,2026-08-26 21:47:25
10,RadioTEDU Situation Room,/situation,configured_stream,52640,"🐲 Free orchestral Battle Music (For YouTube) - ""Dragon Slayer"" by @Makai-symphony 🇯🇵",BreakingCopyright — Royalty Free Music,,,,,,,114.681,H:\RadioTEDU Songs\Situation Room\⚔️ Copyright Free Battle Music\🐲 Free orchestral Battle Music (For YouTube) - ＂Dragon Slayer＂ by @Makai-symphony 🇯🇵 [Nl5E5vZJ2Bw].webm,2,2,224.665,2026-08-26 07:36:20,2026-08-26 22:39:11
10,RadioTEDU Situation Room,/situation,configured_stream,52641,"👨‍🚀 Dramatic Epic & Orchestral (Music For Videos) - ""Odyssey"" by Savfk 🇮🇹 🇬🇧",BreakingCopyright — Royalty Free Music,,,,,,,324.461,H:\RadioTEDU Songs\Situation Room\⚔️ Copyright Free Battle Music\👨‍🚀 Dramatic Epic & Orchestral (Music For Videos) - ＂Odyssey＂ by Savfk 🇮🇹 🇬🇧 [XuVK1TSTt6c].webm,2,2,643.631,2026-08-26 01:43:27,2026-08-26 16:45:17
10,RadioTEDU Situation Room,/situation,configured_stream,52642,"👹 Trailer & Epic (Royalty Free Music) - ""DANCE WITH THE DEVIL"" by Kaiji 🇸🇬",BreakingCopyright — Royalty Free Music,,,,,,,63.341,H:\RadioTEDU Songs\Situation Room\⚔️ Copyright Free Battle Music\👹 Trailer & Epic (Royalty Free Music) - ＂DANCE WITH THE DEVIL＂ by Kaiji 🇸🇬 [b8uKdqwgfsk].webm,2,2,122.233,2026-08-26 06:25:56,2026-08-26 21:28:56
10,RadioTEDU Situation Room,/situation,configured_stream,52497,👹 Trailer & Epic (Royalty Free Music) - ＂DANCE WITH THE DEVIL＂ by Kaiji 🇸🇬,,,,,,,,63.321,H:\RadioTEDU Songs\Situation Room\👹 Trailer & Epic (Royalty Free Music) - ＂DANCE WITH THE DEVIL＂ by Kaiji 🇸🇬.m4a,2,2,121.289,2026-08-26 04:53:05,2026-08-26 19:55:32
10,RadioTEDU Situation Room,/situation,configured_stream,52578,"💣 Copyright Free Military Music - ""Legionnaire"" by @ScottBuckley",BreakingCopyright — Royalty Free Music,,,,,,,184.461,H:\RadioTEDU Songs\Situation Room\Intense Music (No Copyright) 🧨\💣 Copyright Free Military Music - ＂Legionnaire＂ by @ScottBuckley [FrvZFjXXORk].webm,2,2,366.072,2026-08-26 00:40:24,2026-08-26 15:41:59
10,RadioTEDU Situation Room,/situation,configured_stream,52499,💣 Copyright Free Military Music - ＂Legionnaire＂ by @ScottBuckley,,,,,,,,184.436,H:\RadioTEDU Songs\Situation Room\💣 Copyright Free Military Music - ＂Legionnaire＂ by @ScottBuckley.m4a,2,2,367.01,2026-08-26 04:21:25,2026-08-26 19:23:56
10,RadioTEDU Situation Room,/situation,configured_stream,52668,"📜 Copyright Free Classical Music - ""Ephemera"" by Scott Buckley 🇦🇺",BreakingCopyright — Royalty Free Music,,,,,,,338.721,H:\RadioTEDU Songs\Situation Room\🦍 Powerful Music (No Copyright)\📜 Copyright Free Classical Music - ＂Ephemera＂ by Scott Buckley 🇦🇺 [uz2S8a2r5j8].webm,2,2,672.71,2026-08-26 08:04:03,2026-08-26 23:06:45
10,RadioTEDU Situation Room,/situation,configured_stream,52501,📜 Copyright Free Classical Music - ＂Ephemera＂ by Scott Buckley 🇦🇺,,,,,,,,338.709,H:\RadioTEDU Songs\Situation Room\📜 Copyright Free Classical Music - ＂Ephemera＂ by Scott Buckley 🇦🇺.m4a,2,2,673.36,2026-08-26 08:12:54,2026-08-26 23:15:25
10,RadioTEDU Situation Room,/situation,configured_stream,52502,🔥 Epic & Cinematic (Royalty Free Music) - ＂RISE OF LEGENDS＂ by Alex Productions 🇮🇹,,,,,,,,125.666,H:\RadioTEDU Songs\Situation Room\🔥 Epic & Cinematic (Royalty Free Music) - ＂RISE OF LEGENDS＂ by Alex Productions 🇮🇹.m4a,2,2,250.929,2026-08-26 07:51:40,2026-08-26 22:54:28
10,RadioTEDU Situation Room,/situation,configured_stream,52503,🔥 Epic Battle Music (No Copyright) ＂Dragon Castle＂ by @Makai-symphony  🇯🇵,,,,,,,,162.586,H:\RadioTEDU Songs\Situation Room\🔥 Epic Battle Music (No Copyright) ＂Dragon Castle＂ by @Makai-symphony  🇯🇵.m4a,2,2,321.728,2026-08-26 01:59:26,2026-08-26 17:01:08
10,RadioTEDU Situation Room,/situation,configured_stream,52504,🕕 6 Minutes of EPIC (Free Music) - ＂Goliath＂ by @ScottBuckley 🇦🇺,,,,,,,,381.945,H:\RadioTEDU Songs\Situation Room\🕕 6 Minutes of EPIC (Free Music) - ＂Goliath＂ by @ScottBuckley 🇦🇺.m4a,2,2,759.702,2026-08-26 00:56:18,2026-08-26 15:57:50
10,RadioTEDU Situation Room,/situation,configured_stream,52562,"🗡️ Chase & Action (Free Music) - ""Chasing The Killer"" by Hayden Folker 🇺🇸",BreakingCopyright — Royalty Free Music,,,,,,,102.521,H:\RadioTEDU Songs\Situation Room\Copyright Free Military Music 🎖️\🗡️ Chase & Action (Free Music) - ＂Chasing The Killer＂ by Hayden Folker 🇺🇸 [q_95rnSu-nE].webm,2,2,205.702,2026-08-26 04:43:18,2026-08-26 19:45:45
10,RadioTEDU Situation Room,/situation,configured_stream,52506,🗡️ Free EPIC & FANTASY [No Copyright Music] - ＂For Tomorrow＂ by @SavfkMusic,,,,,,,,218.848,H:\RadioTEDU Songs\Situation Room\🗡️ Free EPIC & FANTASY [No Copyright Music] - ＂For Tomorrow＂ by @SavfkMusic.m4a,2,2,435.956,2026-08-26 04:41:36,2026-08-26 19:44:00
10,RadioTEDU Situation Room,/situation,configured_stream,52507,🗡️ Free Medieval Music - ＂Battle Of The Creek＂ by Alexander Nakarada 🇳🇴,,,,,,,,166.835,H:\RadioTEDU Songs\Situation Room\🗡️ Free Medieval Music - ＂Battle Of The Creek＂ by Alexander Nakarada 🇳🇴.m4a,2,2,331.156,2026-08-26 07:33:12,2026-08-26 22:36:04
10,RadioTEDU Situation Room,/situation,configured_stream,52508,🗼 Copyright Free Inspirational Music - 'The Travelling Symphony' by @SavfkMusic  🇮🇹,,,,,,,,300.768,H:\RadioTEDU Songs\Situation Room\🗼 Copyright Free Inspirational Music - 'The Travelling Symphony' by @SavfkMusic  🇮🇹.m4a,2,2,596.749,2026-08-26 01:56:45,2026-08-26 16:58:27
10,RadioTEDU Situation Room,/situation,configured_stream,52669,🗼 Copyright Free Inspirational Music - 'The Travelling Symphony' by @SavfkMusic  🇮🇹,BreakingCopyright — Royalty Free Music,,,,,,,300.801,H:\RadioTEDU Songs\Situation Room\🦍 Powerful Music (No Copyright)\🗼 Copyright Free Inspirational Music - 'The Travelling Symphony' by @SavfkMusic  🇮🇹 [yIF56YN5M_Q].webm,2,2,597.62,2026-08-26 03:20:21,2026-08-26 18:23:03
10,RadioTEDU Situation Room,/situation,configured_stream,52563,"🙁 Sad & Orchestral (Free Music) - ""FOR THE KING"" by @SolasComposer 🇦🇺",BreakingCopyright — Royalty Free Music,,,,,,,203.781,H:\RadioTEDU Songs\Situation Room\Copyright Free Military Music 🎖️\🙁 Sad & Orchestral (Free Music) - ＂FOR THE KING＂ by @SolasComposer 🇦🇺 [vc7IEGLq2HM].webm,2,2,408.62,2026-08-26 01:17:59,2026-08-26 16:19:30
10,RadioTEDU Situation Room,/situation,configured_stream,52509,🙁 Sad & Orchestral (Free Music) - ＂FOR THE KING＂ by @SolasComposer 🇦🇺,,,,,,,,203.778,H:\RadioTEDU Songs\Situation Room\🙁 Sad & Orchestral (Free Music) - ＂FOR THE KING＂ by @SolasComposer 🇦🇺.m4a,2,2,402.742,2026-08-26 03:08:34,2026-08-26 18:10:11
10,RadioTEDU Situation Room,/situation,configured_stream,52581,"🚔 Copyright Free Fast Music - ""Guitar Man"" by Glitch 🇵🇱",BreakingCopyright — Royalty Free Music,,,,,,,307.881,H:\RadioTEDU Songs\Situation Room\Intense Music (No Copyright) 🧨\🚔 Copyright Free Fast Music - ＂Guitar Man＂ by Glitch 🇵🇱 [c_5AHAG_pOk].webm,2,2,611.052,2026-08-26 00:45:29,2026-08-26 15:47:04
10,RadioTEDU Situation Room,/situation,configured_stream,52511,🚔 Copyright Free Fast Music - ＂Guitar Man＂ by Glitch 🇵🇱,,,,,,,,307.873,H:\RadioTEDU Songs\Situation Room\🚔 Copyright Free Fast Music - ＂Guitar Man＂ by Glitch 🇵🇱.m4a,2,2,615.329,2026-08-26 03:42:12,2026-08-26 18:44:54
10,RadioTEDU Situation Room,/situation,configured_stream,52512,🛩️ Cinematic & Inspiring Music (No Copyright) - ＂Flowing Energy＂ by @KeysofMoonMusic,,,,,,,,200.411,H:\RadioTEDU Songs\Situation Room\🛩️ Cinematic & Inspiring Music (No Copyright) - ＂Flowing Energy＂ by @KeysofMoonMusic.m4a,2,2,396.615,2026-08-26 08:49:20,2026-08-26 23:51:46
10,RadioTEDU Situation Room,/situation,configured_stream,52646,"🤜 Epic & War (Royalty Free Music) - ""STROKES OF WAR"" by Teen Asty 🇵🇹",BreakingCopyright — Royalty Free Music,,,,,,,153.061,H:\RadioTEDU Songs\Situation Room\⚔️ Copyright Free Battle Music\🤜 Epic & War (Royalty Free Music) - ＂STROKES OF WAR＂ by Teen Asty 🇵🇹 [a_JY56VMYgU].webm,2,2,307.669,2026-08-26 03:13:03,2026-08-26 18:14:29
10,RadioTEDU Situation Room,/situation,configured_stream,52565,"🦂 Middle Eastern & Action (Free Music) - ""LIBERATION FORCES"" by Ghostrifter Avalon 🇳🇱",BreakingCopyright — Royalty Free Music,,,,,,,195.241,H:\RadioTEDU Songs\Situation Room\Copyright Free Military Music 🎖️\🦂 Middle Eastern & Action (Free Music) - ＂LIBERATION FORCES＂ by Ghostrifter Avalon 🇳🇱 [8GDu45tG8ww].webm,2,2,386.703,2026-08-26 02:27:28,2026-08-26 17:29:07
10,RadioTEDU Situation Room,/situation,configured_stream,52566,"🦠 Apocalypse & Action (Free Music) - ""Escalation"" by Ghostrifter Avalon 🇳🇱",BreakingCopyright — Royalty Free Music,,,,,,,134.281,H:\RadioTEDU Songs\Situation Room\Copyright Free Military Music 🎖️\🦠 Apocalypse & Action (Free Music) - ＂Escalation＂ by Ghostrifter Avalon 🇳🇱 [ggbnLqLYL58].webm,2,2,264.767,2026-08-26 02:15:10,2026-08-26 17:16:47
10,RadioTEDU Situation Room,/situation,configured_stream,52582,"🦸 Heroic Music (No Copyright) - ""Dark Ages"" by MaxKoMusic 🇺🇸",BreakingCopyright — Royalty Free Music,,,,,,,139.541,H:\RadioTEDU Songs\Situation Room\Intense Music (No Copyright) 🧨\🦸 Heroic Music (No Copyright) - ＂Dark Ages＂ by MaxKoMusic 🇺🇸 [nXnO7SWi6uo].webm,2,2,274.772,2026-08-26 01:51:44,2026-08-26 16:53:29
10,RadioTEDU Situation Room,/situation,configured_stream,52516,🦸 Heroic Music (No Copyright) - ＂Dark Ages＂ by MaxKoMusic 🇺🇸,,,,,,,,139.505,H:\RadioTEDU Songs\Situation Room\🦸 Heroic Music (No Copyright) - ＂Dark Ages＂ by MaxKoMusic 🇺🇸.m4a,2,2,275.958,2026-08-26 02:52:37,2026-08-26 17:54:10
10,RadioTEDU Situation Room,/situation,configured_stream,52517,🦸 Superhero (Free Music) - ＂LEGACY＂ by Scott Buckley 🇦🇺 🇸🇪,,,,,,,,389.654,H:\RadioTEDU Songs\Situation Room\🦸 Superhero (Free Music) - ＂LEGACY＂ by Scott Buckley 🇦🇺 🇸🇪.m4a,2,2,781.568,2026-08-26 02:08:49,2026-08-26 17:10:37
10,RadioTEDU Situation Room,/situation,configured_stream,52518,🪖Battle & Rock (Royalty Free Music) - ＂COMBAT ONE＂ by Alexander Nakarada 🇳🇴,,,,,,,,129.707,H:\RadioTEDU Songs\Situation Room\🪖Battle & Rock (Royalty Free Music) - ＂COMBAT ONE＂ by Alexander Nakarada 🇳🇴.m4a,2,2,256.1,2026-08-26 02:10:56,2026-08-26 17:12:47
10,RadioTEDU Situation Room,/situation,configured_stream,52617,'Awakening' by @SteffenDaum  🇩🇪 | Epic Piano Music (No Copyright) 🌿,BreakingCopyright — Royalty Free Music,,,,,,,144.961,H:\RadioTEDU Songs\Situation Room\⚔️ Copyright Free Battle Music\'Awakening' by @SteffenDaum  🇩🇪 ｜ Epic Piano Music (No Copyright) 🌿 [6lWNCilZo1A].webm,1,1,142.869,2026-08-26 09:21:55,2026-08-26 09:21:55
10,RadioTEDU Situation Room,/situation,configured_stream,52435,'Endless Storm' by @Makai-symphony  🇯🇵 ｜ War Music (No Copyright) 💥,,,,,,,,140.968,H:\RadioTEDU Songs\Situation Room\'Endless Storm' by @Makai-symphony  🇯🇵 ｜ War Music (No Copyright) 💥.m4a,1,1,138.806,2026-08-26 13:25:34,2026-08-26 13:25:34
10,RadioTEDU Situation Room,/situation,configured_stream,52649,'In The Desert' by @SavfkMusic  🇮🇹 | Epic Instrumental Music (No Copyright) 🎻,BreakingCopyright — Royalty Free Music,,,,,,,334.461,H:\RadioTEDU Songs\Situation Room\🦍 Powerful Music (No Copyright)\'In The Desert' by @SavfkMusic  🇮🇹 ｜ Epic Instrumental Music (No Copyright) 🎻 [UHuS6g41zKk].webm,1,1,333.644,2026-08-26 12:15:01,2026-08-26 12:15:01
10,RadioTEDU Situation Room,/situation,configured_stream,52437,'In The Desert' by @SavfkMusic  🇮🇹 ｜ Epic Instrumental Music (No Copyright) 🎻,,,,,,,,334.437,H:\RadioTEDU Songs\Situation Room\'In The Desert' by @SavfkMusic  🇮🇹 ｜ Epic Instrumental Music (No Copyright) 🎻.m4a,1,1,332.527,2026-08-26 14:36:13,2026-08-26 14:36:13
10,RadioTEDU Situation Room,/situation,configured_stream,52438,'Light in Dark Places' by Scott Buckley 🇦🇺 ｜ Calm Epic Music (No Copyright) 💡,,,,,,,,135.419,H:\RadioTEDU Songs\Situation Room\'Light in Dark Places' by Scott Buckley 🇦🇺 ｜ Calm Epic Music (No Copyright) 💡.m4a,1,1,132.782,2026-08-26 13:50:05,2026-08-26 13:50:05
10,RadioTEDU Situation Room,/situation,configured_stream,52650,'Omega' by @ScottBuckley  🇦🇺 | Epic Progressive Music (No Copyright) ⛰️,BreakingCopyright — Royalty Free Music,,,,,,,245.501,H:\RadioTEDU Songs\Situation Room\🦍 Powerful Music (No Copyright)\'Omega' by @ScottBuckley  🇦🇺 ｜ Epic Progressive Music (No Copyright) ⛰️ [AHsnHv-wkus].webm,1,1,243.196,2026-08-26 10:52:25,2026-08-26 10:52:25
10,RadioTEDU Situation Room,/situation,configured_stream,52439,'Omega' by @ScottBuckley  🇦🇺 ｜ Epic Progressive Music (No Copyright) ⛰️,,,,,,,,245.481,H:\RadioTEDU Songs\Situation Room\'Omega' by @ScottBuckley  🇦🇺 ｜ Epic Progressive Music (No Copyright) ⛰️.m4a,1,1,243.512,2026-08-26 09:36:24,2026-08-26 09:36:24
10,RadioTEDU Situation Room,/situation,configured_stream,52651,'Rock Your World' by Audionautix 🇺🇸 | Rock Music (No Copyright) 🎸,BreakingCopyright — Royalty Free Music,,,,,,,132.161,H:\RadioTEDU Songs\Situation Room\🦍 Powerful Music (No Copyright)\'Rock Your World' by Audionautix 🇺🇸 ｜ Rock Music (No Copyright) 🎸 [OspIA4akQeI].webm,1,1,130.803,2026-08-26 13:27:44,2026-08-26 13:27:44
10,RadioTEDU Situation Room,/situation,configured_stream,52441,'Rock Your World' by Audionautix 🇺🇸 ｜ Rock Music (No Copyright) 🎸,,,,,,,,132.145,H:\RadioTEDU Songs\Situation Room\'Rock Your World' by Audionautix 🇺🇸 ｜ Rock Music (No Copyright) 🎸.m4a,1,1,129.954,2026-08-26 12:30:20,2026-08-26 12:30:20
10,RadioTEDU Situation Room,/situation,configured_stream,52442,'Ronin' by Jantrax ｜ Japanese 🗾 Trap Music (No Copyright),,,,,,,,144.916,H:\RadioTEDU Songs\Situation Room\'Ronin' by Jantrax ｜ Japanese 🗾 Trap Music (No Copyright).m4a,1,1,145.855,2026-08-26 13:23:15,2026-08-26 13:23:15
10,RadioTEDU Situation Room,/situation,configured_stream,52568,'Six Coffin Nails' by Kerosyn | Electronic Metal Music (No Copyright) 🔥,BreakingCopyright — Royalty Free Music,,,,,,,330.821,H:\RadioTEDU Songs\Situation Room\Intense Music (No Copyright) 🧨\'Six Coffin Nails' by Kerosyn ｜ Electronic Metal Music (No Copyright) 🔥 [qNlTYQC67q4].webm,1,1,328.143,2026-08-26 09:10:08,2026-08-26 09:10:08
10,RadioTEDU Situation Room,/situation,configured_stream,52569,'The Army of Minotaur' by @Makai-symphony  🇯🇵 | Fighting Music (No Copyright) 💣,BreakingCopyright — Royalty Free Music,,,,,,,161.481,H:\RadioTEDU Songs\Situation Room\Intense Music (No Copyright) 🧨\'The Army of Minotaur' by @Makai-symphony  🇯🇵 ｜ Fighting Music (No Copyright) 💣 [J0YZKSwe2qU].webm,1,1,159.233,2026-08-26 11:44:52,2026-08-26 11:44:52
10,RadioTEDU Situation Room,/situation,configured_stream,52620,'The Grid' by @SavfkMusic  🇮🇹 |  Epic Music (No Copyright) 💪,BreakingCopyright — Royalty Free Music,,,,,,,313.241,H:\RadioTEDU Songs\Situation Room\⚔️ Copyright Free Battle Music\'The Grid' by @SavfkMusic  🇮🇹 ｜  Epic Music (No Copyright) 💪 [zTdzbNVf6lE].webm,1,1,311.105,2026-08-26 13:09:08,2026-08-26 13:09:08
10,RadioTEDU Situation Room,/situation,configured_stream,52445,'The Grid' by @SavfkMusic  🇮🇹 ｜  Epic Music (No Copyright) 💪,,,,,,,,313.214,H:\RadioTEDU Songs\Situation Room\'The Grid' by @SavfkMusic  🇮🇹 ｜  Epic Music (No Copyright) 💪.m4a,1,1,310.89,2026-08-26 12:20:12,2026-08-26 12:20:12
10,RadioTEDU Situation Room,/situation,configured_stream,52447,[Free Music] @ContextSensitive  - Guardians [Classical],,,,,,,,180.489,H:\RadioTEDU Songs\Situation Room\[Free Music] @ContextSensitive  - Guardians [Classical].m4a,1,1,179.172,2026-08-26 12:05:38,2026-08-26 12:05:38
10,RadioTEDU Situation Room,/situation,configured_stream,52652,[Free Music] @ContextSensitive  - Guardians [Classical],BreakingCopyright — Royalty Free Music,,,,,,,180.501,H:\RadioTEDU Songs\Situation Room\🦍 Powerful Music (No Copyright)\[Free Music] @ContextSensitive  - Guardians [Classical] [CyiF0YctsA8].webm,1,1,177.826,2026-08-26 11:57:21,2026-08-26 11:57:21
10,RadioTEDU Situation Room,/situation,configured_stream,52448,[Free Music] @ContextSensitive  🇨🇦 - End This [Epic],,,,,,,,156.967,H:\RadioTEDU Songs\Situation Room\[Free Music] @ContextSensitive  🇨🇦 - End This [Epic].m4a,1,1,154.643,2026-08-26 13:00:10,2026-08-26 13:00:10
10,RadioTEDU Situation Room,/situation,configured_stream,52449,[No Copyright Music] @ScottBuckley  - Stars In Her Skies [Orchestral],,,,,,,,277.177,H:\RadioTEDU Songs\Situation Room\[No Copyright Music] @ScottBuckley  - Stars In Her Skies [Orchestral].m4a,1,1,275.57,2026-08-26 13:54:40,2026-08-26 13:54:40
10,RadioTEDU Situation Room,/situation,configured_stream,52570,[Non Copyrighted Music] @AHimitsu  - Two Places [Epic],BreakingCopyright — Royalty Free Music,,,,,,,242.601,H:\RadioTEDU Songs\Situation Room\Intense Music (No Copyright) 🧨\[Non Copyrighted Music] @AHimitsu  - Two Places [Epic] [k4jDpkAWrdA].webm,1,1,239.936,2026-08-26 10:28:03,2026-08-26 10:28:03
10,RadioTEDU Situation Room,/situation,configured_stream,52554,[Non Copyrighted Music] @ScottBuckley - Phoenix [Epic],BreakingCopyright — Royalty Free Music,,,,,,,412.961,H:\RadioTEDU Songs\Situation Room\Copyright Free Military Music 🎖️\[Non Copyrighted Music] @ScottBuckley - Phoenix [Epic] [4HhM66X978U].webm,1,1,410.714,2026-08-26 12:49:16,2026-08-26 12:49:16
10,RadioTEDU Situation Room,/situation,configured_stream,52454,[Non Copyrighted Music] Aakash Gandhi - Eyes of Glory [Epic],,,,,,,,151.603,H:\RadioTEDU Songs\Situation Room\[Non Copyrighted Music] Aakash Gandhi - Eyes of Glory [Epic].m4a,1,1,149.792,2026-08-26 09:26:14,2026-08-26 09:26:14
10,RadioTEDU Situation Room,/situation,configured_stream,52456,[Non Copyrighted Music] Ethan Meixsell - Thor's Hammer [Rock],,,,,,,,141.642,H:\RadioTEDU Songs\Situation Room\[Non Copyrighted Music] Ethan Meixsell - Thor's Hammer [Rock].m4a,1,1,139.651,2026-08-26 10:09:14,2026-08-26 10:09:14
10,RadioTEDU Situation Room,/situation,configured_stream,52657,[Non Copyrighted Music] Ethan Meixsell - Thor's Hammer [Rock],BreakingCopyright — Royalty Free Music,,,,,,,141.661,H:\RadioTEDU Songs\Situation Room\🦍 Powerful Music (No Copyright)\[Non Copyrighted Music] Ethan Meixsell - Thor's Hammer [Rock] [o6Gr0xn6U88].webm,1,1,163.134,2026-08-26 11:17:04,2026-08-26 11:17:04
10,RadioTEDU Situation Room,/situation,configured_stream,52459,[Non Copyrighted Music] Scott Buckley - World of Magic [Epic],,,,,,,,97.872,H:\RadioTEDU Songs\Situation Room\[Non Copyrighted Music] Scott Buckley - World of Magic [Epic].m4a,1,1,96.59,2026-08-26 11:50:58,2026-08-26 11:50:58
10,RadioTEDU Situation Room,/situation,configured_stream,52460,[Non Copyrighted Music] TheFatRat - Reminiscence [Epic],,,,,,,,141.92,H:\RadioTEDU Songs\Situation Room\[Non Copyrighted Music] TheFatRat - Reminiscence [Epic].m4a,1,1,139.404,2026-08-26 10:42:45,2026-08-26 10:42:45
10,RadioTEDU Situation Room,/situation,configured_stream,52659,[Non Copyrighted Music] TheFatRat - Reminiscence [Epic],BreakingCopyright — Royalty Free Music,,,,,,,141.921,H:\RadioTEDU Songs\Situation Room\🦍 Powerful Music (No Copyright)\[Non Copyrighted Music] TheFatRat - Reminiscence [Epic] [0tBn4dv3F6Y].webm,1,1,139.707,2026-08-26 12:39:33,2026-08-26 12:39:33
10,RadioTEDU Situation Room,/situation,configured_stream,52584,Cinematic Guitar Tension Drama Documentary No Copyright Music / Dark Secrets by Soundridemusic,Soundridemusic,,,,,,,135.021,H:\RadioTEDU Songs\Situation Room\Serious Background Music No Copyright\Cinematic Guitar Tension Drama Documentary No Copyright Music ⧸ Dark Secrets by Soundridemusic [YWIlDu55m6U].webm,1,1,132.36,2026-08-26 11:12:09,2026-08-26 11:12:09
10,RadioTEDU Situation Room,/situation,configured_stream,52521,Cinematic Suspense Tension NoCopyright Music Compilation by Artic Fox Music,,,,,,,,318.09,H:\RadioTEDU Songs\Situation Room\Cinematic Suspense Tension NoCopyright Music Compilation by Artic Fox Music.m4a,1,1,316.623,2026-08-26 11:29:30,2026-08-26 11:29:30
10,RadioTEDU Situation Room,/situation,configured_stream,52585,Cinematic Suspense Tension NoCopyright Music Compilation by Artic Fox Music,ArcticFoxMusic - No Copyright Music,,,,,,,318.121,H:\RadioTEDU Songs\Situation Room\Serious Background Music No Copyright\Cinematic Suspense Tension NoCopyright Music Compilation by Artic Fox Music [nK8b3dpz4ME].webm,1,1,318.894,2026-08-26 09:49:17,2026-08-26 09:49:17
10,RadioTEDU Situation Room,/situation,configured_stream,52522,Cinematic Suspense Trailer NoCopyright Music for Video ⧸ Anomaly by Soundridemusic,,,,,,,,141.688,H:\RadioTEDU Songs\Situation Room\Cinematic Suspense Trailer NoCopyright Music for Video ⧸ Anomaly by Soundridemusic.m4a,1,1,140.97,2026-08-26 12:22:32,2026-08-26 12:22:32
10,RadioTEDU Situation Room,/situation,configured_stream,52587,Cinematic Tension NoCopyright Background Music for Video / Tensions Run High by soundridemusic,Soundridemusic,,,,,,,86.301,H:\RadioTEDU Songs\Situation Room\Serious Background Music No Copyright\Cinematic Tension NoCopyright Background Music for Video ⧸ Tensions Run High by soundridemusic [Ly9H63SLJJo].webm,1,1,84.174,2026-08-26 11:54:24,2026-08-26 11:54:24
10,RadioTEDU Situation Room,/situation,configured_stream,52588,Cinematic Tension Suspense No Copyright Music 2024 / Dirty Money by soundridemusic,Soundridemusic,,,,,,,132.061,H:\RadioTEDU Songs\Situation Room\Serious Background Music No Copyright\Cinematic Tension Suspense No Copyright Music 2024 ⧸ Dirty Money by soundridemusic [k3S516OtsrE].webm,1,1,129.395,2026-08-26 10:11:23,2026-08-26 10:11:23
10,RadioTEDU Situation Room,/situation,configured_stream,52524,Cinematic Tension Suspense No Copyright Music 2024 ⧸ Dirty Money by soundridemusic,,,,,,,,132.098,H:\RadioTEDU Songs\Situation Room\Cinematic Tension Suspense No Copyright Music 2024 ⧸ Dirty Money by soundridemusic.m4a,1,1,129.581,2026-08-26 13:34:58,2026-08-26 13:34:58
10,RadioTEDU Situation Room,/situation,configured_stream,52589,Crime Detective Tension Suspense No Copyright Music / Criminal Investigation by Soundridemusic,Soundridemusic,,,,,,,139.321,H:\RadioTEDU Songs\Situation Room\Serious Background Music No Copyright\Crime Detective Tension Suspense No Copyright Music ⧸ Criminal Investigation by Soundridemusic [DDfcYMFGDB8].webm,1,1,137.075,2026-08-26 12:51:33,2026-08-26 12:51:33
10,RadioTEDU Situation Room,/situation,configured_stream,52590,Crime Tension Investigation No Copyright Music / Criminal Intent by Soundridemusic,Soundridemusic,,,,,,,144.821,H:\RadioTEDU Songs\Situation Room\Serious Background Music No Copyright\Crime Tension Investigation No Copyright Music ⧸ Criminal Intent by Soundridemusic [Sx4s3EqAlfo].webm,1,1,142.295,2026-08-26 12:32:43,2026-08-26 12:32:43
10,RadioTEDU Situation Room,/situation,configured_stream,52528,Dark Suspense Tense NoCopyright Background Music for Video ⧸ Stranger by Soundridemusic,,,,,,,,165.976,H:\RadioTEDU Songs\Situation Room\Dark Suspense Tense NoCopyright Background Music for Video ⧸ Stranger by Soundridemusic.m4a,1,1,163.51,2026-08-26 09:39:07,2026-08-26 09:39:07
10,RadioTEDU Situation Room,/situation,configured_stream,52529,Dark Tension Cinematic NoCopyright Background Music  by soundridemusic,,,,,,,,172.222,H:\RadioTEDU Songs\Situation Room\Dark Tension Cinematic NoCopyright Background Music  by soundridemusic.m4a,1,1,170.547,2026-08-26 12:42:24,2026-08-26 12:42:24
10,RadioTEDU Situation Room,/situation,configured_stream,52593,Dark Tension Cinematic NoCopyright Background Music  by soundridemusic,Soundridemusic,,,,,,,172.201,H:\RadioTEDU Songs\Situation Room\Serious Background Music No Copyright\Dark Tension Cinematic NoCopyright Background Music  by soundridemusic [Zi7K2auWBM4].webm,1,1,170.689,2026-08-26 12:02:39,2026-08-26 12:02:39
10,RadioTEDU Situation Room,/situation,configured_stream,52530,Electronic Synth Sci-Fi Tension No Copyright Music ⧸ Blindside by  @soundridemusic,,,,,,,,136.858,H:\RadioTEDU Songs\Situation Room\Electronic Synth Sci-Fi Tension No Copyright Music ⧸ Blindside by  @soundridemusic.m4a,1,1,134.646,2026-08-26 12:24:47,2026-08-26 12:24:47
10,RadioTEDU Situation Room,/situation,configured_stream,52462,Epic Electronic & Cinematic (Music For Videos) - ＂Reloaded＂ by Savfk,,,,,,,,267.146,H:\RadioTEDU Songs\Situation Room\Epic Electronic & Cinematic (Music For Videos) - ＂Reloaded＂ by Savfk.m4a,1,1,269.812,2026-08-26 14:46:04,2026-08-26 14:46:04
10,RadioTEDU Situation Room,/situation,configured_stream,52534,No Copyright Cinematic Dark Suspense Drums Music ⧸ Hidden Threat by ArticFoxMusic,,,,,,,,102.493,H:\RadioTEDU Songs\Situation Room\No Copyright Cinematic Dark Suspense Drums Music ⧸ Hidden Threat by ArticFoxMusic.m4a,1,1,100.519,2026-08-26 13:47:53,2026-08-26 13:47:53
10,RadioTEDU Situation Room,/situation,configured_stream,52599,No Copyright Cinematic Tension Cello Music / Trap by Soundridemusic,Soundridemusic,,,,,,,174.021,H:\RadioTEDU Songs\Situation Room\Serious Background Music No Copyright\No Copyright Cinematic Tension Cello Music ⧸ Trap by Soundridemusic [gWfvYW9Qlzk].webm,1,1,175.527,2026-08-26 11:42:12,2026-08-26 11:42:12
10,RadioTEDU Situation Room,/situation,configured_stream,52536,No Copyright Cinematic Tension Suspense Music ⧸ Silent Echo by ArticFoxMusic,,,,,,,,92.369,H:\RadioTEDU Songs\Situation Room\No Copyright Cinematic Tension Suspense Music ⧸ Silent Echo by ArticFoxMusic.m4a,1,1,90.763,2026-08-26 09:17:57,2026-08-26 09:17:57
10,RadioTEDU Situation Room,/situation,configured_stream,52601,No Copyright Cinematic Tension Ticking Music / Tension Time by Soundridemusic,Soundridemusic,,,,,,,178.281,H:\RadioTEDU Songs\Situation Room\Serious Background Music No Copyright\No Copyright Cinematic Tension Ticking Music ⧸ Tension Time by Soundridemusic [Cxy8bKjqNWI].webm,1,1,175.647,2026-08-26 11:47:47,2026-08-26 11:47:47
10,RadioTEDU Situation Room,/situation,configured_stream,52602,No Copyright Dramatic Tension Music / Nordic Noir by Soundridemusic,Soundridemusic,,,,,,,144.021,H:\RadioTEDU Songs\Situation Room\Serious Background Music No Copyright\No Copyright Dramatic Tension Music ⧸ Nordic Noir by Soundridemusic [DnuAiQKlRVU].webm,1,1,144.002,2026-08-26 09:04:40,2026-08-26 09:04:40
10,RadioTEDU Situation Room,/situation,configured_stream,52603,No Copyright Suspense Tense Music / Capture by #soundridemusic,Soundridemusic,,,,,,,128.041,H:\RadioTEDU Songs\Situation Room\Serious Background Music No Copyright\No Copyright Suspense Tense Music ⧸ Capture by #soundridemusic [OZXW_hRw_hI].webm,1,1,125.179,2026-08-26 10:40:26,2026-08-26 10:40:26
10,RadioTEDU Situation Room,/situation,configured_stream,52605,NoCopyright Dark Suspense Background Music / Suspense by Soundridemusic,Soundridemusic,,,,,,,272.801,H:\RadioTEDU Songs\Situation Room\Serious Background Music No Copyright\NoCopyright Dark Suspense Background Music ⧸ Suspense by Soundridemusic [k3RsUc2GXRo].webm,1,1,270.041,2026-08-26 13:41:58,2026-08-26 13:41:58
10,RadioTEDU Situation Room,/situation,configured_stream,52541,NoCopyright Dark Suspense Background Music ⧸ Suspense by Soundridemusic,,,,,,,,272.788,H:\RadioTEDU Songs\Situation Room\NoCopyright Dark Suspense Background Music ⧸ Suspense by Soundridemusic.m4a,1,1,270.912,2026-08-26 10:58:57,2026-08-26 10:58:57
10,RadioTEDU Situation Room,/situation,configured_stream,52606,NoCopyright Minimal Tension Background Music / The Chase by soundridemusic,Soundridemusic,,,,,,,153.441,H:\RadioTEDU Songs\Situation Room\Serious Background Music No Copyright\NoCopyright Minimal Tension Background Music ⧸ The Chase by soundridemusic [SfiB4w-oN9o].webm,1,1,151.836,2026-08-26 09:43:58,2026-08-26 09:43:58
10,RadioTEDU Situation Room,/situation,configured_stream,52607,Nordic Noir Tension Suspense  No Copyright Music / Dusk by Soundridemusic,Soundridemusic,,,,,,,155.901,H:\RadioTEDU Songs\Situation Room\Serious Background Music No Copyright\Nordic Noir Tension Suspense  No Copyright Music ⧸ Dusk by Soundridemusic [mvlj_u8_Ujg].webm,1,1,153.03,2026-08-26 09:28:48,2026-08-26 09:28:48
10,RadioTEDU Situation Room,/situation,configured_stream,52543,Nordic Noir Tension Suspense  No Copyright Music ⧸ Dusk by Soundridemusic,,,,,,,,155.876,H:\RadioTEDU Songs\Situation Room\Nordic Noir Tension Suspense  No Copyright Music ⧸ Dusk by Soundridemusic.m4a,1,1,155.724,2026-08-26 10:35:01,2026-08-26 10:35:01
10,RadioTEDU Situation Room,/situation,configured_stream,52544,"Storytelling Crypto&Finance Cinematic No Copyright Music Music for Documentaries, News, Vlogs",,,,,,,,189.87,"H:\RadioTEDU Songs\Situation Room\Storytelling Crypto&Finance Cinematic No Copyright Music Music for Documentaries, News, Vlogs.m4a",1,1,187.754,2026-08-26 09:58:19,2026-08-26 09:58:19
10,RadioTEDU Situation Room,/situation,configured_stream,52545,Suspenseful Tense Cinematic Copyright Free Background Music⧸ Cold Pursuit by @soundridemusic,,,,,,,,114.335,H:\RadioTEDU Songs\Situation Room\Suspenseful Tense Cinematic Copyright Free Background Music⧸ Cold Pursuit by @soundridemusic.m4a,1,1,111.831,2026-08-26 13:02:02,2026-08-26 13:02:02
10,RadioTEDU Situation Room,/situation,configured_stream,52546,Suspenseful Tension Mystery No Copyright Music by Soundridemusic,,,,,,,,152.996,H:\RadioTEDU Songs\Situation Room\Suspenseful Tension Mystery No Copyright Music by Soundridemusic.m4a,1,1,150.08,2026-08-26 11:03:55,2026-08-26 11:03:55
10,RadioTEDU Situation Room,/situation,configured_stream,52611,Tense & Dark Cello No Copyright Cinematic Music Background,Soundridemusic,,,,,,,129.781,H:\RadioTEDU Songs\Situation Room\Serious Background Music No Copyright\Tense & Dark Cello No Copyright Cinematic Music Background [9pdOXW_H4uo].webm,1,1,127.575,2026-08-26 12:09:27,2026-08-26 12:09:27
10,RadioTEDU Situation Room,/situation,configured_stream,52612,Tense Cinematic NoCopyright Background Music Compilation,Soundridemusic,,,,,,,3251.901,H:\RadioTEDU Songs\Situation Room\Serious Background Music No Copyright\Tense Cinematic NoCopyright Background Music Compilation [Pgbs1EQLV7w].webm,1,1,1800.359,2026-08-26 14:30:41,2026-08-26 14:30:41
10,RadioTEDU Situation Room,/situation,configured_stream,52550,Tense Suspense Cinematic NoCopyright Background Music by Soundridemusic,,,,,,,,118.05,H:\RadioTEDU Songs\Situation Room\Tense Suspense Cinematic NoCopyright Background Music by Soundridemusic.m4a,1,1,115.149,2026-08-26 13:03:57,2026-08-26 13:03:57
10,RadioTEDU Situation Room,/situation,configured_stream,52615,Tension Cinematic No Copyright Background Music for Video/ Blackout Zone by ArcticFoxMusic,ArcticFoxMusic - No Copyright Music,,,,,,,97.341,H:\RadioTEDU Songs\Situation Room\Serious Background Music No Copyright\Tension Cinematic No Copyright Background Music for Video⧸ Blackout Zone by ArcticFoxMusic [mF_BufQP5sc].webm,1,1,95.112,2026-08-26 11:49:22,2026-08-26 11:49:22
10,RadioTEDU Situation Room,/situation,configured_stream,52551,Tension Cinematic No Copyright Background Music for Video⧸ Blackout Zone by ArcticFoxMusic,,,,,,,,97.338,H:\RadioTEDU Songs\Situation Room\Tension Cinematic No Copyright Background Music for Video⧸ Blackout Zone by ArcticFoxMusic.m4a,1,1,96.041,2026-08-26 09:19:33,2026-08-26 09:19:33
10,RadioTEDU Situation Room,/situation,configured_stream,52552,Tension Suspense Action Trailer No Copyright Background Music ⧸ Violation by Soundridemusic,,,,,,,,109.83,H:\RadioTEDU Songs\Situation Room\Tension Suspense Action Trailer No Copyright Background Music ⧸ Violation by Soundridemusic.m4a,1,1,107.974,2026-08-26 09:23:43,2026-08-26 09:23:43
10,RadioTEDU Situation Room,/situation,configured_stream,52465,☢️ Final Boss & Cinematic (Royalty Free Music) - ＂VIRUS＂ by Alex Productions 🇮🇹,,,,,,,,232.919,H:\RadioTEDU Songs\Situation Room\☢️ Final Boss & Cinematic (Royalty Free Music) - ＂VIRUS＂ by Alex Productions 🇮🇹.m4a,1,1,230.372,2026-08-26 11:35:43,2026-08-26 11:35:43
10,RadioTEDU Situation Room,/situation,configured_stream,52626,"⚔️ Epic (Free Music) - ""RITES OF PASSAGE"" by Scott Buckley 🇦🇺🇸🇪",BreakingCopyright — Royalty Free Music,,,,,,,336.221,H:\RadioTEDU Songs\Situation Room\⚔️ Copyright Free Battle Music\⚔️ Epic (Free Music) - ＂RITES OF PASSAGE＂ by Scott Buckley 🇦🇺🇸🇪 [aDZE8kLSFF4].webm,1,1,334.119,2026-08-26 10:24:04,2026-08-26 10:24:04
10,RadioTEDU Situation Room,/situation,configured_stream,52628,"⚔️ Epic (Royalty Free Music) - ""REBORN"" by Alex Productions",BreakingCopyright — Royalty Free Music,,,,,,,140.441,H:\RadioTEDU Songs\Situation Room\⚔️ Copyright Free Battle Music\⚔️ Epic (Royalty Free Music) - ＂REBORN＂ by Alex Productions [h3j__Eo7ygI].webm,1,1,138.177,2026-08-26 13:30:02,2026-08-26 13:30:02
10,RadioTEDU Situation Room,/situation,configured_stream,52467,⚔️ Epic (Royalty Free Music) - ＂HEARTS OF IRON＂ by Alex Productions 🇮🇹,,,,,,,,184.088,H:\RadioTEDU Songs\Situation Room\⚔️ Epic (Royalty Free Music) - ＂HEARTS OF IRON＂ by Alex Productions 🇮🇹.m4a,1,1,182.841,2026-08-26 11:09:57,2026-08-26 11:09:57
10,RadioTEDU Situation Room,/situation,configured_stream,52629,"⚔️ Heroic & Epic (Royalty Free Music) - ""SENTINEL"" by Scott Buckley 🇦🇺",BreakingCopyright — Royalty Free Music,,,,,,,203.261,H:\RadioTEDU Songs\Situation Room\⚔️ Copyright Free Battle Music\⚔️ Heroic & Epic (Royalty Free Music) - ＂SENTINEL＂ by Scott Buckley 🇦🇺 [oXmhBMANDOw].webm,1,1,202.298,2026-08-26 12:28:11,2026-08-26 12:28:11
10,RadioTEDU Situation Room,/situation,configured_stream,52469,⚔️ Heroic & Epic (Royalty Free Music) - ＂SENTINEL＂ by Scott Buckley 🇦🇺,,,,,,,,203.244,H:\RadioTEDU Songs\Situation Room\⚔️ Heroic & Epic (Royalty Free Music) - ＂SENTINEL＂ by Scott Buckley 🇦🇺.m4a,1,1,202.065,2026-08-26 11:20:27,2026-08-26 11:20:27
10,RadioTEDU Situation Room,/situation,configured_stream,52470,⚔️ War & Epic (Free Music For YouTube) - ＂WAR＂ by @Makai-symphony 🇯🇵,,,,,,,,156.735,H:\RadioTEDU Songs\Situation Room\⚔️ War & Epic (Free Music For YouTube) - ＂WAR＂ by @Makai-symphony 🇯🇵.m4a,1,1,154.859,2026-08-26 10:13:57,2026-08-26 10:13:57
10,RadioTEDU Situation Room,/situation,configured_stream,52574,"⚡ Free Epic Music (No Copyright) ""Fire And Thunder"" by @cjbeardsofficial  🇺🇸",BreakingCopyright — Royalty Free Music,,,,,,,263.221,H:\RadioTEDU Songs\Situation Room\Intense Music (No Copyright) 🧨\⚡ Free Epic Music (No Copyright) ＂Fire And Thunder＂ by @cjbeardsofficial  🇺🇸 [KkSfEQcZHy8].webm,1,1,261.681,2026-08-26 10:02:40,2026-08-26 10:02:40
10,RadioTEDU Situation Room,/situation,configured_stream,52631,"⛏️ Powerful Instrumental Rock Music (For Videos) - ""I Can't Stop"" by Punch Deck",BreakingCopyright — Royalty Free Music,,,,,,,273.521,H:\RadioTEDU Songs\Situation Room\⚔️ Copyright Free Battle Music\⛏️ Powerful Instrumental Rock Music (For Videos) - ＂I Can't Stop＂ by Punch Deck [d8dQom73-Fc].webm,1,1,271.024,2026-08-26 12:37:14,2026-08-26 12:37:14
10,RadioTEDU Situation Room,/situation,configured_stream,52473,⛏️ Powerful Instrumental Rock Music (For Videos) - ＂I Can't Stop＂ by Punch Deck,,,,,,,,273.508,H:\RadioTEDU Songs\Situation Room\⛏️ Powerful Instrumental Rock Music (For Videos) - ＂I Can't Stop＂ by Punch Deck.m4a,1,1,272.061,2026-08-26 10:18:30,2026-08-26 10:18:30
10,RadioTEDU Situation Room,/situation,configured_stream,52632,"⭐ Triumph (Royalty Free Music) - ""KNIGHT OF DESTINY"" by NickOST 🇪🇸",BreakingCopyright — Royalty Free Music,,,,,,,125.541,H:\RadioTEDU Songs\Situation Room\⚔️ Copyright Free Battle Music\⭐ Triumph (Royalty Free Music) - ＂KNIGHT OF DESTINY＂ by NickOST 🇪🇸 [EmGHj9QCuds].webm,1,1,122.58,2026-08-26 11:53:00,2026-08-26 11:53:00
10,RadioTEDU Situation Room,/situation,configured_stream,52558,🇨🇦  @ContextSensitive  - Titan Striker [Free trailer Music],BreakingCopyright — Royalty Free Music,,,,,,,229.521,H:\RadioTEDU Songs\Situation Room\Copyright Free Military Music 🎖️\🇨🇦  @ContextSensitive  - Titan Striker [Free trailer Music] [K32BqlmDy9I].webm,1,1,227.049,2026-08-26 09:55:12,2026-08-26 09:55:12
10,RadioTEDU Situation Room,/situation,configured_stream,52662,🇨🇦  Evan King - From Other Suns [Free Epic Emotional Music],BreakingCopyright — Royalty Free Music,,,,,,,148.501,H:\RadioTEDU Songs\Situation Room\🦍 Powerful Music (No Copyright)\🇨🇦  Evan King - From Other Suns [Free Epic Emotional Music] [yOpyR86jY5g].webm,1,1,148.213,2026-08-26 11:59:49,2026-08-26 11:59:49
10,RadioTEDU Situation Room,/situation,configured_stream,52575,"🌙 Copyright Free Orchestral Music - ""Unexplored Moon"" by @MiguelJohnson  🇺🇸",BreakingCopyright — Royalty Free Music,,,,,,,344.861,H:\RadioTEDU Songs\Situation Room\Intense Music (No Copyright) 🧨\🌙 Copyright Free Orchestral Music - ＂Unexplored Moon＂ by @MiguelJohnson  🇺🇸 [1lmgmCmhRSc].webm,1,1,342.824,2026-08-26 08:59:03,2026-08-26 08:59:03
10,RadioTEDU Situation Room,/situation,configured_stream,52560,"🎖️ Free Battle Military Music (For Videos) - ""The Constellation"" by Hayden Folker 🇺🇸",BreakingCopyright — Royalty Free Music,,,,,,,257.081,H:\RadioTEDU Songs\Situation Room\Copyright Free Military Music 🎖️\🎖️ Free Battle Military Music (For Videos) - ＂The Constellation＂ by Hayden Folker 🇺🇸 [fSaHNiMPy7A].webm,1,1,255.184,2026-08-26 10:06:55,2026-08-26 10:06:55
10,RadioTEDU Situation Room,/situation,configured_stream,52484,🎖️ Free Battle Military Music (For Videos) - ＂The Constellation＂ by Hayden Folker 🇺🇸,,,,,,,,257.068,H:\RadioTEDU Songs\Situation Room\🎖️ Free Battle Military Music (For Videos) - ＂The Constellation＂ by Hayden Folker 🇺🇸.m4a,1,1,254.587,2026-08-26 13:46:12,2026-08-26 13:46:12
10,RadioTEDU Situation Room,/situation,configured_stream,52485,🎖️ Free Epic Heroic Music (For Videos) - ＂Terminus＂ by Scott Buckley 🇦🇺,,,,,,,,263.709,H:\RadioTEDU Songs\Situation Room\🎖️ Free Epic Heroic Music (For Videos) - ＂Terminus＂ by Scott Buckley 🇦🇺.m4a,1,1,261.952,2026-08-26 10:32:25,2026-08-26 10:32:25
10,RadioTEDU Situation Room,/situation,configured_stream,52636,"🎞️ Trailer & Epic (Free Music) - ""ETERNALS"" by Alex Productions 🇮🇹",BreakingCopyright — Royalty Free Music,,,,,,,141.501,H:\RadioTEDU Songs\Situation Room\⚔️ Copyright Free Battle Music\🎞️ Trailer & Epic (Free Music) - ＂ETERNALS＂ by Alex Productions 🇮🇹 [CNZ6ipZDlZY].webm,1,1,138.963,2026-08-26 12:57:35,2026-08-26 12:57:35
10,RadioTEDU Situation Room,/situation,configured_stream,52486,🎞️ Trailer & Epic (Free Music) - ＂ETERNALS＂ by Alex Productions 🇮🇹,,,,,,,,141.479,H:\RadioTEDU Songs\Situation Room\🎞️ Trailer & Epic (Free Music) - ＂ETERNALS＂ by Alex Productions 🇮🇹.m4a,1,1,142.229,2026-08-26 11:31:53,2026-08-26 11:31:53
10,RadioTEDU Situation Room,/situation,configured_stream,52487,🎥 [Copyright Free Trailer Music] - ＂Resurgence＂ by @GhostrifterOfficial  🇳🇱,,,,,,,,141.619,H:\RadioTEDU Songs\Situation Room\🎥 [Copyright Free Trailer Music] - ＂Resurgence＂ by @GhostrifterOfficial  🇳🇱.m4a,1,1,138.829,2026-08-26 09:41:26,2026-08-26 09:41:26
10,RadioTEDU Situation Room,/situation,configured_stream,52666,"🏍️ Royalty Free Aggressive Rock Music (For Videos) - ""Hard Sell Hotel"" by Shane Ivers 🇬🇧",BreakingCopyright — Royalty Free Music,,,,,,,203.421,H:\RadioTEDU Songs\Situation Room\🦍 Powerful Music (No Copyright)\🏍️ Royalty Free Aggressive Rock Music (For Videos) - ＂Hard Sell Hotel＂ by Shane Ivers 🇬🇧 [nfhYJI7JhbE].webm,1,1,200.475,2026-08-26 13:58:00,2026-08-26 13:58:00
10,RadioTEDU Situation Room,/situation,configured_stream,52492,🐎 Epic & Boss Battle (Royalty Free Music) - ＂GODDESS OF FATE＂ by Makai Symphony 🇯🇵,,,,,,,,181.58,H:\RadioTEDU Songs\Situation Room\🐎 Epic & Boss Battle (Royalty Free Music) - ＂GODDESS OF FATE＂ by Makai Symphony 🇯🇵.m4a,1,1,180.012,2026-08-26 11:06:55,2026-08-26 11:06:55
10,RadioTEDU Situation Room,/situation,configured_stream,52495,🐲 Free orchestral Battle Music (For YouTube) - ＂Dragon Slayer＂ by @Makai-symphony 🇯🇵,,,,,,,,114.683,H:\RadioTEDU Songs\Situation Room\🐲 Free orchestral Battle Music (For YouTube) - ＂Dragon Slayer＂ by @Makai-symphony 🇯🇵.m4a,1,1,112.551,2026-08-26 10:54:27,2026-08-26 10:54:27
10,RadioTEDU Situation Room,/situation,configured_stream,52496,👨‍🚀 Dramatic Epic & Orchestral (Music For Videos) - ＂Odyssey＂ by Savfk 🇮🇹 🇬🇧,,,,,,,,324.452,H:\RadioTEDU Songs\Situation Room\👨‍🚀 Dramatic Epic & Orchestral (Music For Videos) - ＂Odyssey＂ by Savfk 🇮🇹 🇬🇧.m4a,1,1,321.843,2026-08-26 14:41:34,2026-08-26 14:41:34
10,RadioTEDU Situation Room,/situation,configured_stream,52643,"💔 Epic Dramatic (Free Music) - ""TRAGEDY"" by Alex Productions 🇮🇹",BreakingCopyright — Royalty Free Music,,,,,,,193.901,H:\RadioTEDU Songs\Situation Room\⚔️ Copyright Free Battle Music\💔 Epic Dramatic (Free Music) - ＂TRAGEDY＂ by Alex Productions 🇮🇹 [ECDoxNz8U1s].webm,1,1,192.585,2026-08-26 09:02:16,2026-08-26 09:02:16
10,RadioTEDU Situation Room,/situation,configured_stream,52498,💔 Epic Dramatic (Free Music) - ＂TRAGEDY＂ by Alex Productions 🇮🇹,,,,,,,,193.887,H:\RadioTEDU Songs\Situation Room\💔 Epic Dramatic (Free Music) - ＂TRAGEDY＂ by Alex Productions 🇮🇹.m4a,1,1,191.498,2026-08-26 10:48:22,2026-08-26 10:48:22
10,RadioTEDU Situation Room,/situation,configured_stream,52667,"💪 Orchestral Trailer Piano Music (No Copyright) ""The Epic Hero"" by @KeysofMoonMusic  🇺🇸",BreakingCopyright — Royalty Free Music,,,,,,,149.061,H:\RadioTEDU Songs\Situation Room\🦍 Powerful Music (No Copyright)\💪 Orchestral Trailer Piano Music (No Copyright) ＂The Epic Hero＂ by @KeysofMoonMusic  🇺🇸 [ETbsXdqgcTM].webm,1,1,147.258,2026-08-26 11:01:25,2026-08-26 11:01:25
10,RadioTEDU Situation Room,/situation,configured_stream,52500,💪 Orchestral Trailer Piano Music (No Copyright) ＂The Epic Hero＂ by @KeysofMoonMusic  🇺🇸,,,,,,,,149.049,H:\RadioTEDU Songs\Situation Room\💪 Orchestral Trailer Piano Music (No Copyright) ＂The Epic Hero＂ by @KeysofMoonMusic  🇺🇸.m4a,1,1,146.427,2026-08-26 10:45:11,2026-08-26 10:45:11
10,RadioTEDU Situation Room,/situation,configured_stream,52561,"🔥 Epic & Cinematic (Royalty Free Music) - ""RISE OF LEGENDS"" by Alex Productions 🇮🇹",BreakingCopyright — Royalty Free Music,,,,,,,125.661,H:\RadioTEDU Songs\Situation Room\Copyright Free Military Music 🎖️\🔥 Epic & Cinematic (Royalty Free Music) - ＂RISE OF LEGENDS＂ by Alex Productions 🇮🇹 [7L4DLEswLUc].webm,1,1,123.111,2026-08-26 13:14:23,2026-08-26 13:14:23
10,RadioTEDU Situation Room,/situation,configured_stream,52579,"🔥 Epic Battle Music (No Copyright) ""Dragon Castle"" by @Makai-symphony  🇯🇵",BreakingCopyright — Royalty Free Music,,,,,,,162.601,H:\RadioTEDU Songs\Situation Room\Intense Music (No Copyright) 🧨\🔥 Epic Battle Music (No Copyright) ＂Dragon Castle＂ by @Makai-symphony  🇯🇵 [9gBTKiVqprE].webm,1,1,161.256,2026-08-26 14:00:41,2026-08-26 14:00:41
10,RadioTEDU Situation Room,/situation,configured_stream,52644,"🕕 6 Minutes of EPIC (Free Music) - ""Goliath"" by @ScottBuckley 🇦🇺",BreakingCopyright — Royalty Free Music,,,,,,,381.961,H:\RadioTEDU Songs\Situation Room\⚔️ Copyright Free Battle Music\🕕 6 Minutes of EPIC (Free Music) - ＂Goliath＂ by @ScottBuckley 🇦🇺 [zOrXW8kA-EY].webm,1,1,379.258,2026-08-26 09:16:27,2026-08-26 09:16:27
10,RadioTEDU Situation Room,/situation,configured_stream,52505,🗡️ Chase & Action (Free Music) - ＂Chasing The Killer＂ by Hayden Folker 🇺🇸,,,,,,,,102.516,H:\RadioTEDU Songs\Situation Room\🗡️ Chase & Action (Free Music) - ＂Chasing The Killer＂ by Hayden Folker 🇺🇸.m4a,1,1,101.076,2026-08-26 12:07:19,2026-08-26 12:07:19
10,RadioTEDU Situation Room,/situation,configured_stream,52580,"🗡️ Free EPIC & FANTASY [No Copyright Music] - ""For Tomorrow"" by @SavfkMusic",BreakingCopyright — Royalty Free Music,,,,,,,218.861,H:\RadioTEDU Songs\Situation Room\Intense Music (No Copyright) 🧨\🗡️ Free EPIC & FANTASY [No Copyright Music] - ＂For Tomorrow＂ by @SavfkMusic [oh2u7aSxYIU].webm,1,1,221.776,2026-08-26 12:55:14,2026-08-26 12:55:14
10,RadioTEDU Situation Room,/situation,configured_stream,52645,"🗡️ Free Medieval Music - ""Battle Of The Creek"" by Alexander Nakarada 🇳🇴",BreakingCopyright — Royalty Free Music,,,,,,,166.861,H:\RadioTEDU Songs\Situation Room\⚔️ Copyright Free Battle Music\🗡️ Free Medieval Music - ＂Battle Of The Creek＂ by Alexander Nakarada 🇳🇴 [IbKAiUlhFSs].webm,1,1,164.787,2026-08-26 13:32:48,2026-08-26 13:32:48
10,RadioTEDU Situation Room,/situation,configured_stream,52564,"🚁 Progressive trailer (Music For Videos) - ""Infinitum"" by Broken Elegance 🇫🇮",BreakingCopyright — Royalty Free Music,,,,,,,216.481,H:\RadioTEDU Songs\Situation Room\Copyright Free Military Music 🎖️\🚁 Progressive trailer (Music For Videos) - ＂Infinitum＂ by Broken Elegance 🇫🇮 [NR-do-T_0vM].webm,1,1,213.528,2026-08-26 09:32:21,2026-08-26 09:32:21
10,RadioTEDU Situation Room,/situation,configured_stream,52510,🚁 Progressive trailer (Music For Videos) - ＂Infinitum＂ by Broken Elegance 🇫🇮,,,,,,,,216.48,H:\RadioTEDU Songs\Situation Room\🚁 Progressive trailer (Music For Videos) - ＂Infinitum＂ by Broken Elegance 🇫🇮.m4a,1,1,214.318,2026-08-26 11:39:17,2026-08-26 11:39:17
10,RadioTEDU Situation Room,/situation,configured_stream,52670,"🛩️ Cinematic & Inspiring Music (No Copyright) - ""Flowing Energy"" by @KeysofMoonMusic",BreakingCopyright — Royalty Free Music,,,,,,,200.421,H:\RadioTEDU Songs\Situation Room\🦍 Powerful Music (No Copyright)\🛩️ Cinematic & Inspiring Music (No Copyright) - ＂Flowing Energy＂ by @KeysofMoonMusic [pBT01U9zgfQ].webm,1,1,198.863,2026-08-26 10:38:20,2026-08-26 10:38:20
10,RadioTEDU Situation Room,/situation,configured_stream,52513,🤜 Epic & War (Royalty Free Music) - ＂STROKES OF WAR＂ by Teen Asty 🇵🇹,,,,,,,,153.043,H:\RadioTEDU Songs\Situation Room\🤜 Epic & War (Royalty Free Music) - ＂STROKES OF WAR＂ by Teen Asty 🇵🇹.m4a,1,1,150.297,2026-08-26 13:37:28,2026-08-26 13:37:28
10,RadioTEDU Situation Room,/situation,configured_stream,52514,🦂 Middle Eastern & Action (Free Music) - ＂LIBERATION FORCES＂ by Ghostrifter Avalon 🇳🇱,,,,,,,,195.233,H:\RadioTEDU Songs\Situation Room\🦂 Middle Eastern & Action (Free Music) - ＂LIBERATION FORCES＂ by Ghostrifter Avalon 🇳🇱.m4a,1,1,192.573,2026-08-26 13:12:20,2026-08-26 13:12:20
10,RadioTEDU Situation Room,/situation,configured_stream,52515,🦠 Apocalypse & Action (Free Music) - ＂Escalation＂ by Ghostrifter Avalon 🇳🇱,,,,,,,,134.281,H:\RadioTEDU Songs\Situation Room\🦠 Apocalypse & Action (Free Music) - ＂Escalation＂ by Ghostrifter Avalon 🇳🇱.m4a,1,1,132.376,2026-08-26 11:14:21,2026-08-26 11:14:21
10,RadioTEDU Situation Room,/situation,configured_stream,52671,"🦸 Superhero (Free Music) - ""LEGACY"" by Scott Buckley 🇦🇺 🇸🇪",BreakingCopyright — Royalty Free Music,,,,,,,389.661,H:\RadioTEDU Songs\Situation Room\🦍 Powerful Music (No Copyright)\🦸 Superhero (Free Music) - ＂LEGACY＂ by Scott Buckley 🇦🇺 🇸🇪 [635tej6SFj4].webm,1,1,387.346,2026-08-26 13:20:50,2026-08-26 13:20:50
10,RadioTEDU Situation Room,/situation,configured_stream,52647,"🪖Battle & Rock (Royalty Free Music) - ""COMBAT ONE"" by Alexander Nakarada 🇳🇴",BreakingCopyright — Royalty Free Music,,,,,,,129.721,H:\RadioTEDU Songs\Situation Room\⚔️ Copyright Free Battle Music\🪖Battle & Rock (Royalty Free Music) - ＂COMBAT ONE＂ by Alexander Nakarada 🇳🇴 [EY2b_Hk0A2Q].webm,1,1,127.14,2026-08-26 09:51:25,2026-08-26 09:51:25
