station_id,station_name,mount,mount_status,track_id,work_title,performer,version,composer,lyricist,phonogram_producer,label,isrc,scheduled_duration_seconds,source_path,completed_play_count,event_count,total_played_seconds,first_broadcast_at,last_broadcast_at
1,RadioTEDU Classical,/classic,configured_stream,48208,"""O holder Tag, erwünschte Zeit"", BWV 210: Recitativo ""So glaubt man denn, daß die Musik verführe""",Johann Sebastian Bach,,,,,,,127.24,"H:\RadioTEDU Songs\Classical\Johann Sebastian Bach; Bach‐Collegium Stuttgart, Helmuth Rilling\Secular Cantatas BWV 210, 211\05 _O holder Tag, erwünschte Zeit_, BWV 210_ Recitativo _So glaubt man denn, daß die Musik verführe_.flac",1,1,124.492,2026-08-23 16:58:25,2026-08-23 16:58:25
1,RadioTEDU Classical,/classic,configured_stream,47693,"01 Symphony no. 9 in D minor, op. 125 “Choral”_ 1. Allegro ma non troppo, un poco maestoso",Ludwig van Beethoven,,,,,,,1027.947,"H:\RadioTEDU Songs\Classical\Beethoven; Daniel Barenboim, West-Eastern Divan Orchestra\Beethoven for All_ Symphonies 1-9\5-01 Symphony no. 9 in D minor, op. 125 “Choral”_ 1. Allegro ma non troppo, un poco maestoso.flac",1,1,1025.168,2026-08-23 16:52:44,2026-08-23 16:52:44
1,RadioTEDU Classical,/classic,configured_stream,47678,"02 Symphony no. 5 in C minor, op. 67_ 2. Andante con moto",Ludwig van Beethoven,,,,,,,611.947,"H:\RadioTEDU Songs\Classical\Beethoven; Daniel Barenboim, West-Eastern Divan Orchestra\Beethoven for All_ Symphonies 1-9\3-02 Symphony no. 5 in C minor, op. 67_ 2. Andante con moto.flac",1,1,609.624,2026-08-23 21:23:43,2026-08-23 21:23:43
1,RadioTEDU Classical,/classic,configured_stream,47694,"02 Symphony no. 9 in D minor, op. 125 “Choral”_ 2. Molto vivace",Ludwig van Beethoven,,,,,,,741.0,"H:\RadioTEDU Songs\Classical\Beethoven; Daniel Barenboim, West-Eastern Divan Orchestra\Beethoven for All_ Symphonies 1-9\5-02 Symphony no. 9 in D minor, op. 125 “Choral”_ 2. Molto vivace.flac",1,1,738.055,2026-08-23 07:31:07,2026-08-23 07:31:07
1,RadioTEDU Classical,/classic,configured_stream,48380,"03 Messe g-Moll, BWV 235_ 3. Gratias agimus tibi",Johann Sebastian Bach,,,,,,,215.893,"H:\RadioTEDU Songs\Classical\Johann Sebastian Bach; Helmuth Rilling, Gächinger Kantorei Stuttgart, Bach-Collegium Stuttgart, Stuttgarter Kammerorchester\Messe g-Moll BWV 235 _ Messe G-Dur BWV 236\03 Messe g-Moll, BWV 235_ 3. Gratias agimus tibi.flac",1,1,215.83,2026-08-23 12:16:25,2026-08-23 12:16:25
1,RadioTEDU Classical,/classic,configured_stream,47560,"03 Violin Concerto in B Minor, RV 387_ 3. Allegro (1)",Antonio Vivaldi,,,,,,,157.466,"H:\RadioTEDU Songs\Classical\Antonio Vivaldi; L'Arte dell'Arco, Federico Guglielmo\Six Violin Concertos for Anna Maria\1-03 Violin Concerto in B Minor, RV 387_ 3. Allegro (1).mp3",1,1,154.501,2026-08-23 21:09:58,2026-08-23 21:09:58
1,RadioTEDU Classical,/classic,configured_stream,47672,"04 Symphony no. 2 in D major, op. 36_ 4. Allegro molto",Ludwig van Beethoven,,,,,,,404.571,"H:\RadioTEDU Songs\Classical\Beethoven; Daniel Barenboim, West-Eastern Divan Orchestra\Beethoven for All_ Symphonies 1-9\2-04 Symphony no. 2 in D major, op. 36_ 4. Allegro molto.flac",1,1,401.976,2026-08-23 19:29:44,2026-08-23 19:29:44
1,RadioTEDU Classical,/classic,configured_stream,47759,"05 Nocturnes, op. 48 B. 142_ 2. Nocturne in F-sharp minor. Andantino",Chopin,,,,,,,385.213,"H:\RadioTEDU Songs\Classical\Chopin; Rafał Blechacz\Chopin\05 Nocturnes, op. 48 B. 142_ 2. Nocturne in F-sharp minor. Andantino.flac",1,1,382.384,2026-08-23 20:29:20,2026-08-23 20:29:20
1,RadioTEDU Classical,/classic,configured_stream,47758,"05 Nocturnes, op. 48 B. 142_ 2. Nocturne in F-sharp minor. Andantino (1)",Chopin,,,,,,,385.213,"H:\RadioTEDU Songs\Classical\Chopin; Rafał Blechacz\Chopin\05 Nocturnes, op. 48 B. 142_ 2. Nocturne in F-sharp minor. Andantino (1).flac",1,1,382.34,2026-08-23 22:41:08,2026-08-23 22:41:08
1,RadioTEDU Classical,/classic,configured_stream,47665,"05 Symphony no. 3 in E-flat, op. 55 “Eroica”_ 1. Allegro con brio",Ludwig van Beethoven,,,,,,,971.2,"H:\RadioTEDU Songs\Classical\Beethoven; Daniel Barenboim, West-Eastern Divan Orchestra\Beethoven for All_ Symphonies 1-9\1-05 Symphony no. 3 in E-flat, op. 55 “Eroica”_ 1. Allegro con brio.flac",1,1,968.9,2026-08-23 06:22:29,2026-08-23 06:22:29
1,RadioTEDU Classical,/classic,configured_stream,48383,"06 Messe g-Moll, BWV 235_ 6. Cum Sancto Spiritu",Johann Sebastian Bach,,,,,,,276.08,"H:\RadioTEDU Songs\Classical\Johann Sebastian Bach; Helmuth Rilling, Gächinger Kantorei Stuttgart, Bach-Collegium Stuttgart, Stuttgarter Kammerorchester\Messe g-Moll BWV 235 _ Messe G-Dur BWV 236\06 Messe g-Moll, BWV 235_ 6. Cum Sancto Spiritu.flac",1,1,278.05,2026-08-23 13:00:11,2026-08-23 13:00:11
1,RadioTEDU Classical,/classic,configured_stream,47690,"06 Symphony no. 8 in F, op. 93_ 2. Allegretto scherzando",Ludwig van Beethoven,,,,,,,228.493,"H:\RadioTEDU Songs\Classical\Beethoven; Daniel Barenboim, West-Eastern Divan Orchestra\Beethoven for All_ Symphonies 1-9\4-06 Symphony no. 8 in F, op. 93_ 2. Allegretto scherzando.flac",1,1,225.869,2026-08-23 15:54:30,2026-08-23 15:54:30
1,RadioTEDU Classical,/classic,configured_stream,47682,"07 Symphony no. 6 in F major, op. 68 “Pastoral”_ 3. Allegro_ Lustiges Zusammensein der Landleute",Ludwig van Beethoven,,,,,,,353.52,"H:\RadioTEDU Songs\Classical\Beethoven; Daniel Barenboim, West-Eastern Divan Orchestra\Beethoven for All_ Symphonies 1-9\3-07 Symphony no. 6 in F major, op. 68 “Pastoral”_ 3. Allegro_ Lustiges Zusammensein der Landleute.flac",1,1,355.821,2026-08-23 10:46:08,2026-08-23 10:46:08
1,RadioTEDU Classical,/classic,configured_stream,47668,"08 Symphony no. 3 in E-flat, op. 55 “Eroica”_ 4. Finale_ Allegro molto",Ludwig van Beethoven,,,,,,,732.618,"H:\RadioTEDU Songs\Classical\Beethoven; Daniel Barenboim, West-Eastern Divan Orchestra\Beethoven for All_ Symphonies 1-9\1-08 Symphony no. 3 in E-flat, op. 55 “Eroica”_ 4. Finale_ Allegro molto.flac",1,1,729.733,2026-08-23 12:55:33,2026-08-23 12:55:33
1,RadioTEDU Classical,/classic,configured_stream,49017,"11 Danses, WoO 17 No.6 Landler",Ludwig van Beethoven,,,,,,,81.067,"H:\RadioTEDU Songs\Classical\Ludwig van Beethoven\Unbekannte Meisterwerke\3-24 11 Danses, WoO 17 No.6 Landler.flac",1,1,78.118,2026-08-23 15:32:36,2026-08-23 15:32:36
1,RadioTEDU Classical,/classic,configured_stream,47478,12 Estudos for Guitar_ 7. Tres animé,Heitor Villa-Lobos,,,,,,,180.8,"H:\RadioTEDU Songs\Classical\Agustín Barrios, Heitor Villa-Lobos, Alberto Ginastera; Sean Shibe\Profesión\11 Heitor Villa-Lobos - 12 Estudos for Guitar_ 7. Tres animé.flac",1,1,180.763,2026-08-23 09:56:12,2026-08-23 09:56:12
1,RadioTEDU Classical,/classic,configured_stream,47592,13 Concerto in C for 2 Oboes & 2 Clarinets_ 1. Larghetto-Allegro (1),Antonio Vivaldi,,,,,,,259.737,"H:\RadioTEDU Songs\Classical\Antonio Vivaldi; Scottish Chamber Orchestra, Jaime Laredo\Great Vivaldi Wind Concertos\13 Concerto in C for 2 Oboes & 2 Clarinets_ 1. Larghetto-Allegro (1).mp3",1,1,256.96,2026-08-23 18:05:37,2026-08-23 18:05:37
1,RadioTEDU Classical,/classic,configured_stream,49101,"13 Preludes, Op. 32, No. 12 in G-sharp Minor. Allegro",Сергей Васильевич Рахманинов,,,,,,,140.0,"H:\RadioTEDU Songs\Classical\Rachmaninov; İdil Biret\Preludes, op. 32 _ Liebesleid _ Liebesfreud\12 Сергей Васильевич Рахманинов - 13 Preludes, Op. 32, No. 12 in G-sharp Minor. Allegro (1).flac",1,1,137.556,2026-08-23 11:40:05,2026-08-23 11:40:05
1,RadioTEDU Classical,/classic,configured_stream,49096,"13 Preludes, Op. 32, No. 7 in F Major: Moderato",Сергей Васильевич Рахманинов,,,,,,,176.0,"H:\RadioTEDU Songs\Classical\Rachmaninov; İdil Biret\Preludes, op. 32 _ Liebesleid _ Liebesfreud\07 Сергей Васильевич Рахманинов - 13 Preludes, Op. 32, No. 7 in F Major_ Moderato.flac",1,1,173.07,2026-08-23 11:07:48,2026-08-23 11:07:48
1,RadioTEDU Classical,/classic,configured_stream,49012,"20 Irish Songs, WoO 153 no. 18 “No more, my Mary, I sigh for splendour”",Ludwig van Beethoven,,,,,,,113.0,"H:\RadioTEDU Songs\Classical\Ludwig van Beethoven\Folksong Settings\3-18 20 Irish Songs, WoO 153 no. 18 “No more, my Mary, I sigh for splendour”.flac",1,1,111.412,2026-08-23 00:39:32,2026-08-23 00:39:32
1,RadioTEDU Classical,/classic,configured_stream,49002,"25 Irish Songs, WoO 152 no. 18 “They bid me slight my dermot dear”",Ludwig van Beethoven,,,,,,,202.0,"H:\RadioTEDU Songs\Classical\Ludwig van Beethoven\Folksong Settings\2-13 25 Irish Songs, WoO 152 no. 18 “They bid me slight my dermot dear”.flac",1,1,201.986,2026-08-23 08:23:47,2026-08-23 08:23:47
1,RadioTEDU Classical,/classic,configured_stream,49000,"25 Irish Songs, WoO 152 no. 6 “What shall I do to shew her how much I love her?”",Ludwig van Beethoven,,,,,,,154.0,"H:\RadioTEDU Songs\Classical\Ludwig van Beethoven\Folksong Settings\2-08 25 Irish Songs, WoO 152 no. 6 “What shall I do to shew her how much I love her_”.flac",1,1,151.087,2026-08-23 09:26:37,2026-08-23 09:26:37
1,RadioTEDU Classical,/classic,configured_stream,48989,"3 Duos for Clarinet and Bassoon, WoO 27 No. 2 in F major: III. Rondo. allegretto moderato",Ludwig van Beethoven,,,,,,,187.413,"H:\RadioTEDU Songs\Classical\Ludwig van Beethoven\Complete Works\15-15 Ludwig van Beethoven - 3 Duos for Clarinet and Bassoon, WoO 27 No. 2 in F major_ III. Rondo. allegretto moderato.flac",1,1,189.072,2026-08-23 15:41:59,2026-08-23 15:41:59
1,RadioTEDU Classical,/classic,configured_stream,49189,"3 Intermezzi, op. 117: No. 2 in B-flat minor",Johannes Brahms,,,,,,,294.294,"H:\RadioTEDU Songs\Classical\Schumann, Schumann, Brahms; Benjamin Grosvenor\Schumann & Brahms\15 Johannes Brahms - 3 Intermezzi, op. 117_ No. 2 in B-flat minor.mp3",1,1,291.546,2026-08-23 08:20:26,2026-08-23 08:20:26
1,RadioTEDU Classical,/classic,configured_stream,47823,"3 Romances, op. 22_ No. 3. Leidenschaftlich schnell (1)",Clara Schumann,,,,,,,225.893,"H:\RadioTEDU Songs\Classical\Emmanuel Pahud, Eric Le Sage\Romances\06 Clara Schumann - 3 Romances, op. 22_ No. 3. Leidenschaftlich schnell (1).flac",1,1,226.786,2026-08-23 22:56:38,2026-08-23 22:56:38
1,RadioTEDU Classical,/classic,configured_stream,48949,"47 “Signor Abate, WoO 178 (3-part canon)”",Ludwig van Beethoven,,,,,,,45.0,"H:\RadioTEDU Songs\Classical\Ludwig van Beethoven\BTHVN 2020_ The New Complete Edition\85-47 “Signor Abate, WoO 178 (3-part canon)”.flac",1,1,42.159,2026-08-23 09:33:57,2026-08-23 09:33:57
1,RadioTEDU Classical,/classic,configured_stream,48953,"51 “Bester Graf, Sie sind ein Schaf!”, WoO 183 (4-part canon)",Ludwig van Beethoven,,,,,,,31.0,"H:\RadioTEDU Songs\Classical\Ludwig van Beethoven\BTHVN 2020_ The New Complete Edition\85-51 “Bester Graf, Sie sind ein Schaf!”, WoO 183 (4-part canon).flac",1,1,30.27,2026-08-23 16:20:20,2026-08-23 16:20:20
1,RadioTEDU Classical,/classic,configured_stream,48957,"55 Auf einen, welcher Schwencke geheißen (“Schwenke dich ohne Schwänke!”), WoO 187 (4-part canon)",Ludwig van Beethoven,,,,,,,38.0,"H:\RadioTEDU Songs\Classical\Ludwig van Beethoven\BTHVN 2020_ The New Complete Edition\85-55 Auf einen, welcher Schwencke geheißen (“Schwenke dich ohne Schwänke!”), WoO 187 (4-part canon).flac",1,1,35.454,2026-08-23 03:44:48,2026-08-23 03:44:48
1,RadioTEDU Classical,/classic,configured_stream,48960,"58 “Ich war hier, Doktor, ich war hier”, WoO 190 (2-part canon)",Ludwig van Beethoven,,,,,,,19.0,"H:\RadioTEDU Songs\Classical\Ludwig van Beethoven\BTHVN 2020_ The New Complete Edition\85-58 “Ich war hier, Doktor, ich war hier”, WoO 190 (2-part canon).flac",1,1,16.155,2026-08-23 15:02:57,2026-08-23 15:02:57
1,RadioTEDU Classical,/classic,configured_stream,48962,"60 “Ars longa, vita brevis”, WoO 192 (4-part canon) (2nd setting)",Ludwig van Beethoven,,,,,,,24.0,"H:\RadioTEDU Songs\Classical\Ludwig van Beethoven\BTHVN 2020_ The New Complete Edition\85-60 “Ars longa, vita brevis”, WoO 192 (4-part canon) (2nd setting).flac",1,1,23.811,2026-08-23 14:50:16,2026-08-23 14:50:16
1,RadioTEDU Classical,/classic,configured_stream,47704,"7 Bagatelles for Piano, op. 33 no. 3 in F major: Allegretto",Ludwig van Beethoven,,,,,,,131.0,"H:\RadioTEDU Songs\Classical\Beethoven; Mikhail Pletnev\Variations & Bagatelles\2-03 7 Bagatelles for Piano, op. 33 no. 3 in F major_ Allegretto.flac",1,1,131.735,2026-08-23 03:14:50,2026-08-23 03:14:50
1,RadioTEDU Classical,/classic,configured_stream,49250,A Sense of Place,Sophie Hutchings,,,,,,,195.058,H:\RadioTEDU Songs\Classical\Sophie Hutchings\become the sky\04 A Sense of Place.flac,1,1,196.024,2026-08-23 12:43:24,2026-08-23 12:43:24
1,RadioTEDU Classical,/classic,configured_stream,48909,Abschiedsgesang WoO 102,Ludwig van Beethoven,,,,,,,243.0,H:\RadioTEDU Songs\Classical\Ludwig van Beethoven\Beethoven - The Complete Works\79-31 Abschiedsgesang WoO 102.flac,1,1,240.384,2026-08-23 13:48:29,2026-08-23 13:48:29
1,RadioTEDU Classical,/classic,configured_stream,47929,"Ach Gott, vom Himmel sieh darein, BWV 741",Johann Sebastian Bach,,,,,,,380.707,"H:\RadioTEDU Songs\Classical\Johann Sebastian Bach; Andrea Marcon\Organ Works_ Ohrdruf, Lüneburg & Arnstadt\2-04 Ach Gott, vom Himmel sieh darein, BWV 741.flac",1,1,377.981,2026-08-23 18:49:54,2026-08-23 18:49:54
1,RadioTEDU Classical,/classic,configured_stream,49051,Adagio for Strings,Samuel Barber,,,,,,,599.562,"H:\RadioTEDU Songs\Classical\New York Philharmonic, Leonard Bernstein\Nocturne\04 Samuel Barber - Adagio for Strings (1).mp3",1,1,601.797,2026-08-23 00:19:33,2026-08-23 00:19:33
1,RadioTEDU Classical,/classic,configured_stream,49052,Adagio for Strings,Samuel Barber,,,,,,,599.562,"H:\RadioTEDU Songs\Classical\New York Philharmonic, Leonard Bernstein\Nocturne\04 Samuel Barber - Adagio for Strings.mp3",1,1,596.812,2026-08-23 08:38:55,2026-08-23 08:38:55
1,RadioTEDU Classical,/classic,configured_stream,49055,Aeon,Nick Murray & Juliet Lyons,,,,,,,198.816,H:\RadioTEDU Songs\Classical\Nick Murray\Aeon\05 Nick Murray & Juliet Lyons - Aeon.mp3,1,1,197.847,2026-08-23 14:11:43,2026-08-23 14:11:43
1,RadioTEDU Classical,/classic,configured_stream,47826,All Seems Beautiful to Me,Eric Whitacre,,,,,,,292.667,H:\RadioTEDU Songs\Classical\Eric Whitacre; Voces8\Home\04 All Seems Beautiful to Me.mp3,1,1,290.624,2026-08-23 15:27:34,2026-08-23 15:27:34
1,RadioTEDU Classical,/classic,configured_stream,47673,Allegro vivace,Ludwig van Beethoven,,,,,,,630.28,"H:\RadioTEDU Songs\Classical\Beethoven; Daniel Barenboim, West-Eastern Divan Orchestra\Beethoven for All_ Symphonies 1-9\2-05 Symphony no. 4 in B-flat major, op. 60_ 1. Adagio – Allegro vivace.flac",1,1,630.163,2026-08-23 23:10:54,2026-08-23 23:10:54
1,RadioTEDU Classical,/classic,configured_stream,47938,"Allein Gott in der Höh sei Ehr, BWV 711",Johann Sebastian Bach,,,,,,,198.267,"H:\RadioTEDU Songs\Classical\Johann Sebastian Bach; Andrea Marcon\Orgelwerke_ Blütezeit in Weimar\08 Allein Gott in der Höh sei Ehr, BWV 711.flac",1,1,196.866,2026-08-23 00:51:40,2026-08-23 00:51:40
1,RadioTEDU Classical,/classic,configured_stream,48395,"Als Jesus Christus in der Nacht, BWV 1108",Johann Sebastian Bach,,,,,,,149.64,"H:\RadioTEDU Songs\Classical\Johann Sebastian Bach; Kay Johannsen\Organ Chorales From the Neumeister Collection\2-03 Als Jesus Christus in der Nacht, BWV 1108.flac",1,1,148.825,2026-08-23 12:07:30,2026-08-23 12:07:30
1,RadioTEDU Classical,/classic,configured_stream,49262,"Also sprach Zarathustra, Op. 30, TrV 176: I. Prelude (Sonnenaufgang)",Richard Strauss,,,,,,,82.093,"H:\RadioTEDU Songs\Classical\Strauss; RSB, Vladimir Jurowski\Also sprach Zarathustra\01 Also sprach Zarathustra, Op. 30, TrV 176_ I. Prelude (Sonnenaufgang) (1).flac",1,1,81.042,2026-08-23 07:35:27,2026-08-23 07:35:27
1,RadioTEDU Classical,/classic,configured_stream,49263,"Also sprach Zarathustra, Op. 30, TrV 176: I. Prelude (Sonnenaufgang)",Richard Strauss,,,,,,,82.093,"H:\RadioTEDU Songs\Classical\Strauss; RSB, Vladimir Jurowski\Also sprach Zarathustra\01 Also sprach Zarathustra, Op. 30, TrV 176_ I. Prelude (Sonnenaufgang).flac",1,1,79.96,2026-08-23 12:29:41,2026-08-23 12:29:41
1,RadioTEDU Classical,/classic,configured_stream,47700,Alt‐Wiener Tanzweisen: No. 2 Liebesleid,Fritz Kreisler,,,,,,,220.947,"H:\RadioTEDU Songs\Classical\Beethoven; María Dueñas, Wiener Symphoniker, Manfred Honeck\Beethoven and Beyond\08 Fritz Kreisler - Alt‐Wiener Tanzweisen_ No. 2 Liebesleid.flac",1,1,220.443,2026-08-23 15:31:18,2026-08-23 15:31:18
1,RadioTEDU Classical,/classic,configured_stream,49064,"Angel vopiyashe, op. 22 no. 18",Pavel Chesnokov,,,,,,,216.947,"H:\RadioTEDU Songs\Classical\Pavel Chesnokov; St John's Voices, Cambridge University Chamber Choir, Graham Walker\Sacred Choral Music\03 Angel vopiyashe, op. 22 no. 18.flac",1,1,215.759,2026-08-23 06:26:05,2026-08-23 06:26:05
1,RadioTEDU Classical,/classic,configured_stream,47687,Assai meno presto,Ludwig van Beethoven,,,,,,,527.667,"H:\RadioTEDU Songs\Classical\Beethoven; Daniel Barenboim, West-Eastern Divan Orchestra\Beethoven for All_ Symphonies 1-9\4-03 Symphony no. 7 in A major, op. 92_ 3. Presto – Assai meno presto.flac",1,1,525.131,2026-08-23 18:43:37,2026-08-23 18:43:37
1,RadioTEDU Classical,/classic,configured_stream,48792,Aura,Lara Somogyi & Jean‐Michel Blais,,,,,,,212.728,H:\RadioTEDU Songs\Classical\Lara Somogyi & Jean‐Michel Blais\Désert\01 Aura.flac,1,1,210.618,2026-08-23 00:48:14,2026-08-23 00:48:14
1,RadioTEDU Classical,/classic,configured_stream,48979,"Bagatelle for Piano, op. 126 no. 2 in G minor: Allegro",Ludwig van Beethoven,,,,,,,112.507,"H:\RadioTEDU Songs\Classical\Ludwig van Beethoven\Complete Beethoven Edition, Volume 6_ Piano Works\1-22 Bagatelle for Piano, op. 126 no. 2 in G minor_ Allegro.flac",1,1,118.799,2026-08-23 03:03:17,2026-08-23 03:03:17
1,RadioTEDU Classical,/classic,configured_stream,48790,"Bagatelle no. 25 in A minor, WoO 59 ""Für Elise""",Ludwig van Beethoven,,,,,,,206.38,"H:\RadioTEDU Songs\Classical\Lang Lang\Piano Book\02 Ludwig van Beethoven - Bagatelle no. 25 in A minor, WoO 59 _Für Elise_.flac",1,1,212.914,2026-08-23 12:26:26,2026-08-23 12:26:26
1,RadioTEDU Classical,/classic,configured_stream,47755,"Ballade no. 1 en sol mineur, op. 23",Frédéric Chopin,,,,,,,556.013,"H:\RadioTEDU Songs\Classical\Chopin; Abdel Rahman El Bacha\Scherzi & Ballades\02 Ballade no. 1 en sol mineur, op. 23.flac",1,1,553.847,2026-08-23 09:48:04,2026-08-23 09:48:04
1,RadioTEDU Classical,/classic,configured_stream,47552,"Bassoon Concerto in A minor, RV 497: II. Andante molto",Antonio Vivaldi,,,,,,,205.56,"H:\RadioTEDU Songs\Classical\Antonio Vivaldi; Gustavo Núñez, Academy of St Martin in the Fields\Bassoon Concertos\15 Bassoon Concerto in A minor, RV 497_ II. Andante molto (1).mp3",1,1,205.375,2026-08-23 11:19:55,2026-08-23 11:19:55
1,RadioTEDU Classical,/classic,configured_stream,47540,"Bassoon Concerto in F major, RV 488: III. Allegro",Antonio Vivaldi,,,,,,,146.2,"H:\RadioTEDU Songs\Classical\Antonio Vivaldi; Gustavo Núñez, Academy of St Martin in the Fields\Bassoon Concertos\06 Bassoon Concerto in F major, RV 488_ III. Allegro (1).mp3",1,1,145.281,2026-08-23 19:18:34,2026-08-23 19:18:34
1,RadioTEDU Classical,/classic,configured_stream,48818,"Brandenburg Concerto no. 3 in G major, BWV 1048: I. Allegro",Johann Sebastian Bach,,,,,,,344.84,"H:\RadioTEDU Songs\Classical\London Philharmonic Orchestra\The 50 Greatest Pieces of Classical Music\14 Johann Sebastian Bach - Brandenburg Concerto no. 3 in G major, BWV 1048_ I. Allegro.flac",1,1,342.293,2026-08-23 07:59:31,2026-08-23 07:59:31
1,RadioTEDU Classical,/classic,configured_stream,48473,"Brandenburgisches Konzert no. 2 F‐Dur, BWV 1047: II. Andante",Johann Sebastian Bach,,,,,,,226.56,"H:\RadioTEDU Songs\Classical\Johann Sebastian Bach; Oregon Bach Festival Chamber Orchestra, Helmuth Rilling\Brandenburgische Konzerte, BWV 1046–1051\1-06 Brandenburgisches Konzert no. 2 F‐Dur, BWV 1047_ II. Andante.flac",1,1,223.732,2026-08-23 09:03:17,2026-08-23 09:03:17
1,RadioTEDU Classical,/classic,configured_stream,48476,"Brandenburgisches Konzert no. 3 G‐Dur, BWV 1048: II. Adagio",Johann Sebastian Bach,,,,,,,24.507,"H:\RadioTEDU Songs\Classical\Johann Sebastian Bach; Oregon Bach Festival Chamber Orchestra, Helmuth Rilling\Brandenburgische Konzerte, BWV 1046–1051\1-09 Brandenburgisches Konzert no. 3 G‐Dur, BWV 1048_ II. Adagio.flac",1,1,21.966,2026-08-23 05:05:14,2026-08-23 05:05:14
1,RadioTEDU Classical,/classic,configured_stream,47941,"BWV 29: Wir danken dir, Gott: Sinfonia",Johann Sebastian Bach,,,,,,,201.32,"H:\RadioTEDU Songs\Classical\Johann Sebastian Bach; Bach-Ensemble, Helmuth Rilling\Cantatas BWV 27-29\13 BWV 29_ Wir danken dir, Gott_ Sinfonia.flac",1,1,198.797,2026-08-23 19:50:00,2026-08-23 19:50:00
1,RadioTEDU Classical,/classic,configured_stream,47822,By the Sea,Eleni Karaindrou,,,,,,,107.006,H:\RadioTEDU Songs\Classical\Eleni Karaindrou\Eternity and a Day\02 By the Sea.flac,1,1,105.865,2026-08-23 06:28:34,2026-08-23 06:28:34
1,RadioTEDU Classical,/classic,configured_stream,47995,"Cantata BWV 9: Recitativo (B) ""Doch Mußte Das Gesetz Erfüllet Werden""",Johann Sebastian Bach,,,,,,,77.24,"H:\RadioTEDU Songs\Classical\Johann Sebastian Bach; Bach-Ensemble, Helmuth Rilling\Cantatas BWV 7-9\17 Cantata BWV 9_ Recitativo (B) _Doch Mußte Das Gesetz Erfüllet Werden_.flac",1,1,74.319,2026-08-23 22:34:46,2026-08-23 22:34:46
1,RadioTEDU Classical,/classic,configured_stream,48025,"Cantata, BWV 122 ""Das neugeborne Kindelein"": II. Aria",Johann Sebastian Bach,,,,,,,383.533,"H:\RadioTEDU Songs\Classical\Johann Sebastian Bach; Bach-Ensemble, Helmuth Rilling\Kantaten zum Weihnachtsfestkreis\4-02 Cantata, BWV 122 _Das neugeborne Kindelein__ II. Aria.flac",1,1,386.153,2026-08-23 01:30:23,2026-08-23 01:30:23
1,RadioTEDU Classical,/classic,configured_stream,48027,"Cantata, BWV 122 ""Das neugeborne Kindelein"": V. Recitativo",Johann Sebastian Bach,,,,,,,88.427,"H:\RadioTEDU Songs\Classical\Johann Sebastian Bach; Bach-Ensemble, Helmuth Rilling\Kantaten zum Weihnachtsfestkreis\4-05 Cantata, BWV 122 _Das neugeborne Kindelein__ V. Recitativo.flac",1,1,85.824,2026-08-23 20:15:16,2026-08-23 20:15:16
1,RadioTEDU Classical,/classic,configured_stream,48028,"Cantata, BWV 122 ""Das neugeborne Kindelein"": VI. Choral",Johann Sebastian Bach,,,,,,,44.973,"H:\RadioTEDU Songs\Classical\Johann Sebastian Bach; Bach-Ensemble, Helmuth Rilling\Kantaten zum Weihnachtsfestkreis\4-06 Cantata, BWV 122 _Das neugeborne Kindelein__ VI. Choral.flac",1,1,43.087,2026-08-23 03:45:31,2026-08-23 03:45:31
1,RadioTEDU Classical,/classic,configured_stream,48023,"Cantata, BWV 133 ""Ich freue mich in dir"": IV. Aria",Johann Sebastian Bach,,,,,,,434.667,"H:\RadioTEDU Songs\Classical\Johann Sebastian Bach; Bach-Ensemble, Helmuth Rilling\Kantaten zum Weihnachtsfestkreis\3-17 Cantata, BWV 133 _Ich freue mich in dir__ IV. Aria.flac",1,1,432.135,2026-08-23 19:57:14,2026-08-23 19:57:14
1,RadioTEDU Classical,/classic,configured_stream,48024,"Cantata, BWV 133 ""Ich freue mich in dir"": V. Recitativo",Johann Sebastian Bach,,,,,,,68.427,"H:\RadioTEDU Songs\Classical\Johann Sebastian Bach; Bach-Ensemble, Helmuth Rilling\Kantaten zum Weihnachtsfestkreis\3-18 Cantata, BWV 133 _Ich freue mich in dir__ V. Recitativo.flac",1,1,66.002,2026-08-23 04:47:45,2026-08-23 04:47:45
1,RadioTEDU Classical,/classic,configured_stream,48523,"Capriccio B‐Dur sopra la lontananza de il fratro dilettissimo, BWV 992: III. Adagioissimo",Johann Sebastian Bach,,,,,,,199.4,"H:\RadioTEDU Songs\Classical\Johann Sebastian Bach; Robert Hill\Cembalomusik des jungen Johann Sebastian Bach, vol. I\03 Capriccio B‐Dur sopra la lontananza de il fratro dilettissimo, BWV 992_ III. Adagioissimo.flac",1,1,198.194,2026-08-23 02:09:44,2026-08-23 02:09:44
1,RadioTEDU Classical,/classic,configured_stream,48524,"Capriccio B‐Dur sopra la lontananza de il fratro dilettissimo, BWV 992: VI. Fuga all’imitatione di Posta",Johann Sebastian Bach,,,,,,,151.933,"H:\RadioTEDU Songs\Classical\Johann Sebastian Bach; Robert Hill\Cembalomusik des jungen Johann Sebastian Bach, vol. I\06 Capriccio B‐Dur sopra la lontananza de il fratro dilettissimo, BWV 992_ VI. Fuga all’imitatione di Posta.flac",1,1,149.037,2026-08-23 14:49:53,2026-08-23 14:49:53
1,RadioTEDU Classical,/classic,configured_stream,49176,"Capricorn Concerto, op. 21: III. Allegro con brio",Samuel Barber,,,,,,,279.874,"H:\RadioTEDU Songs\Classical\Samuel Barber; Stephane Rancourt, Karen Jones, John Gracie, Royal Scottish National Orchestra, Marin Alsop\Capricorn Concerto _ A Hand of Bridge _ Intermezzo from Vanessa\03 Capricorn Concerto, op. 21_ III. Allegro con brio.mp3",1,1,277.039,2026-08-23 16:31:39,2026-08-23 16:31:39
1,RadioTEDU Classical,/classic,configured_stream,49158,"Cello Concerto, op. 22: II. Andante sostenuto",Samuel Barber,,,,,,,442.116,"H:\RadioTEDU Songs\Classical\Samuel Barber; Royal Scottish National Orchestra, Wendy Warner, Marin Alsop\Cello Concerto _ Medea _ Adagio for Strings\02 Cello Concerto, op. 22_ II. Andante sostenuto (1).mp3",1,1,439.428,2026-08-23 00:26:53,2026-08-23 00:26:53
1,RadioTEDU Classical,/classic,configured_stream,47651,"Cello Suite no. 3 in C major, BWV 1009: I. Prélude",Johann Sebastian Bach,,,,,,,320.259,"H:\RadioTEDU Songs\Classical\Bach; Sonia Wieder‐Atherton\Cello Suites nos. 3 & 4\01 Cello Suite no. 3 in C major, BWV 1009_ I. Prélude.flac",1,1,318.174,2026-08-23 13:27:19,2026-08-23 13:27:19
1,RadioTEDU Classical,/classic,configured_stream,47511,"Cessate, omai cessate, RV 684: II. Aria: ""Ah, Ch’infelice Sempre""",Antonio Vivaldi,,,,,,,317.32,"H:\RadioTEDU Songs\Classical\Antonio Vivaldi; Dmitry Sinkovsky\Sinkovsky Plays & Sings Vivaldi\08 Cessate, omai cessate, RV 684_ II. Aria_ _Ah, Ch’infelice Sempre_.mp3",1,1,314.528,2026-08-23 23:30:54,2026-08-23 23:30:54
1,RadioTEDU Classical,/classic,configured_stream,47738,Chansons érotiques: Vivons folâtres,Olivier Kaspar,,,,,,,170.192,"H:\RadioTEDU Songs\Classical\Caplet, Kaspar, Chausson, Marçot, Poulenc; Ensemble Esquisses, Guillemette Daboval\Par un matin\06 Olivier Kaspar - Chansons érotiques_ Vivons folâtres (1).flac",1,1,167.378,2026-08-23 13:58:59,2026-08-23 13:58:59
1,RadioTEDU Classical,/classic,configured_stream,49206,Chasing Daylight,Scott Buckley,,,,,,,274.228,H:\RadioTEDU Songs\Classical\Scott Buckley\Library Songs 7\07 Chasing Daylight.m4a,1,1,271.298,2026-08-23 15:12:19,2026-08-23 15:12:19
1,RadioTEDU Classical,/classic,configured_stream,49084,Chocolat,Rachel Portman,,,,,,,173.326,H:\RadioTEDU Songs\Classical\Rachel Portman\Beyond the Screen - Film Works on Piano\02 Chocolat.mp3,1,1,170.437,2026-08-23 03:55:32,2026-08-23 03:55:32
1,RadioTEDU Classical,/classic,configured_stream,48321,"Choralsatz, BWV 336 “Herr Jesu Christ, wahr’ Mensch und Gott”",Johann Sebastian Bach,,,,,,,75.893,"H:\RadioTEDU Songs\Classical\Johann Sebastian Bach; Gächinger Kantorei Stuttgart, Bach‐Collegium Stuttgart, Gerhard Gnann, Helmuth Rilling\A Book of Chorale‐Settings_ Passion\10 Choralsatz, BWV 336 “Herr Jesu Christ, wahr’ Mensch und Gott”.flac",1,1,84.4,2026-08-23 09:13:05,2026-08-23 09:13:05
1,RadioTEDU Classical,/classic,configured_stream,48314,"Choralsatz, BWV 362 “Jesu, nun sei gepreiset”",Johann Sebastian Bach,,,,,,,112.533,"H:\RadioTEDU Songs\Classical\Johann Sebastian Bach; Gächinger Kantorei Stuttgart, Bach‐Collegium Stuttgart, Gerhard Gnann, Helmuth Rilling\A Book of Chorale‐Settings_ Advent and Christmas\17 Choralsatz, BWV 362 “Jesu, nun sei gepreiset”.flac",1,1,113.377,2026-08-23 01:41:42,2026-08-23 01:41:42
1,RadioTEDU Classical,/classic,configured_stream,48324,"Choralsatz, BWV 408 “Schaut, ihr Sünder”",Johann Sebastian Bach,,,,,,,55.533,"H:\RadioTEDU Songs\Classical\Johann Sebastian Bach; Gächinger Kantorei Stuttgart, Bach‐Collegium Stuttgart, Gerhard Gnann, Helmuth Rilling\A Book of Chorale‐Settings_ Passion\21 Choralsatz, BWV 408 “Schaut, ihr Sünder”.flac",1,1,55.656,2026-08-23 09:06:21,2026-08-23 09:06:21
1,RadioTEDU Classical,/classic,configured_stream,48438,"Christ, unser Herr, zum Jordan kam alio modo, BWV 685",Johann Sebastian Bach,,,,,,,91.773,"H:\RadioTEDU Songs\Classical\Johann Sebastian Bach; Kay Johannsen\Orgelwerke_ Clavier Übung, Dritter Theil\2-05 Christ, unser Herr, zum Jordan kam alio modo, BWV 685.flac",1,1,90.735,2026-08-23 01:39:48,2026-08-23 01:39:48
1,RadioTEDU Classical,/classic,configured_stream,48702,"Christus, der ist mein Leben BWV 281",Johann Sebastian Bach,,,,,,,35.96,"H:\RadioTEDU Songs\Classical\Johann Sebastian Bach\Bach Edition, Volume 23_ Chorale _ Chorales\3-22 Christus, der ist mein Leben BWV 281.flac",1,1,33.267,2026-08-23 05:22:39,2026-08-23 05:22:39
1,RadioTEDU Classical,/classic,configured_stream,47922,"Christus, der uns selig macht, BWV 747",Johann Sebastian Bach,,,,,,,272.027,"H:\RadioTEDU Songs\Classical\Johann Sebastian Bach; Andrea Marcon\Organ Works_ Ohrdruf, Lüneburg & Arnstadt\1-06 Christus, der uns selig macht, BWV 747.flac",1,1,269.162,2026-08-23 22:32:34,2026-08-23 22:32:34
1,RadioTEDU Classical,/classic,configured_stream,49071,"Clairs de lune: No. 4, La mer",Abel Decaux,,,,,,,336.322,"H:\RadioTEDU Songs\Classical\Pierre-Yves Hodique\Clairs de lune\02 Abel Decaux - Clairs de lune_ No. 4, La mer (1).flac",1,1,334.558,2026-08-23 08:08:11,2026-08-23 08:08:11
1,RadioTEDU Classical,/classic,configured_stream,48490,"Concerto C‐Dur, BWV 976: I. (Allegro)",Johann Sebastian Bach,,,,,,,248.107,"H:\RadioTEDU Songs\Classical\Johann Sebastian Bach; Peter Watchorn\Concerti_ Bearbeitungen nach verschiedenen Meistern, BWV 972–987\1-10 Concerto C‐Dur, BWV 976_ I. (Allegro).flac",1,1,246.361,2026-08-23 01:12:05,2026-08-23 01:12:05
1,RadioTEDU Classical,/classic,configured_stream,48491,"Concerto C‐Dur, BWV 976: II. Largo",Johann Sebastian Bach,,,,,,,195.067,"H:\RadioTEDU Songs\Classical\Johann Sebastian Bach; Peter Watchorn\Concerti_ Bearbeitungen nach verschiedenen Meistern, BWV 972–987\1-11 Concerto C‐Dur, BWV 976_ II. Largo.flac",1,1,192.737,2026-08-23 17:55:07,2026-08-23 17:55:07
1,RadioTEDU Classical,/classic,configured_stream,47525,"Concerto en ré mineur F.III/24, RV 405 : I. Allegro",Antonio Vivaldi,,,,,,,181.864,"H:\RadioTEDU Songs\Classical\Antonio Vivaldi; Ensemble Explorations, Roel Dieltiens\Cello Concertos\1-10 Concerto en ré mineur F.III_24, RV 405 _ I. Allegro.mp3",1,1,178.93,2026-08-23 18:17:48,2026-08-23 18:17:48
1,RadioTEDU Classical,/classic,configured_stream,47528,"Concerto en ré mineur F.III/24, RV 405 : III. Allegro",Antonio Vivaldi,,,,,,,152.294,"H:\RadioTEDU Songs\Classical\Antonio Vivaldi; Ensemble Explorations, Roel Dieltiens\Cello Concertos\1-12 Concerto en ré mineur F.III_24, RV 405 _ III. Allegro (1).mp3",1,1,150.097,2026-08-23 16:34:09,2026-08-23 16:34:09
1,RadioTEDU Classical,/classic,configured_stream,47529,"Concerto en ré mineur F.III/24, RV 405 : III. Allegro",Antonio Vivaldi,,,,,,,152.294,"H:\RadioTEDU Songs\Classical\Antonio Vivaldi; Ensemble Explorations, Roel Dieltiens\Cello Concertos\1-12 Concerto en ré mineur F.III_24, RV 405 _ III. Allegro.mp3",1,1,149.627,2026-08-23 08:46:18,2026-08-23 08:46:18
1,RadioTEDU Classical,/classic,configured_stream,47518,"Concerto en si bémol majeur F.III/25, RV 423 : I. Allegro",Antonio Vivaldi,,,,,,,224.444,"H:\RadioTEDU Songs\Classical\Antonio Vivaldi; Ensemble Explorations, Roel Dieltiens\Cello Concertos\1-07 Concerto en si bémol majeur F.III_25, RV 423 _ I. Allegro (1).mp3",1,1,221.591,2026-08-23 13:52:10,2026-08-23 13:52:10
1,RadioTEDU Classical,/classic,configured_stream,47521,"Concerto en si bémol majeur F.III/25, RV 423 : II. Largo",Antonio Vivaldi,,,,,,,151.641,"H:\RadioTEDU Songs\Classical\Antonio Vivaldi; Ensemble Explorations, Roel Dieltiens\Cello Concertos\1-08 Concerto en si bémol majeur F.III_25, RV 423 _ II. Largo.mp3",1,1,149.152,2026-08-23 05:04:53,2026-08-23 05:04:53
1,RadioTEDU Classical,/classic,configured_stream,47523,"Concerto en si bémol majeur F.III/25, RV 423 : III. Allegro",Antonio Vivaldi,,,,,,,219.82,"H:\RadioTEDU Songs\Classical\Antonio Vivaldi; Ensemble Explorations, Roel Dieltiens\Cello Concertos\1-09 Concerto en si bémol majeur F.III_25, RV 423 _ III. Allegro.mp3",1,1,217.646,2026-08-23 08:59:34,2026-08-23 08:59:34
1,RadioTEDU Classical,/classic,configured_stream,47516,"Concerto en ut mineur F.III/1, RV 401 : III. Allegro ma non molto",Antonio Vivaldi,,,,,,,195.605,"H:\RadioTEDU Songs\Classical\Antonio Vivaldi; Ensemble Explorations, Roel Dieltiens\Cello Concertos\1-03 Concerto en ut mineur F.III_1, RV 401 _ III. Allegro ma non molto (1).mp3",1,1,192.681,2026-08-23 23:25:40,2026-08-23 23:25:40
1,RadioTEDU Classical,/classic,configured_stream,48902,"Concerto for Piano and Orchestra no. 4 in G major, op. 58: II. Andante con moto",Ludwig van Beethoven,,,,,,,307.867,"H:\RadioTEDU Songs\Classical\Ludwig van Beethoven; Maurizio Pollini, Wiener Philharmoniker, Eugen Jochum, Karl Böhm\Concertos pour piano n° 2 & 4\05 Concerto for Piano and Orchestra no. 4 in G major, op. 58_ II. Andante con moto.flac",1,1,309.56,2026-08-23 03:20:00,2026-08-23 03:20:00
1,RadioTEDU Classical,/classic,configured_stream,47728,"Concerto for Violin & Orchestra in E Minor, op. 64: II. Andante",Felix Mendelssohn,,,,,,,479.6,"H:\RadioTEDU Songs\Classical\Bruch, Mendelssohn; Scottish Chamber Orchestra, Jaime Laredo\Concertos for Violin and Orchestra\05 Felix Mendelssohn - Concerto for Violin & Orchestra in E Minor, op. 64_ II. Andante.mp3",1,1,476.892,2026-08-23 18:34:49,2026-08-23 18:34:49
1,RadioTEDU Classical,/classic,configured_stream,48589,"Concerto f‐Moll, BWV 1056: II. Largo",Johann Sebastian Bach,,,,,,,162.44,"H:\RadioTEDU Songs\Classical\Johann Sebastian Bach; Robert Levin, Bach‐Collegium Stuttgart, Helmuth Rilling\Cembalokonzerte, BWV 1055–1058\05 Concerto f‐Moll, BWV 1056_ II. Largo.flac",1,1,161.009,2026-08-23 07:18:49,2026-08-23 07:18:49
1,RadioTEDU Classical,/classic,configured_stream,48855,"Concerto Grosso no. 8 in G minor, op. 6 no. 8 ""Christmas Concerto"": II. Allegro",Arcangelo Corelli,,,,,,,147.92,"H:\RadioTEDU Songs\Classical\London Philharmonic Orchestra\The 50 Greatest Pieces of Classical Music\47 Arcangelo Corelli - Concerto Grosso no. 8 in G minor, op. 6 no. 8 _Christmas Concerto__ II. Allegro.flac",1,1,145.33,2026-08-23 12:01:22,2026-08-23 12:01:22
1,RadioTEDU Classical,/classic,configured_stream,48486,"Concerto G‐Dur, BWV 973: III. Allegro",Johann Sebastian Bach,,,,,,,156.573,"H:\RadioTEDU Songs\Classical\Johann Sebastian Bach; Peter Watchorn\Concerti_ Bearbeitungen nach verschiedenen Meistern, BWV 972–987\1-06 Concerto G‐Dur, BWV 973_ III. Allegro.flac",1,1,159.395,2026-08-23 16:56:10,2026-08-23 16:56:10
1,RadioTEDU Classical,/classic,configured_stream,48502,"Concerto G‐Dur, BWV 986: I. (Allegro)",Johann Sebastian Bach,,,,,,,132.307,"H:\RadioTEDU Songs\Classical\Johann Sebastian Bach; Peter Watchorn\Concerti_ Bearbeitungen nach verschiedenen Meistern, BWV 972–987\1-22 Concerto G‐Dur, BWV 986_ I. (Allegro).flac",1,1,129.351,2026-08-23 15:02:41,2026-08-23 15:02:41
1,RadioTEDU Classical,/classic,configured_stream,48489,"Concerto g‐Moll, BWV 975: III. Giga (Presto)",Johann Sebastian Bach,,,,,,,128.867,"H:\RadioTEDU Songs\Classical\Johann Sebastian Bach; Peter Watchorn\Concerti_ Bearbeitungen nach verschiedenen Meistern, BWV 972–987\1-09 Concerto g‐Moll, BWV 975_ III. Giga (Presto).flac",1,1,128.703,2026-08-23 02:57:32,2026-08-23 02:57:32
1,RadioTEDU Classical,/classic,configured_stream,48389,"Concerto in D major, BWV 1064R: II. Adagio",Johann Sebastian Bach,,,,,,,316.067,"H:\RadioTEDU Songs\Classical\Johann Sebastian Bach; Isabelle Faust, Muriel Cantoreggi, Christoph Poppen, Bach‐Collegium Stuttgart, Helmuth Rilling\Reconstructed Violin Concertos BWV 1052R, 1056R, 1064R, 1045\09 Concerto in D major, BWV 1064R_ II. Adagio.flac",1,1,313.225,2026-08-23 03:44:13,2026-08-23 03:44:13
1,RadioTEDU Classical,/classic,configured_stream,47598,"Concerto No. 4 in Fa minore, RV 297 ""L'inverno"": I. Allegro non molto",Antonio Vivaldi,,,,,,,211.383,"H:\RadioTEDU Songs\Classical\Antonio Vivaldi\Le quattro stagioni\10 Concerto No. 4 in Fa minore, RV 297 _L'inverno__ I. Allegro non molto (1).mp3",1,1,208.977,2026-08-23 20:22:57,2026-08-23 20:22:57
1,RadioTEDU Classical,/classic,configured_stream,47599,"Concerto No. 4 in Fa minore, RV 297 ""L'inverno"": I. Allegro non molto",Antonio Vivaldi,,,,,,,211.383,"H:\RadioTEDU Songs\Classical\Antonio Vivaldi\Le quattro stagioni\10 Concerto No. 4 in Fa minore, RV 297 _L'inverno__ I. Allegro non molto.mp3",1,1,208.822,2026-08-23 22:20:31,2026-08-23 22:20:31
1,RadioTEDU Classical,/classic,configured_stream,47609,Cum Dederit,Armand Amar,,,,,,,303.83,H:\RadioTEDU Songs\Classical\Armand Amar\Home\24 Cum Dederit.mp3,1,1,300.958,2026-08-23 19:00:12,2026-08-23 19:00:12
1,RadioTEDU Classical,/classic,configured_stream,49049,Dance of the Sugar Plum Fairy,Myuu,,,,,,,135.158,H:\RadioTEDU Songs\Classical\Myuu\Winter Tracks\01 Dance of the Sugar Plum Fairy (1).mp3,1,1,136.475,2026-08-23 14:31:20,2026-08-23 14:31:20
1,RadioTEDU Classical,/classic,configured_stream,47734,"Danse macabre, Op. 40",Camille Saint‐Saëns,,,,,,,411.627,"H:\RadioTEDU Songs\Classical\Camille Saint‐Saëns; Les Siècles, François‐Xavier Roth\Symphonic Poems _ Le Carnaval des animaux _ L'Assassinat du duc de Guise\1-04 Danse macabre, Op. 40 (1).flac",1,1,413.074,2026-08-23 00:58:34,2026-08-23 00:58:34
1,RadioTEDU Classical,/classic,configured_stream,47735,"Danse macabre, Op. 40",Camille Saint‐Saëns,,,,,,,411.627,"H:\RadioTEDU Songs\Classical\Camille Saint‐Saëns; Les Siècles, François‐Xavier Roth\Symphonic Poems _ Le Carnaval des animaux _ L'Assassinat du duc de Guise\1-04 Danse macabre, Op. 40.flac",1,1,409.304,2026-08-23 14:25:38,2026-08-23 14:25:38
1,RadioTEDU Classical,/classic,configured_stream,47619,Devotions (String Quartet No. 3): IV.,Edmund Finnis & Solem Quartet,,,,,,,119.302,H:\RadioTEDU Songs\Classical\Ayanna Witter-Johnson & Solem Quartet\Painted Light\04 Edmund Finnis & Solem Quartet - Devotions (String Quartet No. 3)_ IV..flac,1,1,122.453,2026-08-23 06:30:38,2026-08-23 06:30:38
1,RadioTEDU Classical,/classic,configured_stream,47890,"Duet no. 1 in E minor, BWV 802",Johann Sebastian Bach,,,,,,,182.71,"H:\RadioTEDU Songs\Classical\J.S. Bach; András Schiff\Clavichord\22 Duet no. 1 in E minor, BWV 802 (1).flac",1,1,183.459,2026-08-23 03:58:53,2026-08-23 03:58:53
1,RadioTEDU Classical,/classic,configured_stream,48712,"Eins ist noth, ach Herr, dies Eine BWV 304",Johann Sebastian Bach,,,,,,,52.44,"H:\RadioTEDU Songs\Classical\Johann Sebastian Bach\Bach Edition, Volume 23_ Chorale _ Chorales\3-42 Eins ist noth, ach Herr, dies Eine BWV 304.flac",1,1,49.872,2026-08-23 02:15:14,2026-08-23 02:15:14
1,RadioTEDU Classical,/classic,configured_stream,47659,"Elegiac Song, op. 118",Beethoven,,,,,,,426.0,"H:\RadioTEDU Songs\Classical\Beethoven; Ambrosian Opera Chorus, London Symphony Orchestra, Michael Tilson Thomas\Late Choral Music\06 Elegiac Song, op. 118.flac",1,1,423.132,2026-08-23 04:33:17,2026-08-23 04:33:17
1,RadioTEDU Classical,/classic,configured_stream,48609,"English Suite no. 1 in A major, BWV 806: IV. Courante II",Johann Sebastian Bach,,,,,,,127.44,"H:\RadioTEDU Songs\Classical\Johann Sebastian Bach\Bach Edition, Volume 13_ Keyboard Works_Klavierwerke, Volume II\01-04 English Suite no. 1 in A major, BWV 806_ IV. Courante II.flac",1,1,125.537,2026-08-23 05:22:04,2026-08-23 05:22:04
1,RadioTEDU Classical,/classic,configured_stream,48715,Es steh'n vor Gottes Throne BWV 309,Johann Sebastian Bach,,,,,,,69.187,"H:\RadioTEDU Songs\Classical\Johann Sebastian Bach\Bach Edition, Volume 23_ Chorale _ Chorales\3-48 Es steh'n vor Gottes Throne BWV 309.flac",1,1,67.655,2026-08-23 12:02:29,2026-08-23 12:02:29
1,RadioTEDU Classical,/classic,configured_stream,49134,Etude pour viole de gambe No. 1: III. Troisième mouvement,Robin Pharo,,,,,,,195.733,H:\RadioTEDU Songs\Classical\Robin Pharo\The Waves\10 Etude pour viole de gambe No. 1_ III. Troisième mouvement (1).flac,1,1,192.809,2026-08-23 04:14:51,2026-08-23 04:14:51
1,RadioTEDU Classical,/classic,configured_stream,49135,Etude pour viole de gambe No. 1: III. Troisième mouvement,Robin Pharo,,,,,,,195.733,H:\RadioTEDU Songs\Classical\Robin Pharo\The Waves\10 Etude pour viole de gambe No. 1_ III. Troisième mouvement.flac,1,1,193.028,2026-08-23 01:38:14,2026-08-23 01:38:14
1,RadioTEDU Classical,/classic,configured_stream,48445,"Fantasie und Fuge in g‐Moll, BWV 542: II. Fuge",Johann Sebastian Bach,,,,,,,380.04,"H:\RadioTEDU Songs\Classical\Johann Sebastian Bach; Kay Johannsen\Orgelwerke_ Meisterwerke der Weimarer Zeit\02 Fantasie und Fuge in g‐Moll, BWV 542_ II. Fuge.flac",1,1,377.231,2026-08-23 12:22:54,2026-08-23 12:22:54
1,RadioTEDU Classical,/classic,configured_stream,49191,Filaments,Scott Buckley,,,,,,,340.242,H:\RadioTEDU Songs\Classical\Scott Buckley\Filaments\01 Filaments.mp3,1,1,337.452,2026-08-23 17:43:44,2026-08-23 17:43:44
1,RadioTEDU Classical,/classic,configured_stream,49266,Foray,Subheim,,,,,,,307.92,H:\RadioTEDU Songs\Classical\Subheim\Foray\03 Foray.flac,1,1,305.923,2026-08-23 14:37:19,2026-08-23 14:37:19
1,RadioTEDU Classical,/classic,configured_stream,47657,"Fragment from Violin Concerto in C major, WoO 5",Ludwig van Beethoven,,,,,,,499.76,"H:\RadioTEDU Songs\Classical\Beethoven, Jörg Widmann; Veronika Eberle, London Symphony Orchestra, Sir Simon Rattle\Violin Concerto\04 Ludwig van Beethoven - Fragment from Violin Concerto in C major, WoO 5 (1).flac",1,1,497.046,2026-08-23 10:04:39,2026-08-23 10:04:39
1,RadioTEDU Classical,/classic,configured_stream,47861,Frühlingslied,Felix Mendelssohn,,,,,,,167.014,H:\RadioTEDU Songs\Classical\Gunilla von Bahr\Solflöjt 4\02 Felix Mendelssohn - Frühlingslied.mp3,1,1,164.549,2026-08-23 08:50:22,2026-08-23 08:50:22
1,RadioTEDU Classical,/classic,configured_stream,47923,"Fuga super Allein Gott in der Höh sei Ehr, BWV 716",Johann Sebastian Bach,,,,,,,155.507,"H:\RadioTEDU Songs\Classical\Johann Sebastian Bach; Andrea Marcon\Organ Works_ Ohrdruf, Lüneburg & Arnstadt\1-09 Fuga super Allein Gott in der Höh sei Ehr, BWV 716.flac",1,1,152.773,2026-08-23 20:10:26,2026-08-23 20:10:26
1,RadioTEDU Classical,/classic,configured_stream,48442,"Fuga super Jesus Christus, unser Heiland, BWV 689",Johann Sebastian Bach,,,,,,,278.173,"H:\RadioTEDU Songs\Classical\Johann Sebastian Bach; Kay Johannsen\Orgelwerke_ Clavier Übung, Dritter Theil\2-09 Fuga super Jesus Christus, unser Heiland, BWV 689.flac",1,1,279.296,2026-08-23 02:14:25,2026-08-23 02:14:25
1,RadioTEDU Classical,/classic,configured_stream,48430,"Fughetta super Allein Gott in der Höh sei Ehr, BWV 677",Johann Sebastian Bach,,,,,,,82.973,"H:\RadioTEDU Songs\Classical\Johann Sebastian Bach; Kay Johannsen\Orgelwerke_ Clavier Übung, Dritter Theil\1-10 Fughetta super Allein Gott in der Höh sei Ehr, BWV 677.flac",1,1,80.177,2026-08-23 09:07:55,2026-08-23 09:07:55
1,RadioTEDU Classical,/classic,configured_stream,47838,Für Elise,Ludwig van Beethoven,,,,,,,151.139,H:\RadioTEDU Songs\Classical\Eva Sukova\Classical Piano Favourites\13 Ludwig van Beethoven - Für Elise.mp3,1,1,149.48,2026-08-23 23:52:00,2026-08-23 23:52:00
1,RadioTEDU Classical,/classic,configured_stream,48308,"Geistliches Lied, BWV 465 “Ich freue mich in dir”",Johann Sebastian Bach,,,,,,,146.16,"H:\RadioTEDU Songs\Classical\Johann Sebastian Bach; Gächinger Kantorei Stuttgart, Bach‐Collegium Stuttgart, Gerhard Gnann, Helmuth Rilling\A Book of Chorale‐Settings_ Advent and Christmas\07 Geistliches Lied, BWV 465 “Ich freue mich in dir”.flac",1,1,144.398,2026-08-23 07:38:53,2026-08-23 07:38:53
1,RadioTEDU Classical,/classic,configured_stream,48670,"Gelobet seist du, Jesu Christ BWV 314",Johann Sebastian Bach,,,,,,,41.053,"H:\RadioTEDU Songs\Classical\Johann Sebastian Bach\Bach Edition, Volume 23_ Chorale _ Chorales\1-07 Gelobet seist du, Jesu Christ BWV 314.flac",1,1,41.647,2026-08-23 06:26:47,2026-08-23 06:26:47
1,RadioTEDU Classical,/classic,configured_stream,47632,"Gelobet seist du, Jesu Christ, BWV 697",Johann Sebastian Bach,,,,,,,49.427,"H:\RadioTEDU Songs\Classical\Bach; Bine Katrine Bryndorf\Weimar, Köthen & Leipzig\08 Gelobet seist du, Jesu Christ, BWV 697.flac",1,1,46.941,2026-08-23 23:34:23,2026-08-23 23:34:23
1,RadioTEDU Classical,/classic,configured_stream,48375,"Gelobet seist du, Jesu Christ, BWV 723",Johann Sebastian Bach,,,,,,,125.0,"H:\RadioTEDU Songs\Classical\Johann Sebastian Bach; Hans Fagius\The Complete Organ Music, Volume 7\1-02 Gelobet seist du, Jesu Christ, BWV 723.flac",1,1,122.143,2026-08-23 08:53:58,2026-08-23 08:53:58
1,RadioTEDU Classical,/classic,configured_stream,48875,Gloria: Allegro vivace,Ludwig van Beethoven; Arturo Toscanini; NBC Symphony Orchestra,,,,,,,968.133,H:\RadioTEDU Songs\Classical\Ludwig van Beethoven; Arturo Toscanini & NBC Symphony Orchestra\Beethoven_ Missa Solemnis Op. 123\02 Gloria_ Allegro vivace.flac,1,1,971.877,2026-08-23 03:38:57,2026-08-23 03:38:57
1,RadioTEDU Classical,/classic,configured_stream,48602,"Goldberg Variations, BWV 988: Aria",Johann Sebastian Bach,,,,,,,245.38,"H:\RadioTEDU Songs\Classical\Johann Sebastian Bach; Víkingur Ólafsson\Goldberg Variations\01 Goldberg Variations, BWV 988_ Aria (1).flac",1,1,244.94,2026-08-23 04:51:49,2026-08-23 04:51:49
1,RadioTEDU Classical,/classic,configured_stream,48603,"Goldberg Variations, BWV 988: Aria",Johann Sebastian Bach,,,,,,,245.38,"H:\RadioTEDU Songs\Classical\Johann Sebastian Bach; Víkingur Ólafsson\Goldberg Variations\01 Goldberg Variations, BWV 988_ Aria.flac",1,1,242.438,2026-08-23 13:56:12,2026-08-23 13:56:12
1,RadioTEDU Classical,/classic,configured_stream,47790,Goodnight,Danny Norbury,,,,,,,195.8,H:\RadioTEDU Songs\Classical\Danny Norbury\Light in August\2-01 Goodnight (1).mp3,1,1,194.353,2026-08-23 19:05:22,2026-08-23 19:05:22
1,RadioTEDU Classical,/classic,configured_stream,47924,"Gott, durch deine Güte, BWV 724",Johann Sebastian Bach,,,,,,,102.613,"H:\RadioTEDU Songs\Classical\Johann Sebastian Bach; Andrea Marcon\Organ Works_ Ohrdruf, Lüneburg & Arnstadt\1-10 Gott, durch deine Güte, BWV 724.flac",1,1,104.963,2026-08-23 19:01:57,2026-08-23 19:01:57
1,RadioTEDU Classical,/classic,configured_stream,47616,Greater Antiphons: I. O Wisdom,Arvo Pärt,,,,,,,78.766,H:\RadioTEDU Songs\Classical\Arvo Pärt\Tractus\02 Greater Antiphons_ I. O Wisdom (1).flac,1,1,80.387,2026-08-23 16:21:40,2026-08-23 16:21:40
1,RadioTEDU Classical,/classic,configured_stream,47840,Guardians,Evan King,,,,,,,180.477,H:\RadioTEDU Songs\Classical\Evan King\Enchiridion\01 Evan King - Guardians.mp3,1,1,181.854,2026-08-23 02:38:00,2026-08-23 02:38:00
1,RadioTEDU Classical,/classic,configured_stream,47634,"Harpsichord Concerto no. 5 in F minor, BWV 1056: II. Largo",Johann Sebastian Bach,,,,,,,170.08,"H:\RadioTEDU Songs\Classical\Bach; Francesco Corti\Harpsichord Concertos II\05 Harpsichord Concerto no. 5 in F minor, BWV 1056_ II. Largo.flac",1,1,177.801,2026-08-23 23:37:21,2026-08-23 23:37:21
1,RadioTEDU Classical,/classic,configured_stream,48723,"Herr Gott, dich loben alle wir BWV 328",Johann Sebastian Bach,,,,,,,404.413,"H:\RadioTEDU Songs\Classical\Johann Sebastian Bach\Bach Edition, Volume 23_ Chorale _ Chorales\4-11 Herr Gott, dich loben alle wir BWV 328.flac",1,1,403.441,2026-08-23 06:54:20,2026-08-23 06:54:20
1,RadioTEDU Classical,/classic,configured_stream,47927,"Herr Jesu Christ, dich zu uns wend, BWV 749",Johann Sebastian Bach,,,,,,,61.293,"H:\RadioTEDU Songs\Classical\Johann Sebastian Bach; Andrea Marcon\Organ Works_ Ohrdruf, Lüneburg & Arnstadt\2-02 Herr Jesu Christ, dich zu uns wend, BWV 749.flac",1,1,58.554,2026-08-23 21:00:13,2026-08-23 21:00:13
1,RadioTEDU Classical,/classic,configured_stream,48726,"Herr Jesu Christ, du höchstes Gut BWV 334",Johann Sebastian Bach,,,,,,,61.987,"H:\RadioTEDU Songs\Classical\Johann Sebastian Bach\Bach Edition, Volume 23_ Chorale _ Chorales\4-18 Herr Jesu Christ, du höchstes Gut BWV 334.flac",1,1,59.192,2026-08-23 02:43:30,2026-08-23 02:43:30
1,RadioTEDU Classical,/classic,configured_stream,47933,"Herr Jesu Christ, meins Lebens Licht, BWV 750",Johann Sebastian Bach,,,,,,,62.387,"H:\RadioTEDU Songs\Classical\Johann Sebastian Bach; Andrea Marcon\Organ Works_ Ohrdruf, Lüneburg & Arnstadt\2-11 Herr Jesu Christ, meins Lebens Licht, BWV 750.flac",1,1,59.61,2026-08-23 19:19:33,2026-08-23 19:19:33
1,RadioTEDU Classical,/classic,configured_stream,48798,Hébé‐Polka,Isaac Strauss,,,,,,,256.453,"H:\RadioTEDU Songs\Classical\Les Siècles, François‐Xavier Roth\Les Nuits de Paris_ Dance Music from Folies Bergère to Opéra\04 Isaac Strauss - Hébé‐Polka.flac",1,1,253.511,2026-08-23 11:12:01,2026-08-23 11:12:01
1,RadioTEDU Classical,/classic,configured_stream,48756,I Giorni,Johannes Bornlöf,,,,,,,381.15,H:\RadioTEDU Songs\Classical\Johannes Bornlöf\The 50 Greatest Epic Piano Pieces\09 I Giorni.mp3,1,1,380.305,2026-08-23 01:23:57,2026-08-23 01:23:57
1,RadioTEDU Classical,/classic,configured_stream,49109,In Abandoned Places,raison d’être,,,,,,,548.093,H:\RadioTEDU Songs\Classical\raison d’être\Requiem for Abandoned Souls (Expanded Edition)\1-01 In Abandoned Places.flac,1,1,545.35,2026-08-23 00:09:32,2026-08-23 00:09:32
1,RadioTEDU Classical,/classic,configured_stream,48292,"Italienisches Konzert F‐Dur, BWV 971: III. Presto",Johann Sebastian Bach,,,,,,,202.613,"H:\RadioTEDU Songs\Classical\Johann Sebastian Bach; Evgeni Koroliov\Französische Ouvertüre & Italienisches Konzert, BWV 831, 971\16 Italienisches Konzert F‐Dur, BWV 971_ III. Presto.flac",1,1,200.059,2026-08-23 11:15:21,2026-08-23 11:15:21
1,RadioTEDU Classical,/classic,configured_stream,48359,"Johannes‐Passion, BWV 245 no. 1/II Choral “O Mensch, bewein dein Sünde groß”",Johann Sebastian Bach,,,,,,,395.76,"H:\RadioTEDU Songs\Classical\Johann Sebastian Bach; Gächinger Kantorei Stuttgart, Bach‐Collegium Stuttgart, Helmuth Rilling\St. John Passion, BWV 245\2-15 Johannes‐Passion, BWV 245 no. 1_II Choral “O Mensch, bewein dein Sünde groß”.flac",1,1,395.245,2026-08-23 02:50:05,2026-08-23 02:50:05
1,RadioTEDU Classical,/classic,configured_stream,48357,"Johannes‐Passion, BWV 245: Teil II no. 39 Chorus “Ruht wohl, ihr heiligen Gebeine”",Johann Sebastian Bach,,,,,,,388.667,"H:\RadioTEDU Songs\Classical\Johann Sebastian Bach; Gächinger Kantorei Stuttgart, Bach‐Collegium Stuttgart, Helmuth Rilling\St. John Passion, BWV 245\2-13 Johannes‐Passion, BWV 245_ Teil II no. 39 Chorus “Ruht wohl, ihr heiligen Gebeine”.flac",1,1,386.082,2026-08-23 01:05:10,2026-08-23 01:05:10
1,RadioTEDU Classical,/classic,configured_stream,48358,"Johannes‐Passion, BWV 245: Teil II no. 40 Choral “Ach Herr, laß dein lieb Engelein”",Johann Sebastian Bach,,,,,,,131.133,"H:\RadioTEDU Songs\Classical\Johann Sebastian Bach; Gächinger Kantorei Stuttgart, Bach‐Collegium Stuttgart, Helmuth Rilling\St. John Passion, BWV 245\2-14 Johannes‐Passion, BWV 245_ Teil II no. 40 Choral “Ach Herr, laß dein lieb Engelein”.flac",1,1,129.577,2026-08-23 14:05:07,2026-08-23 14:05:07
1,RadioTEDU Classical,/classic,configured_stream,47882,"Jupiter, the Bringer of Jollity",Gustav Holst,,,,,,,470.924,"H:\RadioTEDU Songs\Classical\Holst; Zubin Mehta\The Planets\04 Jupiter, the Bringer of Jollity.flac",1,1,467.987,2026-08-23 19:37:32,2026-08-23 19:37:32
1,RadioTEDU Classical,/classic,configured_stream,48298,"Kanon zu vier Stimmen, BWV 1073",Johann Sebastian Bach,,,,,,,52.493,"H:\RadioTEDU Songs\Classical\Johann Sebastian Bach; Gottfried von der Goltz, Karl Kaiser, Ekkehard Weber, Michael Behringer\Musikalisches Opfer, BWV 1079 _ Kanons BWV 1072–1078, 1086, 1087\18 Kanon zu vier Stimmen, BWV 1073.flac",1,1,52.39,2026-08-23 09:13:58,2026-08-23 09:13:58
1,RadioTEDU Classical,/classic,configured_stream,48007,"Kantate, BWV 104 ""Du Hirte Israel, höre"": IV. Recitativo (Basso) ""Ja, dieses Wort ist meiner Seelen Speise""",Johann Sebastian Bach,,,,,,,59.867,"H:\RadioTEDU Songs\Classical\Johann Sebastian Bach; Bach-Ensemble, Helmuth Rilling\Die Bach-Kantate, Volume 18_ BWV 19, 76, 104\25 Kantate, BWV 104 _Du Hirte Israel, höre__ IV. Recitativo (Basso) _Ja, dieses Wort ist meiner Seelen Speise_.flac",1,1,56.965,2026-08-23 18:50:51,2026-08-23 18:50:51
1,RadioTEDU Classical,/classic,configured_stream,48033,"Kantate, BWV 113 “Herr Jesu Christ, du höchstes Gut”: II. Aria (Choral, Alt) “Erbarm dich mein in solcher Last”",Johann Sebastian Bach,,,,,,,336.067,"H:\RadioTEDU Songs\Classical\Johann Sebastian Bach; Bach‐Collegium Stuttgart, Helmuth Rilling\Cantatas, BWV 112–114\07 Kantate, BWV 113 “Herr Jesu Christ, du höchstes Gut”_ II. Aria (Choral, Alt) “Erbarm dich mein in solcher Last”.flac",1,1,333.677,2026-08-23 16:16:45,2026-08-23 16:16:45
1,RadioTEDU Classical,/classic,configured_stream,48034,"Kantate, BWV 113 “Herr Jesu Christ, du höchstes Gut”: IV. Recitativo (Bass) “Jedoch dein heilsam Wort, das macht”",Johann Sebastian Bach,,,,,,,145.8,"H:\RadioTEDU Songs\Classical\Johann Sebastian Bach; Bach‐Collegium Stuttgart, Helmuth Rilling\Cantatas, BWV 112–114\09 Kantate, BWV 113 “Herr Jesu Christ, du höchstes Gut”_ IV. Recitativo (Bass) “Jedoch dein heilsam Wort, das macht”.flac",1,1,143.081,2026-08-23 15:07:47,2026-08-23 15:07:47
1,RadioTEDU Classical,/classic,configured_stream,48029,"Kantate, BWV 12 “Weinen, Klagen, Sorgen, Zagen”: I. Sinfonia",Johann Sebastian Bach,,,,,,,165.32,"H:\RadioTEDU Songs\Classical\Johann Sebastian Bach; Bach‐Collegium Stuttgart, Helmuth Rilling\Cantatas, BWV 10, 12, 13\08 Kantate, BWV 12 “Weinen, Klagen, Sorgen, Zagen”_ I. Sinfonia.flac",1,1,164.226,2026-08-23 14:46:23,2026-08-23 14:46:23
1,RadioTEDU Classical,/classic,configured_stream,48009,"Kantate, BWV 124 ""Meinen Jesum laß ich nicht"": IV. Recitativo (Basso) ""Doch ach! Welch schweres Ungemach""",Johann Sebastian Bach,,,,,,,63.893,"H:\RadioTEDU Songs\Classical\Johann Sebastian Bach; Bach-Ensemble, Helmuth Rilling\Die Bach-Kantate, Volume 21_ BWV 65, 123, 154, 124\25 Kantate, BWV 124 _Meinen Jesum laß ich nicht__ IV. Recitativo (Basso) _Doch ach! Welch schweres Ungemach_.flac",1,1,61.26,2026-08-23 14:47:24,2026-08-23 14:47:24
1,RadioTEDU Classical,/classic,configured_stream,48039,"Kantate, BWV 126 “Erhalt uns Herr bei deinem Wort”: V. Recitativo (Tenor) “So wird dein Wort und Wahrheit offenbar”",Johann Sebastian Bach,,,,,,,61.507,"H:\RadioTEDU Songs\Classical\Johann Sebastian Bach; Bach‐Collegium Stuttgart, Helmuth Rilling\Cantatas, BWV 126–129\05 Kantate, BWV 126 “Erhalt uns Herr bei deinem Wort”_ V. Recitativo (Tenor) “So wird dein Wort und Wahrheit offenbar”.flac",1,1,61.514,2026-08-23 21:07:10,2026-08-23 21:07:10
1,RadioTEDU Classical,/classic,configured_stream,48042,"Kantate, BWV 131 “Aus der Tiefen rufe ich, Herr, zu dir”: II. Arioso (Bass) con Choral “So du willst, Herr, Sünde zurechnen”",Johann Sebastian Bach,,,,,,,249.467,"H:\RadioTEDU Songs\Classical\Johann Sebastian Bach; Bach‐Collegium Stuttgart, Helmuth Rilling\Cantatas, BWV 130–132\08 Kantate, BWV 131 “Aus der Tiefen rufe ich, Herr, zu dir”_ II. Arioso (Bass) con Choral “So du willst, Herr, Sünde zurechnen”.flac",1,1,247.572,2026-08-23 17:51:55,2026-08-23 17:51:55
1,RadioTEDU Classical,/classic,configured_stream,48043,"Kantate, BWV 132 “Bereitet die Wege, bereitet die Bahn”: II. Recitativo (Tenor) “Willst du dich Gottes Kind und Christi Bruder nennen”",Johann Sebastian Bach,,,,,,,148.733,"H:\RadioTEDU Songs\Classical\Johann Sebastian Bach; Bach‐Collegium Stuttgart, Helmuth Rilling\Cantatas, BWV 130–132\13 Kantate, BWV 132 “Bereitet die Wege, bereitet die Bahn”_ II. Recitativo (Tenor) “Willst du dich Gottes Kind und Christi Bruder nennen”.flac",1,1,145.869,2026-08-23 21:42:52,2026-08-23 21:42:52
1,RadioTEDU Classical,/classic,configured_stream,48045,"Kantate, BWV 134 “Ein Herz, das seinen Jesum lebend weiß”: IV. Aria (Duetto Alt, Tenor) “Wir danken und preisen dein brünstiges Lieben”",Johann Sebastian Bach,,,,,,,610.493,"H:\RadioTEDU Songs\Classical\Johann Sebastian Bach; Bach‐Collegium Stuttgart, Helmuth Rilling\Cantatas, BWV 133–135\10 Kantate, BWV 134 “Ein Herz, das seinen Jesum lebend weiß”_ IV. Aria (Duetto Alt, Tenor) “Wir danken und preisen dein brünstiges Lieben”.flac",1,1,607.72,2026-08-23 11:58:57,2026-08-23 11:58:57
1,RadioTEDU Classical,/classic,configured_stream,48046,"Kantate, BWV 134 “Ein Herz, das seinen Jesum lebend weiß”: V. Recitativo (Alt, Tenor) “Doch würke selbst den Dank in unserm Munde”",Johann Sebastian Bach,,,,,,,127.827,"H:\RadioTEDU Songs\Classical\Johann Sebastian Bach; Bach‐Collegium Stuttgart, Helmuth Rilling\Cantatas, BWV 133–135\11 Kantate, BWV 134 “Ein Herz, das seinen Jesum lebend weiß”_ V. Recitativo (Alt, Tenor) “Doch würke selbst den Dank in unserm Munde”.flac",1,1,125.199,2026-08-23 23:22:28,2026-08-23 23:22:28
1,RadioTEDU Classical,/classic,configured_stream,48050,"Kantate, BWV 139 “Wohl dem, der sich auf seinen Gott”: V. Recitativo (Sopran) “Ja, trag ich gleich den größten Feind in mir”",Johann Sebastian Bach,,,,,,,66.507,"H:\RadioTEDU Songs\Classical\Johann Sebastian Bach; Bach‐Collegium Stuttgart, Helmuth Rilling\Cantatas, BWV 136–139\23 Kantate, BWV 139 “Wohl dem, der sich auf seinen Gott”_ V. Recitativo (Sopran) “Ja, trag ich gleich den größten Feind in mir”.flac",1,1,63.647,2026-08-23 23:12:07,2026-08-23 23:12:07
1,RadioTEDU Classical,/classic,configured_stream,48051,"Kantate, BWV 14 “Wär Gott nicht mit uns diese Zeit”: I. Coro “Wär Gott nicht mit uns diese Zeit”",Johann Sebastian Bach,,,,,,,308.173,"H:\RadioTEDU Songs\Classical\Johann Sebastian Bach; Bach‐Collegium Stuttgart, Helmuth Rilling\Cantatas, BWV 14, 16–18\01 Kantate, BWV 14 “Wär Gott nicht mit uns diese Zeit”_ I. Coro “Wär Gott nicht mit uns diese Zeit”.flac",1,1,305.436,2026-08-23 22:04:03,2026-08-23 22:04:03
1,RadioTEDU Classical,/classic,configured_stream,48052,"Kantate, BWV 14 “Wär Gott nicht mit uns diese Zeit”: II. Aria (Soprano) “Unsre Stärke heißt zu schwach”",Johann Sebastian Bach,,,,,,,273.187,"H:\RadioTEDU Songs\Classical\Johann Sebastian Bach; Bach‐Collegium Stuttgart, Helmuth Rilling\Cantatas, BWV 14, 16–18\02 Kantate, BWV 14 “Wär Gott nicht mit uns diese Zeit”_ II. Aria (Soprano) “Unsre Stärke heißt zu schwach”.flac",1,1,271.312,2026-08-23 22:08:34,2026-08-23 22:08:34
1,RadioTEDU Classical,/classic,configured_stream,48055,"Kantate, BWV 14 “Wär Gott nicht mit uns diese Zeit”: V. Choral “Gott Lob und Dank, der nicht zugab”",Johann Sebastian Bach,,,,,,,67.053,"H:\RadioTEDU Songs\Classical\Johann Sebastian Bach; Bach‐Collegium Stuttgart, Helmuth Rilling\Cantatas, BWV 14, 16–18\05 Kantate, BWV 14 “Wär Gott nicht mit uns diese Zeit”_ V. Choral “Gott Lob und Dank, der nicht zugab”.flac",1,1,64.417,2026-08-23 04:26:14,2026-08-23 04:26:14
1,RadioTEDU Classical,/classic,configured_stream,48077,"Kantate, BWV 144 “Nimm, was dein ist, und gehe hin”: VI. Choral “Was mein Gott will, das gscheh allzeit”",Johann Sebastian Bach,,,,,,,84.947,"H:\RadioTEDU Songs\Classical\Johann Sebastian Bach; Bach‐Collegium Stuttgart, Helmuth Rilling\Cantatas, BWV 140, 143–145\20 Kantate, BWV 144 “Nimm, was dein ist, und gehe hin”_ VI. Choral “Was mein Gott will, das gscheh allzeit”.flac",1,1,84.333,2026-08-23 23:33:37,2026-08-23 23:33:37
1,RadioTEDU Classical,/classic,configured_stream,48080,"Kantate, BWV 148 “Bringet dem Herrn Ehre seines Namens”: III. Recitativo (Alt) “So, wie der Hirsch nach frischem Wasser schreit”",Johann Sebastian Bach,,,,,,,95.173,"H:\RadioTEDU Songs\Classical\Johann Sebastian Bach; Bach‐Collegium Stuttgart, Helmuth Rilling\Cantatas, BWV 148–151\03 Kantate, BWV 148 “Bringet dem Herrn Ehre seines Namens”_ III. Recitativo (Alt) “So, wie der Hirsch nach frischem Wasser schreit”.flac",1,1,93.133,2026-08-23 00:33:57,2026-08-23 00:33:57
1,RadioTEDU Classical,/classic,configured_stream,48081,"Kantate, BWV 149 “Man singet mit Freuden vom Sieg”: III. Recitativo (Alt) “Ich fürchte mich vor tausend Feinden nicht”",Johann Sebastian Bach,,,,,,,47.293,"H:\RadioTEDU Songs\Classical\Johann Sebastian Bach; Bach‐Collegium Stuttgart, Helmuth Rilling\Cantatas, BWV 148–151\09 Kantate, BWV 149 “Man singet mit Freuden vom Sieg”_ III. Recitativo (Alt) “Ich fürchte mich vor tausend Feinden nicht”.flac",1,1,44.403,2026-08-23 23:40:47,2026-08-23 23:40:47
1,RadioTEDU Classical,/classic,configured_stream,48083,"Kantate, BWV 150 “Nach dir, Herr, verlanget mich”: V. Aria (Terzetto Alt, Tenor, Bass) “Zedern müssen von den Winden”",Johann Sebastian Bach,,,,,,,83.493,"H:\RadioTEDU Songs\Classical\Johann Sebastian Bach; Bach‐Collegium Stuttgart, Helmuth Rilling\Cantatas, BWV 148–151\18 Kantate, BWV 150 “Nach dir, Herr, verlanget mich”_ V. Aria (Terzetto Alt, Tenor, Bass) “Zedern müssen von den Winden”.flac",1,1,83.422,2026-08-23 23:46:09,2026-08-23 23:46:09
1,RadioTEDU Classical,/classic,configured_stream,48084,"Kantate, BWV 150 “Nach dir, Herr, verlanget mich”: VI. Coro “Meine Augen sehen stets zu dem Herrn”",Johann Sebastian Bach,,,,,,,131.173,"H:\RadioTEDU Songs\Classical\Johann Sebastian Bach; Bach‐Collegium Stuttgart, Helmuth Rilling\Cantatas, BWV 148–151\19 Kantate, BWV 150 “Nach dir, Herr, verlanget mich”_ VI. Coro “Meine Augen sehen stets zu dem Herrn”.flac",1,1,129.467,2026-08-23 09:05:26,2026-08-23 09:05:26
1,RadioTEDU Classical,/classic,configured_stream,48086,"Kantate, BWV 152 “Tritt auf die Glaubensbahn”: VI. Duetto “Wie soll ich dich, Liebster der Seelen, umfassen?”",Johann Sebastian Bach,,,,,,,277.44,"H:\RadioTEDU Songs\Classical\Johann Sebastian Bach; Bach‐Collegium Stuttgart, Helmuth Rilling\Cantatas, BWV 152–155\06 Kantate, BWV 152 “Tritt auf die Glaubensbahn”_ VI. Duetto “Wie soll ich dich, Liebster der Seelen, umfassen_”.flac",1,1,275.227,2026-08-23 23:56:35,2026-08-23 23:56:35
1,RadioTEDU Classical,/classic,configured_stream,48087,"Kantate, BWV 156 “Ich steh mit einem Fuß im Grabe”: V. Recitativo (Bass) “Und willst du, daß ich nicht soll kranken”",Johann Sebastian Bach,,,,,,,67.0,"H:\RadioTEDU Songs\Classical\Johann Sebastian Bach; Bach‐Collegium Stuttgart, Helmuth Rilling\Cantatas, BWV 156–159\05 Kantate, BWV 156 “Ich steh mit einem Fuß im Grabe”_ V. Recitativo (Bass) “Und willst du, daß ich nicht soll kranken”.flac",1,1,64.151,2026-08-23 04:25:10,2026-08-23 04:25:10
1,RadioTEDU Classical,/classic,configured_stream,48103,"Kantate, BWV 170 “Vergnügte Ruh! beliebte Seelenlust!”: III. Aria (Alt) “Wie jammern mich doch die verkehrten Herzen”",Johann Sebastian Bach,,,,,,,416.907,"H:\RadioTEDU Songs\Classical\Johann Sebastian Bach; Bach‐Collegium Stuttgart, Helmuth Rilling\Cantatas, BWV 169–171\10 Kantate, BWV 170 “Vergnügte Ruh! beliebte Seelenlust!”_ III. Aria (Alt) “Wie jammern mich doch die verkehrten Herzen”.flac",1,1,414.39,2026-08-23 07:04:27,2026-08-23 07:04:27
1,RadioTEDU Classical,/classic,configured_stream,48069,"Kantate, BWV 18 “Gleichwie der Regen und Schnee vom Himmel fällt”: IV. Aria (Soprano) “Mein Seelenschatz ist Gottes Wort”",Johann Sebastian Bach,,,,,,,182.0,"H:\RadioTEDU Songs\Classical\Johann Sebastian Bach; Bach‐Collegium Stuttgart, Helmuth Rilling\Cantatas, BWV 14, 16–18\22 Kantate, BWV 18 “Gleichwie der Regen und Schnee vom Himmel fällt”_ IV. Aria (Soprano) “Mein Seelenschatz ist Gottes Wort”.flac",1,1,183.738,2026-08-23 23:59:39,2026-08-23 23:59:39
1,RadioTEDU Classical,/classic,configured_stream,48070,"Kantate, BWV 18 “Gleichwie der Regen und Schnee vom Himmel fällt”: V. Chorale “Ich bitt, o Gott, aus Herzensgrund”",Johann Sebastian Bach,,,,,,,76.4,"H:\RadioTEDU Songs\Classical\Johann Sebastian Bach; Bach‐Collegium Stuttgart, Helmuth Rilling\Cantatas, BWV 14, 16–18\23 Kantate, BWV 18 “Gleichwie der Regen und Schnee vom Himmel fällt”_ V. Chorale “Ich bitt, o Gott, aus Herzensgrund”.flac",1,1,73.853,2026-08-23 23:13:20,2026-08-23 23:13:20
1,RadioTEDU Classical,/classic,configured_stream,48108,"Kantate, BWV 180 “Schmücke dich, o liebe Seele”: III. Recitativo e Choral (Sopran) “Wie teuer sind des heilgen Mahles Gaben”",Johann Sebastian Bach,,,,,,,204.6,"H:\RadioTEDU Songs\Classical\Johann Sebastian Bach; Bach‐Collegium Stuttgart, Helmuth Rilling\Cantatas, BWV 179–181\09 Kantate, BWV 180 “Schmücke dich, o liebe Seele”_ III. Recitativo e Choral (Sopran) “Wie teuer sind des heilgen Mahles Gaben”.flac",1,1,204.333,2026-08-23 14:29:03,2026-08-23 14:29:03
1,RadioTEDU Classical,/classic,configured_stream,48114,"Kantate, BWV 183 “Sie werden euch in den Bann tun”: III. Recitativo (Alt) “Ich bin bereit, mein Blut und armes Leben”",Johann Sebastian Bach,,,,,,,80.293,"H:\RadioTEDU Songs\Classical\Johann Sebastian Bach; Bach‐Collegium Stuttgart, Helmuth Rilling\Cantatas, BWV 182–184\11 Kantate, BWV 183 “Sie werden euch in den Bann tun”_ III. Recitativo (Alt) “Ich bin bereit, mein Blut und armes Leben”.flac",1,1,79.303,2026-08-23 03:11:31,2026-08-23 03:11:31
1,RadioTEDU Classical,/classic,configured_stream,48120,"Kantate, BWV 186 “Ärgre dich, o Seele, nicht”: VI. Choral “Ob sichs anließ, als wollt er nicht”",Johann Sebastian Bach,,,,,,,178.667,"H:\RadioTEDU Songs\Classical\Johann Sebastian Bach; Bach‐Collegium Stuttgart, Helmuth Rilling\Cantatas, BWV 185–187\12 Kantate, BWV 186 “Ärgre dich, o Seele, nicht”_ VI. Choral “Ob sichs anließ, als wollt er nicht”.flac",1,1,176.003,2026-08-23 14:01:55,2026-08-23 14:01:55
1,RadioTEDU Classical,/classic,configured_stream,48004,"Kantate, BWV 191 ""Gloria in excelsis Deo"": II. Aria (Duetto: Soprano, Tenore) ""Gloria Patri""",Johann Sebastian Bach,,,,,,,333.333,"H:\RadioTEDU Songs\Classical\Johann Sebastian Bach; Bach-Ensemble, Helmuth Rilling\Die Bach-Kantate, Volume 16_ BWV 61, 191, 1\08 Kantate, BWV 191 _Gloria in excelsis Deo__ II. Aria (Duetto_ Soprano, Tenore) _Gloria Patri_.flac",1,1,331.316,2026-08-23 14:55:57,2026-08-23 14:55:57
1,RadioTEDU Classical,/classic,configured_stream,48127,"Kantate, BWV 193 “Ihr Tore zu Zion”: III. Aria (Sopran) “Gott, wir danken deiner Güte”",Johann Sebastian Bach,,,,,,,376.507,"H:\RadioTEDU Songs\Classical\Johann Sebastian Bach; Bach‐Collegium Stuttgart, Helmuth Rilling\Cantatas, BWV 193–194\03 Kantate, BWV 193 “Ihr Tore zu Zion”_ III. Aria (Sopran) “Gott, wir danken deiner Güte”.flac",1,1,373.69,2026-08-23 18:01:21,2026-08-23 18:01:21
1,RadioTEDU Classical,/classic,configured_stream,48132,"Kantate, BWV 196 “Der Herr denket an uns”: V. Coro “Ihr seid die Gesegneten des Herrn”",Johann Sebastian Bach,,,,,,,209.293,"H:\RadioTEDU Songs\Classical\Johann Sebastian Bach; Bach‐Collegium Stuttgart, Helmuth Rilling\Cantatas, BWV 195–197\11 Kantate, BWV 196 “Der Herr denket an uns”_ V. Coro “Ihr seid die Gesegneten des Herrn”.flac",1,1,209.351,2026-08-23 04:42:23,2026-08-23 04:42:23
1,RadioTEDU Classical,/classic,configured_stream,48135,"Kantate, BWV 197 “Gott ist unsre Zuversicht”: V. Choral “Du süße Lieb, schenk uns deine Gunst”",Johann Sebastian Bach,,,,,,,57.36,"H:\RadioTEDU Songs\Classical\Johann Sebastian Bach; Bach‐Collegium Stuttgart, Helmuth Rilling\Cantatas, BWV 195–197\16 Kantate, BWV 197 “Gott ist unsre Zuversicht”_ V. Choral “Du süße Lieb, schenk uns deine Gunst”.flac",1,1,54.534,2026-08-23 08:54:52,2026-08-23 08:54:52
1,RadioTEDU Classical,/classic,configured_stream,48224,"Kantate, BWV 204 “Ich bin in mir vergnügt”: VII. Recitativo (Sopran) “Ein edler Mensch ist Perlenmuscheln gleich”",Johann Sebastian Bach,,,,,,,114.907,"H:\RadioTEDU Songs\Classical\Johann Sebastian Bach; Bach‐Collegium Stuttgart, Helmuth Rilling\Secular Cantatas, BWV 202–204\19 Kantate, BWV 204 “Ich bin in mir vergnügt”_ VII. Recitativo (Sopran) “Ein edler Mensch ist Perlenmuscheln gleich”.flac",1,1,112.089,2026-08-23 03:52:42,2026-08-23 03:52:42
1,RadioTEDU Classical,/classic,configured_stream,48225,"Kantate, BWV 204 “Ich bin in mir vergnügt”: VIII. Aria (Sopran) “Himmlische Vergnügsamkeit”",Johann Sebastian Bach,,,,,,,279.227,"H:\RadioTEDU Songs\Classical\Johann Sebastian Bach; Bach‐Collegium Stuttgart, Helmuth Rilling\Secular Cantatas, BWV 202–204\20 Kantate, BWV 204 “Ich bin in mir vergnügt”_ VIII. Aria (Sopran) “Himmlische Vergnügsamkeit”.flac",1,1,276.346,2026-08-23 04:19:27,2026-08-23 04:19:27
1,RadioTEDU Classical,/classic,configured_stream,47944,"Kantate, BWV 38 ""Aus tiefer Not schrei ich zu dir"": I. Choral. ""Aus tiefer Not schrei ich zu dir""",Johann Sebastian Bach,,,,,,,232.173,"H:\RadioTEDU Songs\Classical\Johann Sebastian Bach; Bach-Ensemble, Helmuth Rilling\Cantatas BWV 38-40\01 Kantate, BWV 38 _Aus tiefer Not schrei ich zu dir__ I. Choral. _Aus tiefer Not schrei ich zu dir_.flac",1,1,231.195,2026-08-23 19:46:42,2026-08-23 19:46:42
1,RadioTEDU Classical,/classic,configured_stream,47945,"Kantate, BWV 38 ""Aus tiefer Not schrei ich zu dir"": II. Récitatif. ""In Jesu Gnade wird allein""",Johann Sebastian Bach,,,,,,,58.027,"H:\RadioTEDU Songs\Classical\Johann Sebastian Bach; Bach-Ensemble, Helmuth Rilling\Cantatas BWV 38-40\02 Kantate, BWV 38 _Aus tiefer Not schrei ich zu dir__ II. Récitatif. _In Jesu Gnade wird allein_.flac",1,1,55.614,2026-08-23 22:33:29,2026-08-23 22:33:29
1,RadioTEDU Classical,/classic,configured_stream,47950,"Kantate, BWV 39 ""Brich dem Hungrigen dein Brot"": Teil I, I. Coro ""Brich dem Hungrigen dein Brot""",Johann Sebastian Bach,,,,,,,404.267,"H:\RadioTEDU Songs\Classical\Johann Sebastian Bach; Bach-Ensemble, Helmuth Rilling\Cantatas BWV 38-40\07 Kantate, BWV 39 _Brich dem Hungrigen dein Brot__ Teil I, I. Coro _Brich dem Hungrigen dein Brot_.flac",1,1,407.896,2026-08-23 09:24:03,2026-08-23 09:24:03
1,RadioTEDU Classical,/classic,configured_stream,47956,"Kantate, BWV 39 ""Brich dem Hungrigen dein Brot"": Teil II, VII. Choral ""Selig sind, die aus Erbarmen""",Johann Sebastian Bach,,,,,,,81.173,"H:\RadioTEDU Songs\Classical\Johann Sebastian Bach; Bach-Ensemble, Helmuth Rilling\Cantatas BWV 38-40\13 Kantate, BWV 39 _Brich dem Hungrigen dein Brot__ Teil II, VII. Choral _Selig sind, die aus Erbarmen_.flac",1,1,78.749,2026-08-23 23:32:12,2026-08-23 23:32:12
1,RadioTEDU Classical,/classic,configured_stream,47967,"Kantate, BWV 4 ""Christ lag in Todesbanden"": VIII. Choral Versus VII ""Wir essen und leben wohl""",Johann Sebastian Bach,,,,,,,81.56,"H:\RadioTEDU Songs\Classical\Johann Sebastian Bach; Bach-Ensemble, Helmuth Rilling\Cantatas BWV 4-6\08 Kantate, BWV 4 _Christ lag in Todesbanden__ VIII. Choral Versus VII _Wir essen und leben wohl_.flac",1,1,78.752,2026-08-23 18:12:15,2026-08-23 18:12:15
1,RadioTEDU Classical,/classic,configured_stream,47958,"Kantate, BWV 40 ""Darzu ist erschienen der Sohn Gottes"": II. Récitatif. ""Das Wort ward Fleisch und wohnt in der Welt""",Johann Sebastian Bach,,,,,,,100.027,"H:\RadioTEDU Songs\Classical\Johann Sebastian Bach; Bach-Ensemble, Helmuth Rilling\Cantatas BWV 38-40\15 Kantate, BWV 40 _Darzu ist erschienen der Sohn Gottes__ II. Récitatif. _Das Wort ward Fleisch und wohnt in der Welt_.flac",1,1,97.157,2026-08-23 21:44:29,2026-08-23 21:44:29
1,RadioTEDU Classical,/classic,configured_stream,47963,"Kantate, BWV 40 ""Darzu ist erschienen der Sohn Gottes"": VII. Aria. ""Christenkinder, freuet euch!""",Johann Sebastian Bach,,,,,,,251.173,"H:\RadioTEDU Songs\Classical\Johann Sebastian Bach; Bach-Ensemble, Helmuth Rilling\Cantatas BWV 38-40\20 Kantate, BWV 40 _Darzu ist erschienen der Sohn Gottes__ VII. Aria. _Christenkinder, freuet euch!_.flac",1,1,248.484,2026-08-23 20:39:18,2026-08-23 20:39:18
1,RadioTEDU Classical,/classic,configured_stream,47971,"Kantate, BWV 41 ""Jesu, nun sei gepreiset"": I. Choeur. ""Jesu, nun sei gepreiset",Johann Sebastian Bach,,,,,,,535.72,"H:\RadioTEDU Songs\Classical\Johann Sebastian Bach; Bach-Ensemble, Helmuth Rilling\Cantatas BWV 41-42\01 Kantate, BWV 41 _Jesu, nun sei gepreiset__ I. Choeur. _Jesu, nun sei gepreiset.flac",1,1,536.96,2026-08-23 06:39:36,2026-08-23 06:39:36
1,RadioTEDU Classical,/classic,configured_stream,47977,"Kantate, BWV 42 ""Am Abend aber desselbigen Sabbats"": I. Sinfonia",Johann Sebastian Bach,,,,,,,370.853,"H:\RadioTEDU Songs\Classical\Johann Sebastian Bach; Bach-Ensemble, Helmuth Rilling\Cantatas BWV 41-42\07 Kantate, BWV 42 _Am Abend aber desselbigen Sabbats__ I. Sinfonia.flac",1,1,368.593,2026-08-23 11:48:50,2026-08-23 11:48:50
1,RadioTEDU Classical,/classic,configured_stream,47982,"Kantate, BWV 42 ""Am Abend aber desselbigen Sabbats"": VI. Aria (Basso) ""Jesus ist ein Schild der Steinen""",Johann Sebastian Bach,,,,,,,207.093,"H:\RadioTEDU Songs\Classical\Johann Sebastian Bach; Bach-Ensemble, Helmuth Rilling\Cantatas BWV 41-42\12 Kantate, BWV 42 _Am Abend aber desselbigen Sabbats__ VI. Aria (Basso) _Jesus ist ein Schild der Steinen_.flac",1,1,204.505,2026-08-23 20:13:50,2026-08-23 20:13:50
1,RadioTEDU Classical,/classic,configured_stream,47986,"Kantate, BWV 43 ""Gott fähret auf mit Jauchzen"": Teil II, VIII. Recitativo (Alto) ""Der Vater hat ihm ja ein ewig Reich bestimmet""",Johann Sebastian Bach,,,,,,,47.893,"H:\RadioTEDU Songs\Classical\Johann Sebastian Bach; Bach-Ensemble, Helmuth Rilling\Cantatas BWV 43-45\08 Kantate, BWV 43 _Gott fähret auf mit Jauchzen__ Teil II, VIII. Recitativo (Alto) _Der Vater hat ihm ja ein ewig Reich bestimmet_.flac",1,1,50.112,2026-08-23 09:08:45,2026-08-23 09:08:45
1,RadioTEDU Classical,/classic,configured_stream,47990,"Kantate, BWV 49 ""Ich geh und suche mit Verlangen"": V. Récitatif. ""Meine Glaube hat mich selbst so angezogen!",Johann Sebastian Bach,,,,,,,125.2,"H:\RadioTEDU Songs\Classical\Johann Sebastian Bach; Bach-Ensemble, Helmuth Rilling\Cantatas BWV 49-52\05 Kantate, BWV 49 _Ich geh und suche mit Verlangen__ V. Récitatif. _Meine Glaube hat mich selbst so angezogen!.flac",1,1,125.725,2026-08-23 19:21:38,2026-08-23 19:21:38
1,RadioTEDU Classical,/classic,configured_stream,47968,"Kantate, BWV 5 ""Wo soll ich fliehen hin"": II. Recitativo (Basso) ""Der Sünden Wust hat mich nicht nur befleckt""",Johann Sebastian Bach,,,,,,,70.267,"H:\RadioTEDU Songs\Classical\Johann Sebastian Bach; Bach-Ensemble, Helmuth Rilling\Cantatas BWV 4-6\10 Kantate, BWV 5 _Wo soll ich fliehen hin__ II. Recitativo (Basso) _Der Sünden Wust hat mich nicht nur befleckt_.flac",1,1,69.241,2026-08-23 03:01:19,2026-08-23 03:01:19
1,RadioTEDU Classical,/classic,configured_stream,47970,"Kantate, BWV 5 ""Wo soll ich fliehen hin"": VI. Recitativo (Soprano) ""Ich bin ja nur das kleinste Teil der Welt""",Johann Sebastian Bach,,,,,,,67.267,"H:\RadioTEDU Songs\Classical\Johann Sebastian Bach; Bach-Ensemble, Helmuth Rilling\Cantatas BWV 4-6\14 Kantate, BWV 5 _Wo soll ich fliehen hin__ VI. Recitativo (Soprano) _Ich bin ja nur das kleinste Teil der Welt_.flac",1,1,65.3,2026-08-23 08:55:57,2026-08-23 08:55:57
1,RadioTEDU Classical,/classic,configured_stream,48162,"Kantate, BWV 57 “Selig ist der Mann”: VI. Recitativo (Soprano, Bass)o “In meiner Schoß liegt Ruh und Leben”",Johann Sebastian Bach,,,,,,,123.133,"H:\RadioTEDU Songs\Classical\Johann Sebastian Bach; Bach‐Collegium Stuttgart, Helmuth Rilling\Cantatas, BWV 54–57\19 Kantate, BWV 57 “Selig ist der Mann”_ VI. Recitativo (Soprano, Bass)o “In meiner Schoß liegt Ruh und Leben”.flac",1,1,120.457,2026-08-23 01:46:56,2026-08-23 01:46:56
1,RadioTEDU Classical,/classic,configured_stream,48173,"Kantate, BWV 68 “Also hat Gott die Welt geliebt”: V. Coro “Wer an ihn gläubet, der wird nicht gerichtet”",Johann Sebastian Bach,,,,,,,214.04,"H:\RadioTEDU Songs\Classical\Johann Sebastian Bach; Bach‐Collegium Stuttgart, Helmuth Rilling\Cantatas, BWV 68–70\05 Kantate, BWV 68 “Also hat Gott die Welt geliebt”_ V. Coro “Wer an ihn gläubet, der wird nicht gerichtet”.flac",1,1,211.906,2026-08-23 05:08:46,2026-08-23 05:08:46
1,RadioTEDU Classical,/classic,configured_stream,48176,"Kantate, BWV 70 “Wachet! betet! betet! wachet!”: IV. Recitativo (Tenor) “Auch bei dem himmlischen Verlangen”",Johann Sebastian Bach,,,,,,,49.867,"H:\RadioTEDU Songs\Classical\Johann Sebastian Bach; Bach‐Collegium Stuttgart, Helmuth Rilling\Cantatas, BWV 68–70\15 Kantate, BWV 70 “Wachet! betet! betet! wachet!”_ IV. Recitativo (Tenor) “Auch bei dem himmlischen Verlangen”.flac",1,1,47.075,2026-08-23 10:40:13,2026-08-23 10:40:13
1,RadioTEDU Classical,/classic,configured_stream,48177,"Kantate, BWV 70 “Wachet! betet! betet! wachet!”: VI. Recitativo (Tenor) “Jedoch bei dem unartigen Geschlechte”",Johann Sebastian Bach,,,,,,,38.573,"H:\RadioTEDU Songs\Classical\Johann Sebastian Bach; Bach‐Collegium Stuttgart, Helmuth Rilling\Cantatas, BWV 68–70\17 Kantate, BWV 70 “Wachet! betet! betet! wachet!”_ VI. Recitativo (Tenor) “Jedoch bei dem unartigen Geschlechte”.flac",1,1,35.779,2026-08-23 09:33:15,2026-08-23 09:33:15
1,RadioTEDU Classical,/classic,configured_stream,48190,"Kantate, BWV 77 “Du sollt Gott, deinen Herren, lieben”: IV. Recitativo (Tenor) “Gib mir dabei, mein Gott! ein Samariterherz”",Johann Sebastian Bach,,,,,,,80.493,"H:\RadioTEDU Songs\Classical\Johann Sebastian Bach; Bach‐Collegium Stuttgart, Helmuth Rilling\Cantatas, BWV 77–79\04 Kantate, BWV 77 “Du sollt Gott, deinen Herren, lieben”_ IV. Recitativo (Tenor) “Gib mir dabei, mein Gott! ein Samariterherz”.flac",1,1,78.491,2026-08-23 13:02:50,2026-08-23 13:02:50
1,RadioTEDU Classical,/classic,configured_stream,48195,"Kantate, BWV 78 “Jesu, der du meine Seele”: VI. Aria (Bass) “Nun du wirst mein Gewissen stillen”",Johann Sebastian Bach,,,,,,,197.133,"H:\RadioTEDU Songs\Classical\Johann Sebastian Bach; Bach‐Collegium Stuttgart, Helmuth Rilling\Cantatas, BWV 77–79\12 Kantate, BWV 78 “Jesu, der du meine Seele”_ VI. Aria (Bass) “Nun du wirst mein Gewissen stillen”.flac",1,1,194.27,2026-08-23 01:44:56,2026-08-23 01:44:56
1,RadioTEDU Classical,/classic,configured_stream,47998,"Kantate, BWV 85 ""Ich bin ein guter Hirt"": III. Choral ""Der Herr ist mein getreuer Hirt""",Johann Sebastian Bach,,,,,,,321.0,"H:\RadioTEDU Songs\Classical\Johann Sebastian Bach; Bach-Ensemble, Helmuth Rilling\Cantatas BWV 83-86\13 Kantate, BWV 85 _Ich bin ein guter Hirt__ III. Choral _Der Herr ist mein getreuer Hirt_.flac",1,1,318.161,2026-08-23 19:42:51,2026-08-23 19:42:51
1,RadioTEDU Classical,/classic,configured_stream,47999,"Kantate, BWV 85 ""Ich bin ein guter Hirt"": VI. Choral ""Ist Gott mein Schutz und treuer Hirt""",Johann Sebastian Bach,,,,,,,75.64,"H:\RadioTEDU Songs\Classical\Johann Sebastian Bach; Bach-Ensemble, Helmuth Rilling\Cantatas BWV 83-86\16 Kantate, BWV 85 _Ich bin ein guter Hirt__ VI. Choral _Ist Gott mein Schutz und treuer Hirt_.flac",1,1,72.698,2026-08-23 18:26:53,2026-08-23 18:26:53
1,RadioTEDU Classical,/classic,configured_stream,48197,"Kantate, BWV 88 “Siehe, ich will viel Fischer aussenden”: II. Recitativo (Tenor) “Wie leichtlich könnte doch der Höchste uns entbehren”",Johann Sebastian Bach,,,,,,,65.0,"H:\RadioTEDU Songs\Classical\Johann Sebastian Bach; Bach‐Collegium Stuttgart, Helmuth Rilling\Cantatas, BWV 87–90\09 Kantate, BWV 88 “Siehe, ich will viel Fischer aussenden”_ II. Recitativo (Tenor) “Wie leichtlich könnte doch der Höchste uns entbehren”.flac",1,1,62.668,2026-08-23 14:02:57,2026-08-23 14:02:57
1,RadioTEDU Classical,/classic,configured_stream,48205,"Kantate, BWV 99 “Was Gott tut, das ist wohl getan”: II. Recitativo (Bass) “Sein Wort der Wahrheit stehet fest”",Johann Sebastian Bach,,,,,,,83.507,"H:\RadioTEDU Songs\Classical\Johann Sebastian Bach; Bach‐Collegium Stuttgart, Helmuth Rilling\Cantatas, BWV 97–99\16 Kantate, BWV 99 “Was Gott tut, das ist wohl getan”_ II. Recitativo (Bass) “Sein Wort der Wahrheit stehet fest”.flac",1,1,80.693,2026-08-23 08:47:38,2026-08-23 08:47:38
1,RadioTEDU Classical,/classic,configured_stream,49032,"Kinderszenen, Op. 15: VII. Träumerei (Arr. Lewin for Guitar)",Miloš Karadaglić,,,,,,,215.806,"H:\RadioTEDU Songs\Classical\Miloš Karadaglić\The Moon & The Forest\08 Kinderszenen, Op. 15_ VII. Träumerei (Arr. Lewin for Guitar).flac",1,1,212.96,2026-08-23 09:38:50,2026-08-23 09:38:50
1,RadioTEDU Classical,/classic,configured_stream,48305,"Kommt, eilet und laufet (Osteroratorium), BWV 249: XI. Coro ""Preis und Dank""",Johann Sebastian Bach,,,,,,,167.28,"H:\RadioTEDU Songs\Classical\Johann Sebastian Bach; Gächinger Kantorei Stuttgart, Bach‐Collegium Stuttgart & Helmuth Rilling\Osteroratorium BWV 249 _ Bleib bei uns BWV 6\11 Kommt, eilet und laufet (Osteroratorium), BWV 249_ XI. Coro _Preis und Dank_.flac",1,1,164.448,2026-08-23 12:10:16,2026-08-23 12:10:16
1,RadioTEDU Classical,/classic,configured_stream,48427,"Kyrie, Gott heiliger Geist, BWV 674",Johann Sebastian Bach,,,,,,,96.627,"H:\RadioTEDU Songs\Classical\Johann Sebastian Bach; Kay Johannsen\Orgelwerke_ Clavier Übung, Dritter Theil\1-07 Kyrie, Gott heiliger Geist, BWV 674.flac",1,1,93.811,2026-08-23 08:51:56,2026-08-23 08:51:56
1,RadioTEDU Classical,/classic,configured_stream,47887,"L'Oiseau de feu: Tableau 1, Berceuse",Igor Stravinsky,,,,,,,182.667,"H:\RadioTEDU Songs\Classical\Igor Stravinsky; Orchestre de Paris, Klaus Mäkelä\The Rite of Spring _ The Firebird\31 L'Oiseau de feu_ Tableau 1, Berceuse.mp3",1,1,182.635,2026-08-23 14:40:24,2026-08-23 14:40:24
1,RadioTEDU Classical,/classic,configured_stream,47772,"Largo, From Cello Concerto in G major",Nicola Porpora,,,,,,,203.32,"H:\RadioTEDU Songs\Classical\Christian-Pierre La Marca, Le Concert de la Loge, Julien Chauvin\Legacy\04 Nicola Porpora - Largo, From Cello Concerto in G major (1).flac",1,1,200.527,2026-08-23 21:40:27,2026-08-23 21:40:27
1,RadioTEDU Classical,/classic,configured_stream,48976,"Leonore II, op. 72: Overture. Adagio - Allegro (live)",Ludwig van Beethoven,,,,,,,823.0,"H:\RadioTEDU Songs\Classical\Ludwig van Beethoven\Complete Beethoven Edition, Volume 20_ Historic Recordings\3-01 Ludwig van Beethoven - Leonore II, op. 72_ Overture. Adagio - Allegro (live).flac",1,1,823.424,2026-08-23 02:00:40,2026-08-23 02:00:40
1,RadioTEDU Classical,/classic,configured_stream,47712,"Leonore, Hess 109: Fidelio kam - und niemand weiß woher",Ludwig van Beethoven,,,,,,,18.0,"H:\RadioTEDU Songs\Classical\Beethoven; Orchestre Révolutionnaire et Romantique, Monteverdi Choir, John Eliot Gardiner\Leonore\1-08 Leonore, Hess 109_ Fidelio kam - und niemand weiß woher.flac",1,1,15.615,2026-08-23 03:55:47,2026-08-23 03:55:47
1,RadioTEDU Classical,/classic,configured_stream,47716,"Leonore, Hess 109: Und Leonore begegnet Marzelline",Ludwig van Beethoven,,,,,,,22.84,"H:\RadioTEDU Songs\Classical\Beethoven; Orchestre Révolutionnaire et Romantique, Monteverdi Choir, John Eliot Gardiner\Leonore\1-19 Leonore, Hess 109_ Und Leonore begegnet Marzelline.flac",1,1,19.92,2026-08-23 18:25:41,2026-08-23 18:25:41
1,RadioTEDU Classical,/classic,configured_stream,47865,Les baricades mystérieuses,François Couperin,,,,,,,163.74,H:\RadioTEDU Songs\Classical\Göran Söllscher\Eleven String Baroque\16 François Couperin - Les baricades mystérieuses.flac,1,1,160.918,2026-08-23 23:40:02,2026-08-23 23:40:02
1,RadioTEDU Classical,/classic,configured_stream,47780,Les tendres plaintes,Jean‐Philippe Rameau,,,,,,,156.881,"H:\RadioTEDU Songs\Classical\Claude Debussy, Jean‐Philippe Rameau; Víkingur Ólafsson\Debussy _ Rameau\11 Jean‐Philippe Rameau - Les tendres plaintes.flac",1,1,158.79,2026-08-23 18:08:16,2026-08-23 18:08:16
1,RadioTEDU Classical,/classic,configured_stream,47482,Lumières,Alexandra Stréliski,,,,,,,228.851,H:\RadioTEDU Songs\Classical\Alexandra Stréliski\Néo-Romance\02 Lumières.mp3,1,1,225.98,2026-08-23 23:00:23,2026-08-23 23:00:23
1,RadioTEDU Classical,/classic,configured_stream,47473,Lyrics,The Phantom of the Opera,,,,,,,210.895,H:\RadioTEDU Songs\Classical\012 - The Phantom of the Opera - Lyrics.mp3,1,1,207.952,2026-08-23 12:40:07,2026-08-23 12:40:07
1,RadioTEDU Classical,/classic,configured_stream,47503,"Magnificat, RV 611: IV. Quia fecit",Antonio Vivaldi,,,,,,,120.66,"H:\RadioTEDU Songs\Classical\Antonio Vivaldi; Akadêmia, Concerto Italiano, Rinaldo Alessandrini\Gloria _ Concerti _ Magnificat\19 Magnificat, RV 611_ IV. Quia fecit.mp3",1,1,118.574,2026-08-23 16:00:41,2026-08-23 16:00:41
1,RadioTEDU Classical,/classic,configured_stream,47504,"Magnificat, RV 611: VIII. Esurientes",Antonio Vivaldi,,,,,,,126.929,"H:\RadioTEDU Songs\Classical\Antonio Vivaldi; Akadêmia, Concerto Italiano, Rinaldo Alessandrini\Gloria _ Concerti _ Magnificat\23 Magnificat, RV 611_ VIII. Esurientes (1).mp3",1,1,130.13,2026-08-23 05:45:49,2026-08-23 05:45:49
1,RadioTEDU Classical,/classic,configured_stream,49164,"Medea Ballet Suite, op. 23: II. Choros. Medea and Jason",Samuel Barber,,,,,,,302.546,"H:\RadioTEDU Songs\Classical\Samuel Barber; Royal Scottish National Orchestra, Wendy Warner, Marin Alsop\Cello Concerto _ Medea _ Adagio for Strings\05 Medea Ballet Suite, op. 23_ II. Choros. Medea and Jason (1).mp3",1,1,299.644,2026-08-23 08:28:59,2026-08-23 08:28:59
1,RadioTEDU Classical,/classic,configured_stream,49165,"Medea Ballet Suite, op. 23: II. Choros. Medea and Jason",Samuel Barber,,,,,,,302.546,"H:\RadioTEDU Songs\Classical\Samuel Barber; Royal Scottish National Orchestra, Wendy Warner, Marin Alsop\Cello Concerto _ Medea _ Adagio for Strings\05 Medea Ballet Suite, op. 23_ II. Choros. Medea and Jason.mp3",1,1,305.159,2026-08-23 16:27:02,2026-08-23 16:27:02
1,RadioTEDU Classical,/classic,configured_stream,49171,"Medea Ballet Suite, op. 23: VI. Kantikos Agonias",Samuel Barber,,,,,,,148.335,"H:\RadioTEDU Songs\Classical\Samuel Barber; Royal Scottish National Orchestra, Wendy Warner, Marin Alsop\Cello Concerto _ Medea _ Adagio for Strings\09 Medea Ballet Suite, op. 23_ VI. Kantikos Agonias.mp3",1,1,154.288,2026-08-23 12:12:50,2026-08-23 12:12:50
1,RadioTEDU Classical,/classic,configured_stream,47842,"Mendelssohn: On Wings of Song, Op. 34 No. 2 (Arr. Parkin for Violin and Chamber Ensemble)",Felix Mendelssohn,,,,,,,193.067,"H:\RadioTEDU Songs\Classical\Felix Mendelssohn, Franz Schubert; Christian Li\Discovering Mendelssohn\01 Felix Mendelssohn - Mendelssohn_ On Wings of Song, Op. 34 No. 2 (Arr. Parkin for Violin and Chamber Ensemble).mp3",1,1,193.229,2026-08-23 13:11:14,2026-08-23 13:11:14
1,RadioTEDU Classical,/classic,configured_stream,48344,"Messe G‐Dur, BWV 236: Kyrie eleison",Johann Sebastian Bach,,,,,,,195.747,"H:\RadioTEDU Songs\Classical\Johann Sebastian Bach; Gächinger Kantorei Stuttgart, Bach‐Collegium Stuttgart, Helmuth Rilling\Sacred Music in Latin, 2\07 Messe G‐Dur, BWV 236_ Kyrie eleison.flac",1,1,193.212,2026-08-23 14:43:39,2026-08-23 14:43:39
1,RadioTEDU Classical,/classic,configured_stream,47853,"Messiah, HWV 56: Part I, XIIa. Pifa ""Pastoral Symphony""",Georg Friedrich Händel,,,,,,,169.182,"H:\RadioTEDU Songs\Classical\Georg Friedrich Händel; Bach Collegium Japan, Masaaki Suzuki\Messiah\1-14 Georg Friedrich Händel - Messiah, HWV 56_ Part I, XIIa. Pifa _Pastoral Symphony_.mp3",1,1,166.275,2026-08-23 05:39:33,2026-08-23 05:39:33
1,RadioTEDU Classical,/classic,configured_stream,49119,Miroirs: II. Oiseaux tristes,Maurice Ravel,,,,,,,271.347,"H:\RadioTEDU Songs\Classical\Ravel, Stravinsky; Beatrice Rana\Ravel_ Miroirs _ La Valse _ Stravinsky_ Petrushka _ The Firebird\02 Maurice Ravel - Miroirs_ II. Oiseaux tristes.flac",1,1,269.537,2026-08-23 02:42:30,2026-08-23 02:42:30
1,RadioTEDU Classical,/classic,configured_stream,48660,Mit Fried' und Freud' ich fahr' dahin BWV 382,Johann Sebastian Bach,,,,,,,52.253,"H:\RadioTEDU Songs\Classical\Johann Sebastian Bach\Bach Edition, Volume 17_ Vocal Works _ Vokalwerke Vol.II\8-27 Mit Fried' und Freud' ich fahr' dahin BWV 382.flac",1,1,49.507,2026-08-23 11:40:54,2026-08-23 11:40:54
1,RadioTEDU Classical,/classic,configured_stream,48342,"Motette, BWV 118 “O Jesu Christ, meins Lebens Licht”",Johann Sebastian Bach,,,,,,,385.84,"H:\RadioTEDU Songs\Classical\Johann Sebastian Bach; Gächinger Kantorei Stuttgart, Bach‐Collegium Stuttgart, Helmuth Rilling\Motets\2-03 Motette, BWV 118 “O Jesu Christ, meins Lebens Licht”.flac",1,1,384.501,2026-08-23 13:33:43,2026-08-23 13:33:43
1,RadioTEDU Classical,/classic,configured_stream,48336,"Motette, BWV 228 “Fürchte dich nicht, ich bin bei dir”",Johann Sebastian Bach,,,,,,,625.573,"H:\RadioTEDU Songs\Classical\Johann Sebastian Bach; Gächinger Kantorei Stuttgart, Bach‐Collegium Stuttgart, Helmuth Rilling\Motets\1-02 Motette, BWV 228 “Fürchte dich nicht, ich bin bei dir”.flac",1,1,623.005,2026-08-23 10:56:31,2026-08-23 10:56:31
1,RadioTEDU Classical,/classic,configured_stream,48296,"Musikalisches Opfer, BWV 1079: Fuga canonica in Epidiapente",Johann Sebastian Bach,,,,,,,116.56,"H:\RadioTEDU Songs\Classical\Johann Sebastian Bach; Gottfried von der Goltz, Karl Kaiser, Ekkehard Weber, Michael Behringer\Musikalisches Opfer, BWV 1079 _ Kanons BWV 1072–1078, 1086, 1087\08 Musikalisches Opfer, BWV 1079_ Fuga canonica in Epidiapente.flac",1,1,113.616,2026-08-23 13:04:43,2026-08-23 13:04:43
1,RadioTEDU Classical,/classic,configured_stream,47479,"Never Forgive Me, Never Forget Me",Akira Yamaoka,,,,,,,139.333,"H:\RadioTEDU Songs\Classical\Akira Yamaoka\Silent Hill 3\14 Akira Yamaoka - Never Forgive Me, Never Forget Me.flac",1,1,136.618,2026-08-23 13:15:58,2026-08-23 13:15:58
1,RadioTEDU Classical,/classic,configured_stream,47754,"Nocturne no. 19 in E minor, op. 72, no. 1",Fryderyk Chopin,,,,,,,241.994,"H:\RadioTEDU Songs\Classical\Chopin, Liszt, Ravel; Benjamin Grosvenor\Benjamin Grosvenor_ Chopin, Liszt, Ravel\04 Fryderyk Chopin - Nocturne no. 19 in E minor, op. 72, no. 1.flac",1,1,239.274,2026-08-23 23:44:46,2026-08-23 23:44:46
1,RadioTEDU Classical,/classic,configured_stream,47611,"Nocturnes, op.9: No.2 in E-Flat Major",Frédéric Chopin,,,,,,,269.244,"H:\RadioTEDU Songs\Classical\Arthur Rubinstein\The Complete Album Collection\101-02 Frédéric Chopin - Nocturnes, op.9_ No.2 in E-Flat Major.mp3",1,1,267.516,2026-08-23 22:48:09,2026-08-23 22:48:09
1,RadioTEDU Classical,/classic,configured_stream,48691,"O Lamm Gottes, unschuldig BWV 401",Johann Sebastian Bach,,,,,,,63.853,"H:\RadioTEDU Songs\Classical\Johann Sebastian Bach\Bach Edition, Volume 23_ Chorale _ Chorales\2-44 O Lamm Gottes, unschuldig BWV 401.flac",1,1,62.035,2026-08-23 07:36:29,2026-08-23 07:36:29
1,RadioTEDU Classical,/classic,configured_stream,48664,"O Welt, ich muss dich lassen BWV 392",Johann Sebastian Bach,,,,,,,56.573,"H:\RadioTEDU Songs\Classical\Johann Sebastian Bach\Bach Edition, Volume 17_ Vocal Works _ Vokalwerke Vol.II\8-47 O Welt, ich muss dich lassen BWV 392.flac",1,1,53.842,2026-08-23 14:32:14,2026-08-23 14:32:14
1,RadioTEDU Classical,/classic,configured_stream,48665,"O wie selig seid ihr doch, ihr Frommen BWV 405",Johann Sebastian Bach,,,,,,,48.667,"H:\RadioTEDU Songs\Classical\Johann Sebastian Bach\Bach Edition, Volume 17_ Vocal Works _ Vokalwerke Vol.II\8-48 O wie selig seid ihr doch, ihr Frommen BWV 405.flac",1,1,47.321,2026-08-23 16:53:31,2026-08-23 16:53:31
1,RadioTEDU Classical,/classic,configured_stream,49127,"Orchestral Suite no. 1 in C major, op. 8: III. Fuge",Richard Stöhr,,,,,,,291.36,"H:\RadioTEDU Songs\Classical\Richard Stöhr; Sinfonia Varsovia, Ian Hobson\Orchestral Music, Volume Two\03 Orchestral Suite no. 1 in C major, op. 8_ III. Fuge.flac",1,1,288.45,2026-08-23 15:46:57,2026-08-23 15:46:57
1,RadioTEDU Classical,/classic,configured_stream,49301,"Orlando finto pazzo, RV 727: Act I Scene 12b: Aria: In amor spesso (Brandimarte)",Antonio Vivaldi,,,,,,,150.953,"H:\RadioTEDU Songs\Classical\Vivaldi; Abete, Bertagnolli, Comparato, Prina, Custer, Oro, Pizzolato, Academia Montis Regalis, Alessandro De Marchi\Orlando finto pazzo\3-24 Orlando finto pazzo, RV 727_ Act I Scene 12b_ Aria_ In amor spesso (Brandimarte) (1).mp3",1,1,148.206,2026-08-23 03:00:10,2026-08-23 03:00:10
1,RadioTEDU Classical,/classic,configured_stream,48774,Pacific Visions,Kenneth Fuchs,,,,,,,504.053,"H:\RadioTEDU Songs\Classical\Kenneth Fuchs; Adam Walker, Sinfonia of London, John Wilson\Orchestral Works, Volume 1\05 Pacific Visions (1).flac",1,1,502.356,2026-08-23 11:04:55,2026-08-23 11:04:55
1,RadioTEDU Classical,/classic,configured_stream,48246,"Partita für Violine no. 1 h‐Moll, BWV 1002: IV. Double. Presto",Johann Sebastian Bach,,,,,,,113.693,"H:\RadioTEDU Songs\Classical\Johann Sebastian Bach; Dimitri Sitkovetsky\Sonaten und Partiten für Violine solo, BWV 1001–1006\1-08 Partita für Violine no. 1 h‐Moll, BWV 1002_ IV. Double. Presto.flac",1,1,111.076,2026-08-23 12:28:20,2026-08-23 12:28:20
1,RadioTEDU Classical,/classic,configured_stream,48263,"Partita für Violine no. 3 E‐dur, BWV 1006: V. Menuet II",Johann Sebastian Bach,,,,,,,106.133,"H:\RadioTEDU Songs\Classical\Johann Sebastian Bach; Dimitri Sitkovetsky\Sonaten und Partiten für Violine solo, BWV 1001–1006\2-14 Partita für Violine no. 3 E‐dur, BWV 1006_ V. Menuet II.flac",1,1,106.5,2026-08-23 05:02:20,2026-08-23 05:02:20
1,RadioTEDU Classical,/classic,configured_stream,48534,Partita g‐Moll nach BWV 1004: I. Allemanda,Johann Sebastian Bach,,,,,,,364.2,H:\RadioTEDU Songs\Classical\Johann Sebastian Bach; Robert Hill\Original und Bearbeitung\1-01 Partita g‐Moll nach BWV 1004_ I. Allemanda.flac,1,1,362.692,2026-08-23 13:22:00,2026-08-23 13:22:00
1,RadioTEDU Classical,/classic,configured_stream,48803,"Peer Gynt Suite no. 1, op. 46: I. Morning Mood",Edvard Grieg,,,,,,,224.68,"H:\RadioTEDU Songs\Classical\London Philharmonic Orchestra\The 50 Greatest Pieces of Classical Music\01 Edvard Grieg - Peer Gynt Suite no. 1, op. 46_ I. Morning Mood.flac",1,1,223.45,2026-08-23 00:37:41,2026-08-23 00:37:41
1,RadioTEDU Classical,/classic,configured_stream,47844,Piano Concerto in One Movement: Andantino – Allegretto,Florence Price,,,,,,,215.333,"H:\RadioTEDU Songs\Classical\Florence Price; Chineke! Orchestra, Jeneba Kanneh‐Mason\Florence Price\03 Piano Concerto in One Movement_ Andantino – Allegretto.mp3",1,1,215.204,2026-08-23 22:12:12,2026-08-23 22:12:12
1,RadioTEDU Classical,/classic,configured_stream,47778,"Piano Concerto no. 1 in A minor, op. 7: I. Allegro maestoso",Clara Wieck-Schumann,,,,,,,366.267,"H:\RadioTEDU Songs\Classical\Clara Schumann, Robert Schumann; Beatrice Rana, Chamber Orchestra of Europe, Yannick Nézet‐Séguin\Piano Concertos\01 Clara Wieck-Schumann - Piano Concerto no. 1 in A minor, op. 7_ I. Allegro maestoso.flac",1,1,363.945,2026-08-23 15:22:43,2026-08-23 15:22:43
1,RadioTEDU Classical,/classic,configured_stream,47808,"Piano Concerto no. 2 in F major, op. 102: II. Andante -",Dmitri Shostakovich,,,,,,,365.166,"H:\RadioTEDU Songs\Classical\Dmitri Shostakovich\An Introduction to Dmitri Shostakovich\03 Dmitri Shostakovich - Piano Concerto no. 2 in F major, op. 102_ II. Andante - (1).mp3",1,1,362.587,2026-08-23 05:36:44,2026-08-23 05:36:44
1,RadioTEDU Classical,/classic,configured_stream,47809,"Piano Concerto no. 2 in F major, op. 102: II. Andante -",Dmitri Shostakovich,,,,,,,365.166,"H:\RadioTEDU Songs\Classical\Dmitri Shostakovich\An Introduction to Dmitri Shostakovich\03 Dmitri Shostakovich - Piano Concerto no. 2 in F major, op. 102_ II. Andante -.mp3",1,1,363.088,2026-08-23 16:11:12,2026-08-23 16:11:12
1,RadioTEDU Classical,/classic,configured_stream,47757,"Piano Sonata no. 3 in B minor, Op. 58: II. Scherzo. Molto vivace",Frédéric Chopin,,,,,,,167.006,"H:\RadioTEDU Songs\Classical\Chopin; Benjamin Grosvenor\Sonatas 2 & 3 _ Ballade No. 1 _ Berceuse _ Nocturnes\10 Piano Sonata no. 3 in B minor, Op. 58_ II. Scherzo. Molto vivace.flac",1,1,165.815,2026-08-23 04:54:36,2026-08-23 04:54:36
1,RadioTEDU Classical,/classic,configured_stream,47696,"Piano Sonata No. 8 in C minor, Op. 13 ""Pathetique"" - II. Adagio cantabile",Ludwig van Beethoven,,,,,,,362.267,"H:\RadioTEDU Songs\Classical\Beethoven; Freddy Kempf\Pathétique _ Moonlight _ Appassionata\02 Piano Sonata No. 8 in C minor, Op. 13 _Pathetique_ - II. Adagio cantabile.mp3",1,1,359.603,2026-08-23 05:14:46,2026-08-23 05:14:46
1,RadioTEDU Classical,/classic,configured_stream,47705,"Polonaise for Piano in C major, op. 89: Alla polacca, vivace",Ludwig van Beethoven,,,,,,,352.0,"H:\RadioTEDU Songs\Classical\Beethoven; Mikhail Pletnev\Variations & Bagatelles\2-16 Polonaise for Piano in C major, op. 89_ Alla polacca, vivace.flac",1,1,349.241,2026-08-23 05:00:34,2026-08-23 05:00:34
1,RadioTEDU Classical,/classic,configured_stream,48606,"Praeludium und Fuge für Orgel a‐Moll, BWV 551",Johann Sebastian Bach,,,,,,,321.6,"H:\RadioTEDU Songs\Classical\Johann Sebastian Bach; Wolfgang Zerer\Orgelwerke_ Einflüsse durch Böhm & Buxtehude\01 Praeludium und Fuge für Orgel a‐Moll, BWV 551.flac",1,1,318.76,2026-08-23 02:55:24,2026-08-23 02:55:24
1,RadioTEDU Classical,/classic,configured_stream,48511,"Prelude and Fughetta in F major, BWV 901: Fughetta",Johann Sebastian Bach,,,,,,,83.867,"H:\RadioTEDU Songs\Classical\Johann Sebastian Bach; Robert Hill\Bach as Teacher_ Keyboard Works from the Cöthen Period\1-15 Prelude and Fughetta in F major, BWV 901_ Fughetta.flac",1,1,81.157,2026-08-23 13:01:32,2026-08-23 13:01:32
1,RadioTEDU Classical,/classic,configured_stream,48517,"Prelude in C minor, BWV 934",Johann Sebastian Bach,,,,,,,117.133,"H:\RadioTEDU Songs\Classical\Johann Sebastian Bach; Robert Hill\Bach as Teacher_ Keyboard Works from the Cöthen Period\2-22 Prelude in C minor, BWV 934.flac",1,1,115.695,2026-08-23 02:06:20,2026-08-23 02:06:20
1,RadioTEDU Classical,/classic,configured_stream,47766,Prelude No. 2,Chris Zabriskie,,,,,,,58.363,H:\RadioTEDU Songs\Classical\Chris Zabriskie\Preludes\02 Prelude No. 2.mp3,1,1,55.434,2026-08-23 09:11:41,2026-08-23 09:11:41
1,RadioTEDU Classical,/classic,configured_stream,47770,Prelude No. 20,Chris Zabriskie,,,,,,,44.478,H:\RadioTEDU Songs\Classical\Chris Zabriskie\Preludes\20 Prelude No. 20.mp3,1,1,41.661,2026-08-23 20:56:26,2026-08-23 20:56:26
1,RadioTEDU Classical,/classic,configured_stream,47622,"Prelude no. 4 in E minor, op. 28",Fryderyk Chopin,,,,,,,159.15,"H:\RadioTEDU Songs\Classical\Bach, Busoni, Beethoven; James Rhodes\Now Would All Freudians Please Stand Aside\2-01 Fryderyk Chopin - Prelude no. 4 in E minor, op. 28 (1).mp3",1,1,156.401,2026-08-23 23:15:57,2026-08-23 23:15:57
1,RadioTEDU Classical,/classic,configured_stream,49226,"Preludes, op. 23: No. 2 in B major. Maestoso",Sergei Rachmaninov,,,,,,,192.0,"H:\RadioTEDU Songs\Classical\Sergei Rachmaninov; Andrei Nikolsky\Prelude, op. 2 no. 3 _ Preludes, op. 23 nos. 1-10 _ Corelli Variations, op. 42 _ Sonata no. 2, op. 36\03 Preludes, op. 23_ No. 2 in B major. Maestoso.flac",1,1,191.073,2026-08-23 00:00:25,2026-08-23 00:00:25
1,RadioTEDU Classical,/classic,configured_stream,47896,Primo libro d’arie musicali per cantarsi: Aria di Passacaglia. Così mi disprezzate?,Girolamo Frescobaldi,,,,,,,149.333,H:\RadioTEDU Songs\Classical\Jakub Józef Orliński\Beyond\05 Girolamo Frescobaldi - Primo libro d’arie musicali per cantarsi_ Aria di Passacaglia. Così mi disprezzate_.flac,1,1,147.179,2026-08-23 18:10:56,2026-08-23 18:10:56
1,RadioTEDU Classical,/classic,configured_stream,48412,"Präludium G-Dur, BWV 568",Johann Sebastian Bach,,,,,,,170.2,"H:\RadioTEDU Songs\Classical\Johann Sebastian Bach; Kay Johannsen\Organ Works_ The Young Bach - A Virtuoso\14 Präludium G-Dur, BWV 568.flac",1,1,168.385,2026-08-23 10:39:24,2026-08-23 10:39:24
1,RadioTEDU Classical,/classic,configured_stream,48421,"Präludium pro Organo pleno, BWV 552/1",Johann Sebastian Bach,,,,,,,537.88,"H:\RadioTEDU Songs\Classical\Johann Sebastian Bach; Kay Johannsen\Orgelwerke_ Clavier Übung, Dritter Theil\1-01 Präludium pro Organo pleno, BWV 552_1.flac",1,1,536.777,2026-08-23 02:24:11,2026-08-23 02:24:11
1,RadioTEDU Classical,/classic,configured_stream,48460,"Präluidum und Fuge h‐Moll, BWV 544: I. Präludium",Johann Sebastian Bach,,,,,,,441.973,"H:\RadioTEDU Songs\Classical\Johann Sebastian Bach; Martin Lücker\Orgelwerke_ Leipziger Spätwerke\01 Präluidum und Fuge h‐Moll, BWV 544_ I. Präludium.flac",1,1,441.46,2026-08-23 08:15:34,2026-08-23 08:15:34
1,RadioTEDU Classical,/classic,configured_stream,47833,Pt. 2,Erland Cooper,,,,,,,238.36,"H:\RadioTEDU Songs\Classical\Erland Cooper, Scottish Ensemble\Folded Landscapes\08 Movement 5 - Pt. 2.mp3",1,1,237.046,2026-08-23 18:25:21,2026-08-23 18:25:21
1,RadioTEDU Classical,/classic,configured_stream,48899,"Quartet for 2 Violins, Viola, and Cello no. 14 in C‐sharp minor, op. 131: I. Adagio, ma non troppo e molto espressivo",Ludwig van Beethoven,,,,,,,413.493,"H:\RadioTEDU Songs\Classical\Ludwig van Beethoven; LaSalle Quartet\Die späten Streichquartette\1-05 Quartet for 2 Violins, Viola, and Cello no. 14 in C‐sharp minor, op. 131_ I. Adagio, ma non troppo e molto espressivo.flac",1,1,412.118,2026-08-23 07:53:46,2026-08-23 07:53:46
1,RadioTEDU Classical,/classic,configured_stream,48993,"Quintet for oboe, 3 horns and bassoon in E-flat major, Hess 19: I. Allegro",Ludwig van Beethoven,,,,,,,191.653,"H:\RadioTEDU Songs\Classical\Ludwig van Beethoven\Complete Works\16-07 Ludwig van Beethoven - Quintet for oboe, 3 horns and bassoon in E-flat major, Hess 19_ I. Allegro.flac",1,1,189.201,2026-08-23 11:23:14,2026-08-23 11:23:14
1,RadioTEDU Classical,/classic,configured_stream,48994,"Quintet for oboe, 3 horns and bassoon in E-flat major, Hess 19: II. Adagio maestoso",Ludwig van Beethoven,,,,,,,186.467,"H:\RadioTEDU Songs\Classical\Ludwig van Beethoven\Complete Works\16-08 Ludwig van Beethoven - Quintet for oboe, 3 horns and bassoon in E-flat major, Hess 19_ II. Adagio maestoso.flac",1,1,186.142,2026-08-23 13:36:50,2026-08-23 13:36:50
1,RadioTEDU Classical,/classic,configured_stream,47942,"Recitativo (A) e Coro: Vergiß es ferner nicht, mit deiner Hand",Johann Sebastian Bach,,,,,,,35.6,"H:\RadioTEDU Songs\Classical\Johann Sebastian Bach; Bach-Ensemble, Helmuth Rilling\Cantatas BWV 27-29\18 Recitativo (A) e Coro_ Vergiß es ferner nicht, mit deiner Hand.flac",1,1,33.021,2026-08-23 07:39:27,2026-08-23 07:39:27
1,RadioTEDU Classical,/classic,configured_stream,49136,Romeo and Juliet,Nino Rota,,,,,,,190.903,H:\RadioTEDU Songs\Classical\Royal Philharmonic Orchestra\Cinema Classics\05 Nino Rota - Romeo and Juliet (1).mp3,1,1,188.045,2026-08-23 14:14:54,2026-08-23 14:14:54
1,RadioTEDU Classical,/classic,configured_stream,48898,"Serenade for Flute & Piano, op. 41: VI. Adagio",Ludwig van Beethoven,,,,,,,71.8,"H:\RadioTEDU Songs\Classical\Ludwig van Beethoven; Jean‐Pierre Rampal, Robert Veyron‐Lacroix, Alain Marion, Christian Lardé, Paul Hongne\Complete Chamber Music for Flute\1-06 Serenade for Flute & Piano, op. 41_ VI. Adagio.flac",1,1,69.053,2026-08-23 11:16:30,2026-08-23 11:16:30
1,RadioTEDU Classical,/classic,configured_stream,49148,"Serenade for Strings, op. 1: II. Andante con moto",Samuel Barber,,,,,,,159.898,"H:\RadioTEDU Songs\Classical\Samuel Barber; James Buswell, Royal Scottish National Orchestra, Marin Alsop\Violin Concerto _ Music for a Scene From Shelley _ Souvenirs (Ballet Suite)\11 Serenade for Strings, op. 1_ II. Andante con moto.mp3",1,1,157.049,2026-08-23 16:04:29,2026-08-23 16:04:29
1,RadioTEDU Classical,/classic,configured_stream,47487,Sheep May Safely Graze (Arr. by Alexis Ffrench),Alexis Ffrench,,,,,,,123.85,H:\RadioTEDU Songs\Classical\Alexis Ffrench\Peace\04 Sheep May Safely Graze (Arr. by Alexis Ffrench).mp3,1,1,121.758,2026-08-23 22:52:51,2026-08-23 22:52:51
1,RadioTEDU Classical,/classic,configured_stream,47845,Simile est regnum caelorum,Francisco Guerrero,,,,,,,169.187,"H:\RadioTEDU Songs\Classical\Francisco Guerrero; The Brabant Ensemble, Stephen Rice\Missa Ecce sacerdos magnus\04 Simile est regnum caelorum (1).flac",1,1,166.364,2026-08-23 03:22:46,2026-08-23 03:22:46
1,RadioTEDU Classical,/classic,configured_stream,48640,Sollt' ich meinem Gott nicht singen BWV 413,Johann Sebastian Bach,,,,,,,73.893,"H:\RadioTEDU Songs\Classical\Johann Sebastian Bach\Bach Edition, Volume 17_ Vocal Works _ Vokalwerke Vol.II\6-17 Sollt' ich meinem Gott nicht singen BWV 413.flac",1,1,71.218,2026-08-23 16:01:52,2026-08-23 16:01:52
1,RadioTEDU Classical,/classic,configured_stream,47888,Sometimes I Feel Like a Motherless Child,Samuel Coleridge-Taylor,,,,,,,241.193,H:\RadioTEDU Songs\Classical\Isata Kanneh‐Mason\Summertime\17 Samuel Coleridge-Taylor - Sometimes I Feel Like a Motherless Child.flac,1,1,238.634,2026-08-23 21:58:57,2026-08-23 21:58:57
1,RadioTEDU Classical,/classic,configured_stream,47900,"Sonata for Violin and Piano no. 3 in D minor, op. 108: III. Un poco presto e con sentimento",Johannes Brahms,,,,,,,163.347,"H:\RadioTEDU Songs\Classical\Janáček, Brahms, Bartók; Patricia Kopatchinskaja, Fazıl Say\Janáček _ Brahms _ Bartók\07 Johannes Brahms - Sonata for Violin and Piano no. 3 in D minor, op. 108_ III. Un poco presto e con sentimento.mp3",1,1,160.771,2026-08-23 22:50:49,2026-08-23 22:50:49
1,RadioTEDU Classical,/classic,configured_stream,48903,"Sonata no. 14 in C-sharp minor, op. 27 no. 2 ""Moonlight"": I. Adagio sostenuto",Ludwig van Beethoven,,,,,,,315.433,"H:\RadioTEDU Songs\Classical\Ludwig van Beethoven; Paul Lewis\Complete Piano Sonatas\07-09 Sonata no. 14 in C-sharp minor, op. 27 no. 2 _Moonlight__ I. Adagio sostenuto.flac",1,1,312.886,2026-08-23 02:34:58,2026-08-23 02:34:58
1,RadioTEDU Classical,/classic,configured_stream,48278,"Sonate c‐Moll, BWV 1017: I. Largo",Johann Sebastian Bach,,,,,,,154.773,"H:\RadioTEDU Songs\Classical\Johann Sebastian Bach; Dmitri Sitkovetsky, Robert Hill\Sonaten für Violine und Cembalo, BWV 1014–1019\13 Sonate c‐Moll, BWV 1017_ I. Largo.flac",1,1,152.954,2026-08-23 02:26:43,2026-08-23 02:26:43
1,RadioTEDU Classical,/classic,configured_stream,48279,"Sonate c‐Moll, BWV 1017: II. Allegro",Johann Sebastian Bach,,,,,,,276.44,"H:\RadioTEDU Songs\Classical\Johann Sebastian Bach; Dmitri Sitkovetsky, Robert Hill\Sonaten für Violine und Cembalo, BWV 1014–1019\14 Sonate c‐Moll, BWV 1017_ II. Allegro.flac",1,1,275.12,2026-08-23 15:00:32,2026-08-23 15:00:32
1,RadioTEDU Classical,/classic,configured_stream,48239,"Sonate für Violine no. 1 g‐Moll, BWV 1001: I. Adagio",Johann Sebastian Bach,,,,,,,235.107,"H:\RadioTEDU Songs\Classical\Johann Sebastian Bach; Dimitri Sitkovetsky\Sonaten und Partiten für Violine solo, BWV 1001–1006\1-01 Sonate für Violine no. 1 g‐Moll, BWV 1001_ I. Adagio.flac",1,1,234.691,2026-08-23 14:18:48,2026-08-23 14:18:48
1,RadioTEDU Classical,/classic,configured_stream,48254,"Sonate für Violine no. 2 a‐Moll, BWV 1003: IV. Allegro",Johann Sebastian Bach,,,,,,,377.32,"H:\RadioTEDU Songs\Classical\Johann Sebastian Bach; Dimitri Sitkovetsky\Sonaten und Partiten für Violine solo, BWV 1001–1006\1-16 Sonate für Violine no. 2 a‐Moll, BWV 1003_ IV. Allegro.flac",1,1,374.438,2026-08-23 15:38:50,2026-08-23 15:38:50
1,RadioTEDU Classical,/classic,configured_stream,48285,"Sonate f‐Moll, BWV 1018: IV. Vivace",Johann Sebastian Bach,,,,,,,148.933,"H:\RadioTEDU Songs\Classical\Johann Sebastian Bach; Dmitri Sitkovetsky, Robert Hill\Sonaten für Violine und Cembalo, BWV 1014–1019\20 Sonate f‐Moll, BWV 1018_ IV. Vivace.flac",1,1,147.06,2026-08-23 15:05:24,2026-08-23 15:05:24
1,RadioTEDU Classical,/classic,configured_stream,48288,"Sonate G‐Dur, BWV 1019: III. Allegro",Johann Sebastian Bach,,,,,,,189.0,"H:\RadioTEDU Songs\Classical\Johann Sebastian Bach; Dmitri Sitkovetsky, Robert Hill\Sonaten für Violine und Cembalo, BWV 1014–1019\23 Sonate G‐Dur, BWV 1019_ III. Allegro.flac",1,1,188.914,2026-08-23 14:08:15,2026-08-23 14:08:15
1,RadioTEDU Classical,/classic,configured_stream,48290,"Sonate G‐Dur, BWV 1019: V. Allegro",Johann Sebastian Bach,,,,,,,195.0,"H:\RadioTEDU Songs\Classical\Johann Sebastian Bach; Dmitri Sitkovetsky, Robert Hill\Sonaten für Violine und Cembalo, BWV 1014–1019\25 Sonate G‐Dur, BWV 1019_ V. Allegro.flac",1,1,193.928,2026-08-23 10:07:52,2026-08-23 10:07:52
1,RadioTEDU Classical,/classic,configured_stream,47499,Sonate g‐Moll »Teufelstriller‐Sonate«,Giuseppe Tartini,,,,,,,990.25,"H:\RadioTEDU Songs\Classical\Anne‐Sophie Mutter, Wiener Philharmoniker, James Levine\Carmen‐Fantasie\03 Giuseppe Tartini - Sonate g‐Moll »Teufelstriller‐Sonate«.mp3",1,1,987.306,2026-08-23 20:55:45,2026-08-23 20:55:45
1,RadioTEDU Classical,/classic,configured_stream,48269,"Sonate h‐Moll, BWV 1014: IV. Allegro",Johann Sebastian Bach,,,,,,,146.013,"H:\RadioTEDU Songs\Classical\Johann Sebastian Bach; Dmitri Sitkovetsky, Robert Hill\Sonaten für Violine und Cembalo, BWV 1014–1019\04 Sonate h‐Moll, BWV 1014_ IV. Allegro.flac",1,1,143.126,2026-08-23 09:53:12,2026-08-23 09:53:12
1,RadioTEDU Classical,/classic,configured_stream,48889,"Sonate nr. 7 c‐Moll, op. 30 nr. 2: IV. Finale. Allegro - Presto",Ludwig van Beethoven,,,,,,,306.0,"H:\RadioTEDU Songs\Classical\Ludwig van Beethoven; Gidon Kremer, Martha Argerich\Violinsonaten nos. 6–8\07 Sonate nr. 7 c‐Moll, op. 30 nr. 2_ IV. Finale. Allegro - Presto.flac",1,1,305.88,2026-08-23 03:50:36,2026-08-23 03:50:36
1,RadioTEDU Classical,/classic,configured_stream,47613,Spiegel im Spiegel,Arvo Pärt,,,,,,,636.006,H:\RadioTEDU Songs\Classical\Arvo Pärt\Alina\01 Spiegel im Spiegel.flac,1,1,633.665,2026-08-23 04:09:27,2026-08-23 04:09:27
1,RadioTEDU Classical,/classic,configured_stream,47509,"Stabat Mater, RV 621: IV. Quis est homo. Largo",Antonio Vivaldi,,,,,,,170.373,"H:\RadioTEDU Songs\Classical\Antonio Vivaldi; Andreas Scholl, Ensemble 415, Chiara Banchini\Stabat Mater\16 Stabat Mater, RV 621_ IV. Quis est homo. Largo.mp3",1,1,168.785,2026-08-23 21:03:01,2026-08-23 21:03:01
1,RadioTEDU Classical,/classic,configured_stream,49193,Stars In Her Skies,Scott Buckley,,,,,,,277.177,H:\RadioTEDU Songs\Classical\Scott Buckley\Library Songs 1\01 Stars In Her Skies.flac,1,1,275.322,2026-08-23 01:34:58,2026-08-23 01:34:58
1,RadioTEDU Classical,/classic,configured_stream,48815,"Suite Bergamasque, L 75: III. Clair de lune",Claude Debussy,,,,,,,313.907,"H:\RadioTEDU Songs\Classical\London Philharmonic Orchestra\The 50 Greatest Pieces of Classical Music\11 Claude Debussy - Suite Bergamasque, L 75_ III. Clair de lune.flac",1,1,313.56,2026-08-23 05:19:59,2026-08-23 05:19:59
1,RadioTEDU Classical,/classic,configured_stream,49115,Suite for Cello and String Orchestra: II. Aria,Victoria Yagling,,,,,,,269.493,H:\RadioTEDU Songs\Classical\Raphaela Gromes\Femmes\1-12 Victoria Yagling - Suite for Cello and String Orchestra_ II. Aria.mp3,1,1,266.656,2026-08-23 04:37:43,2026-08-23 04:37:43
1,RadioTEDU Classical,/classic,configured_stream,47885,"Suite for String Orchestra No. 3 in D Major, BWV 1068: Air (Arr. for Piano by A. Siloti)",Johann Sebastian Bach,,,,,,,269.122,"H:\RadioTEDU Songs\Classical\Igor Levit\Fantasia\1-01 Johann Sebastian Bach - Suite for String Orchestra No. 3 in D Major, BWV 1068_ Air (Arr. for Piano by A. Siloti).mp3",1,1,266.352,2026-08-23 23:20:23,2026-08-23 23:20:23
1,RadioTEDU Classical,/classic,configured_stream,48627,"Suite in E-flat major, BWV 819: VI. Menuet I & II",Johann Sebastian Bach,,,,,,,137.293,"H:\RadioTEDU Songs\Classical\Johann Sebastian Bach\Bach Edition, Volume 13_ Keyboard Works_Klavierwerke, Volume II\11-14 Suite in E-flat major, BWV 819_ VI. Menuet I & II.flac",1,1,135.171,2026-08-23 13:13:42,2026-08-23 13:13:42
1,RadioTEDU Classical,/classic,configured_stream,48563,"Suite in e‐Moll, BWV 996: V. Bourée",Johann Sebastian Bach,,,,,,,67.067,"H:\RadioTEDU Songs\Classical\Johann Sebastian Bach; Robert Hill\Werke für das Lautenklavier\11 Suite in e‐Moll, BWV 996_ V. Bourée.flac",1,1,64.647,2026-08-23 03:12:35,2026-08-23 03:12:35
1,RadioTEDU Classical,/classic,configured_stream,47637,Suite No. 1 C Major BWV 1066: Courante,Johann Sebastian Bach,,,,,,,148.893,"H:\RadioTEDU Songs\Classical\Bach; Oregon Bach Festival Chamber Orchestra, Helmuth Rilling\Orchester Suiten I & II\02 Suite No. 1 C Major BWV 1066_ Courante.flac",1,1,147.354,2026-08-23 12:04:58,2026-08-23 12:04:58
1,RadioTEDU Classical,/classic,configured_stream,47645,Suite No. 2 B Minor BWV 1067: Bourée I & II,Johann Sebastian Bach,,,,,,,109.04,"H:\RadioTEDU Songs\Classical\Bach; Oregon Bach Festival Chamber Orchestra, Helmuth Rilling\Orchester Suiten I & II\11 Suite No. 2 B Minor BWV 1067_ Bourée I & II.flac",1,1,108.798,2026-08-23 01:07:54,2026-08-23 01:07:54
1,RadioTEDU Classical,/classic,configured_stream,47642,Suite No. 2 B Minor BWV 1067: Ouverture,Johann Sebastian Bach,,,,,,,454.613,"H:\RadioTEDU Songs\Classical\Bach; Oregon Bach Festival Chamber Orchestra, Helmuth Rilling\Orchester Suiten I & II\08 Suite No. 2 B Minor BWV 1067_ Ouverture.flac",1,1,453.536,2026-08-23 21:37:06,2026-08-23 21:37:06
1,RadioTEDU Classical,/classic,configured_stream,47646,Suite No. 2 B Minor BWV 1067: Polonaise & Double,Johann Sebastian Bach,,,,,,,192.133,"H:\RadioTEDU Songs\Classical\Bach; Oregon Bach Festival Chamber Orchestra, Helmuth Rilling\Orchester Suiten I & II\12 Suite No. 2 B Minor BWV 1067_ Polonaise & Double.flac",1,1,189.416,2026-08-23 15:50:06,2026-08-23 15:50:06
1,RadioTEDU Classical,/classic,configured_stream,47643,Suite No. 2 B Minor BWV 1067: Rondeau,Johann Sebastian Bach,,,,,,,105.333,"H:\RadioTEDU Songs\Classical\Bach; Oregon Bach Festival Chamber Orchestra, Helmuth Rilling\Orchester Suiten I & II\09 Suite No. 2 B Minor BWV 1067_ Rondeau.flac",1,1,103.616,2026-08-23 11:37:46,2026-08-23 11:37:46
1,RadioTEDU Classical,/classic,configured_stream,47866,"Suite no. 2 in F major, HWV 427: I. Adagio",George Frideric Handel,,,,,,,156.467,"H:\RadioTEDU Songs\Classical\Handel, Brahms; Seong‐Jin Cho\The Handel Project\01 George Frideric Handel - Suite no. 2 in F major, HWV 427_ I. Adagio.mp3",1,1,153.814,2026-08-23 22:43:41,2026-08-23 22:43:41
1,RadioTEDU Classical,/classic,configured_stream,47806,"Symphony no. 12 in D minor, op. 112 “The Year 1917”: II. Razliv. Allegro – Adagio",Dmitri Shostakovich,,,,,,,842.4,"H:\RadioTEDU Songs\Classical\Dmitri Shostakovich; Boston Symphony Orchestra, Andris Nelsons\Symphonies nos. 2, 3, 12 & 13\08 Symphony no. 12 in D minor, op. 112 “The Year 1917”_ II. Razliv. Allegro – Adagio (1).flac",1,1,841.761,2026-08-23 10:36:33,2026-08-23 10:36:33
1,RadioTEDU Classical,/classic,configured_stream,47876,Symphony no. 59 in A major “Feuersinfonie”: I. Presto,Franz Joseph Haydn,,,,,,,352.253,"H:\RadioTEDU Songs\Classical\Haydn; Giovanni Antonini, Il giardino armonico\Haydn 2032, no. 13_ Hornsignal\05 Franz Joseph Haydn - Symphony no. 59 in A major “Feuersinfonie”_ I. Presto (1).flac",1,1,349.5,2026-08-23 21:29:32,2026-08-23 21:29:32
1,RadioTEDU Classical,/classic,configured_stream,47877,Symphony no. 59 in A major “Feuersinfonie”: I. Presto,Franz Joseph Haydn,,,,,,,352.253,"H:\RadioTEDU Songs\Classical\Haydn; Giovanni Antonini, Il giardino armonico\Haydn 2032, no. 13_ Hornsignal\05 Franz Joseph Haydn - Symphony no. 59 in A major “Feuersinfonie”_ I. Presto.flac",1,1,349.843,2026-08-23 20:35:09,2026-08-23 20:35:09
1,RadioTEDU Classical,/classic,configured_stream,49270,"Symphony no. 6 in B minor, op. 74 ""Pathétique"": IV. Finale: Adagio lamentoso",Пётр Ильич Чайковский,,,,,,,700.316,"H:\RadioTEDU Songs\Classical\Tchaikovsky; Royal Concertgebouw Orchestra, Bernard Haitink\The Symphonies\5-04 Symphony no. 6 in B minor, op. 74 _Pathétique__ IV. Finale_ Adagio lamentoso.mp3",1,1,698.699,2026-08-23 10:22:31,2026-08-23 10:22:31
1,RadioTEDU Classical,/classic,configured_stream,47863,Symphony no. 9 in D major: IV. Adagio. Sehr langsam und noch zurückhaltend,Gustav Mahler,,,,,,,1254.021,"H:\RadioTEDU Songs\Classical\Gustav Mahler; Moscow Radio Symphony Orchestra, Rudolf Barshai\Symphony no. 9 in D major\04 Gustav Mahler - Symphony no. 9 in D major_ IV. Adagio. Sehr langsam und noch zurückhaltend.mp3",1,1,1252.826,2026-08-23 17:38:06,2026-08-23 17:38:06
1,RadioTEDU Classical,/classic,configured_stream,47804,"Symphony no. 9 in E-flat major, op. 70: I. Allegro",Dmitri Shostakovich,,,,,,,310.849,"H:\RadioTEDU Songs\Classical\Dmitri Shostakovich; Berliner Philharmoniker, Kirill Petrenko\Symphony no. 9\01 Symphony no. 9 in E-flat major, op. 70_ I. Allegro.flac",1,1,312.439,2026-08-23 00:44:44,2026-08-23 00:44:44
1,RadioTEDU Classical,/classic,configured_stream,47800,Tchaikovsky,Deryn Cullen,,,,,,,182.178,H:\RadioTEDU Songs\Classical\Deryn Cullen\Andante from Symphony No. 5 - Tchaikovsky\01 Andante from Symphony No. 5 - Tchaikovsky.mp3,1,1,180.133,2026-08-23 10:10:53,2026-08-23 10:10:53
1,RadioTEDU Classical,/classic,configured_stream,47841,Tephra Horizon,Eydís Evensen,,,,,,,181.987,H:\RadioTEDU Songs\Classical\Eydís Evensen\The Light\07 Eydís Evensen - Tephra Horizon.mp3,1,1,179.953,2026-08-23 22:28:04,2026-08-23 22:28:04
1,RadioTEDU Classical,/classic,configured_stream,47819,The Arctic Suite: I. Frozen World,Jacob Shea,,,,,,,366.333,"H:\RadioTEDU Songs\Classical\Eldbjørg Hemsing, Arctic Philharmonic\Arctic\01 Jacob Shea - The Arctic Suite_ I. Frozen World.mp3",1,1,363.694,2026-08-23 09:32:40,2026-08-23 09:32:40
1,RadioTEDU Classical,/classic,configured_stream,49333,The Beautiful Country,Zbigniew Preisner,,,,,,,181.838,H:\RadioTEDU Songs\Classical\Zbigniew Preisner\The Beautiful Country\01 The Beautiful Country (1).mp3,1,1,182.007,2026-08-23 02:29:46,2026-08-23 02:29:46
1,RadioTEDU Classical,/classic,configured_stream,47898,The Blue Danube,James Last,,,,,,,689.633,H:\RadioTEDU Songs\Classical\James Last\Classics by Moonlight\09 The Blue Danube.mp3,1,1,689.572,2026-08-23 07:15:58,2026-08-23 07:15:58
1,RadioTEDU Classical,/classic,configured_stream,49291,The Cloud Atlas Sextet for Orchestra,"Tom Tykwer, Johnny Klimek & Reinhold Heil",,,,,,,297.215,"H:\RadioTEDU Songs\Classical\Tom Tykwer, Johnny Klimek & Reinhold Heil\Cloud Atlas_ Original Motion Picture Soundtrack\22 The Cloud Atlas Sextet for Orchestra.mp3",1,1,294.44,2026-08-23 08:43:49,2026-08-23 08:43:49
1,RadioTEDU Classical,/classic,configured_stream,47828,The Sacred Veil: XII. Child of Wonder,Eric Whitacre,,,,,,,281.667,H:\RadioTEDU Songs\Classical\Eric Whitacre; Voces8\Home\16 The Sacred Veil_ XII. Child of Wonder.flac,1,1,279.088,2026-08-23 04:24:06,2026-08-23 04:24:06
1,RadioTEDU Classical,/classic,configured_stream,47825,The Seal Lullaby,Eric Whitacre,,,,,,,274.667,H:\RadioTEDU Songs\Classical\Eric Whitacre; Voces8\Home\02 The Seal Lullaby.mp3,1,1,271.858,2026-08-23 22:25:04,2026-08-23 22:25:04
1,RadioTEDU Classical,/classic,configured_stream,47476,The Shallows,Adam Hurst,,,,,,,171.415,H:\RadioTEDU Songs\Classical\Adam Hurst\The Secret\03 The Shallows (1).mp3,1,1,168.522,2026-08-23 19:08:10,2026-08-23 19:08:10
1,RadioTEDU Classical,/classic,configured_stream,48869,The Tree,Ludovico Einaudi,,,,,,,199.167,H:\RadioTEDU Songs\Classical\Ludovico Einaudi\The Tree\01 The Tree.mp3,1,1,198.022,2026-08-23 13:08:01,2026-08-23 13:08:01
1,RadioTEDU Classical,/classic,configured_stream,49065,The Vampire Masquerade,Peter Gundry,,,,,,,191.24,H:\RadioTEDU Songs\Classical\Peter Gundry\The Edge of Darkness\02 The Vampire Masquerade (1).mp3,1,1,188.395,2026-08-23 09:17:16,2026-08-23 09:17:16
1,RadioTEDU Classical,/classic,configured_stream,47789,"Theme (From ""American Beauty"")",Thomas Newman,,,,,,,231.951,"H:\RadioTEDU Songs\Classical\Daniil Trifonov, The Philadelphia Orchestra, Yannick Nézet‐Séguin\My American Story_ North\2-03 Thomas Newman - Theme (From _American Beauty_).flac",1,1,229.149,2026-08-23 19:11:59,2026-08-23 19:11:59
1,RadioTEDU Classical,/classic,configured_stream,49280,Toccata in D Minor,The J.S. Bach Experience,,,,,,,185.702,H:\RadioTEDU Songs\Classical\The J.S. Bach Experience\A Rock Tribute\10 Toccata in D Minor.mp3,1,1,186.443,2026-08-23 08:02:37,2026-08-23 08:02:37
1,RadioTEDU Classical,/classic,configured_stream,47860,"Two Elegiac Melodies, op. 34: Heart Wounds / The Last Spring",Grieg,,,,,,,454.043,"H:\RadioTEDU Songs\Classical\Grieg; Sibelius; The London Proms Symphony Orchestra, Charles Mackerras\Finlandia_ Music of Grieg and Sibelius\07 Grieg - Two Elegiac Melodies, op. 34_ Heart Wounds _ The Last Spring.flac",1,1,451.561,2026-08-23 21:52:00,2026-08-23 21:52:00
1,RadioTEDU Classical,/classic,configured_stream,47867,"Variations and Fugue on a Theme by Handel, op. 24: Var. 5 (Espressivo)",Johannes Brahms,,,,,,,56.613,"H:\RadioTEDU Songs\Classical\Handel, Brahms; Seong‐Jin Cho\The Handel Project\19 Johannes Brahms - Variations and Fugue on a Theme by Handel, op. 24_ Var. 5 (Espressivo).mp3",1,1,56.526,2026-08-23 01:06:06,2026-08-23 01:06:06
1,RadioTEDU Classical,/classic,configured_stream,47786,"Vespro della Beata Vergine, SV 206: Concerto ""Pulchra es""",Claudio Monteverdi,,,,,,,238.44,"H:\RadioTEDU Songs\Classical\Claudio Monteverdi; Pygmalion, Raphaël Pichon\Vespro della Beata Vergine\1-05 Vespro della Beata Vergine, SV 206_ Concerto _Pulchra es_.flac",1,1,246.059,2026-08-23 05:43:39,2026-08-23 05:43:39
1,RadioTEDU Classical,/classic,configured_stream,47893,Viola's Theme - Music For Theatre,Jacob Mühlrad & Joel Lyssarides,,,,,,,189.37,H:\RadioTEDU Songs\Classical\Jacob Mühlrad & Joel Lyssarides\Tröstrapporter (Music For Theatre)\03 Jacob Mühlrad & Joel Lyssarides - Viola's Theme - Music For Theatre.flac,1,1,186.62,2026-08-23 04:46:39,2026-08-23 04:46:39
1,RadioTEDU Classical,/classic,configured_stream,47574,"Violin Concerto in A minor, op. 4 no. 4: I. Allegro",Antonio Vivaldi,,,,,,,192.261,"H:\RadioTEDU Songs\Classical\Antonio Vivaldi; Rachel Podger, Arte dei Suonatori\La Stravaganza\1-10 Violin Concerto in A minor, op. 4 no. 4_ I. Allegro (1).mp3",1,1,191.196,2026-08-23 23:49:30,2026-08-23 23:49:30
1,RadioTEDU Classical,/classic,configured_stream,47697,"Violin Concerto in D Major, Op. 61: II. Larghetto",Beethoven,,,,,,,626.12,"H:\RadioTEDU Songs\Classical\Beethoven; Isaac Stern, Leonard Bernstein, New York Philharmonic\Beethoven_ Violin Concerto in D Major, Op. 61\02 Violin Concerto in D Major, Op. 61_ II. Larghetto.flac",1,1,629.846,2026-08-23 20:07:43,2026-08-23 20:07:43
1,RadioTEDU Classical,/classic,configured_stream,47654,Violin Concerto in D major: II. Adagio,Franz Clement,,,,,,,771.667,"H:\RadioTEDU Songs\Classical\Beethoven, Clement; Rachel Barton Pine, Royal Philharmonic Orchestra, José Serebrier\Beethoven & Clement Violin Concertos\1-02 Franz Clement - Violin Concerto in D major_ II. Adagio.mp3",1,1,768.789,2026-08-23 11:36:02,2026-08-23 11:36:02
1,RadioTEDU Classical,/classic,configured_stream,47565,"Violin Concerto in E minor, op. 4 no. 2: II. Largo",Antonio Vivaldi,,,,,,,188.77,"H:\RadioTEDU Songs\Classical\Antonio Vivaldi; Rachel Podger, Arte dei Suonatori\La Stravaganza\1-05 Violin Concerto in E minor, op. 4 no. 2_ II. Largo.mp3",1,1,191.288,2026-08-23 06:57:32,2026-08-23 06:57:32
1,RadioTEDU Classical,/classic,configured_stream,47567,"Violin Concerto in E minor, op. 4 no. 2: III. Allegro",Antonio Vivaldi,,,,,,,179.233,"H:\RadioTEDU Songs\Classical\Antonio Vivaldi; Rachel Podger, Arte dei Suonatori\La Stravaganza\1-06 Violin Concerto in E minor, op. 4 no. 2_ III. Allegro.mp3",1,1,177.456,2026-08-23 21:54:58,2026-08-23 21:54:58
1,RadioTEDU Classical,/classic,configured_stream,47581,"Violin Concerto in F major, op. 4 no. 9: I. Allegro",Antonio Vivaldi,,,,,,,170.841,"H:\RadioTEDU Songs\Classical\Antonio Vivaldi; Rachel Podger, Arte dei Suonatori\La Stravaganza\2-08 Violin Concerto in F major, op. 4 no. 9_ I. Allegro.mp3",1,1,168.701,2026-08-23 20:59:14,2026-08-23 20:59:14
1,RadioTEDU Classical,/classic,configured_stream,47583,"Violin Concerto in F major, op. 4 no. 9: II. Largo",Antonio Vivaldi,,,,,,,122.521,"H:\RadioTEDU Songs\Classical\Antonio Vivaldi; Rachel Podger, Arte dei Suonatori\La Stravaganza\2-09 Violin Concerto in F major, op. 4 no. 9_ II. Largo.mp3",1,1,119.675,2026-08-23 09:10:46,2026-08-23 09:10:46
1,RadioTEDU Classical,/classic,configured_stream,47588,"Violin Concerto in G major, op. 4 no. 12: II. Largo",Antonio Vivaldi,,,,,,,177.321,"H:\RadioTEDU Songs\Classical\Antonio Vivaldi; Rachel Podger, Arte dei Suonatori\La Stravaganza\2-18 Violin Concerto in G major, op. 4 no. 12_ II. Largo (1).mp3",1,1,178.825,2026-08-23 07:34:05,2026-08-23 07:34:05
1,RadioTEDU Classical,/classic,configured_stream,47590,"Violin Concerto in G major, op. 4 no. 12: III. Allegro",Antonio Vivaldi,,,,,,,218.721,"H:\RadioTEDU Songs\Classical\Antonio Vivaldi; Rachel Podger, Arte dei Suonatori\La Stravaganza\2-19 Violin Concerto in G major, op. 4 no. 12_ III. Allegro (1).mp3",1,1,216.459,2026-08-23 21:13:34,2026-08-23 21:13:34
1,RadioTEDU Classical,/classic,configured_stream,47591,"Violin Concerto in G major, op. 4 no. 12: III. Allegro",Antonio Vivaldi,,,,,,,218.721,"H:\RadioTEDU Songs\Classical\Antonio Vivaldi; Rachel Podger, Arte dei Suonatori\La Stravaganza\2-19 Violin Concerto in G major, op. 4 no. 12_ III. Allegro.mp3",1,1,215.883,2026-08-23 18:21:24,2026-08-23 18:21:24
1,RadioTEDU Classical,/classic,configured_stream,47571,"Violin Concerto in G major, op. 4 no. 3: II. Largo",Antonio Vivaldi,,,,,,,152.073,"H:\RadioTEDU Songs\Classical\Antonio Vivaldi; Rachel Podger, Arte dei Suonatori\La Stravaganza\1-08 Violin Concerto in G major, op. 4 no. 3_ II. Largo.mp3",1,1,151.829,2026-08-23 18:14:46,2026-08-23 18:14:46
1,RadioTEDU Classical,/classic,configured_stream,47572,"Violin Concerto in G major, op. 4 no. 3: III. Allegro assai",Antonio Vivaldi,,,,,,,176.067,"H:\RadioTEDU Songs\Classical\Antonio Vivaldi; Rachel Podger, Arte dei Suonatori\La Stravaganza\1-09 Violin Concerto in G major, op. 4 no. 3_ III. Allegro assai (1).mp3",1,1,173.249,2026-08-23 15:58:43,2026-08-23 15:58:43
1,RadioTEDU Classical,/classic,configured_stream,47764,"Violin Concerto no. 2 in C minor, op. 3: III. Andante / Capriccio",Pietro Locatelli,,,,,,,461.2,"H:\RadioTEDU Songs\Classical\Chouchane Siranossian, Venice Baroque Orchestra, Andrea Marcon\Duello d’archi a Venezia\06 Pietro Locatelli - Violin Concerto no. 2 in C minor, op. 3_ III. Andante _ Capriccio (1).flac",1,1,458.994,2026-08-23 13:44:28,2026-08-23 13:44:28
1,RadioTEDU Classical,/classic,configured_stream,47630,"Violin Sonata no. 1 in G minor, BWV 1001: IV. Presto",Johann Sebastian Bach,,,,,,,185.328,"H:\RadioTEDU Songs\Classical\Bach; Augustin Hadelich\Sonatas & Partitas\1-04 Violin Sonata no. 1 in G minor, BWV 1001_ IV. Presto.flac",1,1,184.99,2026-08-23 16:19:49,2026-08-23 16:19:49
1,RadioTEDU Classical,/classic,configured_stream,48231,"Violinkonzert a‐Moll, BWV 1041: II. Andante",Johann Sebastian Bach,,,,,,,343.507,"H:\RadioTEDU Songs\Classical\Johann Sebastian Bach; Christoph Poppen, Bach‐Collegium Stuttgart, Helmuth Rilling\Violinkonzerte, BWV 1041–1043\02 Violinkonzert a‐Moll, BWV 1041_ II. Andante.flac",1,1,340.787,2026-08-23 06:46:11,2026-08-23 06:46:11
1,RadioTEDU Classical,/classic,configured_stream,48232,"Violinkonzert a‐Moll, BWV 1041: III. Allegro assai",Johann Sebastian Bach,,,,,,,214.0,"H:\RadioTEDU Songs\Classical\Johann Sebastian Bach; Christoph Poppen, Bach‐Collegium Stuttgart, Helmuth Rilling\Violinkonzerte, BWV 1041–1043\03 Violinkonzert a‐Moll, BWV 1041_ III. Allegro assai.flac",1,1,213.234,2026-08-23 02:04:24,2026-08-23 02:04:24
1,RadioTEDU Classical,/classic,configured_stream,49238,"Vocalise, Op. 34 No. 14",Sergei Rachmaninov,,,,,,,417.067,"H:\RadioTEDU Songs\Classical\Sergei Rachmaninov; St. Petersburg Philharmonic Orchestra, Mariss Jansons\Orchestral Works\2-07 Sergei Rachmaninov - Vocalise, Op. 34 No. 14.flac",1,1,417.329,2026-08-23 12:36:40,2026-08-23 12:36:40
1,RadioTEDU Classical,/classic,configured_stream,49088,"Vocalise, op. 34 no. 14",Serguey Rachmaninov,,,,,,,405.107,"H:\RadioTEDU Songs\Classical\Rachmaninov; Alexander Ivashkin, Rustem Hayroudinoff\Complete Works for Cello and Piano\06 Serguey Rachmaninov - Vocalise, op. 34 no. 14.mp3",1,1,402.714,2026-08-23 03:10:12,2026-08-23 03:10:12
1,RadioTEDU Classical,/classic,configured_stream,47748,"Waltz in A Minor, Op. 34, No. 2","Chad Lawson, Judy Kang, Rubin Kodheli",,,,,,,283.794,"H:\RadioTEDU Songs\Classical\Chad Lawson\The Chopin Variations\1-09 Chad Lawson, Judy Kang, Rubin Kodheli - Waltz in A Minor, Op. 34, No. 2 (1).mp3",1,1,281.567,2026-08-23 22:17:03,2026-08-23 22:17:03
1,RadioTEDU Classical,/classic,configured_stream,48644,"Warum betrübst du dich, mein Herz BWV 420",Johann Sebastian Bach,,,,,,,42.347,"H:\RadioTEDU Songs\Classical\Johann Sebastian Bach\Bach Edition, Volume 17_ Vocal Works _ Vokalwerke Vol.II\6-28 Warum betrübst du dich, mein Herz BWV 420.flac",1,1,39.406,2026-08-23 15:50:45,2026-08-23 15:50:45
1,RadioTEDU Classical,/classic,configured_stream,49338,We Contain Multitudes — piano reworks,Yiruma,,,,,,,264.059,H:\RadioTEDU Songs\Classical\Ólafur Arnalds; Yiruma\We Contain Multitudes — piano reworks\01 Yiruma - We Contain Multitudes — piano reworks.flac,1,1,261.228,2026-08-23 15:16:40,2026-08-23 15:16:40
1,RadioTEDU Classical,/classic,configured_stream,47813,We Move Lightly,Dustin O’Halloran,,,,,,,190.093,H:\RadioTEDU Songs\Classical\Dustin O’Halloran\Like Crazy\03 We Move Lightly.mp3,1,1,187.168,2026-08-23 21:06:09,2026-08-23 21:06:09
1,RadioTEDU Classical,/classic,configured_stream,48329,"Weihnachts‐Oratorium, BWV 248: Teil III, I. Coro “Herrscher des Himmels, erhöre das Lallen”",Johann Sebastian Bach,,,,,,,109.453,"H:\RadioTEDU Songs\Classical\Johann Sebastian Bach; Gächinger Kantorei Stuttgart, Bach‐Collegium Stuttgart, Helmuth Rilling\Christmas Oratorio, BWV 248\2-01 Weihnachts‐Oratorium, BWV 248_ Teil III, I. Coro “Herrscher des Himmels, erhöre das Lallen”.flac",1,1,107.322,2026-08-23 11:42:41,2026-08-23 11:42:41
1,RadioTEDU Classical,/classic,configured_stream,48647,Wenn wir in höchsten Nöthen sein BWV 431,Johann Sebastian Bach,,,,,,,73.373,"H:\RadioTEDU Songs\Classical\Johann Sebastian Bach\Bach Edition, Volume 17_ Vocal Works _ Vokalwerke Vol.II\7-17 Wenn wir in höchsten Nöthen sein BWV 431.flac",1,1,70.817,2026-08-23 04:38:53,2026-08-23 04:38:53
1,RadioTEDU Classical,/classic,configured_stream,48409,"Wer nur den Lieben Gott laßt walten, BWV 690: Choral",Johann Sebastian Bach,,,,,,,70.027,"H:\RadioTEDU Songs\Classical\Johann Sebastian Bach; Kay Johannsen\Organ Works_ The Young Bach - A Virtuoso\11 Wer nur den Lieben Gott laßt walten, BWV 690_ Choral.flac",1,1,77.914,2026-08-23 15:55:49,2026-08-23 15:55:49
1,RadioTEDU Classical,/classic,configured_stream,47779,"Widmung, op. 25 no. 1",Robert Schumann arr. Franz Liszt,,,,,,,255.0,"H:\RadioTEDU Songs\Classical\Clara Schumann, Robert Schumann; Beatrice Rana, Chamber Orchestra of Europe, Yannick Nézet‐Séguin\Piano Concertos\07 Robert Schumann arr. Franz Liszt - Widmung, op. 25 no. 1.mp3",1,1,252.399,2026-08-23 20:19:29,2026-08-23 20:19:29
1,RadioTEDU Classical,/classic,configured_stream,48776,Winter Chimes,Kevin MacLeod,,,,,,,158.209,H:\RadioTEDU Songs\Classical\Kevin MacLeod\Elegant Piano\10 Winter Chimes.mp3,1,1,155.495,2026-08-23 09:50:49,2026-08-23 09:50:49
1,RadioTEDU Classical,/classic,configured_stream,48676,Wir glauben all' an einen Gott BWV 437,Johann Sebastian Bach,,,,,,,133.467,"H:\RadioTEDU Songs\Classical\Johann Sebastian Bach\Bach Edition, Volume 23_ Chorale _ Chorales\1-33 Wir glauben all' an einen Gott BWV 437.flac",1,1,130.917,2026-08-23 04:11:38,2026-08-23 04:11:38
1,RadioTEDU Classical,/classic,configured_stream,47626,"Wo soll ich flihen hin, BWV 694",Johann Sebastian Bach,,,,,,,261.533,"H:\RadioTEDU Songs\Classical\Bach; Andrea Marcon\Orgelwerke_ Neue Ideen in Weimar\04 Wo soll ich flihen hin, BWV 694.flac",1,1,260.047,2026-08-23 18:55:12,2026-08-23 18:55:12
1,RadioTEDU Classical,/classic,configured_stream,47483,Élégie,Alexandra Stréliski,,,,,,,253.201,H:\RadioTEDU Songs\Classical\Alexandra Stréliski\Néo-Romance\12 Élégie.mp3,1,1,250.439,2026-08-23 19:16:09,2026-08-23 19:16:09
1,RadioTEDU Classical,/classic,configured_stream,48974,"“Già la notte s’avvicina”, WoO 99 no. 4a/Hess 222",Ludwig van Beethoven,,,,,,,43.0,"H:\RadioTEDU Songs\Classical\Ludwig van Beethoven\Complete Beethoven Edition, Volume 18_ Secular Vocal Works\2-21 “Già la notte s’avvicina”, WoO 99 no. 4a_Hess 222.flac",1,1,40.15,2026-08-23 16:05:09,2026-08-23 16:05:09
1,RadioTEDU Classical,/classic,configured_stream,49391,ファミリー,久石譲,,,,,,,84.584,H:\RadioTEDU Songs\Classical\久石譲\ハウルの動く城\21 ファミリー.mp3,1,1,81.891,2026-08-23 09:35:18,2026-08-23 09:35:18
1,RadioTEDU Classical,/classic,configured_stream,49351,大掃除,久石譲,,,,,,,82.546,H:\RadioTEDU Songs\Classical\久石譲\ハウルの動く城 サウンドトラック\09 久石譲 - 大掃除.mp3,1,1,80.954,2026-08-23 01:13:26,2026-08-23 01:13:26
1,RadioTEDU Classical,/classic,configured_stream,49369,星の湖へ,久石譲,,,,,,,253.074,H:\RadioTEDU Songs\Classical\久石譲\ハウルの動く城\10 星の湖へ.mp3,1,1,250.408,2026-08-23 01:17:37,2026-08-23 01:17:37
1,RadioTEDU Classical,/classic,configured_stream,49398,星をのんだ少年,久石譲,,,,,,,449.88,H:\RadioTEDU Songs\Classical\久石譲\ハウルの動く城\25 星をのんだ少年 (1).mp3,1,1,446.982,2026-08-23 07:46:53,2026-08-23 07:46:53
1,RadioTEDU Classical,/classic,configured_stream,49399,星をのんだ少年,久石譲,,,,,,,449.88,H:\RadioTEDU Songs\Classical\久石譲\ハウルの動く城\25 星をのんだ少年.mp3,1,1,450.755,2026-08-23 05:30:09,2026-08-23 05:30:09
1,RadioTEDU Classical,/classic,configured_stream,49394,脱出,久石譲,,,,,,,92.76,H:\RadioTEDU Songs\Classical\久石譲\ハウルの動く城\23 脱出 (1).mp3,1,1,90.036,2026-08-23 16:35:39,2026-08-23 16:35:39
1,RadioTEDU Classical,/classic,configured_stream,49387,走れ!,久石譲,,,,,,,57.417,H:\RadioTEDU Songs\Classical\久石譲\ハウルの動く城\19 走れ!.mp3,1,1,55.796,2026-08-23 04:43:31,2026-08-23 04:43:31
2,RadioTEDU Lo-Fi,/lofi,configured_stream,49917,A Cloud Goes By,Mariposa,,,,,,,132.381,H:\RadioTEDU Songs\lofi\Mariposa\The House on the Hill\09 A Cloud Goes By.flac,1,1,129.586,2026-08-23 22:38:19,2026-08-23 22:38:19
2,RadioTEDU Lo-Fi,/lofi,configured_stream,49754,A Little Help,HM Surf,,,,,,,141.01,H:\RadioTEDU Songs\lofi\HM Surf\Pool Days\02 HM Surf - A Little Help.flac,1,1,138.359,2026-08-23 15:32:31,2026-08-23 15:32:31
2,RadioTEDU Lo-Fi,/lofi,configured_stream,49802,a lonely star,Jhove,,,,,,,217.34,H:\RadioTEDU Songs\lofi\Jhove\falling dreams\01 Jhove - a lonely star.flac,1,1,216.807,2026-08-23 17:36:35,2026-08-23 17:36:35
2,RadioTEDU Lo-Fi,/lofi,configured_stream,49913,A Piece of Hope,Mariposa,,,,,,,181.325,H:\RadioTEDU Songs\lofi\Mariposa\The House on the Hill\05 A Piece of Hope.flac,1,1,178.725,2026-08-23 22:29:24,2026-08-23 22:29:24
2,RadioTEDU Lo-Fi,/lofi,configured_stream,49923,a sign from her,Mau & Kanisan,,,,,,,128.42,H:\RadioTEDU Songs\lofi\Mau & Kanisan\Les jours d’après\01 Mau & Kanisan - a sign from her.flac,1,1,126.567,2026-08-23 22:51:44,2026-08-23 22:51:44
2,RadioTEDU Lo-Fi,/lofi,configured_stream,46905,A Treasure Chest,Schriever,,,,,,,341.333,H:\RadioTEDU Songs\lofi\VA - Lofi & Lounge Music _ Best Selections (2023) [FLAC]\08 - Schriever - A Treasure Chest.flac,1,1,340.17,2026-08-23 11:24:34,2026-08-23 11:24:34
2,RadioTEDU Lo-Fi,/lofi,configured_stream,49832,A Walk Through the Sky,Kainbeats,,,,,,,141.403,H:\RadioTEDU Songs\lofi\Kainbeats\A Walk Through the Sky\01 Kainbeats - A Walk Through the Sky.flac,1,1,144.534,2026-08-23 18:57:02,2026-08-23 18:57:02
2,RadioTEDU Lo-Fi,/lofi,configured_stream,49743,A Way Home,"H.1, Hevi",,,,,,,189.809,"H:\RadioTEDU Songs\lofi\H.1, Hevi\Indigo Night\01 A Way Home.flac",1,1,187.076,2026-08-23 14:55:54,2026-08-23 14:55:54
2,RadioTEDU Lo-Fi,/lofi,configured_stream,49650,Abandoned,DLJ w TABAL,,,,,,,144.664,H:\RadioTEDU Songs\lofi\DLJ\Night Emotions\01 DLJ w TABAL - Abandoned.flac,1,1,141.82,2026-08-23 10:51:10,2026-08-23 10:51:10
2,RadioTEDU Lo-Fi,/lofi,configured_stream,49800,About Us,Jhove,,,,,,,156.006,H:\RadioTEDU Songs\lofi\Jhove\Been Thinking\04 About Us.flac,1,1,153.279,2026-08-23 17:31:05,2026-08-23 17:31:05
2,RadioTEDU Lo-Fi,/lofi,configured_stream,49622,Above the Quiet City,cxlt.,,,,,,,126.673,H:\RadioTEDU Songs\lofi\cxlt_\Somewhere in Time\03 cxlt. - Above the Quiet City.flac,1,1,131.973,2026-08-23 10:25:47,2026-08-23 10:25:47
2,RadioTEDU Lo-Fi,/lofi,configured_stream,49693,Aftershock,Erwin Do & saint rumi,,,,,,,164.578,H:\RadioTEDU Songs\lofi\Erwin Do & saint rumi\Fully Blue\01 Aftershock.flac,1,1,162.99,2026-08-23 12:41:39,2026-08-23 12:41:39
2,RadioTEDU Lo-Fi,/lofi,configured_stream,45851,Aidan - Pluto (ft. ivri),Aidan,,,,,,,128.012,H:\RadioTEDU Songs\lofi\Aidan - Pluto (ft. ivri).mp3,1,1,125.32,2026-08-23 07:23:57,2026-08-23 07:23:57
2,RadioTEDU Lo-Fi,/lofi,configured_stream,45853,aidan - wishing i was someone else (ft. Mishaal),aidan,,,,,,,104.939,H:\RadioTEDU Songs\lofi\aidan - wishing i was someone else (ft. Mishaal).mp3,1,1,104.149,2026-08-23 01:55:53,2026-08-23 01:55:53
2,RadioTEDU Lo-Fi,/lofi,configured_stream,45557,Akira,Nathan Kawanishi,,,,,,,130.44,H:\RadioTEDU Songs\lofi\100 Lo-Fi Beats to Relax and focus Playlist Spotify (2020) [320]  kbps Beats⭐\100 Lo-Fi Beats to Relax and focus Playlist Spotify (2020) [320]  kbps Beats⭐\Akira.mp3,1,1,127.623,2026-08-23 00:36:00,2026-08-23 00:36:00
2,RadioTEDU Lo-Fi,/lofi,configured_stream,45558,al pasito/timeless,n o r m a l,,,,,,,190.464,H:\RadioTEDU Songs\lofi\100 Lo-Fi Beats to Relax and focus Playlist Spotify (2020) [320]  kbps Beats⭐\100 Lo-Fi Beats to Relax and focus Playlist Spotify (2020) [320]  kbps Beats⭐\al pasito timeless.mp3,1,1,188.015,2026-08-23 11:34:18,2026-08-23 11:34:18
2,RadioTEDU Lo-Fi,/lofi,configured_stream,49514,All Yesterdays,"Ahmad Evans, Erwin Do",,,,,,,136.006,"H:\RadioTEDU Songs\lofi\Ahmad Evans, Erwin Do\Explorations\06 All Yesterdays.flac",1,1,133.141,2026-08-23 10:55:40,2026-08-23 10:55:40
2,RadioTEDU Lo-Fi,/lofi,configured_stream,49795,Am Morgen im Flughafen Stuttgart,Jalaapeno,,,,,,,144.097,H:\RadioTEDU Songs\lofi\Jalaapeno\La petite radio jaune\02 Am Morgen im Flughafen Stuttgart.flac,1,1,141.534,2026-08-23 17:21:26,2026-08-23 17:21:26
2,RadioTEDU Lo-Fi,/lofi,configured_stream,49508,Anchor,"after noon, Bcalm & tonuki",,,,,,,148.972,"H:\RadioTEDU Songs\lofi\after noon\Sailboats and Constellations\10 after noon, Bcalm & tonuki - Anchor.flac",1,1,148.292,2026-08-23 06:14:29,2026-08-23 06:14:29
2,RadioTEDU Lo-Fi,/lofi,configured_stream,49874,Andromeda,Le Metroid,,,,,,,262.39,H:\RadioTEDU Songs\lofi\Le Metroid\Black Hole\03 Andromeda.flac,1,1,259.586,2026-08-23 20:51:32,2026-08-23 20:51:32
2,RadioTEDU Lo-Fi,/lofi,configured_stream,49427,Anxiety,Doechii,,,,,,,251.669,H:\RadioTEDU Songs\lofi\24.04\Doechii - Anxiety [riCP9x31Kuk].mp3,1,1,248.979,2026-08-23 02:07:22,2026-08-23 02:07:22
2,RadioTEDU Lo-Fi,/lofi,configured_stream,49942,Anxiety Arise,Monty Datta & Hinshi,,,,,,,144.289,H:\RadioTEDU Songs\lofi\Monty Datta & Hinshi\Anxiety Arise\01 Anxiety Arise.mp3,1,1,141.438,2026-08-23 23:39:26,2026-08-23 23:39:26
2,RadioTEDU Lo-Fi,/lofi,configured_stream,49663,Anywhere but Here,Dreamfield ft. Odd Panda × Fred Paci,,,,,,,134.601,H:\RadioTEDU Songs\lofi\Dreamfield\Brothers in Arms\06 Dreamfield ft. Odd Panda × Fred Paci - Anywhere but Here.flac,1,1,131.763,2026-08-23 11:29:14,2026-08-23 11:29:14
2,RadioTEDU Lo-Fi,/lofi,configured_stream,49494,Apologize ft. OneRepublic,Timbaland,,,,,,,188.674,H:\RadioTEDU Songs\lofi\24.04\Timbaland - Apologize ft. OneRepublic [ZSM3w1v-A_Y].mp3,1,1,186.3,2026-08-23 05:19:51,2026-08-23 05:19:51
2,RadioTEDU Lo-Fi,/lofi,configured_stream,46959,arcadia,Heimlich,,,,,,,123.929,H:\RadioTEDU Songs\lofi\Various Artists - lofi autumn vibes by Lola (2023) Mp3 320kbps [PMEDIA] ⭐️\40. Heimlich - arcadia.mp3,1,1,143.097,2026-08-23 06:29:53,2026-08-23 06:29:53
2,RadioTEDU Lo-Fi,/lofi,configured_stream,45665,Aspiration,Philanthrope,,,,,,,122.906,H:\RadioTEDU Songs\lofi\185 Tracks ~Chill Lofi Study Beats Songs  Playlist Spotify  [320]  kbps Beats⭐\185 Tracks ~Chill Lofi Study Beats Songs  Playlist Spotify  [320]  kbps Beats⭐\Aspiration.mp3,1,1,120.127,2026-08-23 12:50:49,2026-08-23 12:50:49
2,RadioTEDU Lo-Fi,/lofi,configured_stream,47010,Atlas,Paradiam,,,,,,,136.154,H:\RadioTEDU Songs\lofi\Various Artists - lofi autumn vibes by Lola (2023) Mp3 320kbps [PMEDIA] ⭐️\91. Paradiam - Atlas.mp3,1,1,135.045,2026-08-23 00:45:52,2026-08-23 00:45:52
2,RadioTEDU Lo-Fi,/lofi,configured_stream,49703,Aurora Boreale,Fatb ft mell-ø,,,,,,,108.655,H:\RadioTEDU Songs\lofi\Fatb\Conscious Ego\07 Fatb ft mell-ø - Aurora Boreale.flac,1,1,105.727,2026-08-23 13:04:27,2026-08-23 13:04:27
2,RadioTEDU Lo-Fi,/lofi,configured_stream,45667,autumn,oofoe,,,,,,,59.716,H:\RadioTEDU Songs\lofi\185 Tracks ~Chill Lofi Study Beats Songs  Playlist Spotify  [320]  kbps Beats⭐\185 Tracks ~Chill Lofi Study Beats Songs  Playlist Spotify  [320]  kbps Beats⭐\autumn.mp3,1,1,57.504,2026-08-23 12:07:20,2026-08-23 12:07:20
2,RadioTEDU Lo-Fi,/lofi,configured_stream,49616,Away,Chiccote’s Beats,,,,,,,160.006,H:\RadioTEDU Songs\lofi\Chiccote’s Beats\Illusion\01 Chiccote’s Beats - Away.flac,1,1,158.106,2026-08-23 10:09:04,2026-08-23 10:09:04
2,RadioTEDU Lo-Fi,/lofi,configured_stream,49782,Away,Indo Silver ft. Redshifting,,,,,,,190.067,H:\RadioTEDU Songs\lofi\Indo Silver\Liminal Spaces\06 Indo Silver ft. Redshifting - Away.flac,1,1,187.397,2026-08-23 16:49:48,2026-08-23 16:49:48
2,RadioTEDU Lo-Fi,/lofi,configured_stream,49580,ayla,Bhxa,,,,,,,108.806,H:\RadioTEDU Songs\lofi\Bhxa\Ayla\02 Bhxa - ayla.flac,1,1,105.906,2026-08-23 08:35:56,2026-08-23 08:35:56
2,RadioTEDU Lo-Fi,/lofi,configured_stream,45559,Back to Life,Sofasound,,,,,,,135.312,H:\RadioTEDU Songs\lofi\100 Lo-Fi Beats to Relax and focus Playlist Spotify (2020) [320]  kbps Beats⭐\100 Lo-Fi Beats to Relax and focus Playlist Spotify (2020) [320]  kbps Beats⭐\Back to Life.mp3,1,1,132.611,2026-08-23 19:50:14,2026-08-23 19:50:14
2,RadioTEDU Lo-Fi,/lofi,configured_stream,49867,Batter up,"Late Night Tones ft. Twindex, Fred Paci",,,,,,,114.292,"H:\RadioTEDU Songs\lofi\Late Night Tones\A night at the ballpark\03 Late Night Tones ft. Twindex, Fred Paci - Batter up.flac",1,1,111.44,2026-08-23 20:30:15,2026-08-23 20:30:15
2,RadioTEDU Lo-Fi,/lofi,configured_stream,49620,Beautiful Days,"Cosmic Koala, Lucid Keys",,,,,,,148.402,"H:\RadioTEDU Songs\lofi\Cosmic Koala, Lucid Keys\Beautiful Days\01 Cosmic Koala, Lucid Keys - Beautiful Days.flac",1,1,146.06,2026-08-23 10:20:45,2026-08-23 10:20:45
2,RadioTEDU Lo-Fi,/lofi,configured_stream,49756,Beauty in All Forms,Hoogway,,,,,,,130.292,H:\RadioTEDU Songs\lofi\Hoogway\Beauty in All Forms\01 Hoogway - Beauty in All Forms.flac,1,1,128.04,2026-08-23 15:37:44,2026-08-23 15:37:44
2,RadioTEDU Lo-Fi,/lofi,configured_stream,46984,Before The Afterglow,Bellevue,,,,,,,194.388,H:\RadioTEDU Songs\lofi\Various Artists - lofi autumn vibes by Lola (2023) Mp3 320kbps [PMEDIA] ⭐️\65. Bellevue - Before The Afterglow.mp3,1,1,191.629,2026-08-23 09:46:24,2026-08-23 09:46:24
2,RadioTEDU Lo-Fi,/lofi,configured_stream,49456,Beggin,Madcon,,,,,,,223.771,H:\RadioTEDU Songs\lofi\24.04\Madcon - Beggin [zrFI2gJSuwA].mp3,1,1,225.104,2026-08-23 03:28:22,2026-08-23 03:28:22
2,RadioTEDU Lo-Fi,/lofi,configured_stream,45869,beowulf - losing hope,beowulf,,,,,,,96.96,H:\RadioTEDU Songs\lofi\beowulf - losing hope.mp3,1,1,96.665,2026-08-23 07:52:33,2026-08-23 07:52:33
2,RadioTEDU Lo-Fi,/lofi,configured_stream,49912,Berceuse,Mariposa,,,,,,,125.461,H:\RadioTEDU Songs\lofi\Mariposa\The House on the Hill\04 Berceuse.flac,1,1,123.151,2026-08-23 22:26:26,2026-08-23 22:26:26
2,RadioTEDU Lo-Fi,/lofi,configured_stream,49581,Billboard Style,Billboard Style,,,,,,,170.196,H:\RadioTEDU Songs\lofi\Billboard Style\Billboard Style\01 Billboard Style.flac,1,1,167.273,2026-08-23 08:38:44,2026-08-23 08:38:44
2,RadioTEDU Lo-Fi,/lofi,configured_stream,45670,Bird Man,Bertholet,,,,,,,76.617,H:\RadioTEDU Songs\lofi\185 Tracks ~Chill Lofi Study Beats Songs  Playlist Spotify  [320]  kbps Beats⭐\185 Tracks ~Chill Lofi Study Beats Songs  Playlist Spotify  [320]  kbps Beats⭐\Bird Man.mp3,1,1,73.795,2026-08-23 08:28:14,2026-08-23 08:28:14
2,RadioTEDU Lo-Fi,/lofi,configured_stream,46973,Birds and Beez,Driftwood,,,,,,,140.308,H:\RadioTEDU Songs\lofi\Various Artists - lofi autumn vibes by Lola (2023) Mp3 320kbps [PMEDIA] ⭐️\54. Driftwood - Birds and Beez.mp3,1,1,137.368,2026-08-23 15:46:47,2026-08-23 15:46:47
2,RadioTEDU Lo-Fi,/lofi,configured_stream,49881,Blackhole,Le Metroid,,,,,,,178.769,H:\RadioTEDU Songs\lofi\Le Metroid\Black Hole\10 Blackhole.flac,1,1,176.063,2026-08-23 21:14:18,2026-08-23 21:14:18
2,RadioTEDU Lo-Fi,/lofi,configured_stream,45564,blind blossom,Emperose,,,,,,,196.224,H:\RadioTEDU Songs\lofi\100 Lo-Fi Beats to Relax and focus Playlist Spotify (2020) [320]  kbps Beats⭐\100 Lo-Fi Beats to Relax and focus Playlist Spotify (2020) [320]  kbps Beats⭐\blind blossom.mp3,1,1,193.753,2026-08-23 00:24:32,2026-08-23 00:24:32
2,RadioTEDU Lo-Fi,/lofi,configured_stream,49489,Blinding Lights,The Weeknd,,,,,,,262.513,H:\RadioTEDU Songs\lofi\24.04\The Weeknd - Blinding Lights (Official Video) [4NRXx6U8ABQ].mp3,1,1,267.352,2026-08-23 05:04:10,2026-08-23 05:04:10
2,RadioTEDU Lo-Fi,/lofi,configured_stream,45565,Blue Book,Tom Doolie,,,,,,,147.936,H:\RadioTEDU Songs\lofi\100 Lo-Fi Beats to Relax and focus Playlist Spotify (2020) [320]  kbps Beats⭐\100 Lo-Fi Beats to Relax and focus Playlist Spotify (2020) [320]  kbps Beats⭐\Blue Book.mp3,1,1,147.202,2026-08-23 03:11:06,2026-08-23 03:11:06
2,RadioTEDU Lo-Fi,/lofi,configured_stream,49792,Blue Moon,Intoku × Blvd. ft. Sebastian Kamae,,,,,,,153.927,H:\RadioTEDU Songs\lofi\Intoku × Blvd_\Blue Moon\02 Intoku × Blvd. ft. Sebastian Kamae - Blue Moon.flac,1,1,153.141,2026-08-23 17:13:18,2026-08-23 17:13:18
2,RadioTEDU Lo-Fi,/lofi,configured_stream,49529,Break Away,amies × cxlt.,,,,,,,180.93,H:\RadioTEDU Songs\lofi\amies × cxlt_\After All\06 Break Away.flac,1,1,181.114,2026-08-23 07:13:04,2026-08-23 07:13:04
2,RadioTEDU Lo-Fi,/lofi,configured_stream,49927,Breathe and Release,"meandmydreams, Broken Peak",,,,,,,139.985,"H:\RadioTEDU Songs\lofi\meandmydreams\Dreams in the Mist\04 meandmydreams, Broken Peak - Breathe and Release.flac",1,1,139.982,2026-08-23 23:01:29,2026-08-23 23:01:29
2,RadioTEDU Lo-Fi,/lofi,configured_stream,49884,Broken Heart,Le Metroid,,,,,,,137.135,"H:\RadioTEDU Songs\lofi\Le Metroid\Blackhole, Pt. 2\03 Broken Heart.flac",1,1,134.451,2026-08-23 21:20:57,2026-08-23 21:20:57
2,RadioTEDU Lo-Fi,/lofi,configured_stream,49506,brown eyEs,aadajuulia,,,,,,,123.008,H:\RadioTEDU Songs\lofi\aadajuulia\brown eyEs\01 brown eyEs.mp3,1,1,121.055,2026-08-23 06:09:08,2026-08-23 06:09:08
2,RadioTEDU Lo-Fi,/lofi,configured_stream,49609,Build With Love,C4C & Blue Wednesday,,,,,,,147.307,H:\RadioTEDU Songs\lofi\C4C\The Pursuit of Simplicity\05 C4C & Blue Wednesday - Build With Love.flac,1,1,144.446,2026-08-23 09:48:48,2026-08-23 09:48:48
2,RadioTEDU Lo-Fi,/lofi,configured_stream,45674,busking,_tag,,,,,,,140.643,H:\RadioTEDU Songs\lofi\185 Tracks ~Chill Lofi Study Beats Songs  Playlist Spotify  [320]  kbps Beats⭐\185 Tracks ~Chill Lofi Study Beats Songs  Playlist Spotify  [320]  kbps Beats⭐\busking.mp3,1,1,137.933,2026-08-23 12:00:11,2026-08-23 12:00:11
2,RadioTEDU Lo-Fi,/lofi,configured_stream,46948,Butter Chill,Chad Wallz,,,,,,,196.0,H:\RadioTEDU Songs\lofi\Various Artists - lofi autumn vibes by Lola (2023) Mp3 320kbps [PMEDIA] ⭐️\29. Chad Wallz - Butter Chill.mp3,1,1,193.477,2026-08-23 01:28:23,2026-08-23 01:28:23
2,RadioTEDU Lo-Fi,/lofi,configured_stream,45875,BVG & Ayh Okay - dear stranger (ft. Quillko),BVG & Ayh Okay,,,,,,,146.411,H:\RadioTEDU Songs\lofi\BVG & Ayh Okay - dear stranger (ft. Quillko).mp3,1,1,145.858,2026-08-23 09:51:13,2026-08-23 09:51:13
2,RadioTEDU Lo-Fi,/lofi,configured_stream,49916,By the River,Mariposa,,,,,,,115.006,H:\RadioTEDU Songs\lofi\Mariposa\The House on the Hill\08 By the River.flac,1,1,112.175,2026-08-23 22:36:10,2026-08-23 22:36:10
2,RadioTEDU Lo-Fi,/lofi,configured_stream,45885,cafe.wav - let's drink tea and talk about our fears.,cafe.wav,,,,,,,135.21,H:\RadioTEDU Songs\lofi\cafe.wav - let's drink tea and talk about our fears..mp3,1,1,134.164,2026-08-23 01:33:00,2026-08-23 01:33:00
2,RadioTEDU Lo-Fi,/lofi,configured_stream,45567,Calcium,"Bertholet, Elior",,,,,,,138.0,H:\RadioTEDU Songs\lofi\100 Lo-Fi Beats to Relax and focus Playlist Spotify (2020) [320]  kbps Beats⭐\100 Lo-Fi Beats to Relax and focus Playlist Spotify (2020) [320]  kbps Beats⭐\Calcium.mp3,1,1,135.456,2026-08-23 17:19:05,2026-08-23 17:19:05
2,RadioTEDU Lo-Fi,/lofi,configured_stream,49490,Call Out My Name,The Weeknd,,,,,,,238.293,H:\RadioTEDU Songs\lofi\24.04\The Weeknd - Call Out My Name (Official Video) [M4ZoCHID9GI].mp3,1,1,235.708,2026-08-23 05:08:09,2026-08-23 05:08:09
2,RadioTEDU Lo-Fi,/lofi,configured_stream,45888,carl storm - i don't deserve you,carl storm,,,,,,,84.8,H:\RadioTEDU Songs\lofi\carl storm - i don't deserve you.mp3,1,1,82.644,2026-08-23 19:20:19,2026-08-23 19:20:19
2,RadioTEDU Lo-Fi,/lofi,configured_stream,49848,Cascade,Kinissue ft. Ayzic,,,,,,,136.006,H:\RadioTEDU Songs\lofi\Kinissue\Sea Beams\05 Kinissue ft. Ayzic - Cascade.flac,1,1,133.157,2026-08-23 19:36:44,2026-08-23 19:36:44
2,RadioTEDU Lo-Fi,/lofi,configured_stream,49462,Celebrate (Radio Edit),"Micky More & Andy Tee, Kathy Brown, Sheree Hicks",,,,,,,214.111,"H:\RadioTEDU Songs\lofi\24.04\Micky More & Andy Tee, Kathy Brown, Sheree Hicks - Celebrate (Radio Edit) [YoftisvLhaQ].mp3",1,1,211.301,2026-08-23 20:14:54,2026-08-23 20:14:54
2,RadioTEDU Lo-Fi,/lofi,configured_stream,49825,Celestial,Juliàn,,,,,,,147.006,H:\RadioTEDU Songs\lofi\Juliàn\Unwind\08 Juliàn - Celestial.flac,1,1,144.505,2026-08-23 18:41:06,2026-08-23 18:41:06
2,RadioTEDU Lo-Fi,/lofi,configured_stream,49722,Celestial Silence,Gerardo Millán,,,,,,,135.006,H:\RadioTEDU Songs\lofi\Gerardo Millán\Before the stars\06 Gerardo Millán - Celestial Silence.flac,1,1,132.912,2026-08-23 13:57:36,2026-08-23 13:57:36
2,RadioTEDU Lo-Fi,/lofi,configured_stream,49723,Chamber of the Sun,Gerardo Millán ft. Inner Sunset,,,,,,,188.872,H:\RadioTEDU Songs\lofi\Gerardo Millán\Before the stars\07 Gerardo Millán ft. Inner Sunset - Chamber of the Sun.flac,1,1,186.335,2026-08-23 14:00:43,2026-08-23 14:00:43
2,RadioTEDU Lo-Fi,/lofi,configured_stream,45570,Change,A S T R O,,,,,,,156.216,H:\RadioTEDU Songs\lofi\100 Lo-Fi Beats to Relax and focus Playlist Spotify (2020) [320]  kbps Beats⭐\100 Lo-Fi Beats to Relax and focus Playlist Spotify (2020) [320]  kbps Beats⭐\Change.mp3,1,1,153.425,2026-08-23 12:46:28,2026-08-23 12:46:28
2,RadioTEDU Lo-Fi,/lofi,configured_stream,49694,Cherry Wine,Erwin Do & saint rumi,,,,,,,136.223,H:\RadioTEDU Songs\lofi\Erwin Do & saint rumi\Fully Blue\02 Cherry Wine.flac,1,1,133.441,2026-08-23 12:43:54,2026-08-23 12:43:54
2,RadioTEDU Lo-Fi,/lofi,configured_stream,45890,chillintrash - cold.,chillintrash,,,,,,,192.61,H:\RadioTEDU Songs\lofi\chillintrash - cold..mp3,1,1,191.372,2026-08-23 01:54:09,2026-08-23 01:54:09
2,RadioTEDU Lo-Fi,/lofi,configured_stream,49941,Chrono,Monma,,,,,,,145.952,H:\RadioTEDU Songs\lofi\Monma\Calm Lands\01 Chrono.flac,1,1,143.705,2026-08-23 23:37:03,2026-08-23 23:37:03
2,RadioTEDU Lo-Fi,/lofi,configured_stream,45679,Cityscape,Guustavv,,,,,,,144.013,H:\RadioTEDU Songs\lofi\185 Tracks ~Chill Lofi Study Beats Songs  Playlist Spotify  [320]  kbps Beats⭐\185 Tracks ~Chill Lofi Study Beats Songs  Playlist Spotify  [320]  kbps Beats⭐\Cityscape.mp3,1,1,142.384,2026-08-23 20:32:37,2026-08-23 20:32:37
2,RadioTEDU Lo-Fi,/lofi,configured_stream,45573,Click,"Dontcry, Nokiaa",,,,,,,151.68,H:\RadioTEDU Songs\lofi\100 Lo-Fi Beats to Relax and focus Playlist Spotify (2020) [320]  kbps Beats⭐\100 Lo-Fi Beats to Relax and focus Playlist Spotify (2020) [320]  kbps Beats⭐\Click.mp3,1,1,149.353,2026-08-23 01:58:22,2026-08-23 01:58:22
2,RadioTEDU Lo-Fi,/lofi,configured_stream,49573,Close Your Eyes,"beowulf, Sarcastic Sounds & Ayleen Valentine",,,,,,,121.812,"H:\RadioTEDU Songs\lofi\beowulf, Sarcastic Sounds & Ayleen Valentine\Close Your Eyes\01 Close Your Eyes.mp3",1,1,119.941,2026-08-23 08:19:42,2026-08-23 08:19:42
2,RadioTEDU Lo-Fi,/lofi,configured_stream,49419,Cloud Surfing,,,,,,,,169.702,H:\RadioTEDU Songs\lofi\24.04\Cloud Surfing [1cFcGnnTN7o].mp3,1,1,168.143,2026-08-23 01:42:26,2026-08-23 01:42:26
2,RadioTEDU Lo-Fi,/lofi,configured_stream,45891,cloudhighcomeup - sleep thru ur alarms,cloudhighcomeup,,,,,,,123.093,H:\RadioTEDU Songs\lofi\cloudhighcomeup - sleep thru ur alarms.mp3,1,1,120.539,2026-08-23 01:17:42,2026-08-23 01:17:42
2,RadioTEDU Lo-Fi,/lofi,configured_stream,49520,Clouds,AJMW,,,,,,,160.006,H:\RadioTEDU Songs\lofi\AJMW\Heading Home\05 AJMW - Clouds.flac,1,1,157.378,2026-08-23 10:43:19,2026-08-23 10:43:19
2,RadioTEDU Lo-Fi,/lofi,configured_stream,45681,Cocktails,Syndrome,,,,,,,101.616,H:\RadioTEDU Songs\lofi\185 Tracks ~Chill Lofi Study Beats Songs  Playlist Spotify  [320]  kbps Beats⭐\185 Tracks ~Chill Lofi Study Beats Songs  Playlist Spotify  [320]  kbps Beats⭐\Cocktails.mp3,1,1,98.669,2026-08-23 22:22:32,2026-08-23 22:22:32
2,RadioTEDU Lo-Fi,/lofi,configured_stream,49655,Cocoon,Dosi,,,,,,,139.643,H:\RadioTEDU Songs\lofi\Dosi\Under the Stars\05 Dosi - Cocoon.flac,1,1,136.916,2026-08-23 11:01:51,2026-08-23 11:01:51
2,RadioTEDU Lo-Fi,/lofi,configured_stream,46938,Codes In The Clouds,Pueblo Vista,,,,,,,146.942,H:\RadioTEDU Songs\lofi\Various Artists - lofi autumn vibes by Lola (2023) Mp3 320kbps [PMEDIA] ⭐️\19. Pueblo Vista - Codes In The Clouds.mp3,1,1,146.798,2026-08-23 01:20:08,2026-08-23 01:20:08
2,RadioTEDU Lo-Fi,/lofi,configured_stream,47006,Coffee In Vienna,Bomshi,,,,,,,133.504,H:\RadioTEDU Songs\lofi\Various Artists - lofi autumn vibes by Lola (2023) Mp3 320kbps [PMEDIA] ⭐️\87. Bomshi - Coffee In Vienna.mp3,1,1,133.908,2026-08-23 00:14:15,2026-08-23 00:14:15
2,RadioTEDU Lo-Fi,/lofi,configured_stream,46910,Consistent Approval,Asservat,,,,,,,337.021,H:\RadioTEDU Songs\lofi\VA - Lofi & Lounge Music _ Best Selections (2023) [FLAC]\13 - Asservat - Consistent Approval.flac,1,1,334.11,2026-08-23 14:17:40,2026-08-23 14:17:40
2,RadioTEDU Lo-Fi,/lofi,configured_stream,49511,Continuation,"Ahmad Evans, Erwin Do",,,,,,,153.756,"H:\RadioTEDU Songs\lofi\Ahmad Evans, Erwin Do\Explorations\03 Continuation.flac",1,1,151.076,2026-08-23 13:46:10,2026-08-23 13:46:10
2,RadioTEDU Lo-Fi,/lofi,configured_stream,49775,Coral,"iamalex, Dillan Witherow",,,,,,,70.251,"H:\RadioTEDU Songs\lofi\iamalex, Dillan Witherow\Beginnings\05 iamalex, Dillan Witherow - Coral.flac",1,1,69.377,2026-08-23 16:33:11,2026-08-23 16:33:11
2,RadioTEDU Lo-Fi,/lofi,configured_stream,49660,Cosmos,Downtown Binary,,,,,,,245.458,H:\RadioTEDU Songs\lofi\Downtown Binary\Cosmos\03 Downtown Binary - Cosmos.flac,1,1,242.541,2026-08-23 21:48:56,2026-08-23 21:48:56
2,RadioTEDU Lo-Fi,/lofi,configured_stream,49740,Crosstown Tram Ride,"Guy Rickard, Fred Paci",,,,,,,143.042,"H:\RadioTEDU Songs\lofi\Guy Rickard, Fred Paci\City Sketches\03 Crosstown Tram Ride.flac",1,1,140.809,2026-08-23 14:48:55,2026-08-23 14:48:55
2,RadioTEDU Lo-Fi,/lofi,configured_stream,49866,Crush,Laffey,,,,,,,130.767,H:\RadioTEDU Songs\lofi\Laffey\Summer Nights\03 Crush.flac,1,1,128.497,2026-08-23 20:28:23,2026-08-23 20:28:23
2,RadioTEDU Lo-Fi,/lofi,configured_stream,49872,Crystal Children,Le Metroid,,,,,,,200.638,H:\RadioTEDU Songs\lofi\Le Metroid\Black Hole\01 Crystal Children.flac,1,1,199.739,2026-08-23 20:44:36,2026-08-23 20:44:36
2,RadioTEDU Lo-Fi,/lofi,configured_stream,45687,Crystal Ship,soder.,,,,,,,93.884,H:\RadioTEDU Songs\lofi\185 Tracks ~Chill Lofi Study Beats Songs  Playlist Spotify  [320]  kbps Beats⭐\185 Tracks ~Chill Lofi Study Beats Songs  Playlist Spotify  [320]  kbps Beats⭐\Crystal Ship.mp3,1,1,91.202,2026-08-23 23:26:30,2026-08-23 23:26:30
2,RadioTEDU Lo-Fi,/lofi,configured_stream,45577,Daffodils,Musqitone,,,,,,,97.344,H:\RadioTEDU Songs\lofi\100 Lo-Fi Beats to Relax and focus Playlist Spotify (2020) [320]  kbps Beats⭐\100 Lo-Fi Beats to Relax and focus Playlist Spotify (2020) [320]  kbps Beats⭐\Daffodils.mp3,1,1,95.911,2026-08-23 02:08:58,2026-08-23 02:08:58
2,RadioTEDU Lo-Fi,/lofi,configured_stream,49478,Dance Alone,Sia & Kylie Minogue,,,,,,,172.269,H:\RadioTEDU Songs\lofi\24.04\Sia & Kylie Minogue - Dance Alone (Lyric Video) [2sUH3OZn0M4].mp3,1,1,169.384,2026-08-23 19:32:14,2026-08-23 19:32:14
2,RadioTEDU Lo-Fi,/lofi,configured_stream,49495,Dancing in the Moonlight,Toploader,,,,,,,225.57,H:\RadioTEDU Songs\lofi\24.04\Toploader - Dancing in the Moonlight (Official Video) [0yBnIUX0QAE].mp3,1,1,223.039,2026-08-23 05:23:36,2026-08-23 05:23:36
2,RadioTEDU Lo-Fi,/lofi,configured_stream,49477,Dancing With Your Ghost,Sasha Alex Sloan,,,,,,,199.703,H:\RadioTEDU Songs\lofi\24.04\Sasha Alex Sloan - Dancing With Your Ghost (Lyric Video) [Qzc_aX8c8g4].mp3,1,1,197.404,2026-08-23 06:50:54,2026-08-23 06:50:54
2,RadioTEDU Lo-Fi,/lofi,configured_stream,49475,Dandelions (Lyrics) (Slowed + Reverb),Ruth B,,,,,,,269.479,H:\RadioTEDU Songs\lofi\24.04\Ruth B. - Dandelions (Lyrics) (Slowed + Reverb) [fXbfBUNJ9mY].mp3,1,1,266.627,2026-08-23 04:21:24,2026-08-23 04:21:24
2,RadioTEDU Lo-Fi,/lofi,configured_stream,46534,Deep Aura,Richome,,,,,,,139.498,H:\RadioTEDU Songs\lofi\Lofi\cool winds\Richome\Richome - Deep Aura.flac,1,1,137.1,2026-08-23 15:26:43,2026-08-23 15:26:43
2,RadioTEDU Lo-Fi,/lofi,configured_stream,49576,deep in it,berlioz & Ted Jasper,,,,,,,154.863,H:\RadioTEDU Songs\lofi\berlioz & Ted Jasper\deep in it\01 deep in it.flac,1,1,154.683,2026-08-23 08:27:00,2026-08-23 08:27:00
2,RadioTEDU Lo-Fi,/lofi,configured_stream,49711,Departure,Foudroie,,,,,,,192.954,H:\RadioTEDU Songs\lofi\Foudroie\The Journey\07 Foudroie - Departure.flac,1,1,190.382,2026-08-23 13:28:55,2026-08-23 13:28:55
2,RadioTEDU Lo-Fi,/lofi,configured_stream,45690,Depiction,Wenzel,,,,,,,118.152,H:\RadioTEDU Songs\lofi\185 Tracks ~Chill Lofi Study Beats Songs  Playlist Spotify  [320]  kbps Beats⭐\185 Tracks ~Chill Lofi Study Beats Songs  Playlist Spotify  [320]  kbps Beats⭐\Depiction.mp3,1,1,119.681,2026-08-23 02:21:11,2026-08-23 02:21:11
2,RadioTEDU Lo-Fi,/lofi,configured_stream,49926,Descent Into Peace,"meandmydreams, Quiescente",,,,,,,137.776,"H:\RadioTEDU Songs\lofi\meandmydreams\Dreams in the Mist\02 meandmydreams, Quiescente - Descent Into Peace.flac",1,1,135.002,2026-08-23 22:59:10,2026-08-23 22:59:10
2,RadioTEDU Lo-Fi,/lofi,configured_stream,49459,Devil In Disguise,Marino,,,,,,,104.443,H:\RadioTEDU Songs\lofi\24.04\Marino - Devil In Disguise (Official Lyric Video) [PrSjlpWu0cw].mp3,1,1,102.002,2026-08-23 18:23:46,2026-08-23 18:23:46
2,RadioTEDU Lo-Fi,/lofi,configured_stream,45693,Diario,Smoke Trees,,,,,,,104.098,H:\RadioTEDU Songs\lofi\185 Tracks ~Chill Lofi Study Beats Songs  Playlist Spotify  [320]  kbps Beats⭐\185 Tracks ~Chill Lofi Study Beats Songs  Playlist Spotify  [320]  kbps Beats⭐\Diario.mp3,1,1,102.118,2026-08-23 00:33:53,2026-08-23 00:33:53
2,RadioTEDU Lo-Fi,/lofi,configured_stream,49883,Digital Life,Le Metroid,,,,,,,178.782,"H:\RadioTEDU Songs\lofi\Le Metroid\Blackhole, Pt. 2\02 Digital Life.flac",1,1,180.215,2026-08-23 21:18:41,2026-08-23 21:18:41
2,RadioTEDU Lo-Fi,/lofi,configured_stream,49785,Dissociation,Indo Silver ft. Redshifting,,,,,,,144.859,H:\RadioTEDU Songs\lofi\Indo Silver\Liminal Spaces\09 Indo Silver ft. Redshifting - Dissociation.flac,1,1,142.433,2026-08-23 20:35:03,2026-08-23 20:35:03
2,RadioTEDU Lo-Fi,/lofi,configured_stream,49773,Dissolve,Hotel Pools,,,,,,,172.948,H:\RadioTEDU Songs\lofi\Hotel Pools\Fall\08 Hotel Pools - Dissolve.flac,1,1,170.179,2026-08-23 23:42:16,2026-08-23 23:42:16
2,RadioTEDU Lo-Fi,/lofi,configured_stream,45580,distance,"Nohidea, Dontcry",,,,,,,103.296,H:\RadioTEDU Songs\lofi\100 Lo-Fi Beats to Relax and focus Playlist Spotify (2020) [320]  kbps Beats⭐\100 Lo-Fi Beats to Relax and focus Playlist Spotify (2020) [320]  kbps Beats⭐\distance.mp3,1,1,101.359,2026-08-23 04:23:05,2026-08-23 04:23:05
2,RadioTEDU Lo-Fi,/lofi,configured_stream,49426,Do It for Love (feat. Stefan Mahendra),,,,,,,,158.924,H:\RadioTEDU Songs\lofi\24.04\Do It for Love (feat. Stefan Mahendra) [eRPJmMJD8Vc].mp3,1,1,156.564,2026-08-23 02:03:12,2026-08-23 02:03:12
2,RadioTEDU Lo-Fi,/lofi,configured_stream,49432,Dog Days Are Over (2010 Version),Florence + The Machine,,,,,,,219.208,H:\RadioTEDU Songs\lofi\24.04\Florence + The Machine - Dog Days Are Over (2010 Version) (Official Music Video) [iWOyfLBYtuU].mp3,1,1,216.496,2026-08-23 15:50:23,2026-08-23 15:50:23
2,RadioTEDU Lo-Fi,/lofi,configured_stream,45919,dogbite.1,eery & eli filosov,,,,,,,114.858,H:\RadioTEDU Songs\lofi\eery & eli filosov [ p h i l o ] - dogbite.1.mp3,1,1,112.243,2026-08-23 17:32:59,2026-08-23 17:32:59
2,RadioTEDU Lo-Fi,/lofi,configured_stream,45904,domas - searching for love,domas,,,,,,,198.059,H:\RadioTEDU Songs\lofi\domas - searching for love.mp3,1,1,195.426,2026-08-23 10:33:19,2026-08-23 10:33:19
2,RadioTEDU Lo-Fi,/lofi,configured_stream,45908,Dormio - Behind My Eyes (ft. Beya),Dormio,,,,,,,156.874,H:\RadioTEDU Songs\lofi\Dormio - Behind My Eyes (ft. Beya).mp3,1,1,153.932,2026-08-23 08:04:48,2026-08-23 08:04:48
2,RadioTEDU Lo-Fi,/lofi,configured_stream,49483,Dracula,Tame Impala,,,,,,,233.337,H:\RadioTEDU Songs\lofi\24.04\Tame Impala - Dracula (Official Video) [xnP7qKxwzjg].mp3,1,1,230.516,2026-08-23 04:44:30,2026-08-23 04:44:30
2,RadioTEDU Lo-Fi,/lofi,configured_stream,45581,Drag Me Down - Instrumental,Kartoffel Club,,,,,,,174.12,H:\RadioTEDU Songs\lofi\100 Lo-Fi Beats to Relax and focus Playlist Spotify (2020) [320]  kbps Beats⭐\100 Lo-Fi Beats to Relax and focus Playlist Spotify (2020) [320]  kbps Beats⭐\Drag Me Down - Instrumental.mp3,1,1,171.177,2026-08-23 22:18:45,2026-08-23 22:18:45
2,RadioTEDU Lo-Fi,/lofi,configured_stream,45697,Dreams,A[way],,,,,,,122.253,H:\RadioTEDU Songs\lofi\185 Tracks ~Chill Lofi Study Beats Songs  Playlist Spotify  [320]  kbps Beats⭐\185 Tracks ~Chill Lofi Study Beats Songs  Playlist Spotify  [320]  kbps Beats⭐\Dreams.mp3,1,1,119.566,2026-08-23 11:57:54,2026-08-23 11:57:54
2,RadioTEDU Lo-Fi,/lofi,configured_stream,46988,Drifting On Chords,Jikuru,,,,,,,134.839,H:\RadioTEDU Songs\lofi\Various Artists - lofi autumn vibes by Lola (2023) Mp3 320kbps [PMEDIA] ⭐️\69. Jikuru - Drifting On Chords.mp3,1,1,131.99,2026-08-23 16:58:01,2026-08-23 16:58:01
2,RadioTEDU Lo-Fi,/lofi,configured_stream,45700,Drowsy,Trog'low,,,,,,,147.984,H:\RadioTEDU Songs\lofi\185 Tracks ~Chill Lofi Study Beats Songs  Playlist Spotify  [320]  kbps Beats⭐\185 Tracks ~Chill Lofi Study Beats Songs  Playlist Spotify  [320]  kbps Beats⭐\Drowsy.mp3,1,1,145.462,2026-08-23 00:30:23,2026-08-23 00:30:23
2,RadioTEDU Lo-Fi,/lofi,configured_stream,45701,Dusty Conscience,Matt Large,,,,,,,145.711,H:\RadioTEDU Songs\lofi\185 Tracks ~Chill Lofi Study Beats Songs  Playlist Spotify  [320]  kbps Beats⭐\185 Tracks ~Chill Lofi Study Beats Songs  Playlist Spotify  [320]  kbps Beats⭐\Dusty Conscience.mp3,1,1,142.815,2026-08-23 19:18:57,2026-08-23 19:18:57
2,RadioTEDU Lo-Fi,/lofi,configured_stream,45915,Dyslm - Losing My Chances (ft. fishkid),Dyslm,,,,,,,136.208,H:\RadioTEDU Songs\lofi\Dyslm - Losing My Chances (ft. fishkid).mp3,1,1,133.604,2026-08-23 03:21:59,2026-08-23 03:21:59
2,RadioTEDU Lo-Fi,/lofi,configured_stream,45918,Dyslm - Take Me Home (ft. yaeow),Dyslm,,,,,,,180.16,H:\RadioTEDU Songs\lofi\Dyslm - Take Me Home (ft. yaeow).mp3,1,1,177.208,2026-08-23 13:39:01,2026-08-23 13:39:01
2,RadioTEDU Lo-Fi,/lofi,configured_stream,49698,Early Morning Sun,Erwin Do & saint rumi,,,,,,,130.377,H:\RadioTEDU Songs\lofi\Erwin Do & saint rumi\Fully Blue\06 Early Morning Sun.flac,1,1,127.51,2026-08-23 12:52:57,2026-08-23 12:52:57
2,RadioTEDU Lo-Fi,/lofi,configured_stream,49879,Earth 21,Le Metroid,,,,,,,197.945,H:\RadioTEDU Songs\lofi\Le Metroid\Black Hole\08 Earth 21.flac,1,1,199.271,2026-08-23 21:08:51,2026-08-23 21:08:51
2,RadioTEDU Lo-Fi,/lofi,configured_stream,49470,Easy Lover,"Philip Bailey, Phil Collins",,,,,,,286.825,"H:\RadioTEDU Songs\lofi\24.04\Philip Bailey, Phil Collins - Easy Lover [JkRKT6T0QLg].mp3",1,1,284.047,2026-08-23 04:05:39,2026-08-23 04:05:39
2,RadioTEDU Lo-Fi,/lofi,configured_stream,49766,Eclipse,Hotel Pools,,,,,,,211.771,H:\RadioTEDU Songs\lofi\Hotel Pools\Fall\01 Hotel Pools - Eclipse.flac,1,1,208.938,2026-08-23 16:07:01,2026-08-23 16:07:01
2,RadioTEDU Lo-Fi,/lofi,configured_stream,49621,Embrace,"cxlt., amies",,,,,,,174.253,"H:\RadioTEDU Songs\lofi\cxlt., amies\Color Within Everything\06 cxlt., amies - Embrace.flac",1,1,171.563,2026-08-23 10:23:36,2026-08-23 10:23:36
2,RadioTEDU Lo-Fi,/lofi,configured_stream,49733,Emerald Horizon,"Girl From Nowhere, Boy From Nowhere",,,,,,,189.606,"H:\RadioTEDU Songs\lofi\Girl From Nowhere, Boy From Nowhere\Lost Journey Memories\02 Emerald Horizon.flac",1,1,187.744,2026-08-23 14:31:48,2026-08-23 14:31:48
2,RadioTEDU Lo-Fi,/lofi,configured_stream,49656,Empty Room,Dosi ft. Hoogway,,,,,,,148.972,H:\RadioTEDU Songs\lofi\Dosi\Under the Stars\07 Dosi ft. Hoogway - Empty Room.flac,1,1,146.195,2026-08-23 11:04:18,2026-08-23 11:04:18
2,RadioTEDU Lo-Fi,/lofi,configured_stream,46535,Endless Blue,Richome,,,,,,,161.107,H:\RadioTEDU Songs\lofi\Lofi\cool winds\Richome\Richome - Endless Blue.flac,1,1,158.89,2026-08-23 07:55:14,2026-08-23 07:55:14
2,RadioTEDU Lo-Fi,/lofi,configured_stream,49855,Endurance,Kupla,,,,,,,201.144,H:\RadioTEDU Songs\lofi\Kupla\Somewhere. Nowhere_\04 Kupla - Endurance.flac,1,1,198.359,2026-08-23 19:56:05,2026-08-23 19:56:05
2,RadioTEDU Lo-Fi,/lofi,configured_stream,49646,Enma,"Dimension 32, Mondo Loops",,,,,,,144.25,"H:\RadioTEDU Songs\lofi\Dimension 32, Mondo Loops\Desolation\12 Dimension 32, Mondo Loops - Enma.flac",1,1,141.333,2026-08-23 12:35:13,2026-08-23 12:35:13
2,RadioTEDU Lo-Fi,/lofi,configured_stream,49824,Ephemeral,Juliàn,,,,,,,136.849,H:\RadioTEDU Songs\lofi\Juliàn\Unwind\06 Juliàn - Ephemeral.flac,1,1,134.154,2026-08-23 18:38:42,2026-08-23 18:38:42
2,RadioTEDU Lo-Fi,/lofi,configured_stream,49946,Escaped,"Mujo, Sweet Medicine ft. Mondo Loops",,,,,,,123.643,"H:\RadioTEDU Songs\lofi\Mujo, Sweet Medicine\Nostalgia\05 Mujo, Sweet Medicine ft. Mondo Loops - Escaped.flac",1,1,120.881,2026-08-23 23:48:06,2026-08-23 23:48:06
2,RadioTEDU Lo-Fi,/lofi,configured_stream,49938,Essence of the Forest,Mondo Loops × Purrple Cat,,,,,,,168.198,H:\RadioTEDU Songs\lofi\Mondo Loops\Forest Tales\02 Mondo Loops × Purrple Cat - Essence of the Forest.flac,1,1,165.347,2026-08-23 23:29:15,2026-08-23 23:29:15
2,RadioTEDU Lo-Fi,/lofi,configured_stream,49944,Etude of Youth,Moors,,,,,,,120.006,"H:\RadioTEDU Songs\lofi\Moors\Nocturnal Lullabies, Vol. 1\07 Etude of Youth.flac",1,1,117.112,2026-08-23 23:44:14,2026-08-23 23:44:14
2,RadioTEDU Lo-Fi,/lofi,configured_stream,49594,Evermore,brillion. × Idealism,,,,,,,120.006,"H:\RadioTEDU Songs\lofi\brillion_\Bedtime Stories, Pt. 4\08 brillion. × Idealism - Evermore.flac",1,1,117.145,2026-08-23 10:57:37,2026-08-23 10:57:37
2,RadioTEDU Lo-Fi,/lofi,configured_stream,49945,Everything Gone,"Mujo, Sweet Medicine ft. Jhove",,,,,,,113.332,"H:\RadioTEDU Songs\lofi\Mujo, Sweet Medicine\Better Days\02 Mujo, Sweet Medicine ft. Jhove - Everything Gone.flac",1,1,111.928,2026-08-23 23:46:05,2026-08-23 23:46:05
2,RadioTEDU Lo-Fi,/lofi,configured_stream,49818,everything i couldn’t be,Julia Alexa & Belfa,,,,,,,130.403,H:\RadioTEDU Songs\lofi\Julia Alexa & Belfa\everything i couldn’t be\01 everything i couldn’t be.mp3,1,1,127.442,2026-08-23 18:22:04,2026-08-23 18:22:04
2,RadioTEDU Lo-Fi,/lofi,configured_stream,49783,Everywhere & Nowhere,Indo Silver,,,,,,,204.829,H:\RadioTEDU Songs\lofi\Indo Silver\Liminal Spaces\07 Indo Silver - Everywhere & Nowhere.flac,1,1,202.053,2026-08-23 21:44:54,2026-08-23 21:44:54
2,RadioTEDU Lo-Fi,/lofi,configured_stream,49892,Exosphere,"Lenny Loops, stream_error ft. Sleepermane",,,,,,,129.717,"H:\RadioTEDU Songs\lofi\Lenny Loops, stream_error\Noctilucent\04 Lenny Loops, stream_error ft. Sleepermane - Exosphere.flac",1,1,127.534,2026-08-23 21:39:31,2026-08-23 21:39:31
2,RadioTEDU Lo-Fi,/lofi,configured_stream,49687,Explorers,Elijah Lee × aimless,,,,,,,118.791,H:\RadioTEDU Songs\lofi\Elijah Lee × aimless\Escapade\02 Explorers.flac,1,1,115.862,2026-08-23 12:27:49,2026-08-23 12:27:49
2,RadioTEDU Lo-Fi,/lofi,configured_stream,49812,faint colours (interlude),Jorrit Brodersen,,,,,,,108.006,H:\RadioTEDU Songs\lofi\Jorrit Brodersen\Intimacy\10 faint colours (interlude).flac,1,1,106.384,2026-08-23 18:05:12,2026-08-23 18:05:12
2,RadioTEDU Lo-Fi,/lofi,configured_stream,49672,Falling Stars,dreamẅalker,,,,,,,202.84,H:\RadioTEDU Songs\lofi\dreamẅalker\Oscillations\06 dreamẅalker - Falling Stars.flac,1,1,203.927,2026-08-23 11:53:42,2026-08-23 11:53:42
2,RadioTEDU Lo-Fi,/lofi,configured_stream,45583,Favorite Sause,"DJ Garlik, Bertholet",,,,,,,108.816,H:\RadioTEDU Songs\lofi\100 Lo-Fi Beats to Relax and focus Playlist Spotify (2020) [320]  kbps Beats⭐\100 Lo-Fi Beats to Relax and focus Playlist Spotify (2020) [320]  kbps Beats⭐\Favorite Sause.mp3,1,1,105.94,2026-08-23 14:59:57,2026-08-23 14:59:57
2,RadioTEDU Lo-Fi,/lofi,configured_stream,49747,Feel the Same,"Hevi, H.1",,,,,,,123.053,"H:\RadioTEDU Songs\lofi\Hevi, H.1\Winter Getaway\02 Feel the Same.flac",1,1,121.173,2026-08-23 15:12:35,2026-08-23 15:12:35
2,RadioTEDU Lo-Fi,/lofi,configured_stream,49583,felt,Blissful Radiance,,,,,,,119.482,H:\RadioTEDU Songs\lofi\Blissful Radiance\looking for peace\06 felt.flac,1,1,116.615,2026-08-23 08:42:36,2026-08-23 08:42:36
2,RadioTEDU Lo-Fi,/lofi,configured_stream,46915,Field Trip,Kodium,,,,,,,275.745,H:\RadioTEDU Songs\lofi\VA - Lofi & Lounge Music _ Best Selections (2023) [FLAC]\18 - Kodium - Field Trip.flac,1,1,273.019,2026-08-23 13:36:04,2026-08-23 13:36:04
2,RadioTEDU Lo-Fi,/lofi,configured_stream,49890,Fields,Leavv,,,,,,,118.16,H:\RadioTEDU Songs\lofi\Leavv\Cloud Shapes\04 Leavv - Fields.flac,1,1,118.607,2026-08-23 21:35:26,2026-08-23 21:35:26
2,RadioTEDU Lo-Fi,/lofi,configured_stream,49531,Fireflies,"amies, cxlt.",,,,,,,182.406,"H:\RadioTEDU Songs\lofi\amies, cxlt_\Nocturne\06 Fireflies.flac",1,1,179.488,2026-08-23 07:19:29,2026-08-23 07:19:29
2,RadioTEDU Lo-Fi,/lofi,configured_stream,46935,First Kiss,Jikuru,,,,,,,125.062,H:\RadioTEDU Songs\lofi\Various Artists - lofi autumn vibes by Lola (2023) Mp3 320kbps [PMEDIA] ⭐️\16. Jikuru - First Kiss.mp3,1,1,122.278,2026-08-23 09:10:43,2026-08-23 09:10:43
2,RadioTEDU Lo-Fi,/lofi,configured_stream,47011,Five Six,Lemguine,,,,,,,121.918,H:\RadioTEDU Songs\lofi\Various Artists - lofi autumn vibes by Lola (2023) Mp3 320kbps [PMEDIA] ⭐️\92. Lemguine - Five Six.mp3,1,1,121.288,2026-08-23 14:52:47,2026-08-23 14:52:47
2,RadioTEDU Lo-Fi,/lofi,configured_stream,49830,Flare,Kabes,,,,,,,161.804,H:\RadioTEDU Songs\lofi\Kabes\Spatial Journey\06 Flare.flac,1,1,158.996,2026-08-23 18:52:26,2026-08-23 18:52:26
2,RadioTEDU Lo-Fi,/lofi,configured_stream,49871,"Floating, Drifting",Lawrence Walther ft. Less Gravity,,,,,,,177.171,"H:\RadioTEDU Songs\lofi\Lawrence Walther\Floating Into Serenity\01 Lawrence Walther ft. Less Gravity - Floating, Drifting.flac",1,1,174.538,2026-08-23 20:41:17,2026-08-23 20:41:17
2,RadioTEDU Lo-Fi,/lofi,configured_stream,49618,Flying Carpet (ambient mix),Claude Challe & Carlos Campos,,,,,,,318.747,H:\RadioTEDU Songs\lofi\Claude Challe\Flying Carpet\2-09 Claude Challe & Carlos Campos - Flying Carpet (ambient mix).mp3,1,1,315.792,2026-08-23 10:16:12,2026-08-23 10:16:12
2,RadioTEDU Lo-Fi,/lofi,configured_stream,49724,"Flying, Floating",Gerardo Millán ft. Kainbeats,,,,,,,139.641,"H:\RadioTEDU Songs\lofi\Gerardo Millán\Before the stars\08 Gerardo Millán ft. Kainbeats - Flying, Floating.flac",1,1,137.584,2026-08-23 14:03:00,2026-08-23 14:03:00
2,RadioTEDU Lo-Fi,/lofi,configured_stream,49749,Forever and Ever,"Hevi, H.1",,,,,,,194.792,"H:\RadioTEDU Songs\lofi\Hevi, H.1\Winter Getaway\04 Forever and Ever.flac",1,1,192.031,2026-08-23 15:18:12,2026-08-23 15:18:12
2,RadioTEDU Lo-Fi,/lofi,configured_stream,49864,Forever Changing,Laffey,,,,,,,169.538,H:\RadioTEDU Songs\lofi\Laffey\Forever Changing\01 Laffey - Forever Changing.flac,1,1,166.761,2026-08-23 20:23:21,2026-08-23 20:23:21
2,RadioTEDU Lo-Fi,/lofi,configured_stream,49406,Forever Young ~Official Video,Alphaville,,,,,,,217.652,H:\RadioTEDU Songs\lofi\24.04\Alphaville - Forever Young ~Official Video [t1TcDHrkQYg].mp3,1,1,215.001,2026-08-23 01:07:48,2026-08-23 01:07:48
2,RadioTEDU Lo-Fi,/lofi,configured_stream,45586,Four Seasons,"Deauxnuts, Nokiaa",,,,,,,115.2,H:\RadioTEDU Songs\lofi\100 Lo-Fi Beats to Relax and focus Playlist Spotify (2020) [320]  kbps Beats⭐\100 Lo-Fi Beats to Relax and focus Playlist Spotify (2020) [320]  kbps Beats⭐\Four Seasons.mp3,1,1,112.284,2026-08-23 15:20:04,2026-08-23 15:20:04
2,RadioTEDU Lo-Fi,/lofi,configured_stream,49758,Fragments of the Moon,Hoogway,,,,,,,137.149,H:\RadioTEDU Songs\lofi\Hoogway\Fragments of the Moon\01 Hoogway - Fragments of the Moon (1).flac,1,1,135.279,2026-08-23 15:42:16,2026-08-23 15:42:16
2,RadioTEDU Lo-Fi,/lofi,configured_stream,49759,Fragments of the Moon,Hoogway,,,,,,,137.149,H:\RadioTEDU Songs\lofi\Hoogway\Fragments of the Moon\01 Hoogway - Fragments of the Moon.flac,1,1,134.233,2026-08-23 15:44:30,2026-08-23 15:44:30
2,RadioTEDU Lo-Fi,/lofi,configured_stream,49786,Free,Indo Silver,,,,,,,144.225,H:\RadioTEDU Songs\lofi\Indo Silver\Liminal Spaces\10 Indo Silver - Free.flac,1,1,141.483,2026-08-23 17:00:23,2026-08-23 17:00:23
2,RadioTEDU Lo-Fi,/lofi,configured_stream,49904,French Press,"luv pug, Spaniel Mac",,,,,,,112.948,"H:\RadioTEDU Songs\lofi\luv pug, Spaniel Mac\Sunset\03 luv pug, Spaniel Mac - French Press.flac",1,1,110.736,2026-08-23 22:09:02,2026-08-23 22:09:02
2,RadioTEDU Lo-Fi,/lofi,configured_stream,49873,Frequencies,Le Metroid,,,,,,,158.406,H:\RadioTEDU Songs\lofi\Le Metroid\Black Hole\02 Frequencies.flac,1,1,156.279,2026-08-23 20:47:12,2026-08-23 20:47:12
2,RadioTEDU Lo-Fi,/lofi,configured_stream,45937,fudasca - i know you don't love me but... (ft. shiloh x coldplay cover),fudasca,,,,,,,106.005,H:\RadioTEDU Songs\lofi\fudasca - i know you don't love me but... (ft. shiloh x coldplay cover).mp3,1,1,103.2,2026-08-23 19:48:02,2026-08-23 19:48:02
2,RadioTEDU Lo-Fi,/lofi,configured_stream,45938,fudasca - i regret the words i said (ft. Thomas Reid),fudasca,,,,,,,168.02,H:\RadioTEDU Songs\lofi\fudasca - i regret the words i said (ft. Thomas Reid).mp3,1,1,165.265,2026-08-23 22:04:54,2026-08-23 22:04:54
2,RadioTEDU Lo-Fi,/lofi,configured_stream,45944,fudasca - the only thing on my mind (ft. Snøw and Burgetti),fudasca,,,,,,,171.563,H:\RadioTEDU Songs\lofi\fudasca - the only thing on my mind (ft. Snøw and Burgetti).mp3,1,1,179.473,2026-08-23 01:23:12,2026-08-23 01:23:12
2,RadioTEDU Lo-Fi,/lofi,configured_stream,49579,fuji,Bert ft. Jhove,,,,,,,165.02,H:\RadioTEDU Songs\lofi\Bert\offline\09 Bert ft. Jhove - fuji.flac,1,1,162.521,2026-08-23 08:34:11,2026-08-23 08:34:11
2,RadioTEDU Lo-Fi,/lofi,configured_stream,46943,Gamma Ray,Pepper,,,,,,,151.233,H:\RadioTEDU Songs\lofi\Various Artists - lofi autumn vibes by Lola (2023) Mp3 320kbps [PMEDIA] ⭐️\24. Pepper - Gamma Ray.mp3,1,1,148.457,2026-08-23 02:23:40,2026-08-23 02:23:40
2,RadioTEDU Lo-Fi,/lofi,configured_stream,49840,Garden,"Kayba, Lomme",,,,,,,147.699,"H:\RadioTEDU Songs\lofi\Kayba, Lomme\Explore\04 Kayba, Lomme - Garden.flac",1,1,144.963,2026-08-23 19:14:25,2026-08-23 19:14:25
2,RadioTEDU Lo-Fi,/lofi,configured_stream,49880,Gemini,Le Metroid,,,,,,,275.174,H:\RadioTEDU Songs\lofi\Le Metroid\Black Hole\09 Gemini.flac,1,1,272.418,2026-08-23 23:54:51,2026-08-23 23:54:51
2,RadioTEDU Lo-Fi,/lofi,configured_stream,45714,Genesis,Jinsang,,,,,,,84.376,H:\RadioTEDU Songs\lofi\185 Tracks ~Chill Lofi Study Beats Songs  Playlist Spotify  [320]  kbps Beats⭐\185 Tracks ~Chill Lofi Study Beats Songs  Playlist Spotify  [320]  kbps Beats⭐\Genesis.mp3,1,1,81.666,2026-08-23 06:54:52,2026-08-23 06:54:52
2,RadioTEDU Lo-Fi,/lofi,configured_stream,49669,Ghost in the Shell,dreamẅalker ft. Foudroie,,,,,,,163.206,H:\RadioTEDU Songs\lofi\dreamẅalker\Oscillations\03 dreamẅalker ft. Foudroie - Ghost in the Shell.flac,1,1,160.473,2026-08-23 11:45:37,2026-08-23 11:45:37
2,RadioTEDU Lo-Fi,/lofi,configured_stream,49836,Glacier,Kainbeats ft. Wishes and Dreams,,,,,,,122.806,H:\RadioTEDU Songs\lofi\Kainbeats\Finding Light\07 Kainbeats ft. Wishes and Dreams - Glacier.flac,1,1,120.039,2026-08-23 19:05:41,2026-08-23 19:05:41
2,RadioTEDU Lo-Fi,/lofi,configured_stream,49834,Glass Spire,Kainbeats ft. Towerz,,,,,,,158.83,H:\RadioTEDU Songs\lofi\Kainbeats\Finding Beauty\09 Kainbeats ft. Towerz - Glass Spire.flac,1,1,159.334,2026-08-23 19:01:46,2026-08-23 19:01:46
2,RadioTEDU Lo-Fi,/lofi,configured_stream,49587,Going South,Blumen,,,,,,,150.163,H:\RadioTEDU Songs\lofi\Blumen\La Hague\01 Blumen - Going South.flac,1,1,147.365,2026-08-23 08:52:44,2026-08-23 08:52:44
2,RadioTEDU Lo-Fi,/lofi,configured_stream,49799,Golden Hour,Jhove × fourwalls,,,,,,,136.006,H:\RadioTEDU Songs\lofi\Jhove × fourwalls\Golden Hour\05 Jhove × fourwalls - Golden Hour.flac,1,1,133.331,2026-08-23 17:28:32,2026-08-23 17:28:32
2,RadioTEDU Lo-Fi,/lofi,configured_stream,45589,Golden Hours,Justnormal,,,,,,,148.248,H:\RadioTEDU Songs\lofi\100 Lo-Fi Beats to Relax and focus Playlist Spotify (2020) [320]  kbps Beats⭐\100 Lo-Fi Beats to Relax and focus Playlist Spotify (2020) [320]  kbps Beats⭐\Golden Hours.mp3,1,1,146.599,2026-08-23 02:53:00,2026-08-23 02:53:00
2,RadioTEDU Lo-Fi,/lofi,configured_stream,49416,Got To Be Real,Cheryl Lynn,,,,,,,309.545,H:\RadioTEDU Songs\lofi\24.04\Cheryl Lynn - Got To Be Real (Official Audio) [fI569nw0YUQ].mp3,1,1,306.573,2026-08-23 20:56:38,2026-08-23 20:56:38
2,RadioTEDU Lo-Fi,/lofi,configured_stream,49439,Green,,,,,,,,205.079,H:\RadioTEDU Songs\lofi\24.04\Green [yvajTUYa1Mc].mp3,1,1,205.491,2026-08-23 02:40:43,2026-08-23 02:40:43
2,RadioTEDU Lo-Fi,/lofi,configured_stream,45718,Green,Mun$,,,,,,,111.02,H:\RadioTEDU Songs\lofi\185 Tracks ~Chill Lofi Study Beats Songs  Playlist Spotify  [320]  kbps Beats⭐\185 Tracks ~Chill Lofi Study Beats Songs  Playlist Spotify  [320]  kbps Beats⭐\Green.mp3,1,1,108.089,2026-08-23 00:32:11,2026-08-23 00:32:11
2,RadioTEDU Lo-Fi,/lofi,configured_stream,45722,happy hour,Nohidea,,,,,,,69.825,H:\RadioTEDU Songs\lofi\185 Tracks ~Chill Lofi Study Beats Songs  Playlist Spotify  [320]  kbps Beats⭐\185 Tracks ~Chill Lofi Study Beats Songs  Playlist Spotify  [320]  kbps Beats⭐\happy hour.mp3,1,1,67.787,2026-08-23 09:24:15,2026-08-23 09:24:15
2,RadioTEDU Lo-Fi,/lofi,configured_stream,46047,Harmonie der Elemente,VA,,,,,,,638.8,H:\RadioTEDU Songs\lofi\Imported\E_RadioTEDU_Database\Umut_Music\VA_-_Songs_Zum_Traeumen_und_Entspannen-MAG-2009-sUppLeX\05_va_-_harmonie_der_elemente-supplex.mp3,1,1,636.346,2026-08-23 15:10:34,2026-08-23 15:10:34
2,RadioTEDU Lo-Fi,/lofi,configured_stream,45724,Hawaii,Ahe Bane,,,,,,,170.998,H:\RadioTEDU Songs\lofi\185 Tracks ~Chill Lofi Study Beats Songs  Playlist Spotify  [320]  kbps Beats⭐\185 Tracks ~Chill Lofi Study Beats Songs  Playlist Spotify  [320]  kbps Beats⭐\Hawaii.mp3,1,1,168.246,2026-08-23 04:36:56,2026-08-23 04:36:56
2,RadioTEDU Lo-Fi,/lofi,configured_stream,46950,Healing Potion,el delpha,,,,,,,183.6,H:\RadioTEDU Songs\lofi\Various Artists - lofi autumn vibes by Lola (2023) Mp3 320kbps [PMEDIA] ⭐️\31. el delpha - Healing Potion.mp3,1,1,180.85,2026-08-23 07:50:56,2026-08-23 07:50:56
2,RadioTEDU Lo-Fi,/lofi,configured_stream,49789,Heart Beats Slow,Indo Silver,,,,,,,151.907,H:\RadioTEDU Songs\lofi\Indo Silver\Liminal Spaces\13 Indo Silver - Heart Beats Slow.flac,1,1,149.935,2026-08-23 17:08:09,2026-08-23 17:08:09
2,RadioTEDU Lo-Fi,/lofi,configured_stream,49412,Heart Of Glass,Blondie,,,,,,,222.447,H:\RadioTEDU Songs\lofi\24.04\Blondie - Heart Of Glass [WGU_4-5RaxU].mp3,1,1,221.199,2026-08-23 16:03:33,2026-08-23 16:03:33
2,RadioTEDU Lo-Fi,/lofi,configured_stream,49615,Heart of the Sea,"Charlee Nguyen, Mondo Loops",,,,,,,142.332,"H:\RadioTEDU Songs\lofi\Charlee Nguyen, Mondo Loops\Amidst the Seven Seas\01 Charlee Nguyen, Mondo Loops - Heart of the Sea.flac",1,1,140.619,2026-08-23 10:06:24,2026-08-23 10:06:24
2,RadioTEDU Lo-Fi,/lofi,configured_stream,45958,heizzah - friends,heizzah,,,,,,,154.325,H:\RadioTEDU Songs\lofi\heizzah - friends.mp3,1,1,151.604,2026-08-23 13:50:20,2026-08-23 13:50:20
2,RadioTEDU Lo-Fi,/lofi,configured_stream,49535,hey how are you,"another silent weekend, Blurred Figures",,,,,,,155.083,"H:\RadioTEDU Songs\lofi\another silent weekend, Blurred Figures\one particular moment\04 another silent weekend, Blurred Figures - hey how are you.flac",1,1,152.23,2026-08-23 07:28:29,2026-08-23 07:28:29
2,RadioTEDU Lo-Fi,/lofi,configured_stream,49947,High Tide,MyceliumBug,,,,,,,134.406,H:\RadioTEDU Songs\lofi\MyceliumBug\Melatonin\01 High Tide.flac,1,1,131.697,2026-08-23 23:50:18,2026-08-23 23:50:18
2,RadioTEDU Lo-Fi,/lofi,configured_stream,49889,Hills,Le Metroid,,,,,,,193.056,H:\RadioTEDU Songs\lofi\Le Metroid\Rebirth Island\02 Hills.flac,1,1,190.234,2026-08-23 21:33:28,2026-08-23 21:33:28
2,RadioTEDU Lo-Fi,/lofi,configured_stream,45960,Hilly - Feeling Whitney (ft. Nikki),Hilly,,,,,,,86.165,H:\RadioTEDU Songs\lofi\Hilly - Feeling Whitney (ft. Nikki).mp3,1,1,83.934,2026-08-23 07:32:39,2026-08-23 07:32:39
2,RadioTEDU Lo-Fi,/lofi,configured_stream,49539,Hiraeth,Bcalm & Banks,,,,,,,136.558,"H:\RadioTEDU Songs\lofi\Bcalm & Banks\Feelings, Pt. 2\02 Bcalm & Banks - Hiraeth.flac",1,1,133.684,2026-08-23 07:37:23,2026-08-23 07:37:23
2,RadioTEDU Lo-Fi,/lofi,configured_stream,49584,Holy Source,Blue Fox,,,,,,,156.93,H:\RadioTEDU Songs\lofi\Blue Fox\Dreamland\01 Holy Source.flac,1,1,154.016,2026-08-23 08:45:10,2026-08-23 08:45:10
2,RadioTEDU Lo-Fi,/lofi,configured_stream,49549,Home,Bcalm ft. Lonely Llama,,,,,,,140.631,H:\RadioTEDU Songs\lofi\Bcalm\For You\02 Bcalm ft. Lonely Llama - Home.flac,1,1,137.803,2026-08-23 08:02:14,2026-08-23 08:02:14
2,RadioTEDU Lo-Fi,/lofi,configured_stream,45590,Home_,"Toonorth, MARTIN $KY",,,,,,,136.704,H:\RadioTEDU Songs\lofi\100 Lo-Fi Beats to Relax and focus Playlist Spotify (2020) [320]  kbps Beats⭐\100 Lo-Fi Beats to Relax and focus Playlist Spotify (2020) [320]  kbps Beats⭐\Home_.mp3,1,1,134.283,2026-08-23 02:00:36,2026-08-23 02:00:36
2,RadioTEDU Lo-Fi,/lofi,configured_stream,46946,homecoming,Hasty Boban,,,,,,,141.671,H:\RadioTEDU Songs\lofi\Various Artists - lofi autumn vibes by Lola (2023) Mp3 320kbps [PMEDIA] ⭐️\27. Hasty Boban - homecoming.mp3,1,1,139.669,2026-08-23 07:57:34,2026-08-23 07:57:34
2,RadioTEDU Lo-Fi,/lofi,configured_stream,49662,House Blend,Dreamfield ft. Fred Paci,,,,,,,133.031,H:\RadioTEDU Songs\lofi\Dreamfield\Brothers in Arms\05 Dreamfield ft. Fred Paci - House Blend.flac,1,1,130.281,2026-08-23 12:09:30,2026-08-23 12:09:30
2,RadioTEDU Lo-Fi,/lofi,configured_stream,49408,How Deep Is Your Love,Bee Gees,,,,,,,239.34,H:\RadioTEDU Songs\lofi\24.04\Bee Gees - How Deep Is Your Love (Official Video) [XpqqjU7u5Yc].mp3,1,1,236.637,2026-08-23 01:15:42,2026-08-23 01:15:42
2,RadioTEDU Lo-Fi,/lofi,configured_stream,46532,Hypnotic Distance,R Skye,,,,,,,135.006,H:\RadioTEDU Songs\lofi\Lofi\cool winds\R Skye\R Skye - Hypnotic Distance.flac,1,1,132.434,2026-08-23 09:30:44,2026-08-23 09:30:44
2,RadioTEDU Lo-Fi,/lofi,configured_stream,46770,I Don't Love You Anymore,Sarcastic Sounds,,,,,,,77.696,H:\RadioTEDU Songs\lofi\Sarcastic Sounds - I Don't Love You Anymore.mp3,1,1,74.807,2026-08-23 08:07:44,2026-08-23 08:07:44
2,RadioTEDU Lo-Fi,/lofi,configured_stream,49603,I Don’t Know Why You Call,BVG,,,,,,,171.691,H:\RadioTEDU Songs\lofi\BVG\I Don’t Know Why You Call\01 I Don’t Know Why You Call.mp3,1,1,168.928,2026-08-23 09:33:32,2026-08-23 09:33:32
2,RadioTEDU Lo-Fi,/lofi,configured_stream,49598,I Hope We Make It,BVG feat. Ayh Okay,,,,,,,196.928,H:\RadioTEDU Songs\lofi\BVG feat. Ayh Okay\I Hope We Make It\01 I Hope We Make It.mp3,1,1,194.126,2026-08-23 11:10:56,2026-08-23 11:10:56
2,RadioTEDU Lo-Fi,/lofi,configured_stream,49715,i hope you love me back,furino,,,,,,,137.003,H:\RadioTEDU Songs\lofi\furino\i hope you love me back\01 i hope you love me back.mp3,1,1,134.135,2026-08-23 13:41:15,2026-08-23 13:41:15
2,RadioTEDU Lo-Fi,/lofi,configured_stream,49607,I Miss Everything About Her,BVG,,,,,,,123.093,H:\RadioTEDU Songs\lofi\BVG\This Could Have Been Our Love Story\03 BVG - I Miss Everything About Her.mp3,1,1,121.29,2026-08-23 09:43:13,2026-08-23 09:43:13
2,RadioTEDU Lo-Fi,/lofi,configured_stream,45726,I need to paint my walls,A L E X,,,,,,,163.5,H:\RadioTEDU Songs\lofi\185 Tracks ~Chill Lofi Study Beats Songs  Playlist Spotify  [320]  kbps Beats⭐\185 Tracks ~Chill Lofi Study Beats Songs  Playlist Spotify  [320]  kbps Beats⭐\I need to paint my walls.mp3,1,1,160.796,2026-08-23 11:18:54,2026-08-23 11:18:54
2,RadioTEDU Lo-Fi,/lofi,configured_stream,49685,I Never Did,dyslm & DNAKM,,,,,,,124.693,H:\RadioTEDU Songs\lofi\dyslm & DNAKM\I Never Did\01 I Never Did.mp3,1,1,121.834,2026-08-23 12:23:35,2026-08-23 12:23:35
2,RadioTEDU Lo-Fi,/lofi,configured_stream,49436,I Will Survive,Gloria Gaynor,,,,,,,194.363,H:\RadioTEDU Songs\lofi\24.04\Gloria Gaynor - I Will Survive [6dYWe1c3OyU].mp3,1,1,191.558,2026-08-23 02:32:47,2026-08-23 02:32:47
2,RadioTEDU Lo-Fi,/lofi,configured_stream,49425,I'm Coming Out,Diana Ross,,,,,,,215.679,H:\RadioTEDU Songs\lofi\24.04\Diana Ross - I'm Coming Out [F-mjl63e0ms].mp3,1,1,212.788,2026-08-23 17:51:23,2026-08-23 17:51:23
2,RadioTEDU Lo-Fi,/lofi,configured_stream,49844,I've Changed for You,Kina feat. Madson Project.,,,,,,,193.493,H:\RadioTEDU Songs\lofi\Kina feat. Madson Project_\I've Changed for You\01 I've Changed for You.mp3,1,1,190.657,2026-08-23 19:26:26,2026-08-23 19:26:26
2,RadioTEDU Lo-Fi,/lofi,configured_stream,45729,icicles,Flavors,,,,,,,77.767,H:\RadioTEDU Songs\lofi\185 Tracks ~Chill Lofi Study Beats Songs  Playlist Spotify  [320]  kbps Beats⭐\185 Tracks ~Chill Lofi Study Beats Songs  Playlist Spotify  [320]  kbps Beats⭐\icicles.mp3,1,1,76.537,2026-08-23 03:36:50,2026-08-23 03:36:50
2,RadioTEDU Lo-Fi,/lofi,configured_stream,49821,if u can take my pain away,Julia Alexa,,,,,,,161.89,H:\RadioTEDU Songs\lofi\Julia Alexa\if u can take my pain away\01 if u can take my pain away.mp3,1,1,159.187,2026-08-23 18:28:58,2026-08-23 18:28:58
2,RadioTEDU Lo-Fi,/lofi,configured_stream,45975,Imfinenow & Sølace - Like You Were With Me (ft. Madson.),Imfinenow & Sølace,,,,,,,184.483,H:\RadioTEDU Songs\lofi\Imfinenow & Sølace - Like You Were With Me (ft. Madson.).mp3,1,1,184.146,2026-08-23 10:38:44,2026-08-23 10:38:44
2,RadioTEDU Lo-Fi,/lofi,configured_stream,45979,imfinenow - i loved you but i will never know,imfinenow,,,,,,,102.336,H:\RadioTEDU Songs\lofi\imfinenow - i loved you but i will never know.mp3,1,1,102.303,2026-08-23 22:31:07,2026-08-23 22:31:07
2,RadioTEDU Lo-Fi,/lofi,configured_stream,45980,Imfinenow - Just A Mistake (ft. Sølace),Imfinenow,,,,,,,172.13,H:\RadioTEDU Songs\lofi\Imfinenow - Just A Mistake (ft. Sølace).mp3,1,1,177.272,2026-08-23 03:16:01,2026-08-23 03:16:01
2,RadioTEDU Lo-Fi,/lofi,configured_stream,45982,Imfinenow - missing you right now (ft. Yaeow),Imfinenow,,,,,,,169.726,H:\RadioTEDU Songs\lofi\Imfinenow - missing you right now (ft. Yaeow).mp3,1,1,166.877,2026-08-23 07:31:15,2026-08-23 07:31:15
2,RadioTEDU Lo-Fi,/lofi,configured_stream,45983,Imfinenow - Too Late (ft. Solace.),Imfinenow,,,,,,,109.691,H:\RadioTEDU Songs\lofi\Imfinenow - Too Late (ft. Solace.).mp3,1,1,107.116,2026-08-23 11:47:24,2026-08-23 11:47:24
2,RadioTEDU Lo-Fi,/lofi,configured_stream,49935,Imperfect Dust,"Mondo Loops, Aiguille",,,,,,,157.384,"H:\RadioTEDU Songs\lofi\Mondo Loops, Aiguille\Nature’s Beauty\05 Imperfect Dust.flac",1,1,155.295,2026-08-23 23:22:33,2026-08-23 23:22:33
2,RadioTEDU Lo-Fi,/lofi,configured_stream,49666,In a Dream,Dreamfield ft. Fred Paci,,,,,,,168.256,H:\RadioTEDU Songs\lofi\Dreamfield\Brothers in Arms\11 Dreamfield ft. Fred Paci - In a Dream.flac,1,1,165.515,2026-08-23 11:37:03,2026-08-23 11:37:03
2,RadioTEDU Lo-Fi,/lofi,configured_stream,49683,In Place,dryhope,,,,,,,124.9,H:\RadioTEDU Songs\lofi\dryhope\Undertow\01 In Place.flac,1,1,122.656,2026-08-23 12:18:33,2026-08-23 12:18:33
2,RadioTEDU Lo-Fi,/lofi,configured_stream,49907,in ur eyes,maniken05,,,,,,,145.995,H:\RadioTEDU Songs\lofi\maniken05\777\06 in ur eyes.mp3,1,1,143.368,2026-08-23 22:15:54,2026-08-23 22:15:54
2,RadioTEDU Lo-Fi,/lofi,configured_stream,45731,infamous,strøget,,,,,,,194.978,H:\RadioTEDU Songs\lofi\185 Tracks ~Chill Lofi Study Beats Songs  Playlist Spotify  [320]  kbps Beats⭐\185 Tracks ~Chill Lofi Study Beats Songs  Playlist Spotify  [320]  kbps Beats⭐\infamous.mp3,1,1,193.031,2026-08-23 04:15:08,2026-08-23 04:15:08
2,RadioTEDU Lo-Fi,/lofi,configured_stream,49778,"Infinity, again",Indo Silver,,,,,,,134.393,"H:\RadioTEDU Songs\lofi\Indo Silver\Liminal Spaces\02 Indo Silver - Infinity, again.flac",1,1,132.365,2026-08-23 16:39:00,2026-08-23 16:39:00
2,RadioTEDU Lo-Fi,/lofi,configured_stream,49501,Insipiration,[unknown],,,,,,,430.933,H:\RadioTEDU Songs\lofi\[unknown]\Best Friends_ Best Of\01 Insipiration.mp3,1,1,434.548,2026-08-23 05:45:41,2026-08-23 05:45:41
2,RadioTEDU Lo-Fi,/lofi,configured_stream,49421,Instant Crush (Official Video) ft. Julian Casablancas,Daft Punk,,,,,,,339.766,H:\RadioTEDU Songs\lofi\24.04\Daft Punk - Instant Crush (Official Video) ft. Julian Casablancas [a5uQMwRMHcs].mp3,1,1,340.154,2026-08-23 01:50:57,2026-08-23 01:50:57
2,RadioTEDU Lo-Fi,/lofi,configured_stream,49768,Interlude,Hotel Pools,,,,,,,106.111,H:\RadioTEDU Songs\lofi\Hotel Pools\Fall\03 Hotel Pools - Interlude.flac,1,1,103.261,2026-08-23 16:11:14,2026-08-23 16:11:14
2,RadioTEDU Lo-Fi,/lofi,configured_stream,49708,Interstellar,Foudroie ft. Forhill,,,,,,,174.256,H:\RadioTEDU Songs\lofi\Foudroie\The Journey\04 Foudroie ft. Forhill - Interstellar.flac,1,1,171.521,2026-08-23 13:20:25,2026-08-23 13:20:25
2,RadioTEDU Lo-Fi,/lofi,configured_stream,49803,intimacy (intro),Jorrit Brodersen,,,,,,,164.006,H:\RadioTEDU Songs\lofi\Jorrit Brodersen\Intimacy\01 intimacy (intro).flac,1,1,161.264,2026-08-23 17:39:21,2026-08-23 17:39:21
2,RadioTEDU Lo-Fi,/lofi,configured_stream,46106,INTRN - All I See,INTRN,,,,,,,158.093,H:\RadioTEDU Songs\lofi\INTRN - All I See.mp3,1,1,156.755,2026-08-23 03:24:36,2026-08-23 03:24:36
2,RadioTEDU Lo-Fi,/lofi,configured_stream,49451,It Ain't Over 'Til It's Over,Lenny Kravitz,,,,,,,245.458,H:\RadioTEDU Songs\lofi\24.04\Lenny Kravitz - It Ain't Over 'Til It's Over (Official Music Video) [TmENMZFUU_0].mp3,1,1,243.136,2026-08-23 14:07:04,2026-08-23 14:07:04
2,RadioTEDU Lo-Fi,/lofi,configured_stream,49725,It Feels Like Yesterday,Gerardo Millán,,,,,,,144.91,H:\RadioTEDU Songs\lofi\Gerardo Millán\Before the stars\09 Gerardo Millán - It Feels Like Yesterday.flac,1,1,143.63,2026-08-23 15:14:59,2026-08-23 15:14:59
2,RadioTEDU Lo-Fi,/lofi,configured_stream,46108,it's gonna be alright,,,,,,,,175.339,H:\RadioTEDU Songs\lofi\it's gonna be alright.mp3,1,1,172.402,2026-08-23 18:08:05,2026-08-23 18:08:05
2,RadioTEDU Lo-Fi,/lofi,configured_stream,49737,I’ll Meet You at the Station,"Glimlip, Louk",,,,,,,146.019,"H:\RadioTEDU Songs\lofi\Glimlip, Louk\Can We Talk\04 I’ll Meet You at the Station.flac",1,1,144.284,2026-08-23 23:17:43,2026-08-23 23:17:43
2,RadioTEDU Lo-Fi,/lofi,configured_stream,46112,Jay-Lounge - Frostbite,Jay-Lounge,,,,,,,207.339,H:\RadioTEDU Songs\lofi\Jay-Lounge - Frostbite.mp3,1,1,206.541,2026-08-23 06:00:39,2026-08-23 06:00:39
2,RadioTEDU Lo-Fi,/lofi,configured_stream,46113,Jay-Lounge - Snowflakes,Jay-Lounge,,,,,,,243.605,H:\RadioTEDU Songs\lofi\Jay-Lounge - Snowflakes.mp3,1,1,240.904,2026-08-23 04:50:34,2026-08-23 04:50:34
2,RadioTEDU Lo-Fi,/lofi,configured_stream,46115,jhove - with you,jhove,,,,,,,135.531,H:\RadioTEDU Songs\lofi\jhove - with you.mp3,1,1,132.771,2026-08-23 11:55:55,2026-08-23 11:55:55
2,RadioTEDU Lo-Fi,/lofi,configured_stream,46117,jishle - undone,jishle,,,,,,,79.253,H:\RadioTEDU Songs\lofi\jishle - undone.mp3,1,1,82.567,2026-08-23 21:15:40,2026-08-23 21:15:40
2,RadioTEDU Lo-Fi,/lofi,configured_stream,46118,Joji - 18 (Ondi Vil Remix),Joji,,,,,,,209.963,H:\RadioTEDU Songs\lofi\Joji - 18 (Ondi Vil Remix).mp3,1,1,209.179,2026-08-23 15:30:13,2026-08-23 15:30:13
2,RadioTEDU Lo-Fi,/lofi,configured_stream,46119,Joji - Slow Dancing in The Dark (imasgrohn Remix),Joji,,,,,,,189.695,H:\RadioTEDU Songs\lofi\Joji - Slow Dancing in The Dark (imasgrohn Remix).mp3,1,1,186.813,2026-08-23 09:13:49,2026-08-23 09:13:49
2,RadioTEDU Lo-Fi,/lofi,configured_stream,49705,Journey,Foudroie,,,,,,,222.322,H:\RadioTEDU Songs\lofi\Foudroie\The Journey\01 Foudroie - Journey.flac,1,1,221.042,2026-08-23 13:12:06,2026-08-23 13:12:06
2,RadioTEDU Lo-Fi,/lofi,configured_stream,49901,Journey of Stillness,"LUQĘT, Strong.AL& ft. thankful for the rain",,,,,,,129.913,"H:\RadioTEDU Songs\lofi\LUQĘT, Strong.AL&\Fragments of Changes\05 LUQĘT, Strong.AL& ft. thankful for the rain - Journey of Stillness.flac",1,1,127.024,2026-08-23 22:02:09,2026-08-23 22:02:09
2,RadioTEDU Lo-Fi,/lofi,configured_stream,46963,Journey To Nowhere,Jikuru,,,,,,,127.307,H:\RadioTEDU Songs\lofi\Various Artists - lofi autumn vibes by Lola (2023) Mp3 320kbps [PMEDIA] ⭐️\44. Jikuru - Journey To Nowhere.mp3,1,1,124.715,2026-08-23 16:41:04,2026-08-23 16:41:04
2,RadioTEDU Lo-Fi,/lofi,configured_stream,49447,Joy,,,,,,,,205.76,H:\RadioTEDU Songs\lofi\24.04\Joy [qCjSN11d4VM].mp3,1,1,203.444,2026-08-23 11:07:41,2026-08-23 11:07:41
2,RadioTEDU Lo-Fi,/lofi,configured_stream,49578,joycelyn’s dance,berlioz,,,,,,,198.5,H:\RadioTEDU Songs\lofi\berlioz\open this wall\07 joycelyn’s dance.flac,1,1,195.582,2026-08-23 08:31:29,2026-08-23 08:31:29
2,RadioTEDU Lo-Fi,/lofi,configured_stream,45738,just you,Ameba,,,,,,,124.134,H:\RadioTEDU Songs\lofi\185 Tracks ~Chill Lofi Study Beats Songs  Playlist Spotify  [320]  kbps Beats⭐\185 Tracks ~Chill Lofi Study Beats Songs  Playlist Spotify  [320]  kbps Beats⭐\just you.mp3,1,1,124.364,2026-08-23 16:35:15,2026-08-23 16:35:15
2,RadioTEDU Lo-Fi,/lofi,configured_stream,46127,"Kaxi, Teqkoi & enluv - I don't want to hurt u anymore","Kaxi, Teqkoi & enluv",,,,,,,187.691,"H:\RadioTEDU Songs\lofi\Kaxi, Teqkoi & enluv - I don't want to hurt u anymore.mp3",1,1,185.035,2026-08-23 17:16:50,2026-08-23 17:16:50
2,RadioTEDU Lo-Fi,/lofi,configured_stream,46128,Kayou. & Aiko - Once More,Kayou. & Aiko,,,,,,,124.285,H:\RadioTEDU Songs\lofi\Kayou. & Aiko - Once More.mp3,1,1,121.542,2026-08-23 03:59:05,2026-08-23 03:59:05
2,RadioTEDU Lo-Fi,/lofi,configured_stream,46132,Kayou. - I Can't Hate You (ft. yaeow),Kayou,,,,,,,178.492,H:\RadioTEDU Songs\lofi\Kayou. - I Can't Hate You (ft. yaeow).mp3,1,1,176.579,2026-08-23 05:11:06,2026-08-23 05:11:06
2,RadioTEDU Lo-Fi,/lofi,configured_stream,49591,kermode,"Blurred Figures, another silent weekend",,,,,,,139.251,"H:\RadioTEDU Songs\lofi\Blurred Figures, another silent weekend\finding comfort\08 Blurred Figures, another silent weekend - kermode.flac",1,1,136.393,2026-08-23 19:09:49,2026-08-23 19:09:49
2,RadioTEDU Lo-Fi,/lofi,configured_stream,49434,Killing Me Softly With His Song,Fugees,,,,,,,253.931,H:\RadioTEDU Songs\lofi\24.04\Fugees - Killing Me Softly With His Song (Official Video) [oKOtzIo-uYw].mp3,1,1,251.013,2026-08-23 15:56:47,2026-08-23 15:56:47
2,RadioTEDU Lo-Fi,/lofi,configured_stream,49851,Koop Island Blues,Koop,,,,,,,273.855,H:\RadioTEDU Songs\lofi\Koop\Koop Islands\01 Koop Island Blues.mp3,1,1,271.362,2026-08-23 19:46:19,2026-08-23 19:46:19
2,RadioTEDU Lo-Fi,/lofi,configured_stream,49896,Koshi,Living Room ft. Otaam,,,,,,,125.578,H:\RadioTEDU Songs\lofi\Living Room\Memories\05 Living Room ft. Otaam - Koshi.flac,1,1,122.811,2026-08-23 21:50:58,2026-08-23 21:50:58
2,RadioTEDU Lo-Fi,/lofi,configured_stream,49671,Lacreation,dreamẅalker,,,,,,,173.202,H:\RadioTEDU Songs\lofi\dreamẅalker\Oscillations\05 dreamẅalker - Lacreation.flac,1,1,171.893,2026-08-23 11:50:18,2026-08-23 11:50:18
2,RadioTEDU Lo-Fi,/lofi,configured_stream,49854,Lavender,Kupla,,,,,,,154.824,H:\RadioTEDU Songs\lofi\Kupla\Melody Mountain\01 Lavender.flac,1,1,152.009,2026-08-23 19:52:47,2026-08-23 19:52:47
2,RadioTEDU Lo-Fi,/lofi,configured_stream,49905,Leaves,M e a d o w ft. Drxnk × Sátyr,,,,,,,112.006,H:\RadioTEDU Songs\lofi\M e a d o w\Days of Tomorrow\06 M e a d o w ft. Drxnk × Sátyr - Leaves.flac,1,1,110.518,2026-08-23 22:10:53,2026-08-23 22:10:53
2,RadioTEDU Lo-Fi,/lofi,configured_stream,49809,left behind (freely),Jorrit Brodersen,,,,,,,114.292,H:\RadioTEDU Songs\lofi\Jorrit Brodersen\Intimacy\07 left behind (freely).flac,1,1,111.621,2026-08-23 17:57:47,2026-08-23 17:57:47
2,RadioTEDU Lo-Fi,/lofi,configured_stream,45595,Lesson on Counting,"quickly, quickly",,,,,,,137.16,H:\RadioTEDU Songs\lofi\100 Lo-Fi Beats to Relax and focus Playlist Spotify (2020) [320]  kbps Beats⭐\100 Lo-Fi Beats to Relax and focus Playlist Spotify (2020) [320]  kbps Beats⭐\Lesson on Counting.mp3,1,1,135.466,2026-08-23 13:17:34,2026-08-23 13:17:34
2,RadioTEDU Lo-Fi,/lofi,configured_stream,49699,Let It Go,Etro Anime,,,,,,,199.667,H:\RadioTEDU Songs\lofi\Etro Anime\See the Sound\06 Let It Go.mp3,1,1,197.42,2026-08-23 12:56:14,2026-08-23 12:56:14
2,RadioTEDU Lo-Fi,/lofi,configured_stream,49429,Let's Groove,"Earth, Wind & Fire",,,,,,,235.307,"H:\RadioTEDU Songs\lofi\24.04\Earth, Wind & Fire - Let's Groove (Official HD Video) [Lrle0x_DHBM].mp3",1,1,232.762,2026-08-23 02:12:51,2026-08-23 02:12:51
2,RadioTEDU Lo-Fi,/lofi,configured_stream,49582,Levitate,Billie Zizi,,,,,,,196.849,H:\RadioTEDU Songs\lofi\Billie Zizi\Levitate\01 Levitate.flac,1,1,194.865,2026-08-23 16:55:49,2026-08-23 16:55:49
2,RadioTEDU Lo-Fi,/lofi,configured_stream,49810,life goes away,Jorrit Brodersen,,,,,,,149.097,H:\RadioTEDU Songs\lofi\Jorrit Brodersen\Intimacy\08 life goes away.flac,1,1,148.073,2026-08-23 18:00:16,2026-08-23 18:00:16
2,RadioTEDU Lo-Fi,/lofi,configured_stream,49833,Lilac,Kainbeats,,,,,,,127.606,H:\RadioTEDU Songs\lofi\Kainbeats\Angelic\01 Kainbeats - Lilac.flac,1,1,124.881,2026-08-23 18:59:06,2026-08-23 18:59:06
2,RadioTEDU Lo-Fi,/lofi,configured_stream,46653,lomode - intoxicated (ft. ivri),lomode,,,,,,,167.137,H:\RadioTEDU Songs\lofi\lomode - intoxicated (ft. ivri).mp3,1,1,164.294,2026-08-23 17:03:07,2026-08-23 17:03:07
2,RadioTEDU Lo-Fi,/lofi,configured_stream,49761,Lost in the Blue,Hoogway,,,,,,,153.006,H:\RadioTEDU Songs\lofi\Hoogway\Life Is for Living\04 Hoogway - Lost in the Blue.flac,1,1,150.171,2026-08-23 18:13:18,2026-08-23 18:13:18
2,RadioTEDU Lo-Fi,/lofi,configured_stream,49922,Lost in Translation,Mariposa,,,,,,,176.756,H:\RadioTEDU Songs\lofi\Mariposa\The House on the Hill\14 Lost in Translation.flac,1,1,173.968,2026-08-23 22:49:37,2026-08-23 22:49:37
2,RadioTEDU Lo-Fi,/lofi,configured_stream,49680,Lost Signal,dreamẅalker,,,,,,,170.673,H:\RadioTEDU Songs\lofi\dreamẅalker\Oscillations\14 dreamẅalker - Lost Signal.flac,1,1,167.869,2026-08-23 12:12:17,2026-08-23 12:12:17
2,RadioTEDU Lo-Fi,/lofi,configured_stream,49934,Lost Touch,"Mondo Loops, Aiguille",,,,,,,132.42,"H:\RadioTEDU Songs\lofi\Mondo Loops, Aiguille\Nature’s Beauty\03 Lost Touch.flac",1,1,133.222,2026-08-23 23:19:57,2026-08-23 23:19:57
2,RadioTEDU Lo-Fi,/lofi,configured_stream,49444,Love Me Again,John Newman,,,,,,,235.125,H:\RadioTEDU Songs\lofi\24.04\John Newman - Love Me Again [CfihYWRWRTQ].mp3,1,1,235.308,2026-08-23 02:56:59,2026-08-23 02:56:59
2,RadioTEDU Lo-Fi,/lofi,configured_stream,49472,Love Me Not,Ravyn Lenae,,,,,,,218.639,H:\RadioTEDU Songs\lofi\24.04\Ravyn Lenae - Love Me Not (Official Music Video) [cswfR85D7jM].mp3,1,1,216.43,2026-08-23 04:11:55,2026-08-23 04:11:55
2,RadioTEDU Lo-Fi,/lofi,configured_stream,46965,Lunar Conversation,Jikuru,,,,,,,133.582,H:\RadioTEDU Songs\lofi\Various Artists - lofi autumn vibes by Lola (2023) Mp3 320kbps [PMEDIA] ⭐️\46. Jikuru - Lunar Conversation.mp3,1,1,134.071,2026-08-23 19:58:19,2026-08-23 19:58:19
2,RadioTEDU Lo-Fi,/lofi,configured_stream,45746,Lune,Hue Honey,,,,,,,96.0,H:\RadioTEDU Songs\lofi\185 Tracks ~Chill Lofi Study Beats Songs  Playlist Spotify  [320]  kbps Beats⭐\185 Tracks ~Chill Lofi Study Beats Songs  Playlist Spotify  [320]  kbps Beats⭐\Lune.mp3,1,1,93.186,2026-08-23 05:16:45,2026-08-23 05:16:45
2,RadioTEDU Lo-Fi,/lofi,configured_stream,46655,M.E - falling in love with you (ft. Vict Molina & Laeland),M.E,,,,,,,147.319,H:\RadioTEDU Songs\lofi\M.E - falling in love with you (ft. Vict Molina & Laeland).mp3,1,1,144.385,2026-08-23 00:38:24,2026-08-23 00:38:24
2,RadioTEDU Lo-Fi,/lofi,configured_stream,46996,Madonna,U-WARRIOR,,,,,,,149.064,H:\RadioTEDU Songs\lofi\Various Artists - lofi autumn vibes by Lola (2023) Mp3 320kbps [PMEDIA] ⭐️\77. U-WARRIOR - Madonna.mp3,1,1,146.315,2026-08-23 23:24:59,2026-08-23 23:24:59
2,RadioTEDU Lo-Fi,/lofi,configured_stream,46663,Madson Project. - you got me so in love,Madson Project,,,,,,,194.645,H:\RadioTEDU Songs\lofi\Madson Project. - you got me so in love.mp3,1,1,193.76,2026-08-23 04:27:56,2026-08-23 04:27:56
2,RadioTEDU Lo-Fi,/lofi,configured_stream,46667,Madson. - Do You Wanna Go Back？,Madson,,,,,,,169.424,H:\RadioTEDU Songs\lofi\Madson. - Do You Wanna Go Back？.mp3,1,1,167.018,2026-08-23 03:08:36,2026-08-23 03:08:36
2,RadioTEDU Lo-Fi,/lofi,configured_stream,49422,Maneater,Daryl Hall & John Oates,,,,,,,264.568,H:\RadioTEDU Songs\lofi\24.04\Daryl Hall & John Oates - Maneater (Official Video) [yRYFKcMa_Ek].mp3,1,1,261.704,2026-08-23 15:24:25,2026-08-23 15:24:25
2,RadioTEDU Lo-Fi,/lofi,configured_stream,46671,Medda - wish upon a star,Medda,,,,,,,141.163,H:\RadioTEDU Songs\lofi\Medda - wish upon a star.mp3,1,1,138.638,2026-08-23 14:58:12,2026-08-23 14:58:12
2,RadioTEDU Lo-Fi,/lofi,configured_stream,45750,Medicinal Sushi,"Chris Mazuera, Strehlow",,,,,,,143.987,H:\RadioTEDU Songs\lofi\185 Tracks ~Chill Lofi Study Beats Songs  Playlist Spotify  [320]  kbps Beats⭐\185 Tracks ~Chill Lofi Study Beats Songs  Playlist Spotify  [320]  kbps Beats⭐\Medicinal Sushi.mp3,1,1,141.078,2026-08-23 10:35:40,2026-08-23 10:35:40
2,RadioTEDU Lo-Fi,/lofi,configured_stream,45604,"memories of her, last winter","Rook1e, softy",,,,,,,115.152,"H:\RadioTEDU Songs\lofi\100 Lo-Fi Beats to Relax and focus Playlist Spotify (2020) [320]  kbps Beats⭐\100 Lo-Fi Beats to Relax and focus Playlist Spotify (2020) [320]  kbps Beats⭐\memories of her, last winter.mp3",1,1,112.581,2026-08-23 09:08:40,2026-08-23 09:08:40
2,RadioTEDU Lo-Fi,/lofi,configured_stream,45751,Mental Acupuncture,Jazzinuf,,,,,,,152.007,H:\RadioTEDU Songs\lofi\185 Tracks ~Chill Lofi Study Beats Songs  Playlist Spotify  [320]  kbps Beats⭐\185 Tracks ~Chill Lofi Study Beats Songs  Playlist Spotify  [320]  kbps Beats⭐\Mental Acupuncture.mp3,1,1,149.207,2026-08-23 16:09:31,2026-08-23 16:09:31
2,RadioTEDU Lo-Fi,/lofi,configured_stream,49487,Mess It Up (Purple Disco Machine Remix) ｜ Official Lyric Video,The Rolling Stones,,,,,,,211.127,H:\RadioTEDU Songs\lofi\24.04\The Rolling Stones - Mess It Up (Purple Disco Machine Remix) ｜ Official Lyric Video [qeaRMslMll4].mp3,1,1,208.998,2026-08-23 04:57:06,2026-08-23 04:57:06
2,RadioTEDU Lo-Fi,/lofi,configured_stream,49454,Messy,Lola Young,,,,,,,284.166,H:\RadioTEDU Songs\lofi\24.04\Lola Young - Messy (Official Video) [k-k2_Liofy8].mp3,1,1,281.521,2026-08-23 06:59:34,2026-08-23 06:59:34
2,RadioTEDU Lo-Fi,/lofi,configured_stream,49720,Midnight Breeze,Gerardo Millán,,,,,,,160.006,H:\RadioTEDU Songs\lofi\Gerardo Millán\Before the stars\04 Gerardo Millán - Midnight Breeze.flac,1,1,159.678,2026-08-23 13:52:59,2026-08-23 13:52:59
2,RadioTEDU Lo-Fi,/lofi,configured_stream,46974,mint hotel,Eleftherios,,,,,,,130.37,H:\RadioTEDU Songs\lofi\Various Artists - lofi autumn vibes by Lola (2023) Mp3 320kbps [PMEDIA] ⭐️\55. Eleftherios - mint hotel.mp3,1,1,128.085,2026-08-23 12:14:26,2026-08-23 12:14:26
2,RadioTEDU Lo-Fi,/lofi,configured_stream,46931,misery,MiRACLE.,,,,,,,105.366,H:\RadioTEDU Songs\lofi\Various Artists - lofi autumn vibes by Lola (2023) Mp3 320kbps [PMEDIA] ⭐️\12. MiRACLE. - misery.mp3,1,1,103.694,2026-08-23 01:39:37,2026-08-23 01:39:37
2,RadioTEDU Lo-Fi,/lofi,configured_stream,49686,Misty Meadows,eleven ft. Mondo Loops,,,,,,,137.149,H:\RadioTEDU Songs\lofi\eleven\Raabta\03 eleven ft. Mondo Loops - Misty Meadows.flac,1,1,134.498,2026-08-23 12:25:50,2026-08-23 12:25:50
2,RadioTEDU Lo-Fi,/lofi,configured_stream,46927,Misty Morning,Mamoosh,,,,,,,138.375,H:\RadioTEDU Songs\lofi\Various Artists - lofi autumn vibes by Lola (2023) Mp3 320kbps [PMEDIA] ⭐️\09. Mamoosh - Misty Morning.mp3,1,1,135.69,2026-08-23 10:53:26,2026-08-23 10:53:26
2,RadioTEDU Lo-Fi,/lofi,configured_stream,49829,Money,Kaarst,,,,,,,201.956,H:\RadioTEDU Songs\lofi\Kaarst\From Our Friends to Our Friends\02 Money.flac,1,1,199.16,2026-08-23 20:38:23,2026-08-23 20:38:23
2,RadioTEDU Lo-Fi,/lofi,configured_stream,46678,Monty Datta - Bleeding Out (ft. Roiael),Monty Datta,,,,,,,171.967,H:\RadioTEDU Songs\lofi\Monty Datta - Bleeding Out (ft. Roiael).mp3,1,1,171.294,2026-08-23 06:12:00,2026-08-23 06:12:00
2,RadioTEDU Lo-Fi,/lofi,configured_stream,49898,Moonglow,Loafy Building ft. Mondo Loops,,,,,,,148.006,H:\RadioTEDU Songs\lofi\Loafy Building\High Flying\05 Loafy Building ft. Mondo Loops - Moonglow.flac,1,1,145.492,2026-08-23 21:55:07,2026-08-23 21:55:07
2,RadioTEDU Lo-Fi,/lofi,configured_stream,49611,Moonlight Rays,"Casiio, Kainbeats",,,,,,,147.411,"H:\RadioTEDU Songs\lofi\Casiio, Kainbeats\Submerged\01 Casiio, Kainbeats - Moonlight Rays.flac",1,1,145.22,2026-08-23 09:53:39,2026-08-23 09:53:39
2,RadioTEDU Lo-Fi,/lofi,configured_stream,49752,Morning Brew,Hevi ft. Paper Ocean,,,,,,,139.889,"H:\RadioTEDU Songs\lofi\Hevi\Before It’s Late, Pt. 2\01 Hevi ft. Paper Ocean - Morning Brew.flac",1,1,137.003,2026-08-23 19:34:31,2026-08-23 19:34:31
2,RadioTEDU Lo-Fi,/lofi,configured_stream,49911,Mum (She’s Flying Away),Mariposa,,,,,,,112.916,H:\RadioTEDU Songs\lofi\Mariposa\The House on the Hill\03 Mum (She’s Flying Away).flac,1,1,110.467,2026-08-23 22:24:23,2026-08-23 22:24:23
2,RadioTEDU Lo-Fi,/lofi,configured_stream,49480,Murder On The Dancefloor,Sophie Ellis-Bextor,,,,,,,232.931,H:\RadioTEDU Songs\lofi\24.04\Sophie Ellis-Bextor - Murder On The Dancefloor [hAx6mYeC6pY].mp3,1,1,230.184,2026-08-23 04:34:08,2026-08-23 04:34:08
2,RadioTEDU Lo-Fi,/lofi,configured_stream,49463,My Love Mine All Mine,Mitski,,,,,,,170.005,H:\RadioTEDU Songs\lofi\24.04\Mitski - My Love Mine All Mine (Official Video) [vx4kLgnFexo].mp3,1,1,167.244,2026-08-23 03:48:13,2026-08-23 03:48:13
2,RadioTEDU Lo-Fi,/lofi,configured_stream,49521,Nebula,Akraa,,,,,,,146.434,H:\RadioTEDU Songs\lofi\Akraa\Hot Pursuit\03 Akraa - Nebula.flac,1,1,143.78,2026-08-23 14:25:21,2026-08-23 14:25:21
2,RadioTEDU Lo-Fi,/lofi,configured_stream,45756,Never Again,Nokiaa,,,,,,,84.01,H:\RadioTEDU Songs\lofi\185 Tracks ~Chill Lofi Study Beats Songs  Playlist Spotify  [320]  kbps Beats⭐\185 Tracks ~Chill Lofi Study Beats Songs  Playlist Spotify  [320]  kbps Beats⭐\Never Again.mp3,1,1,83.122,2026-08-23 09:06:48,2026-08-23 09:06:48
2,RadioTEDU Lo-Fi,/lofi,configured_stream,46925,new place,Heimlich,,,,,,,157.768,H:\RadioTEDU Songs\lofi\Various Artists - lofi autumn vibes by Lola (2023) Mp3 320kbps [PMEDIA] ⭐️\07. Heimlich - new place.mp3,1,1,157.345,2026-08-23 06:32:30,2026-08-23 06:32:30
2,RadioTEDU Lo-Fi,/lofi,configured_stream,46916,Night Lights,Rheingold Ensemble,,,,,,,260.339,H:\RadioTEDU Songs\lofi\VA - Lofi & Lounge Music _ Best Selections (2023) [FLAC]\19 - Rheingold Ensemble - Night Lights.flac,1,1,257.646,2026-08-23 18:36:28,2026-08-23 18:36:28
2,RadioTEDU Lo-Fi,/lofi,configured_stream,45611,Night Sailing,twuan,,,,,,,121.656,H:\RadioTEDU Songs\lofi\100 Lo-Fi Beats to Relax and focus Playlist Spotify (2020) [320]  kbps Beats⭐\100 Lo-Fi Beats to Relax and focus Playlist Spotify (2020) [320]  kbps Beats⭐\Night Sailing.mp3,1,1,120.3,2026-08-23 06:20:41,2026-08-23 06:20:41
2,RadioTEDU Lo-Fi,/lofi,configured_stream,46685,nilöwh. - the last day of my adolescence,nilöwh,,,,,,,120.674,H:\RadioTEDU Songs\lofi\nilöwh. - the last day of my adolescence.mp3,1,1,118.706,2026-08-23 03:02:31,2026-08-23 03:02:31
2,RadioTEDU Lo-Fi,/lofi,configured_stream,46687,nips. - poison,nips,,,,,,,174.571,H:\RadioTEDU Songs\lofi\nips. - poison.mp3,1,1,171.742,2026-08-23 01:35:51,2026-08-23 01:35:51
2,RadioTEDU Lo-Fi,/lofi,configured_stream,49467,No. 1 Party Anthem,,,,,,,,243.132,H:\RadioTEDU Songs\lofi\24.04\No. 1 Party Anthem [mGUjVbsYG6E].mp3,1,1,240.202,2026-08-23 16:25:13,2026-08-23 16:25:13
2,RadioTEDU Lo-Fi,/lofi,configured_stream,49525,Noctilucent,Ambulo ft. squeeda,,,,,,,175.215,H:\RadioTEDU Songs\lofi\Ambulo\Polar\01 Ambulo ft. squeeda - Noctilucent (1).flac,1,1,172.943,2026-08-23 07:02:26,2026-08-23 07:02:26
2,RadioTEDU Lo-Fi,/lofi,configured_stream,49526,Noctilucent,Ambulo ft. squeeda,,,,,,,175.215,H:\RadioTEDU Songs\lofi\Ambulo\Polar\01 Ambulo ft. squeeda - Noctilucent.flac,1,1,173.105,2026-08-23 07:05:20,2026-08-23 07:05:20
2,RadioTEDU Lo-Fi,/lofi,configured_stream,46693,notime - hearteater (ft. Snow),notime,,,,,,,179.563,H:\RadioTEDU Songs\lofi\notime - hearteater (ft. Snow).mp3,1,1,181.17,2026-08-23 11:42:56,2026-08-23 11:42:56
2,RadioTEDU Lo-Fi,/lofi,configured_stream,45763,Nova,[ocean jams],,,,,,,139.05,H:\RadioTEDU Songs\lofi\185 Tracks ~Chill Lofi Study Beats Songs  Playlist Spotify  [320]  kbps Beats⭐\185 Tracks ~Chill Lofi Study Beats Songs  Playlist Spotify  [320]  kbps Beats⭐\Nova.mp3,1,1,137.671,2026-08-23 08:24:25,2026-08-23 08:24:25
2,RadioTEDU Lo-Fi,/lofi,configured_stream,46696,Nuxe & Zaini - Like U (ft. b o b b i e !),Nuxe & Zaini,,,,,,,155.776,H:\RadioTEDU Songs\lofi\Nuxe & Zaini - Like U (ft. b o b b i e !).mp3,1,1,153.767,2026-08-23 13:31:28,2026-08-23 13:31:28
2,RadioTEDU Lo-Fi,/lofi,configured_stream,46699,NÜ & SEA - floating in silence (ft. Vict Molina),NÜ & SEA,,,,,,,125.202,H:\RadioTEDU Songs\lofi\NÜ & SEA - floating in silence (ft. Vict Molina).mp3,1,1,122.638,2026-08-23 01:37:54,2026-08-23 01:37:54
2,RadioTEDU Lo-Fi,/lofi,configured_stream,46701,NÜ - a place to call home (ft. NVR⧸MND),NÜ,,,,,,,91.092,H:\RadioTEDU Songs\lofi\NÜ - a place to call home (ft. NVR⧸MND).mp3,1,1,90.383,2026-08-23 23:03:01,2026-08-23 23:03:01
2,RadioTEDU Lo-Fi,/lofi,configured_stream,46702,NÜ - Get Ü The Moon (ft. Vict Molina & Snøw),NÜ,,,,,,,116.692,H:\RadioTEDU Songs\lofi\NÜ - Get Ü The Moon (ft. Vict Molina & Snøw).mp3,1,1,114.485,2026-08-23 06:36:23,2026-08-23 06:36:23
2,RadioTEDU Lo-Fi,/lofi,configured_stream,46705,NÜ - perfectly wrong (ft. Vict Molina),NÜ,,,,,,,113.685,H:\RadioTEDU Songs\lofi\NÜ - perfectly wrong (ft. Vict Molina).mp3,1,1,117.69,2026-08-23 03:13:03,2026-08-23 03:13:03
2,RadioTEDU Lo-Fi,/lofi,configured_stream,49510,Oddlife,"Ahmad Evans, Erwin Do",,,,,,,127.799,"H:\RadioTEDU Songs\lofi\Ahmad Evans, Erwin Do\Explorations\02 Oddlife.flac",1,1,125.284,2026-08-23 06:18:41,2026-08-23 06:18:41
2,RadioTEDU Lo-Fi,/lofi,configured_stream,49706,Odyssey,Foudroie,,,,,,,192.006,H:\RadioTEDU Songs\lofi\Foudroie\The Journey\02 Foudroie - Odyssey.flac,1,1,189.242,2026-08-23 13:15:15,2026-08-23 13:15:15
2,RadioTEDU Lo-Fi,/lofi,configured_stream,46708,ok2222 x j'san - on and on (ft. khai dreams & barnes blvd.),ok2222 x j'san,,,,,,,152.768,H:\RadioTEDU Songs\lofi\ok2222 x j'san - on and on (ft. khai dreams & barnes blvd.).mp3,1,1,150.137,2026-08-23 07:35:10,2026-08-23 07:35:10
2,RadioTEDU Lo-Fi,/lofi,configured_stream,46710,omarr - was i not good enough？,omarr,,,,,,,146.042,H:\RadioTEDU Songs\lofi\omarr - was i not good enough？.mp3,1,1,143.193,2026-08-23 07:21:52,2026-08-23 07:21:52
2,RadioTEDU Lo-Fi,/lofi,configured_stream,49437,On Melancholy Hill,Gorillaz,,,,,,,266.043,H:\RadioTEDU Songs\lofi\24.04\Gorillaz - On Melancholy Hill (Official Video) [04mfKJWDSzI].mp3,1,1,263.82,2026-08-23 06:05:02,2026-08-23 06:05:02
2,RadioTEDU Lo-Fi,/lofi,configured_stream,49909,On the Road,Mariposa,,,,,,,132.006,H:\RadioTEDU Songs\lofi\Mariposa\The House on the Hill\01 On the Road.flac,1,1,129.381,2026-08-23 22:20:54,2026-08-23 22:20:54
2,RadioTEDU Lo-Fi,/lofi,configured_stream,46713,Ondi Vil & Teqkoi - Drowning (ft. Mehkare Merson),Ondi Vil & Teqkoi,,,,,,,114.048,H:\RadioTEDU Songs\lofi\Ondi Vil & Teqkoi - Drowning (ft. Mehkare Merson).mp3,1,1,111.205,2026-08-23 05:25:27,2026-08-23 05:25:27
2,RadioTEDU Lo-Fi,/lofi,configured_stream,46719,ondi vil - i wish that she never did (ft. mishaal),ondi vil,,,,,,,136.801,H:\RadioTEDU Songs\lofi\ondi vil - i wish that she never did (ft. mishaal).mp3,1,1,134.114,2026-08-23 00:52:12,2026-08-23 00:52:12
2,RadioTEDU Lo-Fi,/lofi,configured_stream,46720,ondi vil - scars (ft. mishaal),ondi vil,,,,,,,96.165,H:\RadioTEDU Songs\lofi\ondi vil - scars (ft. mishaal).mp3,1,1,93.358,2026-08-23 16:36:48,2026-08-23 16:36:48
2,RadioTEDU Lo-Fi,/lofi,configured_stream,46721,ondi vil - so unfair (ft. shiloh),ondi vil,,,,,,,84.459,H:\RadioTEDU Songs\lofi\ondi vil - so unfair (ft. shiloh).mp3,1,1,81.65,2026-08-23 17:09:32,2026-08-23 17:09:32
2,RadioTEDU Lo-Fi,/lofi,configured_stream,49442,Open Sky,Jivefunkadelic,,,,,,,270.016,H:\RadioTEDU Songs\lofi\24.04\Jivefunkadelic - Open Sky (Official Lyric Video) [0FSOdecppBI].mp3,1,1,270.021,2026-08-23 02:50:34,2026-08-23 02:50:34
2,RadioTEDU Lo-Fi,/lofi,configured_stream,49757,Opening,Hoogway,,,,,,,135.23,H:\RadioTEDU Songs\lofi\Hoogway\Equation of Time\10 Opening.flac,1,1,134.64,2026-08-23 15:39:58,2026-08-23 15:39:58
2,RadioTEDU Lo-Fi,/lofi,configured_stream,49893,Orchid,Lilac,,,,,,,122.002,H:\RadioTEDU Songs\lofi\Lilac\Florist\02 Orchid.flac,1,1,120.243,2026-08-23 21:41:31,2026-08-23 21:41:31
2,RadioTEDU Lo-Fi,/lofi,configured_stream,49876,Orion,Le Metroid,,,,,,,188.318,H:\RadioTEDU Songs\lofi\Le Metroid\Black Hole\05 Orion.flac,1,1,189.254,2026-08-23 20:59:47,2026-08-23 20:59:47
2,RadioTEDU Lo-Fi,/lofi,configured_stream,49667,Oscillations,dreamẅalker,,,,,,,173.5,H:\RadioTEDU Songs\lofi\dreamẅalker\Oscillations\01 dreamẅalker - Oscillations.flac,1,1,170.951,2026-08-23 11:39:54,2026-08-23 11:39:54
2,RadioTEDU Lo-Fi,/lofi,configured_stream,49828,outer space,"j’san, Epektase",,,,,,,152.578,"H:\RadioTEDU Songs\lofi\j’san, Epektase\outer space\02 outer space.flac",1,1,149.801,2026-08-23 18:47:33,2026-08-23 18:47:33
2,RadioTEDU Lo-Fi,/lofi,configured_stream,46046,Ozean der Traeume,VA,,,,,,,420.627,H:\RadioTEDU Songs\lofi\Imported\E_RadioTEDU_Database\Umut_Music\VA_-_Songs_Zum_Traeumen_und_Entspannen-MAG-2009-sUppLeX\04_va_-_ozean_der_traeume-supplex.mp3,1,1,417.907,2026-08-23 10:02:37,2026-08-23 10:02:37
2,RadioTEDU Lo-Fi,/lofi,configured_stream,45768,Pacific Parc,"Fona, Styn",,,,,,,101.956,H:\RadioTEDU Songs\lofi\185 Tracks ~Chill Lofi Study Beats Songs  Playlist Spotify  [320]  kbps Beats⭐\185 Tracks ~Chill Lofi Study Beats Songs  Playlist Spotify  [320]  kbps Beats⭐\Pacific Parc.mp3,1,1,101.122,2026-08-23 14:39:35,2026-08-23 14:39:35
2,RadioTEDU Lo-Fi,/lofi,configured_stream,46980,Page 23,Paradiam,,,,,,,155.676,H:\RadioTEDU Songs\lofi\Various Artists - lofi autumn vibes by Lola (2023) Mp3 320kbps [PMEDIA] ⭐️\61. Paradiam - Page 23.mp3,1,1,153.164,2026-08-23 00:54:45,2026-08-23 00:54:45
2,RadioTEDU Lo-Fi,/lofi,configured_stream,45769,Palma,Sumwun,,,,,,,99.527,H:\RadioTEDU Songs\lofi\185 Tracks ~Chill Lofi Study Beats Songs  Playlist Spotify  [320]  kbps Beats⭐\185 Tracks ~Chill Lofi Study Beats Songs  Playlist Spotify  [320]  kbps Beats⭐\Palma.mp3,1,1,96.791,2026-08-23 08:46:46,2026-08-23 08:46:46
2,RadioTEDU Lo-Fi,/lofi,configured_stream,49659,Pandora,Downtown Binary,,,,,,,320.006,H:\RadioTEDU Songs\lofi\Downtown Binary\Astral\11 Downtown Binary - Pandora.flac,1,1,317.925,2026-08-23 11:16:13,2026-08-23 11:16:13
2,RadioTEDU Lo-Fi,/lofi,configured_stream,49441,Paradise (feat. Nile Rodgers),Idina Menzel,,,,,,,211.989,H:\RadioTEDU Songs\lofi\24.04\Idina Menzel – Paradise (feat. Nile Rodgers) (Official Audio) [R5SkuaJPxes].mp3,1,1,209.19,2026-08-23 02:46:04,2026-08-23 02:46:04
2,RadioTEDU Lo-Fi,/lofi,configured_stream,49769,Parallel,Hotel Pools feat. oDDling,,,,,,,239.532,H:\RadioTEDU Songs\lofi\Hotel Pools\Fall\04 Hotel Pools feat. oDDling - Parallel.flac,1,1,236.774,2026-08-23 16:15:10,2026-08-23 16:15:10
2,RadioTEDU Lo-Fi,/lofi,configured_stream,49692,Parallels,ENRA,,,,,,,120.695,H:\RadioTEDU Songs\lofi\ENRA\Parallels\02 ENRA - Parallels.flac,1,1,119.34,2026-08-23 12:38:57,2026-08-23 12:38:57
2,RadioTEDU Lo-Fi,/lofi,configured_stream,49931,Passage,mell-ø ft. Ambulo,,,,,,,110.386,H:\RadioTEDU Songs\lofi\mell-ø\Time to Go\08 mell-ø ft. Ambulo - Passage.flac,1,1,107.664,2026-08-23 23:10:18,2026-08-23 23:10:18
2,RadioTEDU Lo-Fi,/lofi,configured_stream,49612,Passing By,"Casiio, Sleepermane",,,,,,,123.893,"H:\RadioTEDU Songs\lofi\Casiio, Sleepermane\Nomads\04 Passing By.flac",1,1,121.071,2026-08-23 09:55:40,2026-08-23 09:55:40
2,RadioTEDU Lo-Fi,/lofi,configured_stream,45770,Paths,N.Musicbeatz,,,,,,,165.407,H:\RadioTEDU Songs\lofi\185 Tracks ~Chill Lofi Study Beats Songs  Playlist Spotify  [320]  kbps Beats⭐\185 Tracks ~Chill Lofi Study Beats Songs  Playlist Spotify  [320]  kbps Beats⭐\Paths.mp3,1,1,163.305,2026-08-23 05:48:27,2026-08-23 05:48:27
2,RadioTEDU Lo-Fi,/lofi,configured_stream,49837,Patience Brings Prosperity,Kainbeats,,,,,,,113.603,H:\RadioTEDU Songs\lofi\Kainbeats\Path to Shing\07 Patience Brings Prosperity.flac,1,1,110.768,2026-08-23 19:07:31,2026-08-23 19:07:31
2,RadioTEDU Lo-Fi,/lofi,configured_stream,45773,Peppermint,Dylan Sitts,,,,,,,141.584,H:\RadioTEDU Songs\lofi\185 Tracks ~Chill Lofi Study Beats Songs  Playlist Spotify  [320]  kbps Beats⭐\185 Tracks ~Chill Lofi Study Beats Songs  Playlist Spotify  [320]  kbps Beats⭐\Peppermint.mp3,1,1,138.666,2026-08-23 03:57:04,2026-08-23 03:57:04
2,RadioTEDU Lo-Fi,/lofi,configured_stream,45620,Permafrost,"autumn keys, goosetaf",,,,,,,159.696,H:\RadioTEDU Songs\lofi\100 Lo-Fi Beats to Relax and focus Playlist Spotify (2020) [320]  kbps Beats⭐\100 Lo-Fi Beats to Relax and focus Playlist Spotify (2020) [320]  kbps Beats⭐\Permafrost.mp3,1,1,158.268,2026-08-23 03:45:25,2026-08-23 03:45:25
2,RadioTEDU Lo-Fi,/lofi,configured_stream,47017,Piano Lessons,Unsuspected Noise,,,,,,,118.554,H:\RadioTEDU Songs\lofi\Various Artists - lofi autumn vibes by Lola (2023) Mp3 320kbps [PMEDIA] ⭐️\98. Unsuspected Noise - Piano Lessons.mp3,1,1,117.817,2026-08-23 06:07:00,2026-08-23 06:07:00
2,RadioTEDU Lo-Fi,/lofi,configured_stream,49734,Pieces,"Girl From Nowhere, Boy From Nowhere",,,,,,,192.006,"H:\RadioTEDU Songs\lofi\Girl From Nowhere, Boy From Nowhere\Lost Journey Memories\03 Pieces.flac",1,1,189.231,2026-08-23 14:34:57,2026-08-23 14:34:57
2,RadioTEDU Lo-Fi,/lofi,configured_stream,46979,Pizza Guy,U-WARRIOR,,,,,,,140.249,H:\RadioTEDU Songs\lofi\Various Artists - lofi autumn vibes by Lola (2023) Mp3 320kbps [PMEDIA] ⭐️\60. U-WARRIOR - Pizza Guy.mp3,1,1,137.421,2026-08-23 16:17:27,2026-08-23 16:17:27
2,RadioTEDU Lo-Fi,/lofi,configured_stream,49822,please hold me,Julia Alexa,,,,,,,192.006,H:\RadioTEDU Songs\lofi\Julia Alexa\please hold me\01 please hold me.mp3,1,1,189.628,2026-08-23 18:32:07,2026-08-23 18:32:07
2,RadioTEDU Lo-Fi,/lofi,configured_stream,46968,plum,Aquifer,,,,,,,160.135,H:\RadioTEDU Songs\lofi\Various Artists - lofi autumn vibes by Lola (2023) Mp3 320kbps [PMEDIA] ⭐️\49. Aquifer - plum.mp3,1,1,159.774,2026-08-23 04:08:18,2026-08-23 04:08:18
2,RadioTEDU Lo-Fi,/lofi,configured_stream,49648,Plume,Dimension 32 ft. Hevi,,,,,,,175.833,H:\RadioTEDU Songs\lofi\Dimension 32\Aeolia\10 Dimension 32 ft. Hevi - Plume.flac,1,1,174.135,2026-08-23 10:46:13,2026-08-23 10:46:13
2,RadioTEDU Lo-Fi,/lofi,configured_stream,49527,Polar,Ambulo,,,,,,,128.83,H:\RadioTEDU Songs\lofi\Ambulo\Polar\02 Ambulo - Polar.flac,1,1,125.989,2026-08-23 07:07:25,2026-08-23 07:07:25
2,RadioTEDU Lo-Fi,/lofi,configured_stream,46899,Pondering Thoughts,Kieloval,,,,,,,264.0,H:\RadioTEDU Songs\lofi\VA - Lofi & Lounge Music _ Best Selections (2023) [FLAC]\02 - Kieloval - Pondering Thoughts.flac,1,1,272.575,2026-08-23 06:45:04,2026-08-23 06:45:04
2,RadioTEDU Lo-Fi,/lofi,configured_stream,49814,porch light (freely),Jorrit Brodersen,,,,,,,165.006,H:\RadioTEDU Songs\lofi\Jorrit Brodersen\Intimacy\12 porch light (freely).flac,1,1,162.227,2026-08-23 18:10:47,2026-08-23 18:10:47
2,RadioTEDU Lo-Fi,/lofi,configured_stream,46725,Powfu & Nuxe - All Again (ft. Snøw),Powfu & Nuxe,,,,,,,148.236,H:\RadioTEDU Songs\lofi\Powfu & Nuxe - All Again (ft. Snøw).mp3,1,1,145.457,2026-08-23 00:57:10,2026-08-23 00:57:10
2,RadioTEDU Lo-Fi,/lofi,configured_stream,49627,Pretty Face,DANA,,,,,,,190.742,H:\RadioTEDU Songs\lofi\DANA\Pretty Face\01 Pretty Face.flac,1,1,188.221,2026-08-23 16:28:21,2026-08-23 16:28:21
2,RadioTEDU Lo-Fi,/lofi,configured_stream,49571,Propeller,Ben Neill,,,,,,,424.72,H:\RadioTEDU Songs\lofi\Ben Neill\Triptycal\01 Propeller.mp3,1,1,421.905,2026-08-23 08:14:45,2026-08-23 08:14:45
2,RadioTEDU Lo-Fi,/lofi,configured_stream,49682,Quetzal,dryhope,,,,,,,127.771,H:\RadioTEDU Songs\lofi\dryhope\Kenopsia\03 dryhope - Quetzal.flac,1,1,125.066,2026-08-23 12:16:31,2026-08-23 12:16:31
2,RadioTEDU Lo-Fi,/lofi,configured_stream,45776,quiet,dcxv,,,,,,,99.553,H:\RadioTEDU Songs\lofi\185 Tracks ~Chill Lofi Study Beats Songs  Playlist Spotify  [320]  kbps Beats⭐\185 Tracks ~Chill Lofi Study Beats Songs  Playlist Spotify  [320]  kbps Beats⭐\quiet.mp3,1,1,97.959,2026-08-23 13:47:48,2026-08-23 13:47:48
2,RadioTEDU Lo-Fi,/lofi,configured_stream,49918,Quiet Afternoon,Mariposa,,,,,,,163.006,H:\RadioTEDU Songs\lofi\Mariposa\The House on the Hill\10 Quiet Afternoon.flac,1,1,160.086,2026-08-23 22:41:01,2026-08-23 22:41:01
2,RadioTEDU Lo-Fi,/lofi,configured_stream,49512,Quiet Fire,"Ahmad Evans, Erwin Do",,,,,,,143.164,"H:\RadioTEDU Songs\lofi\Ahmad Evans, Erwin Do\Explorations\04 Quiet Fire.flac",1,1,141.002,2026-08-23 06:23:04,2026-08-23 06:23:04
2,RadioTEDU Lo-Fi,/lofi,configured_stream,46944,Quiet Storm,Pepper,,,,,,,127.423,H:\RadioTEDU Songs\lofi\Various Artists - lofi autumn vibes by Lola (2023) Mp3 320kbps [PMEDIA] ⭐️\25. Pepper - Quiet Storm.mp3,1,1,124.668,2026-08-23 04:46:34,2026-08-23 04:46:34
2,RadioTEDU Lo-Fi,/lofi,configured_stream,46957,raindrops,Majid Unpeek,,,,,,,195.58,H:\RadioTEDU Songs\lofi\Various Artists - lofi autumn vibes by Lola (2023) Mp3 320kbps [PMEDIA] ⭐️\38. Majid Unpeek - raindrops.mp3,1,1,192.658,2026-08-23 02:35:59,2026-08-23 02:35:59
2,RadioTEDU Lo-Fi,/lofi,configured_stream,49788,Reality,Indo Silver,,,,,,,156.433,H:\RadioTEDU Songs\lofi\Indo Silver\Liminal Spaces\12 Indo Silver - Reality.flac,1,1,153.611,2026-08-23 17:05:40,2026-08-23 17:05:40
2,RadioTEDU Lo-Fi,/lofi,configured_stream,46967,Rebaked,Lemguine,,,,,,,118.8,H:\RadioTEDU Songs\lofi\Various Artists - lofi autumn vibes by Lola (2023) Mp3 320kbps [PMEDIA] ⭐️\48. Lemguine - Rebaked.mp3,1,1,117.159,2026-08-23 10:59:34,2026-08-23 10:59:34
2,RadioTEDU Lo-Fi,/lofi,configured_stream,46729,redrose - a world gone blue (ft. elle),redrose,,,,,,,256.0,H:\RadioTEDU Songs\lofi\redrose - a world gone blue (ft. elle).mp3,1,1,257.353,2026-08-23 00:21:19,2026-08-23 00:21:19
2,RadioTEDU Lo-Fi,/lofi,configured_stream,46730,redrose - don't you worry (ft. mishaal),redrose,,,,,,,140.373,H:\RadioTEDU Songs\lofi\redrose - don't you worry (ft. mishaal).mp3,1,1,138.171,2026-08-23 03:30:42,2026-08-23 03:30:42
2,RadioTEDU Lo-Fi,/lofi,configured_stream,46971,Remind Me You're Here,Sadiva,,,,,,,225.185,H:\RadioTEDU Songs\lofi\Various Artists - lofi autumn vibes by Lola (2023) Mp3 320kbps [PMEDIA] ⭐️\52. Sadiva - Remind Me You're Here.mp3,1,1,222.368,2026-08-23 05:33:13,2026-08-23 05:33:13
2,RadioTEDU Lo-Fi,/lofi,configured_stream,49588,Render Your Heart,BluntOne,,,,,,,219.74,H:\RadioTEDU Songs\lofi\BluntOne\Cloud Surfing\05 BluntOne - Render Your Heart.flac,1,1,216.931,2026-08-23 20:04:00,2026-08-23 20:04:00
2,RadioTEDU Lo-Fi,/lofi,configured_stream,46732,Resident - Coffee,Resident,,,,,,,137.485,H:\RadioTEDU Songs\lofi\Resident - Coffee.mp3,1,1,134.651,2026-08-23 18:49:48,2026-08-23 18:49:48
2,RadioTEDU Lo-Fi,/lofi,configured_stream,49807,resolution (interlude),Jorrit Brodersen,,,,,,,130.61,H:\RadioTEDU Songs\lofi\Jorrit Brodersen\Intimacy\05 resolution (interlude).flac,1,1,129.436,2026-08-23 17:53:33,2026-08-23 17:53:33
2,RadioTEDU Lo-Fi,/lofi,configured_stream,49735,Rewind,"Girl From Nowhere, Boy From Nowhere",,,,,,,180.006,"H:\RadioTEDU Songs\lofi\Girl From Nowhere, Boy From Nowhere\Lost Journey Memories\04 Rewind.flac",1,1,177.334,2026-08-23 14:37:54,2026-08-23 14:37:54
2,RadioTEDU Lo-Fi,/lofi,configured_stream,46739,"Rewind, Addict. & Julia Alexa - done fighting","Rewind, Addict. & Julia Alexa",,,,,,,145.173,"H:\RadioTEDU Songs\lofi\Rewind, Addict. & Julia Alexa - done fighting.mp3",1,1,142.477,2026-08-23 14:09:27,2026-08-23 14:09:27
2,RadioTEDU Lo-Fi,/lofi,configured_stream,46747,Rnla & NÜ - forever (ft. Vict Molina),Rnla & NÜ,,,,,,,124.97,H:\RadioTEDU Songs\lofi\Rnla & NÜ - forever (ft. Vict Molina).mp3,1,1,122.413,2026-08-23 06:25:07,2026-08-23 06:25:07
2,RadioTEDU Lo-Fi,/lofi,configured_stream,46754,RNLA - Goodnight (ft. DNAKM),RNLA,,,,,,,134.56,H:\RadioTEDU Songs\lofi\RNLA - Goodnight (ft. DNAKM).mp3,1,1,131.701,2026-08-23 20:06:12,2026-08-23 20:06:12
2,RadioTEDU Lo-Fi,/lofi,configured_stream,46756,Rnla - My Heart Is Broken (ft. Aiko),Rnla,,,,,,,123.809,H:\RadioTEDU Songs\lofi\Rnla - My Heart Is Broken (ft. Aiko).mp3,1,1,121.703,2026-08-23 06:16:30,2026-08-23 06:16:30
2,RadioTEDU Lo-Fi,/lofi,configured_stream,46976,Road To Hana,ADYM,,,,,,,91.786,H:\RadioTEDU Songs\lofi\Various Artists - lofi autumn vibes by Lola (2023) Mp3 320kbps [PMEDIA] ⭐️\57. ADYM - Road To Hana.mp3,1,1,89.161,2026-08-23 03:54:46,2026-08-23 03:54:46
2,RadioTEDU Lo-Fi,/lofi,configured_stream,46758,Roiael - diane (prod. beowulf),Roiael,,,,,,,117.203,H:\RadioTEDU Songs\lofi\Roiael - diane (prod. beowulf).mp3,1,1,115.145,2026-08-23 08:40:39,2026-08-23 08:40:39
2,RadioTEDU Lo-Fi,/lofi,configured_stream,45783,Romantique,Kazam,,,,,,,166.844,H:\RadioTEDU Songs\lofi\185 Tracks ~Chill Lofi Study Beats Songs  Playlist Spotify  [320]  kbps Beats⭐\185 Tracks ~Chill Lofi Study Beats Songs  Playlist Spotify  [320]  kbps Beats⭐\Romantique.mp3,1,1,164.079,2026-08-23 16:52:35,2026-08-23 16:52:35
2,RadioTEDU Lo-Fi,/lofi,configured_stream,49924,Rose & Boujee,me>mori,,,,,,,174.243,H:\RadioTEDU Songs\lofi\me_mori\Rose & Boujee\01 Rose & Boujee.mp3,1,1,171.295,2026-08-23 22:54:35,2026-08-23 22:54:35
2,RadioTEDU Lo-Fi,/lofi,configured_stream,49448,Running Up That Hill - Official Music Video,Kate Bush,,,,,,,295.88,H:\RadioTEDU Songs\lofi\24.04\Kate Bush - Running Up That Hill - Official Music Video [wp43OdtAAkM].mp3,1,1,295.562,2026-08-23 12:05:07,2026-08-23 12:05:07
2,RadioTEDU Lo-Fi,/lofi,configured_stream,49497,Rush,Troye Sivan,,,,,,,222.25,H:\RadioTEDU Songs\lofi\24.04\Troye Sivan - Rush (Official Video) [b53QJYP-lqY].mp3,1,1,220.083,2026-08-23 16:32:01,2026-08-23 16:32:01
2,RadioTEDU Lo-Fi,/lofi,configured_stream,49849,Sacrifice,Kinissue,,,,,,,160.595,H:\RadioTEDU Songs\lofi\Kinissue\The Realization\02 Kinissue - Sacrifice.flac,1,1,158.309,2026-08-23 19:39:22,2026-08-23 19:39:22
2,RadioTEDU Lo-Fi,/lofi,configured_stream,45786,Sad Sak,Lunchmoney,,,,,,,109.113,H:\RadioTEDU Songs\lofi\185 Tracks ~Chill Lofi Study Beats Songs  Playlist Spotify  [320]  kbps Beats⭐\185 Tracks ~Chill Lofi Study Beats Songs  Playlist Spotify  [320]  kbps Beats⭐\Sad Sak.mp3,1,1,106.264,2026-08-23 04:16:57,2026-08-23 04:16:57
2,RadioTEDU Lo-Fi,/lofi,configured_stream,45790,Salu,Lapis,,,,,,,78.211,H:\RadioTEDU Songs\lofi\185 Tracks ~Chill Lofi Study Beats Songs  Playlist Spotify  [320]  kbps Beats⭐\185 Tracks ~Chill Lofi Study Beats Songs  Playlist Spotify  [320]  kbps Beats⭐\Salu.mp3,1,1,75.587,2026-08-23 12:06:23,2026-08-23 12:06:23
2,RadioTEDU Lo-Fi,/lofi,configured_stream,46764,Sarcastic Sounds & beowulf - Nobody,Sarcastic Sounds & beowulf,,,,,,,76.521,H:\RadioTEDU Songs\lofi\Sarcastic Sounds & beowulf - Nobody.mp3,1,1,76.931,2026-08-23 03:42:46,2026-08-23 03:42:46
2,RadioTEDU Lo-Fi,/lofi,configured_stream,46776,Sarcastic Sounds - Losing Time (ft. Chase Huglin),Sarcastic Sounds,,,,,,,82.219,H:\RadioTEDU Songs\lofi\Sarcastic Sounds - Losing Time (ft. Chase Huglin).mp3,1,1,79.342,2026-08-23 02:37:18,2026-08-23 02:37:18
2,RadioTEDU Lo-Fi,/lofi,configured_stream,49877,Saturne,Le Metroid,,,,,,,161.639,H:\RadioTEDU Songs\lofi\Le Metroid\Black Hole\06 Saturne.flac,1,1,158.856,2026-08-23 21:02:29,2026-08-23 21:02:29
2,RadioTEDU Lo-Fi,/lofi,configured_stream,49492,Save Your Tears,The Weeknd,,,,,,,248.917,H:\RadioTEDU Songs\lofi\24.04\The Weeknd - Save Your Tears (Official Music Video) [XXYlFuWEuKI].mp3,1,1,246.29,2026-08-23 05:15:12,2026-08-23 05:15:12
2,RadioTEDU Lo-Fi,/lofi,configured_stream,49575,Schmaltzy,Berezy ft. Fred Paci,,,,,,,144.331,H:\RadioTEDU Songs\lofi\Berezy\Memoirs\02 Berezy ft. Fred Paci - Schmaltzy.flac,1,1,141.463,2026-08-23 12:48:49,2026-08-23 12:48:49
2,RadioTEDU Lo-Fi,/lofi,configured_stream,49572,Screens,Benjamin Lee,,,,,,,180.006,H:\RadioTEDU Songs\lofi\Benjamin Lee\Screens\01 Screens.flac,1,1,177.161,2026-08-23 08:17:43,2026-08-23 08:17:43
2,RadioTEDU Lo-Fi,/lofi,configured_stream,46782,SEA & Laeland - someone new,SEA & Laeland,,,,,,,130.914,H:\RadioTEDU Songs\lofi\SEA & Laeland - someone new.mp3,1,1,128.212,2026-08-23 19:16:34,2026-08-23 19:16:34
2,RadioTEDU Lo-Fi,/lofi,configured_stream,46788,SEA - i get you (ft. Kate Corbett),SEA,,,,,,,159.161,H:\RadioTEDU Songs\lofi\SEA - i get you (ft. Kate Corbett).mp3,1,1,156.345,2026-08-23 04:59:43,2026-08-23 04:59:43
2,RadioTEDU Lo-Fi,/lofi,configured_stream,46789,SEA - i've told you,SEA,,,,,,,106.324,H:\RadioTEDU Songs\lofi\SEA - i've told you.mp3,1,1,103.658,2026-08-23 21:52:42,2026-08-23 21:52:42
2,RadioTEDU Lo-Fi,/lofi,configured_stream,46790,SEA - life is moovin on (feat. christian alexander),SEA,,,,,,,141.886,H:\RadioTEDU Songs\lofi\SEA - life is moovin on (feat. christian alexander).mp3,1,1,140.601,2026-08-23 01:30:46,2026-08-23 01:30:46
2,RadioTEDU Lo-Fi,/lofi,configured_stream,46793,SEA - tell me it's okay (feat. christian alexander),SEA,,,,,,,136.615,H:\RadioTEDU Songs\lofi\SEA - tell me it's okay (feat. christian alexander).mp3,1,1,133.662,2026-08-23 15:52:36,2026-08-23 15:52:36
2,RadioTEDU Lo-Fi,/lofi,configured_stream,46794,SEA - when you kiss my lips (ft. BLCK FLWR),SEA,,,,,,,123.605,H:\RadioTEDU Songs\lofi\SEA - when you kiss my lips (ft. BLCK FLWR).mp3,1,1,120.726,2026-08-23 07:25:57,2026-08-23 07:25:57
2,RadioTEDU Lo-Fi,/lofi,configured_stream,49542,searching,"Bcalm, Dontcry",,,,,,,117.938,"H:\RadioTEDU Songs\lofi\Bcalm, Dontcry\times we had\05 searching.flac",1,1,115.106,2026-08-23 19:03:41,2026-08-23 19:03:41
2,RadioTEDU Lo-Fi,/lofi,configured_stream,49750,See You Again,"Hevi, H.1",,,,,,,224.517,"H:\RadioTEDU Songs\lofi\Hevi, H.1\Winter Getaway\05 See You Again.flac",1,1,223.85,2026-08-23 16:21:10,2026-08-23 16:21:10
2,RadioTEDU Lo-Fi,/lofi,configured_stream,45795,Seek Tone,Jon Timber,,,,,,,101.068,H:\RadioTEDU Songs\lofi\185 Tracks ~Chill Lofi Study Beats Songs  Playlist Spotify  [320]  kbps Beats⭐\185 Tracks ~Chill Lofi Study Beats Songs  Playlist Spotify  [320]  kbps Beats⭐\Seek Tone.mp3,1,1,98.37,2026-08-23 04:24:43,2026-08-23 04:24:43
2,RadioTEDU Lo-Fi,/lofi,configured_stream,49865,Self Discovery,Laffey & after noon,,,,,,,175.575,H:\RadioTEDU Songs\lofi\Laffey\Out of Orbit\04 Laffey & after noon - Self Discovery.flac,1,1,173.49,2026-08-23 20:26:14,2026-08-23 20:26:14
2,RadioTEDU Lo-Fi,/lofi,configured_stream,46798,sem0r - innocence,sem0r,,,,,,,111.403,H:\RadioTEDU Songs\lofi\sem0r - innocence.mp3,1,1,109.999,2026-08-23 02:42:34,2026-08-23 02:42:34
2,RadioTEDU Lo-Fi,/lofi,configured_stream,46800,sem0r - rushing,sem0r,,,,,,,110.794,H:\RadioTEDU Songs\lofi\sem0r - rushing.mp3,1,1,108.074,2026-08-23 14:50:46,2026-08-23 14:50:46
2,RadioTEDU Lo-Fi,/lofi,configured_stream,49888,Shades of Time,Le Metroid,,,,,,,137.149,"H:\RadioTEDU Songs\lofi\Le Metroid\Blackhole, Pt. 2\07 Shades of Time.flac",1,1,134.765,2026-08-23 21:30:17,2026-08-23 21:30:17
2,RadioTEDU Lo-Fi,/lofi,configured_stream,46802,Shae Delea - A Lost Promise,Shae Delea,,,,,,,151.057,H:\RadioTEDU Songs\lofi\Shae Delea - A Lost Promise.mp3,1,1,151.4,2026-08-23 21:11:22,2026-08-23 21:11:22
2,RadioTEDU Lo-Fi,/lofi,configured_stream,49541,shimmer,"Bcalm, Dontcry",,,,,,,157.097,"H:\RadioTEDU Songs\lofi\Bcalm, Dontcry\times we had\01 shimmer.flac",1,1,154.163,2026-08-23 07:42:36,2026-08-23 07:42:36
2,RadioTEDU Lo-Fi,/lofi,configured_stream,46955,siesta,Majid Unpeek,,,,,,,183.56,H:\RadioTEDU Songs\lofi\Various Artists - lofi autumn vibes by Lola (2023) Mp3 320kbps [PMEDIA] ⭐️\36. Majid Unpeek - siesta.mp3,1,1,181.146,2026-08-23 12:21:34,2026-08-23 12:21:34
2,RadioTEDU Lo-Fi,/lofi,configured_stream,49885,Signal,Le Metroid,,,,,,,178.114,"H:\RadioTEDU Songs\lofi\Le Metroid\Blackhole, Pt. 2\04 Signal.flac",1,1,176.94,2026-08-23 21:23:53,2026-08-23 21:23:53
2,RadioTEDU Lo-Fi,/lofi,configured_stream,49780,Silent,Indo Silver,,,,,,,180.125,H:\RadioTEDU Songs\lofi\Indo Silver\Liminal Spaces\04 Indo Silver - Silent.flac,1,1,177.404,2026-08-23 16:44:02,2026-08-23 16:44:02
2,RadioTEDU Lo-Fi,/lofi,configured_stream,49649,Silent Emotions,Dimension 32 ft. softy,,,,,,,158.462,H:\RadioTEDU Songs\lofi\Dimension 32\Silent Emotions\06 Dimension 32 ft. softy - Silent Emotions.flac,1,1,155.591,2026-08-23 10:48:49,2026-08-23 10:48:49
2,RadioTEDU Lo-Fi,/lofi,configured_stream,49915,Silent Morning,Mariposa,,,,,,,192.506,H:\RadioTEDU Songs\lofi\Mariposa\The House on the Hill\07 Silent Morning.flac,1,1,190.254,2026-08-23 22:34:18,2026-08-23 22:34:18
2,RadioTEDU Lo-Fi,/lofi,configured_stream,49738,Silk,goosetaf ft. Blue Wednesday,,,,,,,140.578,H:\RadioTEDU Songs\lofi\goosetaf\Latibule\02 goosetaf ft. Blue Wednesday - Silk.flac,1,1,139.859,2026-08-23 14:44:20,2026-08-23 14:44:20
2,RadioTEDU Lo-Fi,/lofi,configured_stream,45797,Sk8teing in Central Park,Wun Two,,,,,,,71.184,H:\RadioTEDU Songs\lofi\185 Tracks ~Chill Lofi Study Beats Songs  Playlist Spotify  [320]  kbps Beats⭐\185 Tracks ~Chill Lofi Study Beats Songs  Playlist Spotify  [320]  kbps Beats⭐\Sk8teing in Central Park.mp3,1,1,68.455,2026-08-23 21:25:02,2026-08-23 21:25:02
2,RadioTEDU Lo-Fi,/lofi,configured_stream,45798,sky to you,"luvwn, flowsum",,,,,,,89.313,H:\RadioTEDU Songs\lofi\185 Tracks ~Chill Lofi Study Beats Songs  Playlist Spotify  [320]  kbps Beats⭐\185 Tracks ~Chill Lofi Study Beats Songs  Playlist Spotify  [320]  kbps Beats⭐\sky to you.mp3,1,1,86.387,2026-08-23 10:04:04,2026-08-23 10:04:04
2,RadioTEDU Lo-Fi,/lofi,configured_stream,49949,Sleep Well,MyceliumBug,,,,,,,120.006,H:\RadioTEDU Songs\lofi\MyceliumBug\Melatonin\04 Sleep Well.flac,1,1,118.556,2026-08-23 23:56:49,2026-08-23 23:56:49
2,RadioTEDU Lo-Fi,/lofi,configured_stream,46811,slipfunc - don't go,slipfunc,,,,,,,146.042,H:\RadioTEDU Songs\lofi\slipfunc - don't go.mp3,1,1,143.104,2026-08-23 06:27:30,2026-08-23 06:27:30
2,RadioTEDU Lo-Fi,/lofi,configured_stream,46812,slipfunc - sweet nothing,slipfunc,,,,,,,186.325,H:\RadioTEDU Songs\lofi\slipfunc - sweet nothing.mp3,1,1,183.728,2026-08-23 00:12:00,2026-08-23 00:12:00
2,RadioTEDU Lo-Fi,/lofi,configured_stream,49445,SLOW DANCING IN THE DARK,Joji,,,,,,,217.223,H:\RadioTEDU Songs\lofi\24.04\Joji - SLOW DANCING IN THE DARK [K3Qzzggn--s].mp3,1,1,214.506,2026-08-23 03:00:33,2026-08-23 03:00:33
2,RadioTEDU Lo-Fi,/lofi,configured_stream,49921,Slow Sunday,Mariposa,,,,,,,126.006,H:\RadioTEDU Songs\lofi\Mariposa\The House on the Hill\13 Slow Sunday.flac,1,1,125.397,2026-08-23 22:46:43,2026-08-23 22:46:43
2,RadioTEDU Lo-Fi,/lofi,configured_stream,49727,Slow Sync,"Girl From Nowhere, Boy From Nowhere",,,,,,,162.673,"H:\RadioTEDU Songs\lofi\Girl From Nowhere, Boy From Nowhere\Between Phases\01 Slow Sync.flac",1,1,159.828,2026-08-23 14:12:06,2026-08-23 14:12:06
2,RadioTEDU Lo-Fi,/lofi,configured_stream,49906,Snap,manifest,,,,,,,159.695,H:\RadioTEDU Songs\lofi\manifest\Snap\01 Snap.flac,1,1,157.056,2026-08-23 22:13:31,2026-08-23 22:13:31
2,RadioTEDU Lo-Fi,/lofi,configured_stream,45801,snow drops,Sugar Cane Davis,,,,,,,113.058,H:\RadioTEDU Songs\lofi\185 Tracks ~Chill Lofi Study Beats Songs  Playlist Spotify  [320]  kbps Beats⭐\185 Tracks ~Chill Lofi Study Beats Songs  Playlist Spotify  [320]  kbps Beats⭐\snow drops.mp3,1,1,111.356,2026-08-23 01:01:35,2026-08-23 01:01:35
2,RadioTEDU Lo-Fi,/lofi,configured_stream,49589,snowfall,"Blurred Figures, another silent weekend",,,,,,,155.813,"H:\RadioTEDU Songs\lofi\Blurred Figures, another silent weekend\finding comfort\01 Blurred Figures, another silent weekend - snowfall.flac",1,1,153.699,2026-08-23 08:57:05,2026-08-23 08:57:05
2,RadioTEDU Lo-Fi,/lofi,configured_stream,46819,Snøw & Skinny Atlas - Remains,Snøw & Skinny Atlas,,,,,,,143.441,H:\RadioTEDU Songs\lofi\Snøw & Skinny Atlas - Remains.mp3,1,1,140.565,2026-08-23 04:30:18,2026-08-23 04:30:18
2,RadioTEDU Lo-Fi,/lofi,configured_stream,46824,Snøw - lost,Snøw,,,,,,,110.805,H:\RadioTEDU Songs\lofi\Snøw - lost.mp3,1,1,107.93,2026-08-23 08:54:31,2026-08-23 08:54:31
2,RadioTEDU Lo-Fi,/lofi,configured_stream,45802,so much,ntvrme,,,,,,,129.959,H:\RadioTEDU Songs\lofi\185 Tracks ~Chill Lofi Study Beats Songs  Playlist Spotify  [320]  kbps Beats⭐\185 Tracks ~Chill Lofi Study Beats Songs  Playlist Spotify  [320]  kbps Beats⭐\so much.mp3,1,1,127.076,2026-08-23 10:28:06,2026-08-23 10:28:06
2,RadioTEDU Lo-Fi,/lofi,configured_stream,45631,Social Distancing,Slow Dreamers,,,,,,,181.488,H:\RadioTEDU Songs\lofi\100 Lo-Fi Beats to Relax and focus Playlist Spotify (2020) [320]  kbps Beats⭐\100 Lo-Fi Beats to Relax and focus Playlist Spotify (2020) [320]  kbps Beats⭐\Social Distancing.mp3,1,1,181.554,2026-08-23 04:53:36,2026-08-23 04:53:36
2,RadioTEDU Lo-Fi,/lofi,configured_stream,49919,Solitaire,Mariposa,,,,,,,118.006,H:\RadioTEDU Songs\lofi\Mariposa\The House on the Hill\11 Solitaire.flac,1,1,115.27,2026-08-23 22:42:56,2026-08-23 22:42:56
2,RadioTEDU Lo-Fi,/lofi,configured_stream,49438,Somebody That I Used To Know (feat. Kimbra),Gotye,,,,,,,243.891,H:\RadioTEDU Songs\lofi\24.04\Gotye - Somebody That I Used To Know (feat. Kimbra) [Official Music Video] [8UVNT4wvIGY].mp3,1,1,244.394,2026-08-23 05:29:31,2026-08-23 05:29:31
2,RadioTEDU Lo-Fi,/lofi,configured_stream,49811,somewhere,Jorrit Brodersen,,,,,,,191.566,H:\RadioTEDU Songs\lofi\Jorrit Brodersen\Intimacy\09 somewhere.flac,1,1,189.703,2026-08-23 18:03:25,2026-08-23 18:03:25
2,RadioTEDU Lo-Fi,/lofi,configured_stream,46043,Sonnenuntergang,VA,,,,,,,496.987,H:\RadioTEDU Songs\lofi\Imported\E_RadioTEDU_Database\Umut_Music\VA_-_Songs_Zum_Traeumen_und_Entspannen-MAG-2009-sUppLeX\01_va_-_sonnenuntergang-supplex.mp3,1,1,496.936,2026-08-23 09:05:22,2026-08-23 09:05:22
2,RadioTEDU Lo-Fi,/lofi,configured_stream,45633,Space Dust,SPEECHLESS,,,,,,,119.064,H:\RadioTEDU Songs\lofi\100 Lo-Fi Beats to Relax and focus Playlist Spotify (2020) [320]  kbps Beats⭐\100 Lo-Fi Beats to Relax and focus Playlist Spotify (2020) [320]  kbps Beats⭐\Space Dust.mp3,1,1,116.238,2026-08-23 07:44:32,2026-08-23 07:44:32
2,RadioTEDU Lo-Fi,/lofi,configured_stream,49878,Speed Light,Le Metroid,,,,,,,183.099,H:\RadioTEDU Songs\lofi\Le Metroid\Black Hole\07 Speed Light.flac,1,1,182.298,2026-08-23 21:05:32,2026-08-23 21:05:32
2,RadioTEDU Lo-Fi,/lofi,configured_stream,49739,Spend Some Time,goosetaf w fantompower,,,,,,,135.006,H:\RadioTEDU Songs\lofi\goosetaf\Perpetual\02 goosetaf w fantompower - Spend Some Time.flac,1,1,133.64,2026-08-23 14:46:34,2026-08-23 14:46:34
2,RadioTEDU Lo-Fi,/lofi,configured_stream,49528,Spindrift,Ambulo ft. mell-ø,,,,,,,160.215,H:\RadioTEDU Songs\lofi\Ambulo\Sea Forest\07 Ambulo ft. mell-ø - Spindrift.flac,1,1,157.413,2026-08-23 07:10:03,2026-08-23 07:10:03
2,RadioTEDU Lo-Fi,/lofi,configured_stream,49604,Spring Rain,BVG,,,,,,,174.022,H:\RadioTEDU Songs\lofi\BVG\Temple Garden\03 BVG - Spring Rain.flac,1,1,171.073,2026-08-23 09:36:24,2026-08-23 09:36:24
2,RadioTEDU Lo-Fi,/lofi,configured_stream,49764,Stardust,Hotel Pools,,,,,,,187.506,H:\RadioTEDU Songs\lofi\Hotel Pools\Constant\02 Stardust.flac,1,1,184.827,2026-08-23 15:59:51,2026-08-23 15:59:51
2,RadioTEDU Lo-Fi,/lofi,configured_stream,49899,Stargazing,Lucid Keys,,,,,,,160.331,"H:\RadioTEDU Songs\lofi\Lucid Keys\Fantasia, Vol. II\04 Lucid Keys - Stargazing.flac",1,1,158.369,2026-08-23 21:57:46,2026-08-23 21:57:46
2,RadioTEDU Lo-Fi,/lofi,configured_stream,49701,Starry night,eugenio izzi ft. Mondo Loops,,,,,,,147.952,H:\RadioTEDU Songs\lofi\eugenio izzi\Reflections in the moonlight\01 eugenio izzi ft. Mondo Loops - Starry night.flac,1,1,146.15,2026-08-23 13:00:27,2026-08-23 13:00:27
2,RadioTEDU Lo-Fi,/lofi,configured_stream,46830,"Stay Inside - Lost Your Heart (ft. Skinny Atlas, Snøw, Laeland)",Stay Inside,,,,,,,98.0,"H:\RadioTEDU Songs\lofi\Stay Inside - Lost Your Heart (ft. Skinny Atlas, Snøw, Laeland).mp3",1,1,95.412,2026-08-23 13:25:45,2026-08-23 13:25:45
2,RadioTEDU Lo-Fi,/lofi,configured_stream,49857,Stellar Wind,Ky akasha,,,,,,,128.691,H:\RadioTEDU Songs\lofi\Ky akasha\Seeing Beauty in Everything\02 Stellar Wind.flac,1,1,125.754,2026-08-23 20:00:24,2026-08-23 20:00:24
2,RadioTEDU Lo-Fi,/lofi,configured_stream,49624,Stoic (Prod. by Saint Romain),D-Real [愛],,,,,,,121.536,H:\RadioTEDU Songs\lofi\D-Real [愛]\Coast City Collection\07 Stoic (Prod. by Saint Romain).mp3,1,1,118.681,2026-08-23 10:30:04,2026-08-23 10:30:04
2,RadioTEDU Lo-Fi,/lofi,configured_stream,46941,Stone Cold Beef Austin,U-WARRIOR,,,,,,,145.095,H:\RadioTEDU Songs\lofi\Various Artists - lofi autumn vibes by Lola (2023) Mp3 320kbps [PMEDIA] ⭐️\22. U-WARRIOR - Stone Cold Beef Austin.mp3,1,1,142.34,2026-08-23 17:55:56,2026-08-23 17:55:56
2,RadioTEDU Lo-Fi,/lofi,configured_stream,45807,Stripe Two,Tom Oswald,,,,,,,106.684,H:\RadioTEDU Songs\lofi\185 Tracks ~Chill Lofi Study Beats Songs  Playlist Spotify  [320]  kbps Beats⭐\185 Tracks ~Chill Lofi Study Beats Songs  Playlist Spotify  [320]  kbps Beats⭐\Stripe Two.mp3,1,1,103.958,2026-08-23 05:34:56,2026-08-23 05:34:56
2,RadioTEDU Lo-Fi,/lofi,configured_stream,45808,Summertime,Musqitone,,,,,,,113.267,H:\RadioTEDU Songs\lofi\185 Tracks ~Chill Lofi Study Beats Songs  Playlist Spotify  [320]  kbps Beats⭐\185 Tracks ~Chill Lofi Study Beats Songs  Playlist Spotify  [320]  kbps Beats⭐\Summertime.mp3,1,1,112.543,2026-08-23 10:10:56,2026-08-23 10:10:56
2,RadioTEDU Lo-Fi,/lofi,configured_stream,49920,Sun at the Window,Mariposa,,,,,,,103.097,H:\RadioTEDU Songs\lofi\Mariposa\The House on the Hill\12 Sun at the Window.flac,1,1,101.853,2026-08-23 22:44:37,2026-08-23 22:44:37
2,RadioTEDU Lo-Fi,/lofi,configured_stream,45636,surf child,"UKDD, Trog'low",,,,,,,148.488,H:\RadioTEDU Songs\lofi\100 Lo-Fi Beats to Relax and focus Playlist Spotify (2020) [320]  kbps Beats⭐\100 Lo-Fi Beats to Relax and focus Playlist Spotify (2020) [320]  kbps Beats⭐\surf child.mp3,1,1,146.22,2026-08-23 12:30:16,2026-08-23 12:30:16
2,RadioTEDU Lo-Fi,/lofi,configured_stream,49453,Survive (feat. Walk Off The Earth),Lindsey Stirling,,,,,,,212.474,H:\RadioTEDU Songs\lofi\24.04\Lindsey Stirling - Survive (feat. Walk Off The Earth) [Official Music Video] [__TmPtQ9hxg].mp3,1,1,209.66,2026-08-23 03:19:46,2026-08-23 03:19:46
2,RadioTEDU Lo-Fi,/lofi,configured_stream,49827,Suspended,Juliàn,,,,,,,136.006,H:\RadioTEDU Songs\lofi\Juliàn\Unwind\12 Juliàn - Suspended.flac,1,1,135.191,2026-08-23 18:45:03,2026-08-23 18:45:03
2,RadioTEDU Lo-Fi,/lofi,configured_stream,46836,Swik - the girls are getting sick (ft. sofia mills),Swik,,,,,,,168.124,H:\RadioTEDU Songs\lofi\Swik - the girls are getting sick (ft. sofia mills).mp3,1,1,165.292,2026-08-23 20:11:23,2026-08-23 20:11:23
2,RadioTEDU Lo-Fi,/lofi,configured_stream,49702,Taiga,Ever So Blue,,,,,,,133.223,H:\RadioTEDU Songs\lofi\Ever So Blue\Traces\03 Taiga.flac,1,1,132.42,2026-08-23 13:02:40,2026-08-23 13:02:40
2,RadioTEDU Lo-Fi,/lofi,configured_stream,46904,Take A Break,Klasse Xxi,,,,,,,353.684,H:\RadioTEDU Songs\lofi\VA - Lofi & Lounge Music _ Best Selections (2023) [FLAC]\07 - Klasse Xxi - Take A Break.flac,1,1,350.857,2026-08-23 17:45:11,2026-08-23 17:45:11
2,RadioTEDU Lo-Fi,/lofi,configured_stream,49498,Taking What's Not Yours,TV Girl,,,,,,,205.74,H:\RadioTEDU Songs\lofi\24.04\TV Girl - Taking What's Not Yours [4PNLLom0fnY].mp3,1,1,202.79,2026-08-23 07:16:30,2026-08-23 07:16:30
2,RadioTEDU Lo-Fi,/lofi,configured_stream,49476,Tears,Sabrina Carpenter,,,,,,,303.137,H:\RadioTEDU Songs\lofi\24.04\Sabrina Carpenter - Tears (Official Video) [V9vuCByb6js].mp3,1,1,300.339,2026-08-23 23:15:19,2026-08-23 23:15:19
2,RadioTEDU Lo-Fi,/lofi,configured_stream,49600,Tell Me Why You Left,BVG feat. Teddy,,,,,,,123.878,H:\RadioTEDU Songs\lofi\BVG feat. Teddy\Tell Me Why You Left\01 Tell Me Why You Left.mp3,1,1,121.064,2026-08-23 09:26:17,2026-08-23 09:26:17
2,RadioTEDU Lo-Fi,/lofi,configured_stream,46849,Teqkoi & Thomas Reid - I'm afraid i'm gonna lose you soon,Teqkoi & Thomas Reid,,,,,,,119.04,H:\RadioTEDU Songs\lofi\Teqkoi & Thomas Reid - I'm afraid i'm gonna lose you soon.mp3,1,1,118.218,2026-08-23 01:25:10,2026-08-23 01:25:10
2,RadioTEDU Lo-Fi,/lofi,configured_stream,46851,Teqkoi - afraid of loving you,Teqkoi,,,,,,,138.368,H:\RadioTEDU Songs\lofi\Teqkoi - afraid of loving you.mp3,1,1,135.451,2026-08-23 03:50:28,2026-08-23 03:50:28
2,RadioTEDU Lo-Fi,/lofi,configured_stream,46855,Teqkoi - i said i'd never let you go (ft. plants and planets),Teqkoi,,,,,,,103.125,H:\RadioTEDU Songs\lofi\Teqkoi - i said i'd never let you go (ft. plants and planets).mp3,1,1,100.839,2026-08-23 18:42:47,2026-08-23 18:42:47
2,RadioTEDU Lo-Fi,/lofi,configured_stream,46859,Teqkoi - Stay With Me (ft. Mouse),Teqkoi,,,,,,,113.259,H:\RadioTEDU Songs\lofi\Teqkoi - Stay With Me (ft. Mouse).mp3,1,1,110.539,2026-08-23 04:00:55,2026-08-23 04:00:55
2,RadioTEDU Lo-Fi,/lofi,configured_stream,45814,Testing Tubes,Praizee,,,,,,,148.062,H:\RadioTEDU Songs\lofi\185 Tracks ~Chill Lofi Study Beats Songs  Playlist Spotify  [320]  kbps Beats⭐\185 Tracks ~Chill Lofi Study Beats Songs  Playlist Spotify  [320]  kbps Beats⭐\Testing Tubes.mp3,1,1,145.144,2026-08-23 19:41:48,2026-08-23 19:41:48
2,RadioTEDU Lo-Fi,/lofi,configured_stream,45815,thats right,Smuv,,,,,,,76.748,H:\RadioTEDU Songs\lofi\185 Tracks ~Chill Lofi Study Beats Songs  Playlist Spotify  [320]  kbps Beats⭐\185 Tracks ~Chill Lofi Study Beats Songs  Playlist Spotify  [320]  kbps Beats⭐\thats right.mp3,1,1,73.89,2026-08-23 17:10:45,2026-08-23 17:10:45
2,RadioTEDU Lo-Fi,/lofi,configured_stream,49586,The Descent,Blue Wednesday,,,,,,,213.045,H:\RadioTEDU Songs\lofi\Blue Wednesday\In My Head\01 Blue Wednesday - The Descent.flac,1,1,210.784,2026-08-23 08:50:16,2026-08-23 08:50:16
2,RadioTEDU Lo-Fi,/lofi,configured_stream,45817,The Field,Ariel T,,,,,,,183.615,H:\RadioTEDU Songs\lofi\185 Tracks ~Chill Lofi Study Beats Songs  Playlist Spotify  [320]  kbps Beats⭐\185 Tracks ~Chill Lofi Study Beats Songs  Playlist Spotify  [320]  kbps Beats⭐\The Field.mp3,1,1,181.301,2026-08-23 02:18:49,2026-08-23 02:18:49
2,RadioTEDU Lo-Fi,/lofi,configured_stream,49930,The Hour Between Worlds,"meandmydreams, Quiescente",,,,,,,143.959,"H:\RadioTEDU Songs\lofi\meandmydreams\Dreams in the Mist\09 meandmydreams, Quiescente - The Hour Between Worlds.flac",1,1,141.21,2026-08-23 23:08:31,2026-08-23 23:08:31
2,RadioTEDU Lo-Fi,/lofi,configured_stream,49484,The Less I Know The Better,Tame Impala,,,,,,,342.831,H:\RadioTEDU Songs\lofi\24.04\Tame Impala - The Less I Know The Better (Official Video) [sBzrzS1Ag_g].mp3,1,1,340.629,2026-08-23 20:20:34,2026-08-23 20:20:34
2,RadioTEDU Lo-Fi,/lofi,configured_stream,49519,The only one,Aisake,,,,,,,168.006,H:\RadioTEDU Songs\lofi\Aisake\My Love\04 Aisake - The only one.flac,1,1,165.401,2026-08-23 06:39:10,2026-08-23 06:39:10
2,RadioTEDU Lo-Fi,/lofi,configured_stream,49939,The Prophecy,Mondo Loops,,,,,,,126.322,H:\RadioTEDU Songs\lofi\Mondo Loops\Golden Age\12 Mondo Loops - The Prophecy.flac,1,1,123.695,2026-08-23 23:31:18,2026-08-23 23:31:18
2,RadioTEDU Lo-Fi,/lofi,configured_stream,49781,The Room,Indo Silver,,,,,,,160.806,H:\RadioTEDU Songs\lofi\Indo Silver\Liminal Spaces\05 Indo Silver - The Room.flac,1,1,159.423,2026-08-23 16:46:41,2026-08-23 16:46:41
2,RadioTEDU Lo-Fi,/lofi,configured_stream,45818,the sakuras will cry for you,"biosphere, aimless",,,,,,,104.098,H:\RadioTEDU Songs\lofi\185 Tracks ~Chill Lofi Study Beats Songs  Playlist Spotify  [320]  kbps Beats⭐\185 Tracks ~Chill Lofi Study Beats Songs  Playlist Spotify  [320]  kbps Beats⭐\the sakuras will cry for you.mp3,1,1,112.023,2026-08-23 00:41:37,2026-08-23 00:41:37
2,RadioTEDU Lo-Fi,/lofi,configured_stream,49732,The Shining Night,"Girl From Nowhere, Boy From Nowhere",,,,,,,200.406,"H:\RadioTEDU Songs\lofi\Girl From Nowhere, Boy From Nowhere\Lost Journey Memories\01 The Shining Night.flac",1,1,199.345,2026-08-23 14:28:41,2026-08-23 14:28:41
2,RadioTEDU Lo-Fi,/lofi,configured_stream,49709,The Traveler,Foudroie,,,,,,,226.112,H:\RadioTEDU Songs\lofi\Foudroie\The Journey\05 Foudroie - The Traveler.flac,1,1,223.325,2026-08-23 13:24:10,2026-08-23 13:24:10
2,RadioTEDU Lo-Fi,/lofi,configured_stream,46866,The Two. - thought of a night,The Two,,,,,,,141.607,H:\RadioTEDU Songs\lofi\The Two. - thought of a night.mp3,1,1,138.798,2026-08-23 22:07:12,2026-08-23 22:07:12
2,RadioTEDU Lo-Fi,/lofi,configured_stream,45819,the world was ours,"Kupla, less.people",,,,,,,137.43,H:\RadioTEDU Songs\lofi\185 Tracks ~Chill Lofi Study Beats Songs  Playlist Spotify  [320]  kbps Beats⭐\185 Tracks ~Chill Lofi Study Beats Songs  Playlist Spotify  [320]  kbps Beats⭐\the world was ours.mp3,1,1,135.032,2026-08-23 09:28:32,2026-08-23 09:28:32
2,RadioTEDU Lo-Fi,/lofi,configured_stream,49816,there is love,Jorrit Brodersen,,,,,,,242.406,H:\RadioTEDU Songs\lofi\Jorrit Brodersen\Intimacy\14 there is love.flac,1,1,239.599,2026-08-23 18:17:17,2026-08-23 18:17:17
2,RadioTEDU Lo-Fi,/lofi,configured_stream,49461,This Love,Maroon 5,,,,,,,205.241,H:\RadioTEDU Songs\lofi\24.04\Maroon 5 - This Love [XPpTgCho5ZA].mp3,1,1,203.138,2026-08-23 07:47:55,2026-08-23 07:47:55
2,RadioTEDU Lo-Fi,/lofi,configured_stream,46867,Thomas Reid & Monty Datta - Why Can't I Sleep？,Thomas Reid & Monty Datta,,,,,,,176.171,H:\RadioTEDU Songs\lofi\Thomas Reid & Monty Datta - Why Can't I Sleep？.mp3,1,1,175.637,2026-08-23 02:15:47,2026-08-23 02:15:47
2,RadioTEDU Lo-Fi,/lofi,configured_stream,46868,Thomas Reid & Powfu - Hide In Your Blue Eyes,Thomas Reid & Powfu,,,,,,,174.123,H:\RadioTEDU Songs\lofi\Thomas Reid & Powfu - Hide In Your Blue Eyes.mp3,1,1,171.605,2026-08-23 01:45:17,2026-08-23 01:45:17
2,RadioTEDU Lo-Fi,/lofi,configured_stream,46877,Thomas Reid - Take Care,Thomas Reid,,,,,,,154.807,H:\RadioTEDU Songs\lofi\Thomas Reid - Take Care.mp3,1,1,152.469,2026-08-23 00:59:44,2026-08-23 00:59:44
2,RadioTEDU Lo-Fi,/lofi,configured_stream,49869,Tiger Lily,"Lawrence Walther, Solar Body",,,,,,,139.643,"H:\RadioTEDU Songs\lofi\Lawrence Walther, Solar Body\Back to Nature\02 Tiger Lily.flac",1,1,136.701,2026-08-23 22:00:02,2026-08-23 22:00:02
2,RadioTEDU Lo-Fi,/lofi,configured_stream,46945,Timeless Space,Jikuru,,,,,,,133.989,H:\RadioTEDU Songs\lofi\Various Artists - lofi autumn vibes by Lola (2023) Mp3 320kbps [PMEDIA] ⭐️\26. Jikuru - Timeless Space.mp3,1,1,131.351,2026-08-23 03:05:48,2026-08-23 03:05:48
2,RadioTEDU Lo-Fi,/lofi,configured_stream,49548,Together,Bcalm ft. Purrple Cat,,,,,,,144.006,H:\RadioTEDU Songs\lofi\Bcalm\For You\01 Bcalm ft. Purrple Cat - Together.flac,1,1,141.639,2026-08-23 07:59:56,2026-08-23 07:59:56
2,RadioTEDU Lo-Fi,/lofi,configured_stream,49860,Together,Laffey,,,,,,,147.34,H:\RadioTEDU Songs\lofi\Laffey\A Day at a Time\06 Laffey - Together.flac,1,1,144.522,2026-08-23 20:08:37,2026-08-23 20:08:37
2,RadioTEDU Lo-Fi,/lofi,configured_stream,49482,Tom's Diner,"Suzanne Vega, DNA",,,,,,,227.091,"H:\RadioTEDU Songs\lofi\24.04\Suzanne Vega, DNA - Tom's Diner [j4jtIDaeaWI].mp3",1,1,224.298,2026-08-23 04:40:40,2026-08-23 04:40:40
2,RadioTEDU Lo-Fi,/lofi,configured_stream,49691,Tomorrows That Follow,ENRA × Sleepermane,,,,,,,108.077,H:\RadioTEDU Songs\lofi\ENRA × Sleepermane\Tomorrows That Follow\07 Tomorrows That Follow.flac,1,1,105.402,2026-08-23 12:36:58,2026-08-23 12:36:58
2,RadioTEDU Lo-Fi,/lofi,configured_stream,45825,Toro,En Rie,,,,,,,99.736,H:\RadioTEDU Songs\lofi\185 Tracks ~Chill Lofi Study Beats Songs  Playlist Spotify  [320]  kbps Beats⭐\185 Tracks ~Chill Lofi Study Beats Songs  Playlist Spotify  [320]  kbps Beats⭐\Toro.mp3,1,1,97.523,2026-08-23 17:46:48,2026-08-23 17:46:48
2,RadioTEDU Lo-Fi,/lofi,configured_stream,46888,towser - restless (ft. ivri & ondi vil),towser,,,,,,,142.165,H:\RadioTEDU Songs\lofi\towser - restless (ft. ivri & ondi vil).mp3,1,1,139.696,2026-08-23 09:23:07,2026-08-23 09:23:07
2,RadioTEDU Lo-Fi,/lofi,configured_stream,46890,towser - where did you go？,towser,,,,,,,133.568,H:\RadioTEDU Songs\lofi\towser - where did you go？.mp3,1,1,132.664,2026-08-23 00:06:33,2026-08-23 00:06:33
2,RadioTEDU Lo-Fi,/lofi,configured_stream,46893,TRA$H - ＬＥＦＴ ＢＥＨＩＮＤ,TRA$H,,,,,,,139.648,H:\RadioTEDU Songs\lofi\TRA$H - ＬＥＦＴ ＢＥＨＩＮＤ.mp3,1,1,137.608,2026-08-23 13:55:24,2026-08-23 13:55:24
2,RadioTEDU Lo-Fi,/lofi,configured_stream,46895,TRA$H - ＹＯＵ ＨＡＵＮＴ ＭＹ ＤＲＥＡＭＳ,TRA$H,,,,,,,133.568,H:\RadioTEDU Songs\lofi\TRA$H - ＹＯＵ ＨＡＵＮＴ ＭＹ ＤＲＥＡＭＳ.mp3,1,1,131.149,2026-08-23 18:54:38,2026-08-23 18:54:38
2,RadioTEDU Lo-Fi,/lofi,configured_stream,49517,Tranquility,"Ahmad Evans, Erwin Do",,,,,,,120.006,"H:\RadioTEDU Songs\lofi\Ahmad Evans, Erwin Do\Explorations\09 Tranquility.flac",1,1,117.688,2026-08-23 06:34:28,2026-08-23 06:34:28
2,RadioTEDU Lo-Fi,/lofi,configured_stream,49887,Transmission Lost,Le Metroid,,,,,,,177.191,"H:\RadioTEDU Songs\lofi\Le Metroid\Blackhole, Pt. 2\06 Transmission Lost.flac",1,1,174.727,2026-08-23 21:28:03,2026-08-23 21:28:03
2,RadioTEDU Lo-Fi,/lofi,configured_stream,49465,Tropicale,Moon Blue,,,,,,,169.408,H:\RadioTEDU Songs\lofi\24.04\Moon Blue - Tropicale [tBi5Tsf9ClY].mp3,1,1,166.695,2026-08-23 03:53:14,2026-08-23 03:53:14
2,RadioTEDU Lo-Fi,/lofi,configured_stream,49523,Tunnel Visions,Jarren Crist,,,,,,,179.606,"H:\RadioTEDU Songs\lofi\Akuma Kira, Jarren Crist & Nolan Reese\Lost in Vivo (Original Game Soundtrack)\09 Jarren Crist - Tunnel Visions.flac",1,1,178.595,2026-08-23 19:29:24,2026-08-23 19:29:24
2,RadioTEDU Lo-Fi,/lofi,configured_stream,49657,Umbra,Downtown Binary & FRM,,,,,,,241.206,H:\RadioTEDU Songs\lofi\Downtown Binary\Astral\07 Downtown Binary & FRM - Umbra.flac,1,1,238.336,2026-08-23 13:08:25,2026-08-23 13:08:25
2,RadioTEDU Lo-Fi,/lofi,configured_stream,49797,Une valse ce matin,Jalaapeno,,,,,,,128.439,H:\RadioTEDU Songs\lofi\Jalaapeno\La petite radio jaune\09 Une valse ce matin.flac,1,1,125.552,2026-08-23 17:26:19,2026-08-23 17:26:19
2,RadioTEDU Lo-Fi,/lofi,configured_stream,49925,Unwind the Mind,"meandmydreams, Quiescente",,,,,,,138.757,"H:\RadioTEDU Songs\lofi\meandmydreams\Dreams in the Mist\01 meandmydreams, Quiescente - Unwind the Mind.flac",1,1,138.436,2026-08-23 22:56:53,2026-08-23 22:56:53
2,RadioTEDU Lo-Fi,/lofi,configured_stream,49820,used to,Julia Alexa & Belfa,,,,,,,150.013,H:\RadioTEDU Songs\lofi\Julia Alexa & Belfa\used to\01 used to.mp3,1,1,147.15,2026-08-23 18:26:19,2026-08-23 18:26:19
2,RadioTEDU Lo-Fi,/lofi,configured_stream,49460,Valerie,Mark Ronson ft. Amy Winehouse,,,,,,,280.768,H:\RadioTEDU Songs\lofi\24.04\Mark Ronson ft. Amy Winehouse - Valerie (Official Video) [bixuI_GV5I0].mp3,1,1,278.14,2026-08-23 03:41:30,2026-08-23 03:41:30
2,RadioTEDU Lo-Fi,/lofi,configured_stream,49716,Vantage Point,"gCoope, Odd Panda",,,,,,,147.381,"H:\RadioTEDU Songs\lofi\gCoope, Odd Panda\Desired Views\07 gCoope, Odd Panda - Vantage Point.flac",1,1,144.72,2026-08-23 13:43:39,2026-08-23 13:43:39
2,RadioTEDU Lo-Fi,/lofi,configured_stream,47019,vaud - D R E A M I N G,vaud,,,,,,,161.728,H:\RadioTEDU Songs\lofi\vaud - D R E A M I N G.mp3,1,1,158.921,2026-08-23 07:40:01,2026-08-23 07:40:01
2,RadioTEDU Lo-Fi,/lofi,configured_stream,47013,Venice Beach,Unsuspected Noise,,,,,,,135.555,H:\RadioTEDU Songs\lofi\Various Artists - lofi autumn vibes by Lola (2023) Mp3 320kbps [PMEDIA] ⭐️\94. Unsuspected Noise - Venice Beach.mp3,1,1,132.702,2026-08-23 19:12:01,2026-08-23 19:12:01
2,RadioTEDU Lo-Fi,/lofi,configured_stream,47005,Vibe 305,Bonbon Bay,,,,,,,180.674,H:\RadioTEDU Songs\lofi\Various Artists - lofi autumn vibes by Lola (2023) Mp3 320kbps [PMEDIA] ⭐️\86. Bonbon Bay - Vibe 305.mp3,1,1,177.959,2026-08-23 14:20:37,2026-08-23 14:20:37
2,RadioTEDU Lo-Fi,/lofi,configured_stream,49458,Vogue,Madonna,,,,,,,293.338,H:\RadioTEDU Songs\lofi\24.04\Madonna - Vogue (Official Video) [GuJQSAiODqI].mp3,1,1,290.641,2026-08-23 03:35:32,2026-08-23 03:35:32
2,RadioTEDU Lo-Fi,/lofi,configured_stream,49522,Voyage,Akraa,,,,,,,141.48,H:\RadioTEDU Songs\lofi\Akraa\Hot Pursuit\12 Akraa - Voyage.flac,1,1,155.415,2026-08-23 06:53:29,2026-08-23 06:53:29
2,RadioTEDU Lo-Fi,/lofi,configured_stream,45648,Waiting for You,mell-ø,,,,,,,94.872,H:\RadioTEDU Songs\lofi\100 Lo-Fi Beats to Relax and focus Playlist Spotify (2020) [320]  kbps Beats⭐\100 Lo-Fi Beats to Relax and focus Playlist Spotify (2020) [320]  kbps Beats⭐\Waiting for You.mp3,1,1,92.006,2026-08-23 09:20:48,2026-08-23 09:20:48
2,RadioTEDU Lo-Fi,/lofi,configured_stream,49891,Wandering,"Lenny Loops, Nowun ft. Gerardo Millán",,,,,,,120.006,"H:\RadioTEDU Songs\lofi\Lenny Loops, Nowun\Places\04 Lenny Loops, Nowun ft. Gerardo Millán - Wandering.flac",1,1,117.313,2026-08-23 21:37:24,2026-08-23 21:37:24
2,RadioTEDU Lo-Fi,/lofi,configured_stream,45835,Water World,KLIM,,,,,,,110.237,H:\RadioTEDU Songs\lofi\185 Tracks ~Chill Lofi Study Beats Songs  Playlist Spotify  [320]  kbps Beats⭐\185 Tracks ~Chill Lofi Study Beats Songs  Playlist Spotify  [320]  kbps Beats⭐\Water World.mp3,1,1,107.361,2026-08-23 12:58:01,2026-08-23 12:58:01
2,RadioTEDU Lo-Fi,/lofi,configured_stream,49574,We Accept the Love We Think We Deserve,Beowülf,,,,,,,147.136,H:\RadioTEDU Songs\lofi\Beowülf\We Accept the Love We Think We Deserve\01 We Accept the Love We Think We Deserve.mp3,1,1,144.191,2026-08-23 08:22:08,2026-08-23 08:22:08
2,RadioTEDU Lo-Fi,/lofi,configured_stream,45649,we'll stay inside when it rains,"Rook1e, .ihaveaface",,,,,,,130.344,H:\RadioTEDU Songs\lofi\100 Lo-Fi Beats to Relax and focus Playlist Spotify (2020) [320]  kbps Beats⭐\100 Lo-Fi Beats to Relax and focus Playlist Spotify (2020) [320]  kbps Beats⭐\we'll stay inside when it rains.mp3,1,1,127.514,2026-08-23 10:18:19,2026-08-23 10:18:19
2,RadioTEDU Lo-Fi,/lofi,configured_stream,47001,Wilderness (A Tape Lullaby),Lemguine,,,,,,,119.778,H:\RadioTEDU Songs\lofi\Various Artists - lofi autumn vibes by Lola (2023) Mp3 320kbps [PMEDIA] ⭐️\82. Lemguine - Wilderness (A Tape Lullaby).mp3,1,1,116.832,2026-08-23 11:31:10,2026-08-23 11:31:10
2,RadioTEDU Lo-Fi,/lofi,configured_stream,49500,Words (Original Version 1983),,,,,,,,209.013,H:\RadioTEDU Songs\lofi\24.04\Words (Original Version 1983) [nwrqQ2jYpwY].mp3,1,1,207.401,2026-08-23 05:38:24,2026-08-23 05:38:24
2,RadioTEDU Lo-Fi,/lofi,configured_stream,47032,woven in hiatus - still,woven in hiatus,,,,,,,151.489,H:\RadioTEDU Songs\lofi\woven in hiatus - still.mp3,1,1,148.567,2026-08-23 11:27:03,2026-08-23 11:27:03
2,RadioTEDU Lo-Fi,/lofi,configured_stream,47033,wxse - I Feel So Empty (ft. Lul Patchy),wxse,,,,,,,82.57,H:\RadioTEDU Songs\lofi\wxse - I Feel So Empty (ft. Lul Patchy).mp3,1,1,79.734,2026-08-23 00:39:44,2026-08-23 00:39:44
2,RadioTEDU Lo-Fi,/lofi,configured_stream,47035,xiv - if only you knew. (prod. Rook1e),xiv,,,,,,,67.84,H:\RadioTEDU Songs\lofi\xiv - if only you knew. (prod. Rook1e).mp3,1,1,64.912,2026-08-23 03:03:36,2026-08-23 03:03:36
2,RadioTEDU Lo-Fi,/lofi,configured_stream,47042,yaeow - behind the clouds,yaeow,,,,,,,160.438,H:\RadioTEDU Songs\lofi\yaeow - behind the clouds.mp3,1,1,158.496,2026-08-23 00:00:04,2026-08-23 00:00:04
2,RadioTEDU Lo-Fi,/lofi,configured_stream,47044,yaeow - euphoria,yaeow,,,,,,,111.119,H:\RadioTEDU Songs\lofi\yaeow - euphoria.mp3,1,1,108.843,2026-08-23 00:01:52,2026-08-23 00:01:52
2,RadioTEDU Lo-Fi,/lofi,configured_stream,47047,yaeow - I Need U (Kina Remix),yaeow,,,,,,,150.094,H:\RadioTEDU Songs\lofi\yaeow - I Need U (Kina Remix).mp3,1,1,147.763,2026-08-23 00:04:20,2026-08-23 00:04:20
2,RadioTEDU Lo-Fi,/lofi,configured_stream,47051,yaeow - if only (ft. Haidi),yaeow,,,,,,,146.959,H:\RadioTEDU Songs\lofi\yaeow - if only (ft. Haidi).mp3,1,1,144.084,2026-08-23 00:08:57,2026-08-23 00:08:57
2,RadioTEDU Lo-Fi,/lofi,configured_stream,49407,"Yes Sir, I Can Boogie (Starparade 02.06.1977)",Baccara,,,,,,,233.92,"H:\RadioTEDU Songs\lofi\24.04\Baccara - Yes Sir, I Can Boogie (Starparade 02.06.1977) [32wDFCM7iSI].mp3",1,1,235.414,2026-08-23 01:11:43,2026-08-23 01:11:43
2,RadioTEDU Lo-Fi,/lofi,configured_stream,47056,"yopsi - when it's cold, I'd like to die (ft. Rayons)",yopsi,,,,,,,187.563,"H:\RadioTEDU Songs\lofi\yopsi - when it's cold, I'd like to die (ft. Rayons).mp3",1,1,184.748,2026-08-23 15:35:35,2026-08-23 15:35:35
2,RadioTEDU Lo-Fi,/lofi,configured_stream,49796,You and the Night,Jalaapeno,,,,,,,170.757,H:\RadioTEDU Songs\lofi\Jalaapeno\La petite radio jaune\08 You and the Night.flac,1,1,167.962,2026-08-23 17:24:13,2026-08-23 17:24:13
2,RadioTEDU Lo-Fi,/lofi,configured_stream,49684,you are always wrong,dybredly & Shiloh,,,,,,,149.478,H:\RadioTEDU Songs\lofi\dybredly & Shiloh\you are always wrong\01 you are always wrong.mp3,1,1,146.602,2026-08-23 14:42:01,2026-08-23 14:42:01
2,RadioTEDU Lo-Fi,/lofi,configured_stream,49605,You Heard Me Call You but U Didn’t Care,BVG,,,,,,,118.165,H:\RadioTEDU Songs\lofi\BVG\This Could Have Been Our Love Story\01 BVG - You Heard Me Call You but U Didn’t Care.mp3,1,1,115.206,2026-08-23 09:38:19,2026-08-23 09:38:19
2,RadioTEDU Lo-Fi,/lofi,configured_stream,49443,You're Gonna Live Forever in Me (Audio),John Mayer,,,,,,,190.88,H:\RadioTEDU Songs\lofi\24.04\John Mayer - You're Gonna Live Forever in Me (Audio) [08Ndzf5-HxI].mp3,1,1,188.164,2026-08-23 23:06:10,2026-08-23 23:06:10
2,RadioTEDU Lo-Fi,/lofi,configured_stream,47060,you're not in love with me,,,,,,,,164.16,H:\RadioTEDU Songs\lofi\you're not in love with me.mp3,1,1,161.472,2026-08-23 00:17:02,2026-08-23 00:17:02
2,RadioTEDU Lo-Fi,/lofi,configured_stream,47063,Zaini & Nuxe - Reason (ft. Vict Molina),Zaini & Nuxe,,,,,,,158.604,H:\RadioTEDU Songs\lofi\Zaini & Nuxe - Reason (ft. Vict Molina).mp3,1,1,155.811,2026-08-23 12:32:51,2026-08-23 12:32:51
2,RadioTEDU Lo-Fi,/lofi,configured_stream,47064,Zaini & Vict Molina - it's ok to leave,Zaini & Vict Molina,,,,,,,184.842,H:\RadioTEDU Songs\lofi\Zaini & Vict Molina - it's ok to leave.mp3,1,1,184.098,2026-08-23 00:27:36,2026-08-23 00:27:36
2,RadioTEDU Lo-Fi,/lofi,configured_stream,47065,Zaini - Cruel Games,Zaini,,,,,,,209.259,H:\RadioTEDU Songs\lofi\Zaini - Cruel Games.mp3,1,1,206.628,2026-08-23 02:29:36,2026-08-23 02:29:36
2,RadioTEDU Lo-Fi,/lofi,configured_stream,47066,Zaini - i'll be different (ft. Vict Molina),Zaini,,,,,,,152.996,H:\RadioTEDU Songs\lofi\Zaini - i'll be different (ft. Vict Molina).mp3,1,1,150.259,2026-08-23 02:26:10,2026-08-23 02:26:10
2,RadioTEDU Lo-Fi,/lofi,configured_stream,47067,Zaini - it's not the same anymore (ft. Vict Molina),Zaini,,,,,,,163.596,H:\RadioTEDU Songs\lofi\Zaini - it's not the same anymore (ft. Vict Molina).mp3,1,1,160.643,2026-08-23 18:19:57,2026-08-23 18:19:57
2,RadioTEDU Lo-Fi,/lofi,configured_stream,49730,Zero Hour,"Girl From Nowhere, Boy From Nowhere",,,,,,,142.673,"H:\RadioTEDU Songs\lofi\Girl From Nowhere, Boy From Nowhere\Between Phases\04 Zero Hour.flac",1,1,139.925,2026-08-23 14:22:57,2026-08-23 14:22:57
2,RadioTEDU Lo-Fi,/lofi,configured_stream,49504,가을의 속삭임 (A Comme Amour),[unknown],,,,,,,198.687,H:\RadioTEDU Songs\lofi\[unknown]\Golden Best Pops Piano 1\06 가을의 속삭임 (A Comme Amour) (1).mp3,1,1,196.04,2026-08-23 23:34:40,2026-08-23 23:34:40
2,RadioTEDU Lo-Fi,/lofi,configured_stream,47072,＂NOBODY＂,,,,,,,,206.933,H:\RadioTEDU Songs\lofi\＂NOBODY＂.mp3,1,1,204.883,2026-08-23 09:19:15,2026-08-23 09:19:15
2,RadioTEDU Lo-Fi,/lofi,configured_stream,47073,ＢＡＤ ＬＯＶＥ,,,,,,,,103.659,H:\RadioTEDU Songs\lofi\ＢＡＤ ＬＯＶＥ.mp3,1,1,100.822,2026-08-23 08:06:29,2026-08-23 08:06:29
2,RadioTEDU Lo-Fi,/lofi,configured_stream,47074,ＣＡＮＤＹ,,,,,,,,120.683,H:\RadioTEDU Songs\lofi\ＣＡＮＤＹ.mp3,1,1,118.02,2026-08-23 00:43:37,2026-08-23 00:43:37
2,RadioTEDU Lo-Fi,/lofi,configured_stream,47080,ＬＯＳＴ,,,,,,,,175.717,H:\RadioTEDU Songs\lofi\ＬＯＳＴ.mp3,1,1,173.013,2026-08-23 09:41:12,2026-08-23 09:41:12
2,RadioTEDU Lo-Fi,/lofi,configured_stream,47081,ＭＯＭ,,,,,,,,119.68,H:\RadioTEDU Songs\lofi\ＭＯＭ.mp3,1,1,116.923,2026-08-23 10:40:41,2026-08-23 10:40:41
2,RadioTEDU Lo-Fi,/lofi,configured_stream,47082,ＲＥＭＥＭＢＥＲ,,,,,,,,118.059,H:\RadioTEDU Songs\lofi\ＲＥＭＥＭＢＥＲ.mp3,1,1,121.447,2026-08-23 09:15:51,2026-08-23 09:15:51
2,RadioTEDU Lo-Fi,/lofi,configured_stream,47084,ＷＩＴＨＯＵＴ,,,,,,,,158.244,H:\RadioTEDU Songs\lofi\ＷＩＴＨＯＵＴ.mp3,1,1,155.54,2026-08-23 01:04:13,2026-08-23 01:04:13
2,RadioTEDU Lo-Fi,/lofi,configured_stream,47078,ｌｏｆｉ　ｍａｎｉｆｅｓｔｏ,,,,,,,,237.482,H:\RadioTEDU Songs\lofi\ｌｏｆｉ　ｍａｎｉｆｅｓｔｏ.mp3,1,1,242.684,2026-08-23 00:49:56,2026-08-23 00:49:56
4,RadioTEDU Pop,/radio,configured_stream,50810,24K Magic,Bruno Mars,,,,,,,225.983,H:\RadioTEDU Songs\Pop\Bruno Mars\24K Magic\01 24K Magic.flac,2,2,449.782,2026-08-23 02:34:34,2026-08-23 23:25:45
4,RadioTEDU Pop,/radio,configured_stream,50861,A Minute of Your Time,Günter Kallmann Choir,,,,,,,155.328,H:\RadioTEDU Songs\Pop\Gunter Kallmann Choir\Lounge Legends\17 A Minute of Your Time.mp3,2,2,309.807,2026-08-23 01:13:23,2026-08-23 22:05:06
4,RadioTEDU Pop,/radio,configured_stream,51056,All the Things She Said (radio version),t.A.T.u.,,,,,,,214.436,H:\RadioTEDU Songs\Pop\t.A.T.u_\All the Things She Said\01 All the Things She Said (radio version).flac,2,2,426.724,2026-08-23 01:24:38,2026-08-23 22:16:21
4,RadioTEDU Pop,/radio,configured_stream,50827,Babydoll,Dominic Fike,,,,,,,97.96,"H:\RadioTEDU Songs\Pop\Dominic Fike\Don’t Forget About Me, Demos\03 Babydoll.flac",2,2,196.041,2026-08-23 00:05:41,2026-08-23 20:59:15
4,RadioTEDU Pop,/radio,configured_stream,50865,Believer,Imagine Dragons,,,,,,,204.347,H:\RadioTEDU Songs\Pop\Imagine Dragons\Believer.mp3,2,2,403.502,2026-08-23 02:54:50,2026-08-23 23:45:51
4,RadioTEDU Pop,/radio,configured_stream,47349,Bloody Mary Wednesday Soner Karaca Remix,Lady Gaga,,,,,,,197.01,H:\RadioTEDU Songs\Pop\NA - Lady_Gaga_-_Bloody_Mary_Wednesday_Soner_Karaca_Remix.flac,2,2,391.507,2026-08-23 00:18:41,2026-08-23 21:12:26
4,RadioTEDU Pop,/radio,configured_stream,50972,closer to heaven,Madelline,,,,,,,175.624,H:\RadioTEDU Songs\Pop\Madelline\closer to heaven\01 closer to heaven.flac,2,2,345.574,2026-08-23 02:27:14,2026-08-23 23:18:28
4,RadioTEDU Pop,/radio,configured_stream,50884,Cosmic Dust,John Coldrain ft. Franco Carter,,,,,,,205.34,H:\RadioTEDU Songs\Pop\John Coldrain\Future Thoughts\06 John Coldrain ft. Franco Carter - Cosmic Dust.flac,2,2,406.142,2026-08-23 02:46:56,2026-08-23 23:37:59
4,RadioTEDU Pop,/radio,configured_stream,51025,Diamonds,Rihanna,,,,,,,225.141,H:\RadioTEDU Songs\Pop\Rihanna\Greatest Hits\20 Rihanna - Diamonds.flac,2,2,450.312,2026-08-23 01:21:03,2026-08-23 22:12:47
4,RadioTEDU Pop,/radio,configured_stream,50961,Dreamer,Laufey,,,,,,,210.827,H:\RadioTEDU Songs\Pop\Laufey\Bewitched\01 Laufey - Dreamer.flac,2,2,416.988,2026-08-23 02:24:21,2026-08-23 23:15:35
4,RadioTEDU Pop,/radio,configured_stream,50993,Dying for Attention,"nothing,nowhere.",,,,,,,205.6,"H:\RadioTEDU Songs\Pop\nothing,nowhere_\Dying for Attention\01 Dying for Attention.flac",2,2,410.065,2026-08-23 02:01:45,2026-08-23 22:53:02
4,RadioTEDU Pop,/radio,configured_stream,50766,Escapism,,,,,,,,272.373,H:\RadioTEDU Songs\Pop\096 - Escapism..mp3,2,2,543.32,2026-08-23 02:51:28,2026-08-23 23:42:30
4,RadioTEDU Pop,/radio,configured_stream,50789,Every Time I Close My Eyes,Babyface,,,,,,,296.448,H:\RadioTEDU Songs\Pop\Babyface\The Day\01 Every Time I Close My Eyes.flac,2,2,589.085,2026-08-23 02:20:50,2026-08-23 23:12:08
4,RadioTEDU Pop,/radio,configured_stream,50815,For me... formidable,Charles Aznavour,,,,,,,143.587,H:\RadioTEDU Songs\Pop\Charles Aznavour\Qui _\01 For me... formidable.flac,2,2,292.279,2026-08-23 00:47:50,2026-08-23 21:39:40
4,RadioTEDU Pop,/radio,configured_stream,50818,Genie in a Bottle,Christina Aguilera,,,,,,,217.573,H:\RadioTEDU Songs\Pop\Christina Aguilera\Christina Aguilera_ Special Edition\01 Genie in a Bottle.flac,2,2,431.003,2026-08-23 00:45:24,2026-08-23 21:37:14
4,RadioTEDU Pop,/radio,configured_stream,50812,Grenade,Bruno Mars,,,,,,,222.091,H:\RadioTEDU Songs\Pop\Bruno Mars\Doo-Wops & Hooligans\01 Bruno Mars - Grenade.flac,2,2,442.681,2026-08-23 00:31:39,2026-08-23 21:23:27
4,RadioTEDU Pop,/radio,configured_stream,50797,Halo,Beyoncé,,,,,,,261.642,H:\RadioTEDU Songs\Pop\Beyoncé\Halo\01 Halo.flac,2,2,524.93,2026-08-23 01:37:17,2026-08-23 22:28:58
4,RadioTEDU Pop,/radio,configured_stream,50857,Heat Waves,Glass Animals,,,,,,,238.817,H:\RadioTEDU Songs\Pop\Glass Animals\Dreamland\14 Glass Animals - Heat Waves.flac,2,2,474.616,2026-08-23 00:41:49,2026-08-23 21:33:39
4,RadioTEDU Pop,/radio,configured_stream,51042,Hips Don't Lie,Shakira feat. Wyclef Jean,,,,,,,220.357,"H:\RadioTEDU Songs\Pop\Shakira\Oral Fixation, Vol. 2\03 Shakira feat. Wyclef Jean - Hips Don't Lie.flac",2,2,435.408,2026-08-23 00:12:14,2026-08-23 21:05:55
4,RadioTEDU Pop,/radio,configured_stream,50831,Houdini,Dua Lipa,,,,,,,185.918,H:\RadioTEDU Songs\Pop\Dua Lipa\Houdini.mp3,2,2,368.62,2026-08-23 00:34:42,2026-08-23 21:26:32
4,RadioTEDU Pop,/radio,configured_stream,50998,I Like U,One Track Mind,,,,,,,192.61,H:\RadioTEDU Songs\Pop\One Track Mind\I Like U\01 I Like U.mp3,2,2,383.779,2026-08-23 00:15:27,2026-08-23 21:09:09
4,RadioTEDU Pop,/radio,configured_stream,50804,If U Seek Amy,Britney Spears,,,,,,,216.52,H:\RadioTEDU Songs\Pop\Britney Spears\Circus\1-06 If U Seek Amy.flac,2,2,427.37,2026-08-23 03:07:04,2026-08-23 23:58:20
4,RadioTEDU Pop,/radio,configured_stream,50745,IYDKMIGTHTKY (Gimme That),,,,,,,,380.24,H:\RadioTEDU Songs\Pop\044 - IYDKMIGTHTKY (Gimme That).mp3,2,2,756.236,2026-08-23 00:04:02,2026-08-23 20:57:38
4,RadioTEDU Pop,/radio,configured_stream,50892,Killin’ It Girl,j-hope feat. GloRilla,,,,,,,148.724,H:\RadioTEDU Songs\Pop\j‐hope\Killin’ It Girl\01 j-hope feat. GloRilla - Killin’ It Girl.flac,2,2,291.91,2026-08-23 02:43:34,2026-08-23 23:34:36
4,RadioTEDU Pop,/radio,configured_stream,50885,Love Me Again,John Newman,,,,,,,239.894,H:\RadioTEDU Songs\Pop\John Newman\Tribute\02 Love Me Again.flac,2,2,474.304,2026-08-23 02:38:40,2026-08-23 23:29:42
4,RadioTEDU Pop,/radio,configured_stream,50801,Lovey Dovey Kind of Love,Brenton Wood,,,,,,,125.64,H:\RadioTEDU Songs\Pop\Brenton Wood\Brenton Wood’s 18 Best\07 Lovey Dovey Kind of Love.flac,2,2,247.948,2026-08-23 00:53:27,2026-08-23 21:44:59
4,RadioTEDU Pop,/radio,configured_stream,52305,Mary Jane vs Graeme Blevins.,RAYE w/ The Heritage Orchestra & Graeme Blevins,,,,,,,91.78,H:\RadioTEDU Songs\Pop\RAYE w_ The Heritage Orchestra\My 21st Century Symphony. (live at the Royal Albert Hall)\07 RAYE w_ The Heritage Orchestra & Graeme Blevins - Mary Jane vs Graeme Blevins..flac,2,2,178.126,2026-08-23 01:26:08,2026-08-23 22:17:50
4,RadioTEDU Pop,/radio,configured_stream,50777,Moody Wind,Anthony Lazaro,,,,,,,192.261,H:\RadioTEDU Songs\Pop\Anthony Lazaro\Midnight Pilots\05 Moody Wind.flac,2,2,379.569,2026-08-23 00:37:51,2026-08-23 21:29:42
4,RadioTEDU Pop,/radio,configured_stream,51105,Need Someone,Zara Larsson,,,,,,,177.361,H:\RadioTEDU Songs\Pop\Zara Larsson\Poster Girl\03 Zara Larsson - Need Someone.flac,2,2,354.276,2026-08-23 00:08:35,2026-08-23 21:02:15
4,RadioTEDU Pop,/radio,configured_stream,50854,NOBLE,F3miii,,,,,,,185.806,H:\RadioTEDU Songs\Pop\F3miii\NOBLE\01 NOBLE.flac,2,2,366.512,2026-08-23 01:40:32,2026-08-23 22:32:01
4,RadioTEDU Pop,/radio,configured_stream,50970,Not Afraid,Lontalius,,,,,,,199.211,H:\RadioTEDU Songs\Pop\Lontalius\How Can We Lose When We’re So Sincere_!\13 Not Afraid.mp3,2,2,398.15,2026-08-23 00:51:11,2026-08-23 21:42:57
4,RadioTEDU Pop,/radio,configured_stream,51082,Oh No Now My,This Is Lorelei,,,,,,,188.454,H:\RadioTEDU Songs\Pop\This Is Lorelei\Oh No Now My\01 Oh No Now My.flac,2,2,371.889,2026-08-23 01:29:14,2026-08-23 22:20:55
4,RadioTEDU Pop,/radio,configured_stream,50873,On the Floor (radio edit),Jennifer Lopez & Pitbull,,,,,,,230.907,H:\RadioTEDU Songs\Pop\Jennifer Lopez & Pitbull\On the Floor (radio edit).mp3,2,2,458.672,2026-08-23 01:54:28,2026-08-23 22:45:55
4,RadioTEDU Pop,/radio,configured_stream,51026,Only Girl (in the World),Rihanna,,,,,,,235.497,H:\RadioTEDU Songs\Pop\Rihanna\Loud\05 Rihanna - Only Girl (in the World).flac,2,2,465.72,2026-08-23 01:17:18,2026-08-23 22:08:59
4,RadioTEDU Pop,/radio,configured_stream,50877,Price Tag,Jessie J feat. B.o.B,,,,,,,221.24,H:\RadioTEDU Songs\Pop\Jessie J feat. B.o.B\Price Tag\01 Price Tag.mp3,2,2,443.177,2026-08-23 02:09:59,2026-08-23 23:01:21
4,RadioTEDU Pop,/radio,configured_stream,50869,Somebody Else,Isac Elliot,,,,,,,161.643,H:\RadioTEDU Songs\Pop\Isac Elliot\Somebody Else\01 Somebody Else.mp3,2,2,320.84,2026-08-23 01:10:48,2026-08-23 22:02:25
4,RadioTEDU Pop,/radio,configured_stream,50751,Somebody's Watching Me,,,,,,,,237.96,H:\RadioTEDU Songs\Pop\075 - Somebody's Watching Me.mp3,2,2,470.562,2026-08-23 01:00:54,2026-08-23 21:52:28
4,RadioTEDU Pop,/radio,configured_stream,50791,Someone to You,BANNERS,,,,,,,221.576,H:\RadioTEDU Songs\Pop\BANNERS\Where the Shadow Ends\03 BANNERS - Someone to You.flac,2,2,437.945,2026-08-23 01:32:52,2026-08-23 22:24:33
4,RadioTEDU Pop,/radio,configured_stream,51040,Stay Asleep,Seth Power,,,,,,,224.171,H:\RadioTEDU Songs\Pop\Seth Power\Souvenir\12 Stay Asleep.mp3,2,2,445.076,2026-08-23 01:58:11,2026-08-23 22:49:36
4,RadioTEDU Pop,/radio,configured_stream,52320,Summertime,The Platters,,,,,,,151.272,H:\RadioTEDU Songs\Pop\The Platters\Encore of Broadway Golden Hits\01 Summertime.mp3,2,2,298.111,2026-08-23 02:41:09,2026-08-23 23:32:10
4,RadioTEDU Pop,/radio,configured_stream,51009,Sunflower (Spider‐Man: Into the Spider‐Verse),Post Malone & Swae Lee,,,,,,,157.56,H:\RadioTEDU Songs\Pop\Post Malone\Hollywood’s Bleeding\12 Post Malone & Swae Lee - Sunflower (Spider‐Man_ Into the Spider‐Verse).flac,2,2,312.246,2026-08-23 02:57:24,2026-08-23 23:48:31
4,RadioTEDU Pop,/radio,configured_stream,50787,Take On Me,a‐ha,,,,,,,225.28,H:\RadioTEDU Songs\Pop\a‐ha\Hunting High and Low\01 Take On Me.flac,2,2,446.511,2026-08-23 00:22:24,2026-08-23 21:16:17
4,RadioTEDU Pop,/radio,configured_stream,50769,Teeth,5 Seconds of Summer,,,,,,,205.503,H:\RadioTEDU Songs\Pop\5 Seconds of Summer\CALM\05 Teeth.mp3,2,2,406.011,2026-08-23 01:43:56,2026-08-23 22:35:23
4,RadioTEDU Pop,/radio,configured_stream,50966,Tell Me If You Love Me,Levi Ransom,,,,,,,180.001,H:\RadioTEDU Songs\Pop\Levi Ransom\True Intentions\06 Tell Me If You Love Me.mp3,2,2,354.75,2026-08-23 01:46:53,2026-08-23 22:38:20
4,RadioTEDU Pop,/radio,configured_stream,50737,The Dead Dance,Lady Gaga,,,,,,,228.577,H:\RadioTEDU Songs\Pop\011 - Lady Gaga - The Dead Dance (Lyrics).mp3,2,2,453.449,2026-08-23 01:50:40,2026-08-23 22:42:05
4,RadioTEDU Pop,/radio,configured_stream,51050,The Greatest,Sia feat. Kendrick Lamar,,,,,,,210.227,H:\RadioTEDU Songs\Pop\Sia\This Is Acting\14 Sia feat. Kendrick Lamar - The Greatest.mp3,2,2,415.676,2026-08-23 00:25:51,2026-08-23 21:19:44
4,RadioTEDU Pop,/radio,configured_stream,52312,The Lady Is a Tramp,Robbie Williams,,,,,,,216.459,H:\RadioTEDU Songs\Pop\Robbie Williams\Swing When You're Winning\10 Robbie Williams - The Lady Is a Tramp.mp3,2,2,427.406,2026-08-23 02:30:48,2026-08-23 23:22:01
4,RadioTEDU Pop,/radio,configured_stream,50954,Today I Started Loving You Again,Kenny Rogers,,,,,,,184.366,H:\RadioTEDU Songs\Pop\Kenny Rogers\The Best Of\3-13 Today I Started Loving You Again.flac,2,2,363.782,2026-08-23 03:00:25,2026-08-23 23:51:40
4,RadioTEDU Pop,/radio,configured_stream,50975,Uptown Funk,Mark Ronson feat. Bruno Mars,,,,,,,270.396,H:\RadioTEDU Songs\Pop\Mark Ronson\Uptown Special\04 Mark Ronson feat. Bruno Mars - Uptown Funk.flac,2,2,537.236,2026-08-23 02:06:14,2026-08-23 22:57:42
4,RadioTEDU Pop,/radio,configured_stream,50732,Uptown Funk!,Mark Ronson feat. Bruno Mars,,,,,,,269.667,H:\RadioTEDU Songs\Pop\006 - Uptown Funk.mp3,2,2,537.333,2026-08-23 01:08:09,2026-08-23 21:59:44
4,RadioTEDU Pop,/radio,configured_stream,50963,Valentine,Laufey,,,,,,,168.907,H:\RadioTEDU Songs\Pop\Laufey\Everything I Know About Love\03 Valentine.flac,2,2,332.826,2026-08-23 01:03:42,2026-08-23 21:55:14
4,RadioTEDU Pop,/radio,configured_stream,50799,Vienna,Billy Joel,,,,,,,214.24,H:\RadioTEDU Songs\Pop\Billy Joel\The Stranger\05 Vienna.flac,2,2,424.766,2026-08-23 00:56:58,2026-08-23 21:48:33
4,RadioTEDU Pop,/radio,configured_stream,50826,What It Is (solo version),Doechii,,,,,,,189.825,H:\RadioTEDU Songs\Pop\Doechii\What It Is (solo version).mp3,2,2,373.994,2026-08-23 03:03:31,2026-08-23 23:54:47
4,RadioTEDU Pop,/radio,configured_stream,51011,When Doves Cry,Prince and The Revolution,,,,,,,354.929,H:\RadioTEDU Songs\Pop\Prince and The Revolution\Purple Rain\06 When Doves Cry.flac,2,2,709.335,2026-08-23 02:15:54,2026-08-23 23:07:14
4,RadioTEDU Pop,/radio,configured_stream,50774,(There Is) No Greater Love,Amy Winehouse,,,,,,,128.933,H:\RadioTEDU Songs\Pop\Amy Winehouse\Frank\10 (There Is) No Greater Love.flac,1,1,126.057,2026-08-23 09:33:12,2026-08-23 09:33:12
4,RadioTEDU Pop,/radio,configured_stream,50839,21 Reasons,Nathan Dawe feat. Ella Henderson,,,,,,,155.249,H:\RadioTEDU Songs\Pop\Ella Henderson\Everything I Didn’t Say and More\2-01 Nathan Dawe feat. Ella Henderson - 21 Reasons.flac,1,1,155.384,2026-08-23 04:20:23,2026-08-23 04:20:23
4,RadioTEDU Pop,/radio,configured_stream,50840,21 Reasons,Nathan Dawe feat. Ella Henderson,,,,,,,155.253,H:\RadioTEDU Songs\Pop\Ella Henderson\Everything I Didn’t Say and More\2-01 Nathan Dawe feat. Ella Henderson - 21 Reasons.mp3,1,1,152.703,2026-08-23 12:01:58,2026-08-23 12:01:58
4,RadioTEDU Pop,/radio,configured_stream,50736,Abracadabra,Lady Gaga,,,,,,,221.158,H:\RadioTEDU Songs\Pop\010 - Lady Gaga - Abracadabra (Lyrics).mp3,1,1,218.416,2026-08-23 11:48:41,2026-08-23 11:48:41
4,RadioTEDU Pop,/radio,configured_stream,50955,Abracadabra,Lady Gaga,,,,,,,223.398,H:\RadioTEDU Songs\Pop\Lady Gaga\Abracadabra.mp3,1,1,221.868,2026-08-23 17:39:43,2026-08-23 17:39:43
4,RadioTEDU Pop,/radio,configured_stream,50956,Abracadabra,Lady Gaga,,,,,,,223.399,H:\RadioTEDU Songs\Pop\Lady Gaga\MAYHEM\02 Lady Gaga - Abracadabra.flac,1,1,220.547,2026-08-23 04:34:04,2026-08-23 04:34:04
4,RadioTEDU Pop,/radio,configured_stream,50779,Active,Asake & Travis Scott,,,,,,,184.32,H:\RadioTEDU Songs\Pop\Asake\Lungu Boy\06 Asake & Travis Scott - Active.flac,1,1,181.465,2026-08-23 20:13:27,2026-08-23 20:13:27
4,RadioTEDU Pop,/radio,configured_stream,50780,Active,Asake & Travis Scott,,,,,,,184.32,H:\RadioTEDU Songs\Pop\Asake\Lungu Boy\06 Asake & Travis Scott - Active.mp3,1,1,181.569,2026-08-23 16:37:50,2026-08-23 16:37:50
4,RadioTEDU Pop,/radio,configured_stream,50819,Adventure of a Lifetime,Coldplay,,,,,,,263.787,H:\RadioTEDU Songs\Pop\Coldplay\A Head Full of Dreams\05 Coldplay - Adventure of a Lifetime.flac,1,1,261.053,2026-08-23 17:28:48,2026-08-23 17:28:48
4,RadioTEDU Pop,/radio,configured_stream,52314,Ain't That a Kick in the Head,Robbie Williams,,,,,,,147.992,H:\RadioTEDU Songs\Pop\Robbie Williams\Swing When You're Winning\13 Robbie Williams - Ain't That a Kick in the Head.mp3,1,1,145.055,2026-08-23 04:42:12,2026-08-23 04:42:12
4,RadioTEDU Pop,/radio,configured_stream,50979,Ain’t No Mountain High Enough,Marvin Gaye & Tammi Terrell,,,,,,,151.667,H:\RadioTEDU Songs\Pop\Marvin Gaye & Tammi Terrell\United\01 Ain’t No Mountain High Enough.flac,1,1,148.897,2026-08-23 14:08:21,2026-08-23 14:08:21
4,RadioTEDU Pop,/radio,configured_stream,50868,All My Friends (intro),Indigo,,,,,,,173.333,H:\RadioTEDU Songs\Pop\Indigo\All My Friends\01 Indigo - All My Friends (intro).mp3,1,1,173.432,2026-08-23 17:33:44,2026-08-23 17:33:44
4,RadioTEDU Pop,/radio,configured_stream,50757,All The Stars,,,,,,,,232.187,H:\RadioTEDU Songs\Pop\085 - All The Stars.mp3,1,1,232.511,2026-08-23 16:03:31,2026-08-23 16:03:31
4,RadioTEDU Pop,/radio,configured_stream,50753,All The Things She Said,,,,,,,,212.267,H:\RadioTEDU Songs\Pop\080 - All The Things She Said.mp3,1,1,209.405,2026-08-23 17:05:17,2026-08-23 17:05:17
4,RadioTEDU Pop,/radio,configured_stream,51055,All the Things She Said,t.A.T.u.,,,,,,,214.44,H:\RadioTEDU Songs\Pop\t.A.T.u_\All the Things She Said.mp3,1,1,211.858,2026-08-23 09:01:02,2026-08-23 09:01:02
4,RadioTEDU Pop,/radio,configured_stream,50992,Am I Wrong,Nico & Vinz,,,,,,,245.867,H:\RadioTEDU Songs\Pop\Nico & Vinz\Black Star Elephant\02 Am I Wrong.flac,1,1,243.024,2026-08-23 04:50:26,2026-08-23 04:50:26
4,RadioTEDU Pop,/radio,configured_stream,50752,Angel (Remastered 2019),,,,,,,,382.667,H:\RadioTEDU Songs\Pop\077 - Angel (Remastered 2019).mp3,1,1,381.523,2026-08-23 06:11:01,2026-08-23 06:11:01
4,RadioTEDU Pop,/radio,configured_stream,50895,Animal,KATSEYE,,,,,,,158.494,H:\RadioTEDU Songs\Pop\KATSEYE\Animal\01 Animal.flac,1,1,157.077,2026-08-23 03:58:26,2026-08-23 03:58:26
4,RadioTEDU Pop,/radio,configured_stream,50978,Animals,Maroon 5,,,,,,,230.92,H:\RadioTEDU Songs\Pop\Maroon 5\V\02 Maroon 5 - Animals.flac,1,1,228.232,2026-08-23 15:22:23,2026-08-23 15:22:23
4,RadioTEDU Pop,/radio,configured_stream,51027,APT.,ROSÉ & Bruno Mars,,,,,,,173.383,H:\RadioTEDU Songs\Pop\ROSÉ\rosie\06 ROSÉ & Bruno Mars - APT..flac,1,1,170.527,2026-08-23 09:58:22,2026-08-23 09:58:22
4,RadioTEDU Pop,/radio,configured_stream,51028,APT.,ROSÉ & Bruno Mars,,,,,,,173.383,H:\RadioTEDU Songs\Pop\ROSÉ\rosie\06 ROSÉ & Bruno Mars - APT..mp3,1,1,172.13,2026-08-23 13:27:29,2026-08-23 13:27:29
4,RadioTEDU Pop,/radio,configured_stream,50880,Arcade,John Coldrain ft. Franco Carter,,,,,,,148.092,H:\RadioTEDU Songs\Pop\John Coldrain\Future Thoughts\02 John Coldrain ft. Franco Carter - Arcade.flac,1,1,145.257,2026-08-23 08:54:16,2026-08-23 08:54:16
4,RadioTEDU Pop,/radio,configured_stream,51051,back to friends,sombr,,,,,,,199.032,H:\RadioTEDU Songs\Pop\sombr\I Barely Know Her\04 back to friends.flac,1,1,196.136,2026-08-23 08:01:54,2026-08-23 08:01:54
4,RadioTEDU Pop,/radio,configured_stream,50790,Backseat,Balu Brigada,,,,,,,383.4,H:\RadioTEDU Songs\Pop\Balu Brigada\Backseat\01 Backseat.flac,1,1,381.707,2026-08-23 11:59:26,2026-08-23 11:59:26
4,RadioTEDU Pop,/radio,configured_stream,50973,bad enough,Madison Beer,,,,,,,222.513,H:\RadioTEDU Songs\Pop\Madison Beer\locket\05 bad enough.flac,1,1,220.259,2026-08-23 19:07:58,2026-08-23 19:07:58
4,RadioTEDU Pop,/radio,configured_stream,50778,Bang Bang,Jessie J + Ariana Grande + Nicki Minaj,,,,,,,199.32,H:\RadioTEDU Songs\Pop\Ariana Grande\My Everything\13 Jessie J + Ariana Grande + Nicki Minaj - Bang Bang.flac,1,1,196.367,2026-08-23 13:49:24,2026-08-23 13:49:24
4,RadioTEDU Pop,/radio,configured_stream,50878,Bang Bang,"Jessie J, Ariana Grande & Nicki Minaj",,,,,,,199.32,"H:\RadioTEDU Songs\Pop\Jessie J, Ariana Grande & Nicki Minaj\Bang Bang.mp3",1,1,199.539,2026-08-23 18:40:26,2026-08-23 18:40:26
4,RadioTEDU Pop,/radio,configured_stream,50841,Be Her,Ella Langley,,,,,,,217.24,H:\RadioTEDU Songs\Pop\Ella Langley\Dandelion\06 Ella Langley - Be Her.flac,1,1,215.247,2026-08-23 14:29:49,2026-08-23 14:29:49
4,RadioTEDU Pop,/radio,configured_stream,50984,Been By Now,Morgan Wallen,,,,,,,213.806,H:\RadioTEDU Songs\Pop\Morgan Wallen\Been By Now\01 Been By Now.flac,1,1,211.191,2026-08-23 15:43:39,2026-08-23 15:43:39
4,RadioTEDU Pop,/radio,configured_stream,50814,Big Strong Man,Cavetown,,,,,,,229.682,H:\RadioTEDU Songs\Pop\Cavetown\Big Strong Man\01 Big Strong Man.flac,1,1,228.687,2026-08-23 04:15:32,2026-08-23 04:15:32
4,RadioTEDU Pop,/radio,configured_stream,50738,Bloody Mary,Lady Gaga,,,,,,,244.76,H:\RadioTEDU Songs\Pop\019 - Bloody Mary.mp3,1,1,242.057,2026-08-23 03:42:02,2026-08-23 03:42:02
4,RadioTEDU Pop,/radio,configured_stream,51053,Boston,STELLA LEFTY,,,,,,,170.859,H:\RadioTEDU Songs\Pop\STELLA LEFTY\Boston\01 Boston.flac,1,1,168.831,2026-08-23 10:24:20,2026-08-23 10:24:20
4,RadioTEDU Pop,/radio,configured_stream,51023,Breakin' Dishes,Rihanna,,,,,,,200.574,H:\RadioTEDU Songs\Pop\Rihanna\Good Girl Gone Bad_ Reloaded\04 Rihanna - Breakin' Dishes.flac,1,1,197.868,2026-08-23 09:04:20,2026-08-23 09:04:20
4,RadioTEDU Pop,/radio,configured_stream,51017,Breakin’ Dishes,Rihanna,,,,,,,200.573,H:\RadioTEDU Songs\Pop\Rihanna\Breakin’ Dishes.mp3,1,1,198.071,2026-08-23 16:27:15,2026-08-23 16:27:15
4,RadioTEDU Pop,/radio,configured_stream,50959,Brooklyn Baby,Lana Del Rey,,,,,,,351.64,H:\RadioTEDU Songs\Pop\Lana Del Rey\Greatest Hits\2-15 Lana Del Rey - Brooklyn Baby.mp3,1,1,348.852,2026-08-23 18:14:07,2026-08-23 18:14:07
4,RadioTEDU Pop,/radio,configured_stream,50746,Bye Bye Bye,,,,,,,,200.4,H:\RadioTEDU Songs\Pop\060 - Bye Bye Bye.mp3,1,1,199.055,2026-08-23 19:04:18,2026-08-23 19:04:18
4,RadioTEDU Pop,/radio,configured_stream,50902,California Gurls,Katy Perry & Snoop Dogg,,,,,,,233.964,H:\RadioTEDU Songs\Pop\Katy Perry\Teenage Dream\03 Katy Perry & Snoop Dogg - California Gurls.flac,1,1,231.007,2026-08-23 17:55:04,2026-08-23 17:55:04
4,RadioTEDU Pop,/radio,configured_stream,50900,California Gurls,Katy Perry feat. Snoop Dogg,,,,,,,233.918,H:\RadioTEDU Songs\Pop\Katy Perry feat. Snoop Dogg\California Gurls.mp3,1,1,235.031,2026-08-23 03:23:52,2026-08-23 03:23:52
4,RadioTEDU Pop,/radio,configured_stream,50771,Can You Imagine?,African Children's Choir,,,,,,,192.017,H:\RadioTEDU Songs\Pop\African Children's Choir\Gifts of Love\08 Can You Imagine_.mp3,1,1,193.884,2026-08-23 10:01:35,2026-08-23 10:01:35
4,RadioTEDU Pop,/radio,configured_stream,51078,Can’t Feel My Face,The Weeknd,,,,,,,213.52,H:\RadioTEDU Songs\Pop\The Weeknd\Beauty Behind the Madness\07 The Weeknd - Can’t Feel My Face.flac,1,1,210.68,2026-08-23 08:37:52,2026-08-23 08:37:52
4,RadioTEDU Pop,/radio,configured_stream,50890,CAN’T STOP THE FEELING! (original song from DreamWorks Animation’s “TROLLS”),Justin Timberlake,,,,,,,236.002,H:\RadioTEDU Songs\Pop\Justin Timberlake\CAN’T STOP THE FEELING!\01 CAN’T STOP THE FEELING! (original song from DreamWorks Animation’s “TROLLS”).flac,1,1,235.082,2026-08-23 07:00:32,2026-08-23 07:00:32
4,RadioTEDU Pop,/radio,configured_stream,51097,CHANEL,Tyla,,,,,,,189.44,H:\RadioTEDU Songs\Pop\Tyla\CHANEL.mp3,1,1,186.582,2026-08-23 09:52:02,2026-08-23 09:52:02
4,RadioTEDU Pop,/radio,configured_stream,51098,CHANEL,Tyla,,,,,,,189.44,H:\RadioTEDU Songs\Pop\Tyla\CHANEL\01 CHANEL.flac,1,1,191.726,2026-08-23 06:14:16,2026-08-23 06:14:16
4,RadioTEDU Pop,/radio,configured_stream,50782,Choose Your Fighter,Ava Max,,,,,,,137.514,H:\RadioTEDU Songs\Pop\Ava Max\Choose Your Fighter.mp3,1,1,135.18,2026-08-23 07:15:47,2026-08-23 07:15:47
4,RadioTEDU Pop,/radio,configured_stream,51062,Come Together,The Beatles,,,,,,,259.947,H:\RadioTEDU Songs\Pop\The Beatles\Abbey Road\01 Come Together.flac,1,1,257.228,2026-08-23 19:27:35,2026-08-23 19:27:35
4,RadioTEDU Pop,/radio,configured_stream,47419,Counting Stars,OneRepublic,,,,,,,283.098,H:\RadioTEDU Songs\Pop\NA - OneRepublic_-_Counting_Stars.flac,1,1,280.312,2026-08-23 17:09:57,2026-08-23 17:09:57
4,RadioTEDU Pop,/radio,configured_stream,50794,Crazy in Love,Beyoncé featuring Jay‐Z,,,,,,,236.739,H:\RadioTEDU Songs\Pop\Beyoncé\Dangerously in Love\01 Beyoncé featuring Jay‐Z - Crazy in Love.flac,1,1,235.982,2026-08-23 16:13:14,2026-08-23 16:13:14
4,RadioTEDU Pop,/radio,configured_stream,44942,cult leader,daisy angel,,,,,,,114.01,H:\RadioTEDU Songs\Pop\daisy angel - cult leader.flac,1,1,113.552,2026-08-23 13:42:38,2026-08-23 13:42:38
4,RadioTEDU Pop,/radio,configured_stream,50792,Damage,Bazanji,,,,,,,166.08,H:\RadioTEDU Songs\Pop\Bazanji\Damage\01 Damage.mp3,1,1,163.791,2026-08-23 08:11:26,2026-08-23 08:11:26
4,RadioTEDU Pop,/radio,configured_stream,50852,Damn Your Eyes,Etta James,,,,,,,251.333,H:\RadioTEDU Songs\Pop\Etta James\Seven Year Itch\05 Damn Your Eyes.flac,1,1,252.135,2026-08-23 14:37:17,2026-08-23 14:37:17
4,RadioTEDU Pop,/radio,configured_stream,50734,Dancing Queen,ABBA,,,,,,,230.4,H:\RadioTEDU Songs\Pop\008 - Dancing Queen.mp3,1,1,227.547,2026-08-23 05:21:07,2026-08-23 05:21:07
4,RadioTEDU Pop,/radio,configured_stream,50740,Determinate,Bridgit Mendler feat. Adam Hicks,,,,,,,198.107,H:\RadioTEDU Songs\Pop\022 - Determinate (From ＂Lemonade Mouth＂).mp3,1,1,195.361,2026-08-23 09:46:30,2026-08-23 09:46:30
4,RadioTEDU Pop,/radio,configured_stream,51018,Diamonds,Rihanna,,,,,,,225.147,H:\RadioTEDU Songs\Pop\Rihanna\Diamonds.mp3,1,1,225.418,2026-08-23 06:56:36,2026-08-23 06:56:36
4,RadioTEDU Pop,/radio,configured_stream,50957,Die With a Smile,Lady Gaga & Bruno Mars,,,,,,,251.668,H:\RadioTEDU Songs\Pop\Lady Gaga\MAYHEM\15 Lady Gaga & Bruno Mars - Die With a Smile.mp3,1,1,251.624,2026-08-23 09:30:58,2026-08-23 09:30:58
4,RadioTEDU Pop,/radio,configured_stream,50798,Diva,Beyoncé,,,,,,,200.613,H:\RadioTEDU Songs\Pop\Beyoncé\I Am… Sasha Fierce\11 Beyoncé - Diva.flac,1,1,198.107,2026-08-23 13:37:30,2026-08-23 13:37:30
4,RadioTEDU Pop,/radio,configured_stream,50816,Do It to It,Cherish feat. Sean Paul,,,,,,,223.434,H:\RadioTEDU Songs\Pop\Cherish\Unappreciated\02 Cherish feat. Sean Paul - Do It to It.flac,1,1,220.642,2026-08-23 20:32:16,2026-08-23 20:32:16
4,RadioTEDU Pop,/radio,configured_stream,52308,Do Nothin' Till You Hear From Me,Robbie Williams,,,,,,,178.059,H:\RadioTEDU Songs\Pop\Robbie Williams\Swing When You're Winning\04 Robbie Williams - Do Nothin' Till You Hear From Me.mp3,1,1,185.95,2026-08-23 05:43:26,2026-08-23 05:43:26
4,RadioTEDU Pop,/radio,configured_stream,51099,Dobro,Westside Cowboy,,,,,,,165.259,H:\RadioTEDU Songs\Pop\Westside Cowboy\Dobro\01 Dobro.flac,1,1,162.496,2026-08-23 09:16:10,2026-08-23 09:16:10
4,RadioTEDU Pop,/radio,configured_stream,51061,Don't Leave Me Here Alone,The Barrier Brothers,,,,,,,147.865,H:\RadioTEDU Songs\Pop\The Barrier Brothers\Pickin' And Singin'\10 Don't Leave Me Here Alone.mp3,1,1,147.976,2026-08-23 14:58:07,2026-08-23 14:58:07
4,RadioTEDU Pop,/radio,configured_stream,51019,Don’t Stop the Music,Rihanna,,,,,,,267.08,H:\RadioTEDU Songs\Pop\Rihanna\Don’t Stop the Music.mp3,1,1,264.139,2026-08-23 11:53:05,2026-08-23 11:53:05
4,RadioTEDU Pop,/radio,configured_stream,51022,Don’t Stop the Music,Rihanna,,,,,,,267.08,H:\RadioTEDU Songs\Pop\Rihanna\Good Girl Gone Bad_ Reloaded\03 Rihanna - Don’t Stop the Music.flac,1,1,267.339,2026-08-23 05:04:14,2026-08-23 05:04:14
4,RadioTEDU Pop,/radio,configured_stream,51024,Don’t Stop the Music,Rihanna,,,,,,,267.076,H:\RadioTEDU Songs\Pop\Rihanna\Greatest Hits\07 Rihanna - Don’t Stop the Music.flac,1,1,268.315,2026-08-23 17:01:48,2026-08-23 17:01:48
4,RadioTEDU Pop,/radio,configured_stream,50756,Dracula,,,,,,,,205.309,H:\RadioTEDU Songs\Pop\084 - Dracula.mp3,1,1,202.585,2026-08-23 08:22:26,2026-08-23 08:22:26
4,RadioTEDU Pop,/radio,configured_stream,50995,drop dead,Olivia Rodrigo,,,,,,,224.999,H:\RadioTEDU Songs\Pop\Olivia Rodrigo\you seem pretty sad for a girl so in love\01 Olivia Rodrigo - drop dead.flac,1,1,222.455,2026-08-23 16:20:28,2026-08-23 16:20:28
4,RadioTEDU Pop,/radio,configured_stream,51080,Easier Said Than Done,Thee Sacred Souls,,,,,,,173.353,H:\RadioTEDU Songs\Pop\Thee Sacred Souls\The Instrumentals\03 Easier Said Than Done.flac,1,1,170.421,2026-08-23 04:36:54,2026-08-23 04:36:54
4,RadioTEDU Pop,/radio,configured_stream,50988,Embrace It,Ndotz,,,,,,,104.618,H:\RadioTEDU Songs\Pop\Ndotz\Embrace It\01 Embrace It.flac,1,1,102.326,2026-08-23 19:41:44,2026-08-23 19:41:44
4,RadioTEDU Pop,/radio,configured_stream,50989,Embrace It,Ndotz,,,,,,,104.618,H:\RadioTEDU Songs\Pop\Ndotz\Embrace It\01 Embrace It.mp3,1,1,101.785,2026-08-23 11:28:44,2026-08-23 11:28:44
4,RadioTEDU Pop,/radio,configured_stream,50881,End of Time,John Coldrain ft. Downtown Binary,,,,,,,216.528,H:\RadioTEDU Songs\Pop\John Coldrain\Future Thoughts\03 John Coldrain ft. Downtown Binary - End of Time.flac,1,1,213.677,2026-08-23 08:05:27,2026-08-23 08:05:27
4,RadioTEDU Pop,/radio,configured_stream,51030,Espresso,Sabrina Carpenter,,,,,,,175.45,H:\RadioTEDU Songs\Pop\Sabrina Carpenter\Short n' Sweet\07 Espresso.flac,1,1,172.487,2026-08-23 18:20:54,2026-08-23 18:20:54
4,RadioTEDU Pop,/radio,configured_stream,51031,Espresso,Sabrina Carpenter,,,,,,,175.459,H:\RadioTEDU Songs\Pop\Sabrina Carpenter\Short n' Sweet\07 Espresso.mp3,1,1,175.899,2026-08-23 19:30:30,2026-08-23 19:30:30
4,RadioTEDU Pop,/radio,configured_stream,52317,Eternity (Orchestral version),Robbie Williams,,,,,,,335.812,H:\RadioTEDU Songs\Pop\Robbie Williams\Swing When You're Winning\21 Robbie Williams - Eternity (Orchestral version).mp3,1,1,335.908,2026-08-23 11:15:23,2026-08-23 11:15:23
4,RadioTEDU Pop,/radio,configured_stream,52319,Ev'ry Time We Say Goodbye,Robbie Williams,,,,,,,183.283,H:\RadioTEDU Songs\Pop\Robbie Williams\Swing When You're Winning\23 Robbie Williams - Ev'ry Time We Say Goodbye.mp3,1,1,182.72,2026-08-23 12:18:44,2026-08-23 12:18:44
4,RadioTEDU Pop,/radio,configured_stream,50788,Every Time I Close My Eyes,Babyface,,,,,,,298.713,H:\RadioTEDU Songs\Pop\Babyface\The Day\01 Every Time I Close My Eyes (1).flac,1,1,296.764,2026-08-23 03:29:01,2026-08-23 03:29:01
4,RadioTEDU Pop,/radio,configured_stream,50743,Excess,,,,,,,,277.375,H:\RadioTEDU Songs\Pop\042 - Excess.mp3,1,1,274.639,2026-08-23 07:49:24,2026-08-23 07:49:24
4,RadioTEDU Pop,/radio,configured_stream,50758,FE!N,,,,,,,,191.701,H:\RadioTEDU Songs\Pop\086 - FE!N.mp3,1,1,189.609,2026-08-23 10:36:20,2026-08-23 10:36:20
4,RadioTEDU Pop,/radio,configured_stream,51091,FE!N,Travis Scott feat. Playboi Carti,,,,,,,191.704,H:\RadioTEDU Songs\Pop\Travis Scott\UTOPIA\1-08 Travis Scott feat. Playboi Carti - FE!N.flac,1,1,190.071,2026-08-23 17:13:07,2026-08-23 17:13:07
4,RadioTEDU Pop,/radio,configured_stream,51092,FE!N,Travis Scott feat. Playboi Carti,,,,,,,191.701,H:\RadioTEDU Songs\Pop\Travis Scott\UTOPIA\1-08 Travis Scott feat. Playboi Carti - FE!N.mp3,1,1,189.083,2026-08-23 10:52:36,2026-08-23 10:52:36
4,RadioTEDU Pop,/radio,configured_stream,50762,Feel Good Inc,,,,,,,,222.64,H:\RadioTEDU Songs\Pop\090 - Feel Good Inc..mp3,1,1,220.805,2026-08-23 12:29:54,2026-08-23 12:29:54
4,RadioTEDU Pop,/radio,configured_stream,51083,FLOWERS,Tiffany Day,,,,,,,148.066,H:\RadioTEDU Songs\Pop\Tiffany Day\FLOWERS\01 FLOWERS.flac,1,1,146.014,2026-08-23 15:18:35,2026-08-23 15:18:35
4,RadioTEDU Pop,/radio,configured_stream,50742,Footloose,Kenny Loggins,,,,,,,226.827,H:\RadioTEDU Songs\Pop\024 - Footloose (From ＂Footloose＂ Soundtrack).mp3,1,1,226.632,2026-08-23 03:19:57,2026-08-23 03:19:57
4,RadioTEDU Pop,/radio,configured_stream,51048,Freedom Bus,Sheryl Crow feat. Jesse Welles,,,,,,,283.115,H:\RadioTEDU Songs\Pop\Sheryl Crow\Freedom Bus\01 Freedom Bus.flac,1,1,280.198,2026-08-23 07:13:32,2026-08-23 07:13:32
4,RadioTEDU Pop,/radio,configured_stream,50962,From the Start,Laufey,,,,,,,169.573,H:\RadioTEDU Songs\Pop\Laufey\Bewitched\10 Laufey - From the Start.flac,1,1,168.074,2026-08-23 03:48:18,2026-08-23 03:48:18
4,RadioTEDU Pop,/radio,configured_stream,50749,Fun.： We Are Young ft. Janelle Monáe,,,,,,,,252.25,H:\RadioTEDU Songs\Pop\063 - Fun.： We Are Young ft. Janelle Monáe [OFFICIAL VIDEO].mp3,1,1,250.598,2026-08-23 09:20:20,2026-08-23 09:20:20
4,RadioTEDU Pop,/radio,configured_stream,50875,Get Right,Jennifer Lopez,,,,,,,225.533,H:\RadioTEDU Songs\Pop\Jennifer Lopez\Rebirth\01 Jennifer Lopez - Get Right.flac,1,1,222.748,2026-08-23 14:22:51,2026-08-23 14:22:51
4,RadioTEDU Pop,/radio,configured_stream,50731,Ghostbusters,Ray Parker Jr.,,,,,,,245.6,H:\RadioTEDU Songs\Pop\005 - Ghostbusters.mp3,1,1,242.661,2026-08-23 17:24:27,2026-08-23 17:24:27
4,RadioTEDU Pop,/radio,configured_stream,50899,GIMME GIMME,Katy Perry feat. 21 Savage,,,,,,,177.842,H:\RadioTEDU Songs\Pop\Katy Perry feat. 21 Savage\GIMME GIMME.mp3,1,1,177.544,2026-08-23 18:34:01,2026-08-23 18:34:01
4,RadioTEDU Pop,/radio,configured_stream,50901,GIMME GIMME,Katy Perry feat. 21 Savage,,,,,,,177.842,H:\RadioTEDU Songs\Pop\Katy Perry\143_ I Love You IRL\02 Katy Perry feat. 21 Savage - GIMME GIMME.flac,1,1,178.263,2026-08-23 10:49:27,2026-08-23 10:49:27
4,RadioTEDU Pop,/radio,configured_stream,50748,Girls Just Want to Have Fun,,,,,,,,238.267,H:\RadioTEDU Songs\Pop\062 - Girls Just Want to Have Fun.mp3,1,1,235.741,2026-08-23 15:40:08,2026-08-23 15:40:08
4,RadioTEDU Pop,/radio,configured_stream,50850,Godzilla,Eminem feat. Juice WRLD,,,,,,,210.791,H:\RadioTEDU Songs\Pop\Eminem\Music to Be Murdered By\07 Eminem feat. Juice WRLD - Godzilla.flac,1,1,209.722,2026-08-23 07:39:32,2026-08-23 07:39:32
4,RadioTEDU Pop,/radio,configured_stream,50847,Godzilla,Eminem ft. Juice WRLD,,,,,,,210.8,H:\RadioTEDU Songs\Pop\Eminem ft. Juice WRLD\Godzilla.mp3,1,1,208.226,2026-08-23 03:45:30,2026-08-23 03:45:30
4,RadioTEDU Pop,/radio,configured_stream,50829,God’s Plan,Drake,,,,,,,198.972,H:\RadioTEDU Songs\Pop\Drake\Scorpion\1-05 Drake - God’s Plan.flac,1,1,196.038,2026-08-23 08:44:52,2026-08-23 08:44:52
4,RadioTEDU Pop,/radio,configured_stream,50830,God’s Plan,Drake,,,,,,,198.973,H:\RadioTEDU Songs\Pop\Drake\Scorpion\1-05 Drake - God’s Plan.mp3,1,1,196.152,2026-08-23 08:08:43,2026-08-23 08:08:43
4,RadioTEDU Pop,/radio,configured_stream,51057,greedy,Tate McRae,,,,,,,129.687,H:\RadioTEDU Songs\Pop\Tate McRae\greedy.mp3,1,1,126.838,2026-08-23 20:44:10,2026-08-23 20:44:10
4,RadioTEDU Pop,/radio,configured_stream,50796,Halo,Beyoncé,,,,,,,261.64,H:\RadioTEDU Songs\Pop\Beyoncé\Halo.mp3,1,1,258.813,2026-08-23 11:09:48,2026-08-23 11:09:48
4,RadioTEDU Pop,/radio,configured_stream,52304,Hard to Say I'm Sorry,David Foster,,,,,,,274.333,H:\RadioTEDU Songs\Pop\David Foster\Rechordings\09 Hard to Say I'm Sorry.flac,1,1,272.632,2026-08-23 10:06:08,2026-08-23 10:06:08
4,RadioTEDU Pop,/radio,configured_stream,52316,Have You Met Miss Jones?,Robbie Williams,,,,,,,154.157,H:\RadioTEDU Songs\Pop\Robbie Williams\Swing When You're Winning\16 Robbie Williams - Have You Met Miss Jones_.mp3,1,1,151.258,2026-08-23 17:57:35,2026-08-23 17:57:35
4,RadioTEDU Pop,/radio,configured_stream,51086,He Wasn’t Man Enough,Toni Braxton,,,,,,,261.933,H:\RadioTEDU Songs\Pop\Toni Braxton\The Heat\01 Toni Braxton - He Wasn’t Man Enough.flac,1,1,263.409,2026-08-23 14:44:26,2026-08-23 14:44:26
4,RadioTEDU Pop,/radio,configured_stream,50823,Heart Attack,Demi Lovato,,,,,,,210.837,H:\RadioTEDU Songs\Pop\Demi Lovato\Heart Attack\01 Heart Attack.flac,1,1,208.24,2026-08-23 04:23:55,2026-08-23 04:23:55
4,RadioTEDU Pop,/radio,configured_stream,50824,Heartattack,Demi Lovato,,,,,,,210.84,H:\RadioTEDU Songs\Pop\Demi Lovato\Heartattack.mp3,1,1,208.087,2026-08-23 10:42:19,2026-08-23 10:42:19
4,RadioTEDU Pop,/radio,configured_stream,50858,Heat Waves,Glass Animals,,,,,,,238.805,H:\RadioTEDU Songs\Pop\Glass Animals\Dreamland\14 Glass Animals - Heat Waves.mp3,1,1,235.96,2026-08-23 16:53:04,2026-08-23 16:53:04
4,RadioTEDU Pop,/radio,configured_stream,51063,Here Comes the Sun,The Beatles,,,,,,,185.733,H:\RadioTEDU Songs\Pop\The Beatles\Abbey Road\07 Here Comes the Sun.flac,1,1,183.064,2026-08-23 19:37:22,2026-08-23 19:37:22
4,RadioTEDU Pop,/radio,configured_stream,51008,Hey Baby (Drop It to the Floor),Pitbull feat. T‐Pain,,,,,,,235.903,H:\RadioTEDU Songs\Pop\Pitbull\Planet Pit\04 Pitbull feat. T‐Pain - Hey Baby (Drop It to the Floor).flac,1,1,233.236,2026-08-23 13:17:16,2026-08-23 13:17:16
4,RadioTEDU Pop,/radio,configured_stream,51041,Hips Don't Lie,Shakira feat. Wyclef Jean,,,,,,,218.21,"H:\RadioTEDU Songs\Pop\Shakira\Oral Fixation, Vol. 2\03 Shakira feat. Wyclef Jean - Hips Don't Lie (1).flac",1,1,215.472,2026-08-23 03:32:36,2026-08-23 03:32:36
4,RadioTEDU Pop,/radio,configured_stream,51043,Hips Don't Lie,Shakira feat. Wyclef Jean,,,,,,,220.36,"H:\RadioTEDU Songs\Pop\Shakira\Oral Fixation, Vol. 2\03 Shakira feat. Wyclef Jean - Hips Don't Lie.mp3",1,1,217.551,2026-08-23 05:34:32,2026-08-23 05:34:32
4,RadioTEDU Pop,/radio,configured_stream,47335,Hit Me Up,Darin,,,,,,,125.005,H:\RadioTEDU Songs\Pop\NA - Darin_-_Hit_Me_Up_Visualizer.flac,1,1,122.765,2026-08-23 17:30:50,2026-08-23 17:30:50
4,RadioTEDU Pop,/radio,configured_stream,51068,Ho Hey,The Lumineers,,,,,,,163.133,H:\RadioTEDU Songs\Pop\The Lumineers\The Lumineers\05 Ho Hey.flac,1,1,160.41,2026-08-23 19:40:02,2026-08-23 19:40:02
4,RadioTEDU Pop,/radio,configured_stream,51032,"Hold On, I’m Comin’",Sam & Dave,,,,,,,155.707,"H:\RadioTEDU Songs\Pop\Sam & Dave\Hold On, I’m Comin’\01 Hold On, I’m Comin’.flac",1,1,153.997,2026-08-23 18:03:25,2026-08-23 18:03:25
4,RadioTEDU Pop,/radio,configured_stream,50898,Hootie Frutti,KATSEYE,,,,,,,140.72,H:\RadioTEDU Songs\Pop\KATSEYE\WILD\03 Hootie Frutti.flac,1,1,138.015,2026-08-23 15:59:39,2026-08-23 15:59:39
4,RadioTEDU Pop,/radio,configured_stream,50833,Houdini,Dua Lipa,,,,,,,185.922,H:\RadioTEDU Songs\Pop\Dua Lipa\Radical Optimism\02 Houdini.flac,1,1,187.574,2026-08-23 05:30:49,2026-08-23 05:30:49
4,RadioTEDU Pop,/radio,configured_stream,50848,Houdini,Eminem,,,,,,,227.3,H:\RadioTEDU Songs\Pop\Eminem\Houdini\01 Houdini.flac,1,1,224.495,2026-08-23 15:50:05,2026-08-23 15:50:05
4,RadioTEDU Pop,/radio,configured_stream,50849,Houdini,Eminem,,,,,,,227.3,H:\RadioTEDU Songs\Pop\Eminem\Houdini\01 Houdini.mp3,1,1,224.565,2026-08-23 10:17:12,2026-08-23 10:17:12
4,RadioTEDU Pop,/radio,configured_stream,51101,How Many Days,William Hall,,,,,,,155.69,H:\RadioTEDU Songs\Pop\William Hall\Goodbye Home\02 How Many Days.mp3,1,1,152.954,2026-08-23 16:49:08,2026-08-23 16:49:08
4,RadioTEDU Pop,/radio,configured_stream,51005,I Can’t Wait,Phoebe Bridgers,,,,,,,217.205,H:\RadioTEDU Songs\Pop\Phoebe Bridgers\Lost Weekend\14 I Can’t Wait (1).flac,1,1,214.337,2026-08-23 12:12:25,2026-08-23 12:12:25
4,RadioTEDU Pop,/radio,configured_stream,51006,I Can’t Wait,Phoebe Bridgers,,,,,,,217.205,H:\RadioTEDU Songs\Pop\Phoebe Bridgers\Lost Weekend\14 I Can’t Wait.flac,1,1,214.797,2026-08-23 15:29:37,2026-08-23 15:29:37
4,RadioTEDU Pop,/radio,configured_stream,50969,I Don't Need,Lily Locksmith,,,,,,,151.723,H:\RadioTEDU Songs\Pop\Lily Locksmith\I Don't Need\01 I Don't Need.mp3,1,1,148.97,2026-08-23 11:31:12,2026-08-23 11:31:12
4,RadioTEDU Pop,/radio,configured_stream,51100,I Forgot to Be Your Lover,William Bell,,,,,,,138.96,H:\RadioTEDU Songs\Pop\William Bell\The Very Best of William Bell\11 William Bell - I Forgot to Be Your Lover.flac,1,1,138.834,2026-08-23 07:51:42,2026-08-23 07:51:42
4,RadioTEDU Pop,/radio,configured_stream,50985,I Got Better,Morgan Wallen,,,,,,,204.964,H:\RadioTEDU Songs\Pop\Morgan Wallen\I’m the Problem\02 Morgan Wallen - I Got Better.flac,1,1,202.721,2026-08-23 20:00:57,2026-08-23 20:00:57
4,RadioTEDU Pop,/radio,configured_stream,51064,I Gotta Feeling,The Black Eyed Peas,,,,,,,289.133,H:\RadioTEDU Songs\Pop\The Black Eyed Peas\I Gotta Feeling.mp3,1,1,286.177,2026-08-23 12:59:32,2026-08-23 12:59:32
4,RadioTEDU Pop,/radio,configured_stream,51066,I Gotta Feeling,The Black Eyed Peas,,,,,,,289.135,H:\RadioTEDU Songs\Pop\The Black Eyed Peas\The E•N•D\1-05 I Gotta Feeling.flac,1,1,288.817,2026-08-23 14:19:07,2026-08-23 14:19:07
4,RadioTEDU Pop,/radio,configured_stream,50813,I Just Might,Bruno Mars,,,,,,,212.974,H:\RadioTEDU Songs\Pop\Bruno Mars\The Romantic\03 I Just Might.flac,1,1,213.057,2026-08-23 15:33:11,2026-08-23 15:33:11
4,RadioTEDU Pop,/radio,configured_stream,51073,I Love You So,The Walters,,,,,,,160.24,H:\RadioTEDU Songs\Pop\The Walters\Songs For Dads\01 I Love You So.mp3,1,1,158.639,2026-08-23 07:29:59,2026-08-23 07:29:59
4,RadioTEDU Pop,/radio,configured_stream,50775,I Miss You the Most,Andy Griggs,,,,,,,183.252,H:\RadioTEDU Songs\Pop\Andy Griggs\You Won't Ever Be Lonely\03 I Miss You the Most.mp3,1,1,180.437,2026-08-23 09:07:20,2026-08-23 09:07:20
4,RadioTEDU Pop,/radio,configured_stream,51104,I Still Dream of You,Yea‐Ming and The Rumours,,,,,,,219.605,"H:\RadioTEDU Songs\Pop\Yea‐Ming and The Rumours\So, Bird.._\10 I Still Dream of You.mp3",1,1,216.974,2026-08-23 15:26:02,2026-08-23 15:26:02
4,RadioTEDU Pop,/radio,configured_stream,50733,I Wanna Dance with Somebody (Who Loves Me),Whitney Houston,,,,,,,291.293,H:\RadioTEDU Songs\Pop\007 - I Wanna Dance with Somebody (Who Loves Me).mp3,1,1,288.891,2026-08-23 08:27:14,2026-08-23 08:27:14
4,RadioTEDU Pop,/radio,configured_stream,52315,I Will Talk and Hollywood Will Listen,Robbie Williams,,,,,,,197.755,H:\RadioTEDU Songs\Pop\Robbie Williams\Swing When You're Winning\15 Robbie Williams - I Will Talk and Hollywood Will Listen.mp3,1,1,195.035,2026-08-23 11:05:30,2026-08-23 11:05:30
4,RadioTEDU Pop,/radio,configured_stream,50965,I Wish You Love,Laufey,,,,,,,155.139,H:\RadioTEDU Songs\Pop\Laufey\Typical of Me\04 I Wish You Love.flac,1,1,155.201,2026-08-23 09:09:55,2026-08-23 09:09:55
4,RadioTEDU Pop,/radio,configured_stream,51033,I Wish You Love,Sam Cooke,,,,,,,145.125,H:\RadioTEDU Songs\Pop\Sam Cooke\Mr. Soul\01 I Wish You Love.flac,1,1,147.378,2026-08-23 20:20:26,2026-08-23 20:20:26
4,RadioTEDU Pop,/radio,configured_stream,51000,In the Air Tonight,Phil Collins,,,,,,,335.973,H:\RadioTEDU Songs\Pop\Phil Collins\Face Value\01 In the Air Tonight.flac,1,1,333.441,2026-08-23 11:23:46,2026-08-23 11:23:46
4,RadioTEDU Pop,/radio,configured_stream,50781,In The Middle,Austin Burke,,,,,,,154.552,H:\RadioTEDU Songs\Pop\Austin Burke\In The Middle\01 In The Middle.flac,1,1,152.51,2026-08-23 12:48:30,2026-08-23 12:48:30
4,RadioTEDU Pop,/radio,configured_stream,51077,In Your Eyes (remix),The Weeknd feat. Kenny G,,,,,,,257.556,H:\RadioTEDU Songs\Pop\The Weeknd feat. Kenny G\In Your Eyes (remix)\01 In Your Eyes (remix).flac,1,1,255.337,2026-08-23 16:57:20,2026-08-23 16:57:20
4,RadioTEDU Pop,/radio,configured_stream,50793,Irreplaceable,Beyoncé,,,,,,,227.667,H:\RadioTEDU Songs\Pop\Beyoncé\B’Day (deluxe edition)\02 Beyoncé - Irreplaceable.flac,1,1,224.942,2026-08-23 05:14:42,2026-08-23 05:14:42
4,RadioTEDU Pop,/radio,configured_stream,51071,I’m Gonna Be (500 Miles),The Proclaimers,,,,,,,219.467,H:\RadioTEDU Songs\Pop\The Proclaimers\Sunshine on Leith\01 I’m Gonna Be (500 Miles).flac,1,1,216.597,2026-08-23 17:17:23,2026-08-23 17:17:23
4,RadioTEDU Pop,/radio,configured_stream,50822,Just Fine,David Ruis,,,,,,,230.688,H:\RadioTEDU Songs\Pop\David Ruis\Sweet Mercies\04 Just Fine.flac,1,1,228.119,2026-08-23 07:27:21,2026-08-23 07:27:21
4,RadioTEDU Pop,/radio,configured_stream,51003,Kill Me,Phoebe Bridgers,,,,,,,281.544,H:\RadioTEDU Songs\Pop\Phoebe Bridgers\Lost Weekend\03 Kill Me.flac,1,1,284.487,2026-08-23 09:40:36,2026-08-23 09:40:36
4,RadioTEDU Pop,/radio,configured_stream,50893,Killin’ It Girl,j-hope feat. GloRilla,,,,,,,148.714,H:\RadioTEDU Songs\Pop\j‐hope\Killin’ It Girl\01 j-hope feat. GloRilla - Killin’ It Girl.mp3,1,1,146.26,2026-08-23 09:48:56,2026-08-23 09:48:56
4,RadioTEDU Pop,/radio,configured_stream,50783,Kings & Queens,Ava Max,,,,,,,162.399,H:\RadioTEDU Songs\Pop\Ava Max\Kings & Queens.mp3,1,1,159.976,2026-08-23 06:35:42,2026-08-23 06:35:42
4,RadioTEDU Pop,/radio,configured_stream,51013,Kiss,Prince,,,,,,,226.005,H:\RadioTEDU Songs\Pop\Prince\Parade - Music From the Motion Picture Under the Cherry Moon\10 Kiss.flac,1,1,224.922,2026-08-23 06:00:59,2026-08-23 06:00:59
4,RadioTEDU Pop,/radio,configured_stream,50987,La La La,Naughty Boy feat. Sam Smith,,,,,,,222.2,H:\RadioTEDU Songs\Pop\Naughty Boy\Hotel Cabana (deluxe version)\08 Naughty Boy feat. Sam Smith - La La La.flac,1,1,220.604,2026-08-23 08:34:22,2026-08-23 08:34:22
4,RadioTEDU Pop,/radio,configured_stream,50886,Leave (Get Out),JoJo,,,,,,,242.84,H:\RadioTEDU Songs\Pop\JoJo\JoJo\07 Leave (Get Out).flac,1,1,241.399,2026-08-23 13:34:09,2026-08-23 13:34:09
4,RadioTEDU Pop,/radio,configured_stream,52309,Let's Face the Music and Dance,Robbie Williams,,,,,,,161.366,H:\RadioTEDU Songs\Pop\Robbie Williams\Swing When You're Winning\06 Robbie Williams - Let's Face the Music and Dance.mp3,1,1,159.006,2026-08-23 09:43:15,2026-08-23 09:43:15
4,RadioTEDU Pop,/radio,configured_stream,50980,Let’s Get It On,Marvin Gaye,,,,,,,291.36,H:\RadioTEDU Songs\Pop\Marvin Gaye\Let’s Get It On\01 Let’s Get It On.flac,1,1,289.02,2026-08-23 13:24:37,2026-08-23 13:24:37
4,RadioTEDU Pop,/radio,configured_stream,51010,Let’s Go Crazy,Prince and The Revolution,,,,,,,279.616,H:\RadioTEDU Songs\Pop\Prince and The Revolution\Purple Rain\01 Let’s Go Crazy.flac,1,1,278.389,2026-08-23 19:12:36,2026-08-23 19:12:36
4,RadioTEDU Pop,/radio,configured_stream,50832,Levitating,Dua Lipa,,,,,,,203.808,H:\RadioTEDU Songs\Pop\Dua Lipa\Levitating.mp3,1,1,201.023,2026-08-23 15:09:24,2026-08-23 15:09:24
4,RadioTEDU Pop,/radio,configured_stream,50964,Like the Movies,Laufey,,,,,,,162.759,H:\RadioTEDU Songs\Pop\Laufey\Typical of Me\03 Like the Movies.flac,1,1,161.204,2026-08-23 11:02:14,2026-08-23 11:02:14
4,RadioTEDU Pop,/radio,configured_stream,50800,Like You,Bow Wow feat. Ciara,,,,,,,205.868,H:\RadioTEDU Songs\Pop\Bow Wow\Wanted\06 Bow Wow feat. Ciara - Like You.flac,1,1,203.164,2026-08-23 06:21:13,2026-08-23 06:21:13
4,RadioTEDU Pop,/radio,configured_stream,51014,Locked Away,R. City feat. Adam Levine,,,,,,,226.429,H:\RadioTEDU Songs\Pop\R. City\What Dreams Are Made Of\02 R. City feat. Adam Levine - Locked Away.flac,1,1,225.583,2026-08-23 05:27:42,2026-08-23 05:27:42
4,RadioTEDU Pop,/radio,configured_stream,50853,Lose a Friend,Evan Honer & Winyah,,,,,,,203.093,H:\RadioTEDU Songs\Pop\Evan Honer\Everything I Wanted (& more)\15 Evan Honer & Winyah - Lose a Friend.mp3,1,1,201.103,2026-08-23 14:26:12,2026-08-23 14:26:12
4,RadioTEDU Pop,/radio,configured_stream,51002,Lost Boys,Phoebe Bridgers,,,,,,,254.615,H:\RadioTEDU Songs\Pop\Phoebe Bridgers\Lost Weekend\02 Lost Boys.flac,1,1,251.817,2026-08-23 04:46:23,2026-08-23 04:46:23
4,RadioTEDU Pop,/radio,configured_stream,50773,Love Is a Losing Game,Amy Winehouse,,,,,,,154.16,H:\RadioTEDU Songs\Pop\Amy Winehouse\Back to Black\06 Love Is a Losing Game.flac,1,1,151.937,2026-08-23 12:26:13,2026-08-23 12:26:13
4,RadioTEDU Pop,/radio,configured_stream,50843,Love Me Like You Do,Ellie Goulding,,,,,,,253.52,H:\RadioTEDU Songs\Pop\Ellie Goulding\Love Me Like You Do.mp3,1,1,253.653,2026-08-23 08:15:40,2026-08-23 08:15:40
4,RadioTEDU Pop,/radio,configured_stream,50983,Love Me More,Mitski,,,,,,,212.661,H:\RadioTEDU Songs\Pop\Mitski\Laurel Hell\07 Love Me More.flac,1,1,209.827,2026-08-23 09:55:31,2026-08-23 09:55:31
4,RadioTEDU Pop,/radio,configured_stream,51038,Love You Like a Love Song,Selena Gomez & the Scene,,,,,,,188.453,H:\RadioTEDU Songs\Pop\Selena Gomez & the Scene\Love You Like a Love Song.mp3,1,1,186.532,2026-08-23 05:40:21,2026-08-23 05:40:21
4,RadioTEDU Pop,/radio,configured_stream,51039,Love You Like a Love Song,Selena Gomez & the Scene,,,,,,,188.067,H:\RadioTEDU Songs\Pop\Selena Gomez & the Scene\When the Sun Goes Down\01 Selena Gomez & the Scene - Love You Like a Love Song.flac,1,1,185.682,2026-08-23 18:37:07,2026-08-23 18:37:07
4,RadioTEDU Pop,/radio,configured_stream,50958,LoveGame,Lady Gaga,,,,,,,216.333,H:\RadioTEDU Songs\Pop\Lady Gaga\The Fame\02 Lady Gaga - LoveGame.flac,1,1,213.679,2026-08-23 06:17:50,2026-08-23 06:17:50
4,RadioTEDU Pop,/radio,configured_stream,50960,Lover Girl,Laufey,,,,,,,164.4,H:\RadioTEDU Songs\Pop\Laufey\A Matter of Time\02 Lover Girl.flac,1,1,161.651,2026-08-23 18:08:18,2026-08-23 18:08:18
4,RadioTEDU Pop,/radio,configured_stream,52307,Mack the Knife,Robbie Williams,,,,,,,198.748,H:\RadioTEDU Songs\Pop\Robbie Williams\Swing When You're Winning\02 Robbie Williams - Mack the Knife.mp3,1,1,198.066,2026-08-23 10:13:27,2026-08-23 10:13:27
4,RadioTEDU Pop,/radio,configured_stream,50994,Man I Need,Olivia Dean,,,,,,,183.716,H:\RadioTEDU Songs\Pop\Olivia Dean\Man I Need\01 Man I Need.flac,1,1,181.809,2026-08-23 17:20:24,2026-08-23 17:20:24
4,RadioTEDU Pop,/radio,configured_stream,50977,Maps,Maroon 5,,,,,,,190.267,H:\RadioTEDU Songs\Pop\Maroon 5\V\01 Maroon 5 - Maps.flac,1,1,187.453,2026-08-23 20:28:36,2026-08-23 20:28:36
4,RadioTEDU Pop,/radio,configured_stream,50999,Mariposa,Peach Tree Rascals,,,,,,,210.0,H:\RadioTEDU Songs\Pop\Peach Tree Rascals\Mariposa\01 Mariposa.flac,1,1,210.205,2026-08-23 16:16:46,2026-08-23 16:16:46
4,RadioTEDU Pop,/radio,configured_stream,50795,"Me, Myself and I",Beyoncé,,,,,,,301.173,"H:\RadioTEDU Songs\Pop\Beyoncé\Dangerously in Love\06 Beyoncé - Me, Myself and I.flac",1,1,299.891,2026-08-23 12:45:57,2026-08-23 12:45:57
4,RadioTEDU Pop,/radio,configured_stream,51035,Medley: Try a Little Tenderness / (I Love You) For Sentimental Reasons / You Send Me,Sam Cooke,,,,,,,295.627,H:\RadioTEDU Songs\Pop\Sam Cooke\Sam Cooke at the Copa\06 Medley_ Try a Little Tenderness _ (I Love You) For Sentimental Reasons _ You Send Me.flac,1,1,293.145,2026-08-23 03:53:11,2026-08-23 03:53:11
4,RadioTEDU Pop,/radio,configured_stream,51108,MIDNIGHT PRETENDERS,亜蘭知子,,,,,,,345.267,H:\RadioTEDU Songs\Pop\亜蘭知子\浮遊空間\05 MIDNIGHT PRETENDERS.flac,1,1,343.058,2026-08-23 12:40:58,2026-08-23 12:40:58
4,RadioTEDU Pop,/radio,configured_stream,50891,Mirrors,Justin Timberlake,,,,,,,484.147,H:\RadioTEDU Songs\Pop\Justin Timberlake\The 20_20 Experience\09 Mirrors.flac,1,1,481.775,2026-08-23 13:07:33,2026-08-23 13:07:33
4,RadioTEDU Pop,/radio,configured_stream,50981,Missing You Now,Michael Bolton feat. Kenny G,,,,,,,265.985,"H:\RadioTEDU Songs\Pop\Michael Bolton\Time, Love & Tenderness\03 Michael Bolton feat. Kenny G - Missing You Now.flac",1,1,266.056,2026-08-23 14:05:45,2026-08-23 14:05:45
4,RadioTEDU Pop,/radio,configured_stream,50976,Moves Like Jagger,Maroon 5 feat. Christina Aguilera,,,,,,,201.493,H:\RadioTEDU Songs\Pop\Maroon 5\Hands All Over\13 Maroon 5 feat. Christina Aguilera - Moves Like Jagger.flac,1,1,200.205,2026-08-23 04:27:15,2026-08-23 04:27:15
4,RadioTEDU Pop,/radio,configured_stream,52311,Mr. Bojangles,Robbie Williams,,,,,,,197.833,H:\RadioTEDU Songs\Pop\Robbie Williams\Swing When You're Winning\09 Robbie Williams - Mr. Bojangles.mp3,1,1,194.922,2026-08-23 13:40:44,2026-08-23 13:40:44
4,RadioTEDU Pop,/radio,configured_stream,51072,My Girl,The Temptations,,,,,,,165.0,H:\RadioTEDU Songs\Pop\The Temptations\The Temptations Sing Smokey\03 My Girl.flac,1,1,162.832,2026-08-23 05:37:14,2026-08-23 05:37:14
4,RadioTEDU Pop,/radio,configured_stream,50784,My Oh My,Ava Max,,,,,,,156.155,H:\RadioTEDU Songs\Pop\Ava Max\My Oh My\01 My Oh My.flac,1,1,154.954,2026-08-23 13:30:05,2026-08-23 13:30:05
4,RadioTEDU Pop,/radio,configured_stream,50785,My Oh My,Ava Max,,,,,,,156.155,H:\RadioTEDU Songs\Pop\Ava Max\My Oh My\01 My Oh My.mp3,1,1,156.31,2026-08-23 11:18:12,2026-08-23 11:18:12
4,RadioTEDU Pop,/radio,configured_stream,52318,My Way,Robbie Williams,,,,,,,285.683,H:\RadioTEDU Songs\Pop\Robbie Williams\Swing When You're Winning\22 Robbie Williams - My Way.mp3,1,1,282.854,2026-08-23 19:20:53,2026-08-23 19:20:53
4,RadioTEDU Pop,/radio,configured_stream,50761,Nightcrawler,,,,,,,,321.553,H:\RadioTEDU Songs\Pop\089 - Nightcrawler.mp3,1,1,318.712,2026-08-23 12:35:15,2026-08-23 12:35:15
4,RadioTEDU Pop,/radio,configured_stream,50889,No Surprises,Juliana Chahayed,,,,,,,120.962,H:\RadioTEDU Songs\Pop\Juliana Chahayed\No Surprises\01 No Surprises.flac,1,1,118.11,2026-08-23 07:44:50,2026-08-23 07:44:50
4,RadioTEDU Pop,/radio,configured_stream,50856,Not Enough,Futuristic,,,,,,,146.453,H:\RadioTEDU Songs\Pop\Futuristic\The Rise\05 Futuristic - Not Enough.mp3,1,1,143.626,2026-08-23 20:10:26,2026-08-23 20:10:26
4,RadioTEDU Pop,/radio,configured_stream,51034,Nothing Can Change This Love,Sam Cooke,,,,,,,158.68,H:\RadioTEDU Songs\Pop\Sam Cooke\Mr. Soul\10 Nothing Can Change This Love.flac,1,1,157.699,2026-08-23 16:29:52,2026-08-23 16:29:52
4,RadioTEDU Pop,/radio,configured_stream,50967,Old Town Road (remix),Lil Nas X feat. Billy Ray Cyrus,,,,,,,157.06,H:\RadioTEDU Songs\Pop\Lil Nas X\7\01 Lil Nas X feat. Billy Ray Cyrus - Old Town Road (remix).flac,1,1,154.264,2026-08-23 20:46:44,2026-08-23 20:46:44
4,RadioTEDU Pop,/radio,configured_stream,50968,Old Town Road (remix),Lil Nas X feat. Billy Ray Cyrus,,,,,,,157.067,H:\RadioTEDU Songs\Pop\Lil Nas X\7\01 Lil Nas X feat. Billy Ray Cyrus - Old Town Road (remix).mp3,1,1,155.249,2026-08-23 05:46:03,2026-08-23 05:46:03
4,RadioTEDU Pop,/radio,configured_stream,50874,On the Floor,Jennifer Lopez & Pitbull,,,,,,,284.967,H:\RadioTEDU Songs\Pop\Jennifer Lopez\Love_\01 Jennifer Lopez & Pitbull - On the Floor.flac,1,1,282.124,2026-08-23 11:45:03,2026-08-23 11:45:03
4,RadioTEDU Pop,/radio,configured_stream,52313,One for My Baby,Robbie Williams,,,,,,,257.993,H:\RadioTEDU Songs\Pop\Robbie Williams\Swing When You're Winning\11 Robbie Williams - One for My Baby.mp3,1,1,271.776,2026-08-23 06:33:02,2026-08-23 06:33:02
4,RadioTEDU Pop,/radio,configured_stream,50807,Oops!...I Did It Again,Britney Spears,,,,,,,211.537,H:\RadioTEDU Songs\Pop\Britney Spears\Oops!...I Did It Again.mp3,1,1,212.597,2026-08-23 16:41:22,2026-08-23 16:41:22
4,RadioTEDU Pop,/radio,configured_stream,50882,Parallel,John Coldrain ft. Franco Carter & Dr. Luv,,,,,,,137.938,H:\RadioTEDU Songs\Pop\John Coldrain\Future Thoughts\04 John Coldrain ft. Franco Carter & Dr. Luv - Parallel.flac,1,1,135.403,2026-08-23 12:50:45,2026-08-23 12:50:45
4,RadioTEDU Pop,/radio,configured_stream,50864,Party Ppl,Henny,,,,,,,168.078,"H:\RadioTEDU Songs\Pop\Henny\Get 'em Drunk, Volume 1\05 Party Ppl.mp3",1,1,165.317,2026-08-23 14:14:19,2026-08-23 14:14:19
4,RadioTEDU Pop,/radio,configured_stream,47320,Plastic Love,Mariya Takeuchi,,,,,,,296.589,H:\RadioTEDU Songs\Pop\Mariya Takeuchi - Plastic Love.flac,1,1,294.09,2026-08-23 20:25:29,2026-08-23 20:25:29
4,RadioTEDU Pop,/radio,configured_stream,50763,Poker Face,,,,,,,,237.2,H:\RadioTEDU Songs\Pop\092 - Poker Face.mp3,1,1,234.698,2026-08-23 19:50:36,2026-08-23 19:50:36
4,RadioTEDU Pop,/radio,configured_stream,50879,Polar,John Coldrain ft. Franco Carter,,,,,,,176.006,H:\RadioTEDU Songs\Pop\John Coldrain\Future Thoughts\01 John Coldrain ft. Franco Carter - Polar.flac,1,1,173.36,2026-08-23 04:39:47,2026-08-23 04:39:47
4,RadioTEDU Pop,/radio,configured_stream,51054,Polaroid,Syndrome,,,,,,,132.139,H:\RadioTEDU Songs\Pop\Syndrome\Wish You Well\02 Polaroid.mp3,1,1,132.116,2026-08-23 07:06:10,2026-08-23 07:06:10
4,RadioTEDU Pop,/radio,configured_stream,50887,Powerless,Judah & the Lion,,,,,,,212.064,H:\RadioTEDU Songs\Pop\Judah & the Lion\I AM A PRISM\08 Powerless.flac,1,1,211.167,2026-08-23 09:23:51,2026-08-23 09:23:51
4,RadioTEDU Pop,/radio,configured_stream,50971,pretty little wreck,LØLØ,,,,,,,118.027,H:\RadioTEDU Songs\Pop\LØLØ\pretty little wreck\01 pretty little wreck.flac,1,1,125.67,2026-08-23 03:16:03,2026-08-23 03:16:03
4,RadioTEDU Pop,/radio,configured_stream,50876,Price Tag,Jessie J feat. B.o.B,,,,,,,221.24,H:\RadioTEDU Songs\Pop\Jessie J feat. B.o.B\Price Tag\01 Price Tag.flac,1,1,218.408,2026-08-23 19:34:19,2026-08-23 19:34:19
4,RadioTEDU Pop,/radio,configured_stream,50990,Promiscuous,Nelly Furtado,,,,,,,242.927,H:\RadioTEDU Songs\Pop\Nelly Furtado\Loose\04 Promiscuous.flac,1,1,240.172,2026-08-23 10:10:09,2026-08-23 10:10:09
4,RadioTEDU Pop,/radio,configured_stream,51012,Purple Rain,Prince and The Revolution,,,,,,,521.555,H:\RadioTEDU Songs\Pop\Prince and The Revolution\Purple Rain\09 Purple Rain.flac,1,1,518.682,2026-08-23 18:52:20,2026-08-23 18:52:20
4,RadioTEDU Pop,/radio,configured_stream,50735,Rasputin,Boney M.,,,,,,,351.573,H:\RadioTEDU Songs\Pop\009 - Rasputin.mp3,1,1,348.724,2026-08-23 16:09:19,2026-08-23 16:09:19
4,RadioTEDU Pop,/radio,configured_stream,50820,REDRED,CORTIS,,,,,,,163.002,H:\RadioTEDU Songs\Pop\CORTIS\REDRED.mp3,1,1,160.318,2026-08-23 03:35:17,2026-08-23 03:35:17
4,RadioTEDU Pop,/radio,configured_stream,50821,REDRED,CORTIS,,,,,,,163.002,H:\RadioTEDU Songs\Pop\CORTIS\REDRED\01 REDRED.flac,1,1,160.16,2026-08-23 09:35:52,2026-08-23 09:35:52
4,RadioTEDU Pop,/radio,configured_stream,50862,Rich Girl,Gwen Stefani featuring Eve,,,,,,,236.681,H:\RadioTEDU Songs\Pop\Gwen Stefani\Love. Angel. Music. Baby_\02 Gwen Stefani featuring Eve - Rich Girl.flac,1,1,233.926,2026-08-23 18:18:01,2026-08-23 18:18:01
4,RadioTEDU Pop,/radio,configured_stream,51016,Right Here Waiting,Richard Marx,,,,,,,264.333,H:\RadioTEDU Songs\Pop\Richard Marx\Repeat Offender\05 Right Here Waiting.flac,1,1,261.757,2026-08-23 14:01:19,2026-08-23 14:01:19
4,RadioTEDU Pop,/radio,configured_stream,50772,Right Now (Na Na Na),Akon,,,,,,,240.747,H:\RadioTEDU Songs\Pop\Akon\Freedom\01 Akon - Right Now (Na Na Na).flac,1,1,238.017,2026-08-23 20:08:03,2026-08-23 20:08:03
4,RadioTEDU Pop,/radio,configured_stream,50855,Right Round,Flo Rida feat. Ke$ha,,,,,,,209.874,H:\RadioTEDU Songs\Pop\Flo Rida\R.O.O.T.S_\05 Flo Rida feat. Ke$ha - Right Round.flac,1,1,207.095,2026-08-23 20:42:04,2026-08-23 20:42:04
4,RadioTEDU Pop,/radio,configured_stream,50776,Robin Hood (Sarcastic Sounds Remix),Anson Seabra & Sarcastic Sounds,,,,,,,127.06,H:\RadioTEDU Songs\Pop\Anson Seabra\Robin Hood (Sarcastic Sounds Remix)\01 Robin Hood (Sarcastic Sounds Remix).mp3,1,1,126.843,2026-08-23 04:17:40,2026-08-23 04:17:40
4,RadioTEDU Pop,/radio,configured_stream,51065,Rock That Body,The Black Eyed Peas,,,,,,,268.84,H:\RadioTEDU Songs\Pop\The Black Eyed Peas\The E•N•D\1-02 Rock That Body.flac,1,1,266.067,2026-08-23 13:53:50,2026-08-23 13:53:50
4,RadioTEDU Pop,/radio,configured_stream,50844,Rocket Man (I Think It’s Going to Be a Long Long Time),Elton John,,,,,,,281.613,H:\RadioTEDU Songs\Pop\Elton John\Honky Château\05 Rocket Man (I Think It’s Going to Be a Long Long Time).flac,1,1,295.113,2026-08-23 06:52:31,2026-08-23 06:52:31
4,RadioTEDU Pop,/radio,configured_stream,51079,Running Away,Thee Sacred Souls,,,,,,,195.087,H:\RadioTEDU Songs\Pop\Thee Sacred Souls\Running Away\01 Running Away.flac,1,1,192.315,2026-08-23 14:11:34,2026-08-23 14:11:34
4,RadioTEDU Pop,/radio,configured_stream,50765,Running Up That Hill (A Deal With God) (2018 Remaster),,,,,,,,300.84,H:\RadioTEDU Songs\Pop\095 - Running Up That Hill (A Deal With God) (2018 Remaster).mp3,1,1,298.369,2026-08-23 12:23:42,2026-08-23 12:23:42
4,RadioTEDU Pop,/radio,configured_stream,50767,Sasha (Sex Secret),2raumwohnung,,,,,,,212.253,H:\RadioTEDU Songs\Pop\2raumwohnung\Es wird Morgen\07 Sasha (Sex Secret).mp3,1,1,209.352,2026-08-23 16:23:57,2026-08-23 16:23:57
4,RadioTEDU Pop,/radio,configured_stream,50991,Say It Right,Nelly Furtado,,,,,,,223.08,H:\RadioTEDU Songs\Pop\Nelly Furtado\Loose\10 Say It Right.flac,1,1,220.277,2026-08-23 19:00:59,2026-08-23 19:00:59
4,RadioTEDU Pop,/radio,configured_stream,51103,See You Again,Wiz Khalifa feat. Charlie Puth,,,,,,,237.366,H:\RadioTEDU Songs\Pop\Wiz Khalifa feat. Charlie Puth\See You Again\01 See You Again.flac,1,1,236.486,2026-08-23 16:46:35,2026-08-23 16:46:35
4,RadioTEDU Pop,/radio,configured_stream,50759,SexyBack,,,,,,,,242.8,H:\RadioTEDU Songs\Pop\087 - SexyBack.mp3,1,1,240.018,2026-08-23 14:55:40,2026-08-23 14:55:40
4,RadioTEDU Pop,/radio,configured_stream,50870,She Knows,J. Cole feat. Amber Coffman & Cults,,,,,,,297.041,H:\RadioTEDU Songs\Pop\J. Cole\Born Sinner\08 J. Cole feat. Amber Coffman & Cults - She Knows.flac,1,1,298.517,2026-08-23 19:46:42,2026-08-23 19:46:42
4,RadioTEDU Pop,/radio,configured_stream,50871,She Knows,J. Cole feat. Amber Coffman & Cults,,,,,,,297.041,H:\RadioTEDU Songs\Pop\J. Cole\Born Sinner\08 J. Cole feat. Amber Coffman & Cults - She Knows.mp3,1,1,294.531,2026-08-23 16:34:47,2026-08-23 16:34:47
4,RadioTEDU Pop,/radio,configured_stream,50768,She Looks So Perfect,5 Seconds of Summer,,,,,,,202.496,H:\RadioTEDU Songs\Pop\5 Seconds of Summer\5 Seconds of Summer\01 She Looks So Perfect.flac,1,1,200.107,2026-08-23 07:36:03,2026-08-23 07:36:03
4,RadioTEDU Pop,/radio,configured_stream,50755,She's My Collar (feat. Kali Uchis),,,,,,,,209.56,H:\RadioTEDU Songs\Pop\083 - She's My Collar (feat. Kali Uchis).mp3,1,1,208.64,2026-08-23 08:51:49,2026-08-23 08:51:49
4,RadioTEDU Pop,/radio,configured_stream,47404,Show Me Love,WizTheMc bees & honey Tyla,,,,,,,61.951,H:\RadioTEDU Songs\Pop\WizTheMc_bees_honey - Show_Me_Love.flac,1,1,60.563,2026-08-23 16:42:38,2026-08-23 16:42:38
4,RadioTEDU Pop,/radio,configured_stream,50744,Smooth Criminal,Michael Jackson,,,,,,,257.76,H:\RadioTEDU Songs\Pop\043 - Smooth Criminal (2012 Remaster).mp3,1,1,255.008,2026-08-23 17:43:59,2026-08-23 17:43:59
4,RadioTEDU Pop,/radio,configured_stream,50859,Somebody That I Used to Know,Gotye feat. Kimbra,,,,,,,243.891,H:\RadioTEDU Songs\Pop\Gotye\Making Mirrors\03 Gotye feat. Kimbra - Somebody That I Used to Know.flac,1,1,244.412,2026-08-23 04:11:44,2026-08-23 04:11:44
4,RadioTEDU Pop,/radio,configured_stream,50837,Spooky,Dusty Springfield,,,,,,,164.173,H:\RadioTEDU Songs\Pop\Dusty Springfield\Dusty… Definitely\16 Spooky.flac,1,1,163.773,2026-08-23 07:32:42,2026-08-23 07:32:42
4,RadioTEDU Pop,/radio,configured_stream,50786,Spot a Fake,Ava Max,,,,,,,167.288,H:\RadioTEDU Songs\Pop\Ava Max\Spot a Fake.mp3,1,1,164.338,2026-08-23 04:59:47,2026-08-23 04:59:47
4,RadioTEDU Pop,/radio,configured_stream,50888,"sry, i like u",Julia Alexa & Oui Lele,,,,,,,111.653,"H:\RadioTEDU Songs\Pop\Julia Alexa & Oui Lele\sry, i like u\01 sry, i like u.mp3",1,1,109.49,2026-08-23 15:00:06,2026-08-23 15:00:06
4,RadioTEDU Pop,/radio,configured_stream,51069,Stargazing,The Neighbourhood,,,,,,,217.027,H:\RadioTEDU Songs\Pop\The Neighbourhood\Chip Chrome & The Mono‐Tones\1-01 Stargazing.flac,1,1,214.222,2026-08-23 19:16:11,2026-08-23 19:16:11
4,RadioTEDU Pop,/radio,configured_stream,50883,Stars Aligned,John Coldrain ft. Virtua,,,,,,,171.041,H:\RadioTEDU Songs\Pop\John Coldrain\Future Thoughts\05 John Coldrain ft. Virtua - Stars Aligned.flac,1,1,168.481,2026-08-23 05:23:55,2026-08-23 05:23:55
4,RadioTEDU Pop,/radio,configured_stream,51045,Stitches,Shawn Mendes,,,,,,,206.88,H:\RadioTEDU Songs\Pop\Shawn Mendes\Handwritten\02 Shawn Mendes - Stitches.flac,1,1,213.656,2026-08-23 15:57:20,2026-08-23 15:57:20
4,RadioTEDU Pop,/radio,configured_stream,52310,Straighten Up and Fly Right,Robbie Williams,,,,,,,156.351,H:\RadioTEDU Songs\Pop\Robbie Williams\Swing When You're Winning\07 Robbie Williams - Straighten Up and Fly Right.mp3,1,1,154.159,2026-08-23 07:08:51,2026-08-23 07:08:51
4,RadioTEDU Pop,/radio,configured_stream,51093,Stressed Out,twenty one pilots,,,,,,,202.339,H:\RadioTEDU Songs\Pop\twenty one pilots\Blurryface\02 Stressed Out (1).flac,1,1,200.419,2026-08-23 06:24:33,2026-08-23 06:24:33
4,RadioTEDU Pop,/radio,configured_stream,51094,Stressed Out,twenty one pilots,,,,,,,202.333,H:\RadioTEDU Songs\Pop\twenty one pilots\Blurryface\02 Stressed Out.flac,1,1,199.457,2026-08-23 17:51:13,2026-08-23 17:51:13
4,RadioTEDU Pop,/radio,configured_stream,51096,Stressed Out,twenty one pilots,,,,,,,202.333,H:\RadioTEDU Songs\Pop\twenty one pilots\Stressed Out.mp3,1,1,199.793,2026-08-23 04:57:02,2026-08-23 04:57:02
4,RadioTEDU Pop,/radio,configured_stream,50905,Stronger (What Doesn’t Kill You),Kelly Clarkson,,,,,,,220.938,H:\RadioTEDU Songs\Pop\Kelly Clarkson\Stronger (What Doesn’t Kill You).mp3,1,1,218.84,2026-08-23 14:51:39,2026-08-23 14:51:39
4,RadioTEDU Pop,/radio,configured_stream,50996,stupid song,Olivia Rodrigo,,,,,,,209.68,H:\RadioTEDU Songs\Pop\Olivia Rodrigo\you seem pretty sad for a girl so in love\02 Olivia Rodrigo - stupid song.flac,1,1,207.15,2026-08-23 13:46:07,2026-08-23 13:46:07
4,RadioTEDU Pop,/radio,configured_stream,50770,Super Trouper,ABBA,,,,,,,252.853,H:\RadioTEDU Songs\Pop\ABBA\Super Trouper\01 Super Trouper.flac,1,1,250.455,2026-08-23 10:46:29,2026-08-23 10:46:29
4,RadioTEDU Pop,/radio,configured_stream,51070,Sweater Weather,The Neighbourhood,,,,,,,240.4,H:\RadioTEDU Songs\Pop\The Neighbourhood\I Love You_\04 Sweater Weather.flac,1,1,238.628,2026-08-23 12:54:45,2026-08-23 12:54:45
4,RadioTEDU Pop,/radio,configured_stream,50730,Sweet Dreams (Are Made of This),Eurythmics,,,,,,,216.933,H:\RadioTEDU Songs\Pop\003 - Sweet Dreams (Are Made of This) (2005 Remaster).mp3,1,1,214.273,2026-08-23 11:34:47,2026-08-23 11:34:47
4,RadioTEDU Pop,/radio,configured_stream,50754,São Paulo,,,,,,,,301.623,H:\RadioTEDU Songs\Pop\082 - São Paulo.mp3,1,1,299.925,2026-08-23 07:23:30,2026-08-23 07:23:30
4,RadioTEDU Pop,/radio,configured_stream,51074,São Paulo,The Weeknd feat. Anitta,,,,,,,301.976,H:\RadioTEDU Songs\Pop\The Weeknd & Anitta\São Paulo\01 São Paulo.flac,1,1,299.086,2026-08-23 18:57:19,2026-08-23 18:57:19
4,RadioTEDU Pop,/radio,configured_stream,51075,São Paulo,The Weeknd feat. Anitta,,,,,,,301.976,H:\RadioTEDU Songs\Pop\The Weeknd & Anitta\São Paulo\01 São Paulo.mp3,1,1,299.708,2026-08-23 04:03:26,2026-08-23 04:03:26
4,RadioTEDU Pop,/radio,configured_stream,50741,Take On Me,a-ha,,,,,,,225.28,H:\RadioTEDU Songs\Pop\023 - Take on Me.mp3,1,1,222.354,2026-08-23 15:53:47,2026-08-23 15:53:47
4,RadioTEDU Pop,/radio,configured_stream,50838,Talk It Out,dwsdmusic,,,,,,,170.922,H:\RadioTEDU Songs\Pop\dwsdmusic\Talk It Out\01 Talk It Out.mp3,1,1,171.615,2026-08-23 12:04:50,2026-08-23 12:04:50
4,RadioTEDU Pop,/radio,configured_stream,51047,Teach Me How to Love,Shawn Mendes,,,,,,,202.357,H:\RadioTEDU Songs\Pop\Shawn Mendes\Wonder\05 Shawn Mendes - Teach Me How to Love.flac,1,1,203.126,2026-08-23 06:04:23,2026-08-23 06:04:23
4,RadioTEDU Pop,/radio,configured_stream,51095,Tear in My Heart,twenty one pilots,,,,,,,188.493,H:\RadioTEDU Songs\Pop\twenty one pilots\Blurryface\05 Tear in My Heart.flac,1,1,188.445,2026-08-23 13:56:58,2026-08-23 13:56:58
4,RadioTEDU Pop,/radio,configured_stream,51029,Tears,Sabrina Carpenter,,,,,,,160.184,H:\RadioTEDU Songs\Pop\Sabrina Carpenter\Man's Best Friend\02 Tears.mp3,1,1,158.022,2026-08-23 03:55:49,2026-08-23 03:55:49
4,RadioTEDU Pop,/radio,configured_stream,50764,Telephone,,,,,,,,220.627,H:\RadioTEDU Songs\Pop\093 - Telephone.mp3,1,1,219.313,2026-08-23 06:39:22,2026-08-23 06:39:22
4,RadioTEDU Pop,/radio,configured_stream,51037,Temperature,Sean Paul,,,,,,,216.32,H:\RadioTEDU Songs\Pop\Sean Paul\The Trinity\11 Sean Paul - Temperature.flac,1,1,220.667,2026-08-23 03:13:57,2026-08-23 03:13:57
4,RadioTEDU Pop,/radio,configured_stream,50811,That's What I Like,Bruno Mars,,,,,,,206.693,H:\RadioTEDU Songs\Pop\Bruno Mars\24K Magic\04 That's What I Like.flac,1,1,204.411,2026-08-23 08:19:04,2026-08-23 08:19:04
4,RadioTEDU Pop,/radio,configured_stream,50860,That’s So True,Gracie Abrams,,,,,,,166.777,H:\RadioTEDU Songs\Pop\Gracie Abrams\The Secret of Us (deluxe)\15 Gracie Abrams - That’s So True.mp3,1,1,164.498,2026-08-23 07:18:31,2026-08-23 07:18:31
4,RadioTEDU Pop,/radio,configured_stream,51067,The Bar Is Set So Low,The Format,,,,,,,165.94,H:\RadioTEDU Songs\Pop\The Format\The Bar Is Set So Low\01 The Bar Is Set So Low.flac,1,1,167.688,2026-08-23 07:58:37,2026-08-23 07:58:37
4,RadioTEDU Pop,/radio,configured_stream,51084,The Best,Tina Turner,,,,,,,328.917,H:\RadioTEDU Songs\Pop\Tina Turner\Foreign Affair\1-02 The Best.flac,1,1,329.271,2026-08-23 13:13:03,2026-08-23 13:13:03
4,RadioTEDU Pop,/radio,configured_stream,50872,The Boss,James Brown,,,,,,,194.038,H:\RadioTEDU Songs\Pop\James Brown\Black Caesar\05 James Brown - The Boss.flac,1,1,196.584,2026-08-23 18:31:03,2026-08-23 18:31:03
4,RadioTEDU Pop,/radio,configured_stream,51060,The Fate of Ophelia,Taylor Swift,,,,,,,226.074,H:\RadioTEDU Songs\Pop\Taylor Swift\The Life of a Showgirl\01 Taylor Swift - The Fate of Ophelia.mp3,1,1,225.967,2026-08-23 12:08:39,2026-08-23 12:08:39
4,RadioTEDU Pop,/radio,configured_stream,51058,The Fate of Ophelia (Loud Luxury remix),Taylor Swift,,,,,,,156.294,H:\RadioTEDU Songs\Pop\Taylor Swift\The Fate of Ophelia (Loud Luxury remix)\01 The Fate of Ophelia (Loud Luxury remix).flac,1,1,156.115,2026-08-23 15:46:15,2026-08-23 15:46:15
4,RadioTEDU Pop,/radio,configured_stream,51059,The Fate of Ophelia (Loud Luxury remix),Taylor Swift,,,,,,,156.302,H:\RadioTEDU Songs\Pop\Taylor Swift\The Fate of Ophelia (Loud Luxury remix)\01 The Fate of Ophelia (Loud Luxury remix).mp3,1,1,154.457,2026-08-23 05:17:17,2026-08-23 05:17:17
4,RadioTEDU Pop,/radio,configured_stream,51004,The Governor’s Waltz,Phoebe Bridgers,,,,,,,207.205,H:\RadioTEDU Songs\Pop\Phoebe Bridgers\Lost Weekend\04 The Governor’s Waltz.flac,1,1,207.184,2026-08-23 05:07:53,2026-08-23 05:07:53
4,RadioTEDU Pop,/radio,configured_stream,51049,The Greatest,Sia feat. Kendrick Lamar,,,,,,,210.233,H:\RadioTEDU Songs\Pop\Sia\This Is Acting\14 Sia feat. Kendrick Lamar - The Greatest.flac,1,1,207.368,2026-08-23 08:30:42,2026-08-23 08:30:42
4,RadioTEDU Pop,/radio,configured_stream,50903,The One That Got Away,Katy Perry,,,,,,,227.333,H:\RadioTEDU Songs\Pop\Katy Perry\Teenage Dream\07 Katy Perry - The One That Got Away.flac,1,1,228.698,2026-08-23 06:28:22,2026-08-23 06:28:22
4,RadioTEDU Pop,/radio,configured_stream,51001,The Outside,Phoebe Bridgers,,,,,,,237.708,H:\RadioTEDU Songs\Pop\Phoebe Bridgers\Lost Weekend\01 The Outside.flac,1,1,237.648,2026-08-23 18:24:51,2026-08-23 18:24:51
4,RadioTEDU Pop,/radio,configured_stream,50739,The Purple People Eater,Sheb Wooley,,,,,,,133.759,H:\RadioTEDU Songs\Pop\021 - Sheb Wooley ＂The Purple People Eater＂ (Official Video).mp3,1,1,130.91,2026-08-23 18:05:36,2026-08-23 18:05:36
4,RadioTEDU Pop,/radio,configured_stream,50982,The Way I Love You,Michal Leah,,,,,,,163.178,H:\RadioTEDU Songs\Pop\Michal Leah\The Way I Love You\01 The Way I Love You.mp3,1,1,161.493,2026-08-23 17:46:40,2026-08-23 17:46:40
4,RadioTEDU Pop,/radio,configured_stream,52306,The Well Swing Intro - Have You Met Miss Jones?,Robbie Williams,,,,,,,150.996,H:\RadioTEDU Songs\Pop\Robbie Williams\Swing When You're Winning\01 Robbie Williams - The Well Swing Intro - Have You Met Miss Jones_.mp3,1,1,148.409,2026-08-23 10:38:50,2026-08-23 10:38:50
4,RadioTEDU Pop,/radio,configured_stream,50863,The Wolf,half•alive,,,,,,,179.096,H:\RadioTEDU Songs\Pop\half•alive\The Wolf\01 The Wolf.flac,1,1,176.2,2026-08-23 09:26:47,2026-08-23 09:26:47
4,RadioTEDU Pop,/radio,configured_stream,51046,There’s Nothing Holdin’ Me Back,Shawn Mendes,,,,,,,199.44,H:\RadioTEDU Songs\Pop\Shawn Mendes\There’s Nothing Holdin’ Me Back.mp3,1,1,197.113,2026-08-23 18:00:52,2026-08-23 18:00:52
4,RadioTEDU Pop,/radio,configured_stream,51085,Thief,Tommy Lefroy,,,,,,,166.366,H:\RadioTEDU Songs\Pop\Tommy Lefroy\Thief\01 Thief.flac,1,1,165.422,2026-08-23 14:40:02,2026-08-23 14:40:02
4,RadioTEDU Pop,/radio,configured_stream,50986,This Will Be,Natalie Cole,,,,,,,171.96,H:\RadioTEDU Songs\Pop\Natalie Cole\Inseparable\05 This Will Be.flac,1,1,169.795,2026-08-23 10:59:32,2026-08-23 10:59:32
4,RadioTEDU Pop,/radio,configured_stream,50729,Thriller,Michael Jackson,,,,,,,357.8,H:\RadioTEDU Songs\Pop\002 - Thriller.mp3,1,1,355.625,2026-08-23 15:06:03,2026-08-23 15:06:03
4,RadioTEDU Pop,/radio,configured_stream,50866,Thunder,Imagine Dragons,,,,,,,187.147,H:\RadioTEDU Songs\Pop\Imagine Dragons\Thunder.mp3,1,1,184.388,2026-08-23 20:38:37,2026-08-23 20:38:37
4,RadioTEDU Pop,/radio,configured_stream,50904,TiK ToK,Ke$ha,,,,,,,199.693,H:\RadioTEDU Songs\Pop\Ke$ha\Animal\02 Ke$ha - TiK ToK.flac,1,1,197.03,2026-08-23 20:35:33,2026-08-23 20:35:33
4,RadioTEDU Pop,/radio,configured_stream,51007,Timber,Pitbull feat. Ke$ha,,,,,,,204.16,H:\RadioTEDU Songs\Pop\Pitbull\Global Warming_ Meltdown (Deluxe Version)\13 Pitbull feat. Ke$ha - Timber.flac,1,1,205.897,2026-08-23 08:48:17,2026-08-23 08:48:17
4,RadioTEDU Pop,/radio,configured_stream,51076,Timeless,The Weeknd & Playboi Carti,,,,,,,256.0,H:\RadioTEDU Songs\Pop\The Weeknd & Playboi Carti\Timeless.mp3,1,1,253.245,2026-08-23 04:07:40,2026-08-23 04:07:40
4,RadioTEDU Pop,/radio,configured_stream,50760,Too Many Nights,,,,,,,,199.92,H:\RadioTEDU Songs\Pop\088 - Too Many Nights.mp3,1,1,197.424,2026-08-23 19:57:35,2026-08-23 19:57:35
4,RadioTEDU Pop,/radio,configured_stream,47302,Top Of The Stairs,D. H. Grey,,,,,,,246.5,H:\RadioTEDU Songs\Pop\D. H. Grey - Top Of The Stairs.flac,1,1,247.587,2026-08-23 10:56:43,2026-08-23 10:56:43
4,RadioTEDU Pop,/radio,configured_stream,50896,Touch,KATSEYE,,,,,,,129.883,H:\RadioTEDU Songs\Pop\KATSEYE\Touch.mp3,1,1,127.216,2026-08-23 11:36:54,2026-08-23 11:36:54
4,RadioTEDU Pop,/radio,configured_stream,50897,Touch,KATSEYE,,,,,,,129.892,H:\RadioTEDU Songs\Pop\KATSEYE\Touch\01 Touch.flac,1,1,127.757,2026-08-23 17:36:00,2026-08-23 17:36:00
4,RadioTEDU Pop,/radio,configured_stream,50805,Toxic,Britney Spears,,,,,,,198.809,H:\RadioTEDU Songs\Pop\Britney Spears\In the Zone\06 Britney Spears - Toxic (1).flac,1,1,195.933,2026-08-23 14:33:04,2026-08-23 14:33:04
4,RadioTEDU Pop,/radio,configured_stream,50806,Toxic,Britney Spears,,,,,,,198.8,H:\RadioTEDU Songs\Pop\Britney Spears\In the Zone\06 Britney Spears - Toxic.flac,1,1,197.139,2026-08-23 04:53:43,2026-08-23 04:53:43
4,RadioTEDU Pop,/radio,configured_stream,50808,Toxic,Britney Spears,,,,,,,198.8,H:\RadioTEDU Songs\Pop\Britney Spears\Toxic.mp3,1,1,196.32,2026-08-23 12:15:41,2026-08-23 12:15:41
4,RadioTEDU Pop,/radio,configured_stream,50834,Training Season,Dua Lipa,,,,,,,210.419,H:\RadioTEDU Songs\Pop\Dua Lipa\Radical Optimism\03 Training Season (1).flac,1,1,207.691,2026-08-23 11:40:21,2026-08-23 11:40:21
4,RadioTEDU Pop,/radio,configured_stream,50835,Training Season,Dua Lipa,,,,,,,209.488,H:\RadioTEDU Songs\Pop\Dua Lipa\Radical Optimism\03 Training Season.flac,1,1,211.814,2026-08-23 09:13:26,2026-08-23 09:13:26
4,RadioTEDU Pop,/radio,configured_stream,50836,Training Season,Dua Lipa,,,,,,,209.488,H:\RadioTEDU Songs\Pop\Dua Lipa\Training Season.mp3,1,1,206.749,2026-08-23 07:03:58,2026-08-23 07:03:58
4,RadioTEDU Pop,/radio,configured_stream,50817,TRUTH OR DARE,CHRI$00,,,,,,,154.499,H:\RadioTEDU Songs\Pop\CHRI$00\TRUTH OR DARE\01 TRUTH OR DARE.flac,1,1,151.766,2026-08-23 13:19:47,2026-08-23 13:19:47
4,RadioTEDU Pop,/radio,configured_stream,51020,Umbrella,Rihanna feat. Jay‐Z,,,,,,,275.992,H:\RadioTEDU Songs\Pop\Rihanna\Good Girl Gone Bad_ Reloaded\01 Rihanna feat. Jay‐Z - Umbrella.flac,1,1,273.327,2026-08-23 20:51:17,2026-08-23 20:51:17
4,RadioTEDU Pop,/radio,configured_stream,51021,Umbrella,Rihanna feat. Jay‐Z,,,,,,,275.987,H:\RadioTEDU Songs\Pop\Rihanna\Good Girl Gone Bad_ Reloaded\01 Rihanna feat. Jay‐Z - Umbrella.mp3,1,1,273.329,2026-08-23 10:28:53,2026-08-23 10:28:53
4,RadioTEDU Pop,/radio,configured_stream,50894,Use This Gospel,Kanye West feat. Clipse & Kenny G,,,,,,,216.747,H:\RadioTEDU Songs\Pop\Kanye West\Jesus Is King\10 Kanye West feat. Clipse & Kenny G - Use This Gospel.flac,1,1,217.756,2026-08-23 08:41:29,2026-08-23 08:41:29
4,RadioTEDU Pop,/radio,configured_stream,50747,Video Killed The Radio Star,,,,,,,,253.8,H:\RadioTEDU Songs\Pop\061 - Video Killed The Radio Star.mp3,1,1,253.705,2026-08-23 10:21:25,2026-08-23 10:21:25
4,RadioTEDU Pop,/radio,configured_stream,50851,Walking On Clouds,Emperose & Esthie,,,,,,,187.327,H:\RadioTEDU Songs\Pop\Emperose & Esthie\Walking On Clouds\01 Walking On Clouds.mp3,1,1,184.602,2026-08-23 05:10:57,2026-08-23 05:10:57
4,RadioTEDU Pop,/radio,configured_stream,51052,Wasting My Time,Stefanie Heinzmann,,,,,,,202.768,H:\RadioTEDU Songs\Pop\Stefanie Heinzmann\Roots to Grow\14 Stefanie Heinzmann - Wasting My Time.mp3,1,1,199.994,2026-08-23 07:42:51,2026-08-23 07:42:51
4,RadioTEDU Pop,/radio,configured_stream,52321,Water,Tyla x Marshmello,,,,,,,191.734,H:\RadioTEDU Songs\Pop\Tyla x Marshmello\Water\01 Water.flac,1,1,188.998,2026-08-23 04:30:23,2026-08-23 04:30:23
4,RadioTEDU Pop,/radio,configured_stream,50974,We Belong Together,Mariah Carey,,,,,,,201.4,H:\RadioTEDU Songs\Pop\Mariah Carey\The Emancipation of Mimi\02 Mariah Carey - We Belong Together.flac,1,1,198.885,2026-08-23 20:16:46,2026-08-23 20:16:46
4,RadioTEDU Pop,/radio,configured_stream,50842,weren’t for the wind,Ella Langley,,,,,,,193.667,H:\RadioTEDU Songs\Pop\Ella Langley\still hungover\16 Ella Langley - weren’t for the wind.flac,1,1,192.44,2026-08-23 03:10:16,2026-08-23 03:10:16
4,RadioTEDU Pop,/radio,configured_stream,51015,What a Difference a Day Makes,RAYE,,,,,,,261.176,H:\RadioTEDU Songs\Pop\RAYE\What a Difference a Day Makes (from the Netflix Limited Series _Black Rabbit_)\01 What a Difference a Day Makes.flac,1,1,258.483,2026-08-23 10:33:11,2026-08-23 10:33:11
4,RadioTEDU Pop,/radio,configured_stream,50825,What It Is (solo version),Doechii,,,,,,,189.823,H:\RadioTEDU Songs\Pop\Doechii\Booty Drop\02 What It Is (solo version).flac,1,1,187.1,2026-08-23 20:04:05,2026-08-23 20:04:05
4,RadioTEDU Pop,/radio,configured_stream,50997,What Makes You Beautiful,One Direction,,,,,,,199.987,H:\RadioTEDU Songs\Pop\One Direction\Up All Night\01 What Makes You Beautiful.flac,1,1,197.164,2026-08-23 11:27:03,2026-08-23 11:27:03
4,RadioTEDU Pop,/radio,configured_stream,51044,"Whenever, Wherever",Shakira,,,,,,,196.16,"H:\RadioTEDU Songs\Pop\Shakira\Whenever, Wherever.mp3",1,1,195.507,2026-08-23 08:57:31,2026-08-23 08:57:31
4,RadioTEDU Pop,/radio,configured_stream,50750,WHERE IS MY HUSBAND!,,,,,,,,196.796,H:\RadioTEDU Songs\Pop\064 - WHERE IS MY HUSBAND!.mp3,1,1,196.301,2026-08-23 15:12:40,2026-08-23 15:12:40
4,RadioTEDU Pop,/radio,configured_stream,51081,Will I See You Again?,Thee Sacred Souls,,,,,,,240.653,H:\RadioTEDU Songs\Pop\Thee Sacred Souls\Will I See You Again_\01 Will I See You Again_.flac,1,1,237.709,2026-08-23 07:55:50,2026-08-23 07:55:50
4,RadioTEDU Pop,/radio,configured_stream,50803,Womanizer,Britney Spears,,,,,,,224.4,H:\RadioTEDU Songs\Pop\Britney Spears\Circus\1-01 Womanizer.flac,1,1,221.997,2026-08-23 19:54:17,2026-08-23 19:54:17
4,RadioTEDU Pop,/radio,configured_stream,50867,You and Me Against the World,India Ramey,,,,,,,217.28,H:\RadioTEDU Songs\Pop\India Ramey\Shallow Graves\06 You and Me Against the World.mp3,1,1,214.981,2026-08-23 14:48:00,2026-08-23 14:48:00
4,RadioTEDU Pop,/radio,configured_stream,51036,You Send Me,Sam Cooke,,,,,,,163.736,H:\RadioTEDU Songs\Pop\Sam Cooke\The Best of Sam Cooke\12 You Send Me.flac,1,1,163.526,2026-08-23 03:38:00,2026-08-23 03:38:00
4,RadioTEDU Pop,/radio,configured_stream,52303,You're the Inspiration,David Foster,,,,,,,235.0,H:\RadioTEDU Songs\Pop\David Foster\Rechordings\02 You're the Inspiration.flac,1,1,249.188,2026-08-23 06:44:43,2026-08-23 06:44:43
4,RadioTEDU Pop,/radio,configured_stream,51102,Yours Not Mine,Willowake,,,,,,,181.157,H:\RadioTEDU Songs\Pop\Willowake\This Wasn't What I Meant\03 Yours Not Mine.flac,1,1,178.258,2026-08-23 15:36:09,2026-08-23 15:36:09
4,RadioTEDU Pop,/radio,configured_stream,50802,You’re Everything I Need,Brenton Wood,,,,,,,198.008,H:\RadioTEDU Songs\Pop\Brenton Wood\Come Softly\06 You’re Everything I Need.mp3,1,1,195.954,2026-08-23 18:43:41,2026-08-23 18:43:41
4,RadioTEDU Pop,/radio,configured_stream,50809,…Baby One More Time,Britney Spears,,,,,,,211.067,H:\RadioTEDU Songs\Pop\Britney Spears\…Baby One More Time\01 Britney Spears - …Baby One More Time.flac,1,1,209.275,2026-08-23 15:16:09,2026-08-23 15:16:09
5,RadioTEDU Jazz,/cazz,configured_stream,51502,(They long to Be) Close to You,"Harry Connick, Jr.",,,,,,,196.262,"H:\RadioTEDU Songs\Jazz\Harry Connick, Jr_\Your Songs\05 (They long to Be) Close to You.mp3",1,1,193.655,2026-08-23 23:57:20,2026-08-23 23:57:20
5,RadioTEDU Jazz,/cazz,configured_stream,51199,13 Lullaby for Helene,Bill Evans,,,,,,,159.533,H:\RadioTEDU Songs\Jazz\Bill Evans\From Left to Right\13 Lullaby for Helene [Quartet].mp3,1,1,156.591,2026-08-23 17:46:09,2026-08-23 17:46:09
5,RadioTEDU Jazz,/cazz,configured_stream,51818,24,Walter Smith III,,,,,,,160.307,H:\RadioTEDU Songs\Jazz\Walter Smith III\three of us are from Houston and Reuben is not\03 24.flac,1,1,164.59,2026-08-23 06:11:09,2026-08-23 06:11:09
5,RadioTEDU Jazz,/cazz,configured_stream,51786,A Nightingale Sang in Berkeley Square,Stan Getz / Bob Brookmeyer,,,,,,,419.627,H:\RadioTEDU Songs\Jazz\Stan Getz _ Bob Brookmeyer\Recorded Fall 1961\05 A Nightingale Sang in Berkeley Square.flac,1,1,416.976,2026-08-23 14:12:17,2026-08-23 14:12:17
5,RadioTEDU Jazz,/cazz,configured_stream,51150,A Sleepin’ Bee,Bill Evans Trio,,,,,,,365.195,H:\RadioTEDU Songs\Jazz\Bill Evans Trio\At the Montreux Jazz Festival\02 A Sleepin’ Bee.mp3,1,1,374.377,2026-08-23 06:53:51,2026-08-23 06:53:51
5,RadioTEDU Jazz,/cazz,configured_stream,51572,A World of Abstractions,Luke Howard,,,,,,,65.007,H:\RadioTEDU Songs\Jazz\Luke Howard\All of Us\03 Luke Howard - A World of Abstractions (1).flac,1,1,62.385,2026-08-23 13:08:34,2026-08-23 13:08:34
5,RadioTEDU Jazz,/cazz,configured_stream,51259,Ain't Misbehavin',Billie Holiday,,,,,,,280.214,H:\RadioTEDU Songs\Jazz\Billie Holiday\Stay With Me\02 Ain't Misbehavin'.flac,1,1,280.383,2026-08-23 19:08:23,2026-08-23 19:08:23
5,RadioTEDU Jazz,/cazz,configured_stream,51360,Ain’t That a Kick in the Head,Dean Martin,,,,,,,144.893,H:\RadioTEDU Songs\Jazz\Dean Martin\The Capitol Years\2-16 Dean Martin - Ain’t That a Kick in the Head.flac,1,1,144.826,2026-08-23 08:26:00,2026-08-23 08:26:00
5,RadioTEDU Jazz,/cazz,configured_stream,51814,All of You,Sammy Davis Jr.,,,,,,,164.64,H:\RadioTEDU Songs\Jazz\The Rat Pack\100 Hits Legends_ The Rat Pack\1-07 Sammy Davis Jr. - All of You.flac,1,1,164.797,2026-08-23 12:54:02,2026-08-23 12:54:02
5,RadioTEDU Jazz,/cazz,configured_stream,51501,And I Love Her,"Harry Connick, Jr.",,,,,,,192.077,"H:\RadioTEDU Songs\Jazz\Harry Connick, Jr_\Your Songs\04 And I Love Her.mp3",1,1,189.205,2026-08-23 19:47:34,2026-08-23 19:47:34
5,RadioTEDU Jazz,/cazz,configured_stream,51350,Aphrodite,Dave Pike,,,,,,,196.24,H:\RadioTEDU Songs\Jazz\Dave Pike\Manhattan Latin\06 Aphrodite.mp3,1,1,194.791,2026-08-23 14:02:10,2026-08-23 14:02:10
5,RadioTEDU Jazz,/cazz,configured_stream,51859,April in Paris,Yehudi Menuhin & Stéphane Grappelli,,,,,,,218.178,H:\RadioTEDU Songs\Jazz\Yehudi Menuhin & Stéphane Grappelli\Menuhin & Grappelli Play\1-18 April in Paris (1).mp3,1,1,221.287,2026-08-23 04:18:17,2026-08-23 04:18:17
5,RadioTEDU Jazz,/cazz,configured_stream,51860,April in Paris,Yehudi Menuhin & Stéphane Grappelli,,,,,,,218.178,H:\RadioTEDU Songs\Jazz\Yehudi Menuhin & Stéphane Grappelli\Menuhin & Grappelli Play\1-18 April in Paris.mp3,1,1,215.496,2026-08-23 18:51:44,2026-08-23 18:51:44
5,RadioTEDU Jazz,/cazz,configured_stream,52393,As Time Goes By,Kenny G,,,,,,,212.107,H:\RadioTEDU Songs\Jazz\Kenny G\I'm in the Mood for Love... The Most Romantic Melodies of All Time\12 As Time Goes By.flac,1,1,211.008,2026-08-23 16:50:52,2026-08-23 16:50:52
5,RadioTEDU Jazz,/cazz,configured_stream,51861,Autumn Leaves,Yehudi Menuhin & Stéphane Grappelli,,,,,,,283.327,H:\RadioTEDU Songs\Jazz\Yehudi Menuhin & Stéphane Grappelli\Menuhin & Grappelli Play\1-19 Autumn Leaves (1).mp3,1,1,290.088,2026-08-23 02:06:28,2026-08-23 02:06:28
5,RadioTEDU Jazz,/cazz,configured_stream,51862,Autumn Leaves,Yehudi Menuhin & Stéphane Grappelli,,,,,,,283.327,H:\RadioTEDU Songs\Jazz\Yehudi Menuhin & Stéphane Grappelli\Menuhin & Grappelli Play\1-19 Autumn Leaves.mp3,1,1,280.514,2026-08-23 08:42:09,2026-08-23 08:42:09
5,RadioTEDU Jazz,/cazz,configured_stream,51617,Baby I'm a Fool,Melody Gardot,,,,,,,211.893,H:\RadioTEDU Songs\Jazz\Melody Gardot\My One and Only Thrill\01 Baby I'm a Fool (1).mp3,1,1,209.177,2026-08-23 15:26:16,2026-08-23 15:26:16
5,RadioTEDU Jazz,/cazz,configured_stream,51518,Bach,Jeff Berlin,,,,,,,291.082,H:\RadioTEDU Songs\Jazz\Jeff Berlin\Pump It\04 Bach (1).mp3,1,1,293.507,2026-08-23 05:16:21,2026-08-23 05:16:21
5,RadioTEDU Jazz,/cazz,configured_stream,51612,Back And Forth,Mark Lockheart,,,,,,,382.147,H:\RadioTEDU Songs\Jazz\Mark Lockheart\Smiling\02 Back And Forth.flac,1,1,379.965,2026-08-23 02:15:58,2026-08-23 02:15:58
5,RadioTEDU Jazz,/cazz,configured_stream,52358,Back From Where I Started,De‐Phazz,,,,,,,300.144,H:\RadioTEDU Songs\Jazz\De‐Phazz\Lala 2.0\16 Back From Where I Started.mp3,1,1,301.796,2026-08-23 03:31:37,2026-08-23 03:31:37
5,RadioTEDU Jazz,/cazz,configured_stream,51686,Back to Manhattan,Norah Jones,,,,,,,249.933,H:\RadioTEDU Songs\Jazz\Norah Jones\The Fall\1-09 Back to Manhattan.mp3,1,1,248.832,2026-08-23 00:15:29,2026-08-23 00:15:29
5,RadioTEDU Jazz,/cazz,configured_stream,51415,Basin Street Blues,Ella Fitzgerald,,,,,,,187.824,H:\RadioTEDU Songs\Jazz\Ella Fitzgerald\Lullabies of Birdland\09 Basin Street Blues.mp3,1,1,184.911,2026-08-23 11:08:01,2026-08-23 11:08:01
5,RadioTEDU Jazz,/cazz,configured_stream,51560,Bedroom Blues,Leonard Feather and Dan Burley,,,,,,,144.576,H:\RadioTEDU Songs\Jazz\Leonard Feather\The Chronological Classics_ Leonard Feather 1937-1945\19 Leonard Feather and Dan Burley - Bedroom Blues.mp3,1,1,143.98,2026-08-23 13:10:57,2026-08-23 13:10:57
5,RadioTEDU Jazz,/cazz,configured_stream,51503,Besame Mucho (Kiss Me Much),"Harry Connick, Jr.",,,,,,,251.124,"H:\RadioTEDU Songs\Jazz\Harry Connick, Jr_\Your Songs\06 Besame Mucho (Kiss Me Much).mp3",1,1,248.204,2026-08-23 22:46:50,2026-08-23 22:46:50
5,RadioTEDU Jazz,/cazz,configured_stream,51268,Beyond the Sea,Bobby Darin,,,,,,,172.48,H:\RadioTEDU Songs\Jazz\Bobby Darin\That's All\02 Beyond the Sea.flac,1,1,172.889,2026-08-23 01:46:05,2026-08-23 01:46:05
5,RadioTEDU Jazz,/cazz,configured_stream,51728,Black Coffee,Sarah Vaughan,,,,,,,200.44,H:\RadioTEDU Songs\Jazz\Sarah Vaughan\After Hours With Sarah Vaughan\07 Black Coffee.flac,1,1,197.605,2026-08-23 11:19:56,2026-08-23 11:19:56
5,RadioTEDU Jazz,/cazz,configured_stream,51544,Blackbird,Katie Noonan,,,,,,,187.867,H:\RadioTEDU Songs\Jazz\Katie Noonan\Blackbird_ The Music of Lennon & McCartney\04 Blackbird.mp3,1,1,184.953,2026-08-23 18:24:18,2026-08-23 18:24:18
5,RadioTEDU Jazz,/cazz,configured_stream,51174,Blue in Green,Bill Evans Trio,,,,,,,284.609,H:\RadioTEDU Songs\Jazz\Bill Evans Trio\The Complete Balboa Jazz Club Performances\1-05 Blue in Green.mp3,1,1,283.022,2026-08-23 09:55:04,2026-08-23 09:55:04
5,RadioTEDU Jazz,/cazz,configured_stream,51641,Blue In Green,Miles Davis,,,,,,,338.651,H:\RadioTEDU Songs\Jazz\Miles Davis & John Coltrane\Miles Davis & John Coltrane_ The Complete Columbia Recordings 1955-1961\4-05 Blue In Green.flac,1,1,338.75,2026-08-23 13:58:46,2026-08-23 13:58:46
5,RadioTEDU Jazz,/cazz,configured_stream,51358,Blue Moon,Dean Martin,,,,,,,184.453,H:\RadioTEDU Songs\Jazz\Dean Martin\Dream With Dean_ The Intimate Dean Martin\05 Blue Moon.flac,1,1,182.461,2026-08-23 02:59:05,2026-08-23 02:59:05
5,RadioTEDU Jazz,/cazz,configured_stream,51407,Blue Skies,Ella Fitzgerald,,,,,,,226.36,H:\RadioTEDU Songs\Jazz\Ella Fitzgerald\Get Happy!\08 Blue Skies.flac,1,1,223.596,2026-08-23 10:22:00,2026-08-23 10:22:00
5,RadioTEDU Jazz,/cazz,configured_stream,45208,Blues Cliché,Kai Gluska,,,,,,,294.997,H:\RadioTEDU Songs\Jazz\Kai Gluska - Blues Cliché.flac,1,1,292.38,2026-08-23 19:52:26,2026-08-23 19:52:26
5,RadioTEDU Jazz,/cazz,configured_stream,52416,Body and Soul,Tony Bennett,,,,,,,203.547,H:\RadioTEDU Songs\Jazz\Tony Bennett\60 Years_ The Artistry of Tony Bennett\126 Tony Bennett - Body and Soul.flac,1,1,201.882,2026-08-23 15:22:46,2026-08-23 15:22:46
5,RadioTEDU Jazz,/cazz,configured_stream,52368,Bossa Antigua,Kenny G,,,,,,,228.6,H:\RadioTEDU Songs\Jazz\Kenny G\Brazilian Nights\01 Bossa Antigua.flac,1,1,229.411,2026-08-23 00:38:13,2026-08-23 00:38:13
5,RadioTEDU Jazz,/cazz,configured_stream,51482,Brazilian Love Affair,George Duke,,,,,,,441.801,H:\RadioTEDU Songs\Jazz\George Duke\A Brazilian Love Affair\01 Brazilian Love Affair.mp3,1,1,439.26,2026-08-23 23:05:30,2026-08-23 23:05:30
5,RadioTEDU Jazz,/cazz,configured_stream,51516,But for Now,Jamie Cullum,,,,,,,235.547,H:\RadioTEDU Songs\Jazz\Jamie Cullum\Twentysomething\05 But for Now.mp3,1,1,232.684,2026-08-23 19:31:32,2026-08-23 19:31:32
5,RadioTEDU Jazz,/cazz,configured_stream,52337,Cadê você?,Bebel Gilberto,,,,,,,210.602,H:\RadioTEDU Songs\Jazz\Bebel Gilberto\Momento\10 Bebel Gilberto - Cadê você_.mp3,1,1,216.46,2026-08-23 06:08:21,2026-08-23 06:08:21
5,RadioTEDU Jazz,/cazz,configured_stream,51500,Can't Help Falling in Love With You,"Harry Connick, Jr.",,,,,,,196.839,"H:\RadioTEDU Songs\Jazz\Harry Connick, Jr_\Your Songs\03 Can't Help Falling in Love With You.mp3",1,1,193.991,2026-08-23 19:03:42,2026-08-23 19:03:42
5,RadioTEDU Jazz,/cazz,configured_stream,52330,Caçada,Bebel Gilberto,,,,,,,272.878,H:\RadioTEDU Songs\Jazz\Bebel Gilberto\Momento\06 Bebel Gilberto - Caçada (1).mp3,1,1,270.132,2026-08-23 07:39:09,2026-08-23 07:39:09
5,RadioTEDU Jazz,/cazz,configured_stream,51511,Chameleon,Herbie Hancock,,,,,,,944.617,H:\RadioTEDU Songs\Jazz\Herbie Hancock\Head Hunters\01 Chameleon.flac,1,1,945.011,2026-08-23 16:20:35,2026-08-23 16:20:35
5,RadioTEDU Jazz,/cazz,configured_stream,51433,Change Partners,Antônio Carlos Jobim & Frank Sinatra,,,,,,,163.187,H:\RadioTEDU Songs\Jazz\Frank Sinatra & Antônio Carlos Jobim\Sinatra_Jobim_ The Complete Reprise Recordings\03 Change Partners.flac,1,1,160.329,2026-08-23 04:00:33,2026-08-23 04:00:33
5,RadioTEDU Jazz,/cazz,configured_stream,51491,Chattanooga Choo-Choo,Glenn Miller,,,,,,,209.403,H:\RadioTEDU Songs\Jazz\Glenn Miller\Jazz Moods - Hot\09 Chattanooga Choo-Choo.mp3,1,1,206.64,2026-08-23 09:43:29,2026-08-23 09:43:29
5,RadioTEDU Jazz,/cazz,configured_stream,51327,Cinema Paradiso,Chris Botti,,,,,,,496.536,H:\RadioTEDU Songs\Jazz\Chris Botti\In Boston\2-09 Cinema Paradiso.mp3,1,1,493.717,2026-08-23 02:24:13,2026-08-23 02:24:13
5,RadioTEDU Jazz,/cazz,configured_stream,51220,Close as Pages in a Book,Bill Evans,,,,,,,264.522,H:\RadioTEDU Songs\Jazz\Bill Evans\The Complete Gus Wildi Recordings\2-12 Close as Pages in a Book.mp3,1,1,262.267,2026-08-23 22:11:31,2026-08-23 22:11:31
5,RadioTEDU Jazz,/cazz,configured_stream,52324,Close to You,Bebel Gilberto,,,,,,,198.769,H:\RadioTEDU Songs\Jazz\Bebel Gilberto\Momento\03 Bebel Gilberto - Close to You (1).mp3,1,1,196.084,2026-08-23 13:47:36,2026-08-23 13:47:36
5,RadioTEDU Jazz,/cazz,configured_stream,51740,Close Your Eyes,Stacey Kent,,,,,,,324.632,H:\RadioTEDU Songs\Jazz\Stacey Kent\Close Your Eyes\03 Close Your Eyes.mp3,1,1,322.72,2026-08-23 17:06:40,2026-08-23 17:06:40
5,RadioTEDU Jazz,/cazz,configured_stream,51320,Come Rain or Come Shine,Chet Baker,,,,,,,127.086,H:\RadioTEDU Songs\Jazz\Chet Baker\Embraceable You\10 Come Rain or Come Shine.mp3,1,1,124.534,2026-08-23 15:31:25,2026-08-23 15:31:25
5,RadioTEDU Jazz,/cazz,configured_stream,51773,Comes Love,Stacey Kent,,,,,,,244.25,H:\RadioTEDU Songs\Jazz\Stacey Kent\The Tender Trap\03 Comes Love (1).mp3,1,1,244.039,2026-08-23 10:26:04,2026-08-23 10:26:04
5,RadioTEDU Jazz,/cazz,configured_stream,51774,Comes Love,Stacey Kent,,,,,,,244.592,H:\RadioTEDU Songs\Jazz\Stacey Kent\The Tender Trap\03 Comes Love.mp3,1,1,242.19,2026-08-23 18:48:09,2026-08-23 18:48:09
5,RadioTEDU Jazz,/cazz,configured_stream,51424,Daiquiri,"Erwin Do, Miguel Carne",,,,,,,127.065,"H:\RadioTEDU Songs\Jazz\Erwin Do, Miguel Carne\Cocktail Bar Jazz\04 Daiquiri.flac",1,1,124.326,2026-08-23 17:43:33,2026-08-23 17:43:33
5,RadioTEDU Jazz,/cazz,configured_stream,51244,Dancing in the Dark,Bill Evans,,,,,,,276.64,H:\RadioTEDU Songs\Jazz\Bill Evans\Trio 64\07 Dancing in the Dark.mp3,1,1,274.286,2026-08-23 04:57:06,2026-08-23 04:57:06
5,RadioTEDU Jazz,/cazz,configured_stream,51147,Darn That Dream,Bill Evans & Jim Hall,,,,,,,306.027,H:\RadioTEDU Songs\Jazz\Bill Evans & Jim Hall\Undercurrent\06 Darn That Dream.mp3,1,1,303.338,2026-08-23 00:20:33,2026-08-23 00:20:33
5,RadioTEDU Jazz,/cazz,configured_stream,51273,Death Letter,Cassandra Wilson,,,,,,,253.84,H:\RadioTEDU Songs\Jazz\Cassandra Wilson\New Moon Daughter\04 Death Letter.mp3,1,1,251.777,2026-08-23 09:28:09,2026-08-23 09:28:09
5,RadioTEDU Jazz,/cazz,configured_stream,51687,December,Norah Jones,,,,,,,185.68,H:\RadioTEDU Songs\Jazz\Norah Jones\The Fall\1-11 December.mp3,1,1,183.069,2026-08-23 04:52:32,2026-08-23 04:52:32
5,RadioTEDU Jazz,/cazz,configured_stream,51234,Detour Ahead (take 1),Bill Evans,,,,,,,460.333,"H:\RadioTEDU Songs\Jazz\Bill Evans\The Complete Village Vanguard Recordings, 1961\2-04 Detour Ahead (take 1).mp3",1,1,457.547,2026-08-23 23:36:30,2026-08-23 23:36:30
5,RadioTEDU Jazz,/cazz,configured_stream,51283,Did I Remember,Catherine Russell,,,,,,,206.653,H:\RadioTEDU Songs\Jazz\Catherine Russell\Send for Me\01 Did I Remember.flac,1,1,205.458,2026-08-23 23:50:51,2026-08-23 23:50:51
5,RadioTEDU Jazz,/cazz,configured_stream,51450,Didjo,Paolo Fresu,,,,,,,473.24,H:\RadioTEDU Songs\Jazz\Frank Sinatra\Hi-Res Masters_ 50 Jazz Tracks to Test Your Speakers\41 Paolo Fresu - Didjo.flac,1,1,470.532,2026-08-23 19:21:14,2026-08-23 19:21:14
5,RadioTEDU Jazz,/cazz,configured_stream,51477,Dina ögon blå,Fredrika Stahl,,,,,,,191.653,H:\RadioTEDU Songs\Jazz\Fredrika Stahl\Tributaries\09 Dina ögon blå (1).mp3,1,1,189.464,2026-08-23 14:05:21,2026-08-23 14:05:21
5,RadioTEDU Jazz,/cazz,configured_stream,51781,Don't Be That Way,Stacey Kent,,,,,,,262.225,H:\RadioTEDU Songs\Jazz\Stacey Kent\The Tender Trap\09 Don't Be That Way.mp3,1,1,259.586,2026-08-23 08:18:57,2026-08-23 08:18:57
5,RadioTEDU Jazz,/cazz,configured_stream,51430,Don’t Go to Strangers,Etta Jones,,,,,,,228.36,H:\RadioTEDU Songs\Jazz\Etta Jones\Don’t Go to Strangers\02 Don’t Go to Strangers.flac,1,1,226.298,2026-08-23 23:28:53,2026-08-23 23:28:53
5,RadioTEDU Jazz,/cazz,configured_stream,51635,Down My Avenue,Melody Gardot,,,,,,,277.867,H:\RadioTEDU Songs\Jazz\Melody Gardot\Some Lessons\03 Down My Avenue.flac,1,1,275.094,2026-08-23 03:48:53,2026-08-23 03:48:53
5,RadioTEDU Jazz,/cazz,configured_stream,52361,Dream a Little Dream of Me,Doris Day with Paul Weston & His Music from Hollywood,,,,,,,223.637,H:\RadioTEDU Songs\Jazz\Doris Day with Paul Weston & His Music from Hollywood\Day by Night\04 Dream a Little Dream of Me.flac,1,1,220.83,2026-08-23 09:50:20,2026-08-23 09:50:20
5,RadioTEDU Jazz,/cazz,configured_stream,52346,Duck & Cover,De‐Phazz,,,,,,,209.678,H:\RadioTEDU Songs\Jazz\De‐Phazz\Lala 2.0\04 Duck & Cover.mp3,1,1,206.917,2026-08-23 05:08:29,2026-08-23 05:08:29
5,RadioTEDU Jazz,/cazz,configured_stream,51531,Dusklight Movement,Jon Batiste,,,,,,,257.968,H:\RadioTEDU Songs\Jazz\Jon Batiste\Beethoven Blues\04 Dusklight Movement.flac,1,1,256.922,2026-08-23 21:37:04,2026-08-23 21:37:04
5,RadioTEDU Jazz,/cazz,configured_stream,51418,Early Days,Emile Londonien,,,,,,,193.192,H:\RadioTEDU Songs\Jazz\Emile Londonien\Inwards\02 Emile Londonien - Early Days.flac,1,1,194.546,2026-08-23 01:22:52,2026-08-23 01:22:52
5,RadioTEDU Jazz,/cazz,configured_stream,51762,Easy to Remember,Stacey Kent,,,,,,,297.9,H:\RadioTEDU Songs\Jazz\Stacey Kent\In Love Again_ The Music of Richard Rodgers\11 Easy to Remember.mp3,1,1,296.322,2026-08-23 04:43:12,2026-08-23 04:43:12
5,RadioTEDU Jazz,/cazz,configured_stream,51549,Eleanor Rigby,Katie Noonan,,,,,,,307.987,H:\RadioTEDU Songs\Jazz\Katie Noonan\Blackbird_ The Music of Lennon & McCartney\09 Eleanor Rigby.mp3,1,1,305.096,2026-08-23 16:43:47,2026-08-23 16:43:47
5,RadioTEDU Jazz,/cazz,configured_stream,51121,Encantados,Amaro Freitas,,,,,,,582.304,H:\RadioTEDU Songs\Jazz\Amaro Freitas\Y’Y\09 Encantados.flac,1,1,584.393,2026-08-23 16:30:29,2026-08-23 16:30:29
5,RadioTEDU Jazz,/cazz,configured_stream,51540,Every Breath You Take,Karen Souza,,,,,,,167.706,H:\RadioTEDU Songs\Jazz\Karen Souza\Essentials\06 Karen Souza - Every Breath You Take.flac,1,1,167.944,2026-08-23 03:51:40,2026-08-23 03:51:40
5,RadioTEDU Jazz,/cazz,configured_stream,51357,Everybody Loves Somebody,Dean Martin,,,,,,,166.204,H:\RadioTEDU Songs\Jazz\Dean Martin\Dino_ The Essential Dean Martin\24 Everybody Loves Somebody.mp3,1,1,165.587,2026-08-23 12:44:00,2026-08-23 12:44:00
5,RadioTEDU Jazz,/cazz,configured_stream,51831,Fascinatin' Rhythm,Yehudi Menuhin & Stéphane Grappelli,,,,,,,143.729,H:\RadioTEDU Songs\Jazz\Yehudi Menuhin & Stéphane Grappelli\Menuhin & Grappelli Play\1-01 Fascinatin' Rhythm.mp3,1,1,141.484,2026-08-23 19:44:25,2026-08-23 19:44:25
5,RadioTEDU Jazz,/cazz,configured_stream,51660,Feeling Good,Nina Simone,,,,,,,174.0,H:\RadioTEDU Songs\Jazz\Nina Simone\I Put a Spell on You\07 Feeling Good.flac,1,1,174.344,2026-08-23 03:44:18,2026-08-23 03:44:18
5,RadioTEDU Jazz,/cazz,configured_stream,51297,First Song,Charlie Haden / Egberto Gismonti,,,,,,,388.235,H:\RadioTEDU Songs\Jazz\Charlie Haden _ Egberto Gismonti\In Montreal\03 First Song.mp3,1,1,385.796,2026-08-23 11:14:27,2026-08-23 11:14:27
5,RadioTEDU Jazz,/cazz,configured_stream,51216,Flamenco Sketches,Bill Evans,,,,,,,259.367,H:\RadioTEDU Songs\Jazz\Bill Evans\The Complete Gus Wildi Recordings\1-08 Flamenco Sketches.mp3,1,1,257.654,2026-08-23 10:33:24,2026-08-23 10:33:24
5,RadioTEDU Jazz,/cazz,configured_stream,51440,Fly Me To The Moon,Frank Sinatra,,,,,,,151.541,H:\RadioTEDU Songs\Jazz\Frank Sinatra\Greatest Hits\2-12 Fly Me To The Moon.mp3,1,1,151.373,2026-08-23 11:22:27,2026-08-23 11:22:27
5,RadioTEDU Jazz,/cazz,configured_stream,52392,Fly Me to the Moon / You Make Me Feel So Young,Kenny G,,,,,,,210.227,H:\RadioTEDU Songs\Jazz\Kenny G\I'm in the Mood for Love... The Most Romantic Melodies of All Time\11 Fly Me to the Moon _ You Make Me Feel So Young.flac,1,1,208.361,2026-08-23 00:04:09,2026-08-23 00:04:09
5,RadioTEDU Jazz,/cazz,configured_stream,51109,Flyways,Aaron Parks,,,,,,,243.04,H:\RadioTEDU Songs\Jazz\Aaron Parks\Little Big III\01 Flyways.flac,1,1,240.129,2026-08-23 20:27:52,2026-08-23 20:27:52
5,RadioTEDU Jazz,/cazz,configured_stream,51243,For Heaven’s Sake,Bill Evans,,,,,,,266.583,H:\RadioTEDU Songs\Jazz\Bill Evans\Trio 64\06 For Heaven’s Sake.mp3,1,1,263.757,2026-08-23 22:03:16,2026-08-23 22:03:16
5,RadioTEDU Jazz,/cazz,configured_stream,51301,Frevo,Charlie Haden / Egberto Gismonti,,,,,,,403.151,H:\RadioTEDU Songs\Jazz\Charlie Haden _ Egberto Gismonti\In Montreal\08 Frevo.mp3,1,1,400.283,2026-08-23 07:25:35,2026-08-23 07:25:35
5,RadioTEDU Jazz,/cazz,configured_stream,51136,Friskin' the Frog,Ben Webster,,,,,,,436.692,H:\RadioTEDU Songs\Jazz\Ben Webster\Stormy Weather\08 Friskin' the Frog.mp3,1,1,434.003,2026-08-23 01:33:30,2026-08-23 01:33:30
5,RadioTEDU Jazz,/cazz,configured_stream,51695,Gabaldon’s Glide,Out Of/Into,,,,,,,243.147,H:\RadioTEDU Songs\Jazz\Out Of_Into\Motion I\02 Gabaldon’s Glide.flac,1,1,240.222,2026-08-23 07:47:26,2026-08-23 07:47:26
5,RadioTEDU Jazz,/cazz,configured_stream,51219,Gee Baby Ain't I Good to You,Bill Evans,,,,,,,281.24,H:\RadioTEDU Songs\Jazz\Bill Evans\The Complete Gus Wildi Recordings\2-11 Gee Baby Ain't I Good to You.mp3,1,1,278.323,2026-08-23 18:21:14,2026-08-23 18:21:14
5,RadioTEDU Jazz,/cazz,configured_stream,51124,Gershwin Medley: The Man I Love / Summertime / I’ve Got Plenty of Nothin’ / It Ain’t Necessarily So,Art Tatum,,,,,,,269.561,H:\RadioTEDU Songs\Jazz\Art Tatum\The V-Discs\05 Gershwin Medley_ The Man I Love _ Summertime _ I’ve Got Plenty of Nothin’ _ It Ain’t Necessarily So.mp3,1,1,266.7,2026-08-23 11:29:34,2026-08-23 11:29:34
5,RadioTEDU Jazz,/cazz,configured_stream,51825,Gone With the Wind,Wes Montgomery,,,,,,,382.65,H:\RadioTEDU Songs\Jazz\Wes Montgomery\The Incredible Jazz Guitar of Wes Montgomery\08 Gone With the Wind.mp3,1,1,380.405,2026-08-23 01:39:50,2026-08-23 01:39:50
5,RadioTEDU Jazz,/cazz,configured_stream,51770,He Loves and She Loves,Stacey Kent,,,,,,,265.018,H:\RadioTEDU Songs\Jazz\Stacey Kent\Let Yourself Go_ Celebrating Fred Astaire\06 He Loves and She Loves.mp3,1,1,262.632,2026-08-23 10:07:13,2026-08-23 10:07:13
5,RadioTEDU Jazz,/cazz,configured_stream,51845,He Loves and She Loves,Yehudi Menuhin & Stéphane Grappelli,,,,,,,178.759,H:\RadioTEDU Songs\Jazz\Yehudi Menuhin & Stéphane Grappelli\Menuhin & Grappelli Play\1-10 He Loves and She Loves (1).mp3,1,1,175.982,2026-08-23 08:01:03,2026-08-23 08:01:03
5,RadioTEDU Jazz,/cazz,configured_stream,51497,Hey Laura,Gregory Porter,,,,,,,199.054,H:\RadioTEDU Songs\Jazz\Gregory Porter\Liquid Spirit\05 Hey Laura.flac,1,1,200.576,2026-08-23 00:41:33,2026-08-23 00:41:33
5,RadioTEDU Jazz,/cazz,configured_stream,51700,High Noon,QOW TRIO,,,,,,,257.693,H:\RadioTEDU Songs\Jazz\QOW TRIO\The Hold Up\01 High Noon.flac,1,1,259.084,2026-08-23 22:58:11,2026-08-23 22:58:11
5,RadioTEDU Jazz,/cazz,configured_stream,51582,Homeless Happiness,Madeleine Peyroux,,,,,,,239.027,H:\RadioTEDU Songs\Jazz\Madeleine Peyroux\Bare Bones\08 Homeless Happiness.mp3,1,1,239.052,2026-08-23 15:14:20,2026-08-23 15:14:20
5,RadioTEDU Jazz,/cazz,configured_stream,51520,Homogeneous Emotions,Joachim Kühn,,,,,,,479.2,H:\RadioTEDU Songs\Jazz\Joachim Kühn\The Way\01 Homogeneous Emotions.flac,1,1,478.902,2026-08-23 18:41:11,2026-08-23 18:41:11
5,RadioTEDU Jazz,/cazz,configured_stream,51414,How High the Moon,Ella Fitzgerald,,,,,,,195.504,H:\RadioTEDU Songs\Jazz\Ella Fitzgerald\Lullabies of Birdland\08 How High the Moon.mp3,1,1,193.406,2026-08-23 00:31:16,2026-08-23 00:31:16
5,RadioTEDU Jazz,/cazz,configured_stream,51587,How I Wish,Madeleine Peyroux,,,,,,,254.093,H:\RadioTEDU Songs\Jazz\Madeleine Peyroux\Let's Walk\02 How I Wish.flac,1,1,251.426,2026-08-23 18:55:57,2026-08-23 18:55:57
5,RadioTEDU Jazz,/cazz,configured_stream,51319,How Long Has This Been Going On,Chet Baker,,,,,,,166.818,H:\RadioTEDU Songs\Jazz\Chet Baker\Embraceable You\09 How Long Has This Been Going On.mp3,1,1,169.072,2026-08-23 18:16:32,2026-08-23 18:16:32
5,RadioTEDU Jazz,/cazz,configured_stream,51122,I Could Write a Book,Anita O’Day & Billy May,,,,,,,129.267,H:\RadioTEDU Songs\Jazz\Anita O’Day & Billy May\Anita O'Day and Billy May Swing Rodgers and Hart\05 I Could Write a Book.flac,1,1,138.142,2026-08-23 05:30:45,2026-08-23 05:30:45
5,RadioTEDU Jazz,/cazz,configured_stream,51603,I Got Lost in His Arms,Marilyn Scott,,,,,,,245.264,H:\RadioTEDU Songs\Jazz\Marilyn Scott\Every Time We Say Goodbye\02 I Got Lost in His Arms.mp3,1,1,242.343,2026-08-23 07:08:09,2026-08-23 07:08:09
5,RadioTEDU Jazz,/cazz,configured_stream,51377,I Had the Craziest Dream,Dizzy Reece,,,,,,,185.84,H:\RadioTEDU Songs\Jazz\Dizzy Reece\Blues in Trinity\02 I Had the Craziest Dream.flac,1,1,183.258,2026-08-23 10:29:07,2026-08-23 10:29:07
5,RadioTEDU Jazz,/cazz,configured_stream,51141,I Hear a Rhapsody,Bill Evans & Jim Hall,,,,,,,278.293,H:\RadioTEDU Songs\Jazz\Bill Evans & Jim Hall\Undercurrent\02 I Hear a Rhapsody.mp3,1,1,275.731,2026-08-23 04:12:17,2026-08-23 04:12:17
5,RadioTEDU Jazz,/cazz,configured_stream,51756,I Wish I Were in Love Again,Stacey Kent,,,,,,,246.126,H:\RadioTEDU Songs\Jazz\Stacey Kent\In Love Again_ The Music of Richard Rodgers\05 I Wish I Were in Love Again.mp3,1,1,243.483,2026-08-23 22:23:01,2026-08-23 22:23:01
5,RadioTEDU Jazz,/cazz,configured_stream,51684,I Wouldn't Need You,Norah Jones,,,,,,,210.053,H:\RadioTEDU Songs\Jazz\Norah Jones\The Fall\1-05 I Wouldn't Need You.mp3,1,1,207.371,2026-08-23 15:52:50,2026-08-23 15:52:50
5,RadioTEDU Jazz,/cazz,configured_stream,51324,I'm Old Fashioned,Chet Baker,,,,,,,304.6,H:\RadioTEDU Songs\Jazz\Chet Baker\The Legendary Riverside Albums\1-02 I'm Old Fashioned.flac,1,1,302.084,2026-08-23 10:38:28,2026-08-23 10:38:28
5,RadioTEDU Jazz,/cazz,configured_stream,51863,I've Seen That Face Before (Libertango),Youn Sun Nah,,,,,,,298.68,H:\RadioTEDU Songs\Jazz\Youn Sun Nah\Elles\03 I've Seen That Face Before (Libertango).flac,1,1,297.064,2026-08-23 21:02:42,2026-08-23 21:02:42
5,RadioTEDU Jazz,/cazz,configured_stream,51619,If the Stars Were Mine,Melody Gardot,,,,,,,170.347,H:\RadioTEDU Songs\Jazz\Melody Gardot\My One and Only Thrill\02 Melody Gardot - If the Stars Were Mine.mp3,1,1,167.999,2026-08-23 12:16:06,2026-08-23 12:16:06
5,RadioTEDU Jazz,/cazz,configured_stream,51288,If You Want to Write Me,Charlie Haden & Carla Bley,,,,,,,235.773,H:\RadioTEDU Songs\Jazz\Charlie Haden & Carla Bley\The Ballad of the Fallen\03 If You Want to Write Me.mp3,1,1,232.871,2026-08-23 07:34:38,2026-08-23 07:34:38
5,RadioTEDU Jazz,/cazz,configured_stream,52351,In My Power,De‐Phazz,,,,,,,249.771,H:\RadioTEDU Songs\Jazz\De‐Phazz\Lala 2.0\09 In My Power.mp3,1,1,246.899,2026-08-23 19:42:03,2026-08-23 19:42:03
5,RadioTEDU Jazz,/cazz,configured_stream,51451,In the Wee Small Hours of the Morning,Frank Sinatra,,,,,,,180.933,H:\RadioTEDU Songs\Jazz\Frank Sinatra\In the Wee Small Hours\01 In the Wee Small Hours of the Morning.flac,1,1,178.82,2026-08-23 04:49:29,2026-08-23 04:49:29
5,RadioTEDU Jazz,/cazz,configured_stream,51783,In the Wee Small Hours of the Morning,Stacey Kent,,,,,,,299.58,H:\RadioTEDU Songs\Jazz\Stacey Kent\The Tender Trap\11 In the Wee Small Hours of the Morning.mp3,1,1,299.712,2026-08-23 22:34:05,2026-08-23 22:34:05
5,RadioTEDU Jazz,/cazz,configured_stream,51824,In Your Own Sweet Way,Wes Montgomery,,,,,,,295.531,H:\RadioTEDU Songs\Jazz\Wes Montgomery\The Incredible Jazz Guitar of Wes Montgomery\06 In Your Own Sweet Way.mp3,1,1,292.881,2026-08-23 15:19:24,2026-08-23 15:19:24
5,RadioTEDU Jazz,/cazz,configured_stream,51819,Infant Eyes,Wayne Shorter,,,,,,,412.967,H:\RadioTEDU Songs\Jazz\Wayne Shorter\Speak No Evil\05 Infant Eyes.flac,1,1,410.241,2026-08-23 12:05:56,2026-08-23 12:05:56
5,RadioTEDU Jazz,/cazz,configured_stream,51212,Interplay,Bill Evans,,,,,,,493.989,H:\RadioTEDU Songs\Jazz\Bill Evans\Interplay\04 Interplay.mp3,1,1,491.997,2026-08-23 16:38:41,2026-08-23 16:38:41
5,RadioTEDU Jazz,/cazz,configured_stream,51793,Introduction of the Band,Sting & Gil Evans,,,,,,,133.333,H:\RadioTEDU Songs\Jazz\Sting & Gil Evans\Last Session\06 Introduction of the Band.mp3,1,1,130.553,2026-08-23 11:16:39,2026-08-23 11:16:39
5,RadioTEDU Jazz,/cazz,configured_stream,51290,Introduction to People,Charlie Haden & Carla Bley,,,,,,,235.0,H:\RadioTEDU Songs\Jazz\Charlie Haden & Carla Bley\The Ballad of the Fallen\05 Introduction to People.mp3,1,1,232.055,2026-08-23 08:46:01,2026-08-23 08:46:01
5,RadioTEDU Jazz,/cazz,configured_stream,51767,Isn’t This a Lovely Day?,Stacey Kent,,,,,,,239.156,H:\RadioTEDU Songs\Jazz\Stacey Kent\Let Yourself Go_ Celebrating Fred Astaire\04 Isn’t This a Lovely Day_ (2).mp3,1,1,237.592,2026-08-23 03:03:03,2026-08-23 03:03:03
5,RadioTEDU Jazz,/cazz,configured_stream,51768,Isn’t This a Lovely Day?,Stacey Kent,,,,,,,237.733,H:\RadioTEDU Songs\Jazz\Stacey Kent\Let Yourself Go_ Celebrating Fred Astaire\04 Isn’t This a Lovely Day_.mp3,1,1,235.014,2026-08-23 02:40:52,2026-08-23 02:40:52
5,RadioTEDU Jazz,/cazz,configured_stream,51325,It Could Happen to You,Chet Baker,,,,,,,170.823,H:\RadioTEDU Songs\Jazz\Chet Baker\The Legendary Riverside Albums\1-04 It Could Happen to You.flac,1,1,168.088,2026-08-23 03:34:26,2026-08-23 03:34:26
5,RadioTEDU Jazz,/cazz,configured_stream,51404,It’s a Lovely Day Today,Ella Fitzgerald,,,,,,,148.148,H:\RadioTEDU Songs\Jazz\Ella Fitzgerald\Ella Fitzgerald Sings the Irving Berlin Songbook\2-12 It’s a Lovely Day Today.flac,1,1,145.74,2026-08-23 12:33:18,2026-08-23 12:33:18
5,RadioTEDU Jazz,/cazz,configured_stream,51242,I’ll See You Again,Bill Evans,,,,,,,236.228,H:\RadioTEDU Songs\Jazz\Bill Evans\Trio 64\05 I’ll See You Again.mp3,1,1,233.412,2026-08-23 22:07:09,2026-08-23 22:07:09
5,RadioTEDU Jazz,/cazz,configured_stream,51276,I’m So Lonesome I Could Cry,Cassandra Wilson,,,,,,,291.44,H:\RadioTEDU Songs\Jazz\Cassandra Wilson\New Moon Daughter\07 I’m So Lonesome I Could Cry.mp3,1,1,290.29,2026-08-23 05:05:03,2026-08-23 05:05:03
5,RadioTEDU Jazz,/cazz,configured_stream,51706,I’ve Got a Woman,Ray Charles,,,,,,,175.373,H:\RadioTEDU Songs\Jazz\Ray Charles\Ultimate Hits Collection\1-02 Ray Charles - I’ve Got a Woman.mp3,1,1,172.609,2026-08-23 15:10:21,2026-08-23 15:10:21
5,RadioTEDU Jazz,/cazz,configured_stream,51396,I’ve Got My Love to Keep Me Warm,Ella Fitzgerald & Louis Armstrong,,,,,,,188.572,H:\RadioTEDU Songs\Jazz\Ella Fitzgerald & Louis Armstrong\Ella and Louis Again\12 I’ve Got My Love to Keep Me Warm.flac,1,1,187.975,2026-08-23 00:34:23,2026-08-23 00:34:23
5,RadioTEDU Jazz,/cazz,configured_stream,51454,I’ve Got You Under My Skin,Frank Sinatra,,,,,,,223.0,H:\RadioTEDU Songs\Jazz\Frank Sinatra\Platinum\1-12 I’ve Got You Under My Skin.flac,1,1,220.593,2026-08-23 01:49:56,2026-08-23 01:49:56
5,RadioTEDU Jazz,/cazz,configured_stream,51128,Jazz Carnival,Azymuth,,,,,,,569.607,H:\RadioTEDU Songs\Jazz\Azymuth\Light as a Feather\06 Jazz Carnival.mp3,1,1,568.957,2026-08-23 13:20:26,2026-08-23 13:20:26
5,RadioTEDU Jazz,/cazz,configured_stream,51447,Kachucha,Roberto Fonseca,,,,,,,251.446,H:\RadioTEDU Songs\Jazz\Frank Sinatra\Hi-Res Masters_ 50 Jazz Tracks to Test Your Speakers\28 Roberto Fonseca - Kachucha (1).flac,1,1,248.671,2026-08-23 08:33:30,2026-08-23 08:33:30
5,RadioTEDU Jazz,/cazz,configured_stream,51448,Kachucha,Roberto Fonseca,,,,,,,251.446,H:\RadioTEDU Songs\Jazz\Frank Sinatra\Hi-Res Masters_ 50 Jazz Tracks to Test Your Speakers\28 Roberto Fonseca - Kachucha.flac,1,1,249.769,2026-08-23 00:11:20,2026-08-23 00:11:20
5,RadioTEDU Jazz,/cazz,configured_stream,51655,L-O-V-E,Nat King Cole,,,,,,,159.111,H:\RadioTEDU Songs\Jazz\Nat King Cole\The World of Nat King Cole\24 Nat King Cole - L-O-V-E.mp3,1,1,157.078,2026-08-23 21:52:58,2026-08-23 21:52:58
5,RadioTEDU Jazz,/cazz,configured_stream,51293,La Pasionaria,Charlie Haden & Carla Bley,,,,,,,626.267,H:\RadioTEDU Songs\Jazz\Charlie Haden & Carla Bley\The Ballad of the Fallen\09 La Pasionaria.mp3,1,1,623.331,2026-08-23 09:04:43,2026-08-23 09:04:43
5,RadioTEDU Jazz,/cazz,configured_stream,51569,La Vie en rose,Louis Armstrong,,,,,,,205.231,H:\RadioTEDU Songs\Jazz\Louis Armstrong\The Very Best of Louis Armstrong\42 Louis Armstrong - La Vie en rose.mp3,1,1,205.329,2026-08-23 01:04:24,2026-08-23 01:04:24
5,RadioTEDU Jazz,/cazz,configured_stream,51277,Last Train to Clarksville,Cassandra Wilson,,,,,,,316.8,H:\RadioTEDU Songs\Jazz\Cassandra Wilson\New Moon Daughter\08 Last Train to Clarksville.mp3,1,1,315.899,2026-08-23 10:00:19,2026-08-23 10:00:19
5,RadioTEDU Jazz,/cazz,configured_stream,51858,Laura,Yehudi Menuhin & Stéphane Grappelli,,,,,,,272.565,H:\RadioTEDU Songs\Jazz\Yehudi Menuhin & Stéphane Grappelli\Menuhin & Grappelli Play\1-17 Laura.mp3,1,1,269.872,2026-08-23 20:14:16,2026-08-23 20:14:16
5,RadioTEDU Jazz,/cazz,configured_stream,51202,Laurie,Bill Evans,,,,,,,335.05,H:\RadioTEDU Songs\Jazz\Bill Evans\His Last Concert in Germany\03 Laurie.mp3,1,1,332.544,2026-08-23 13:53:08,2026-08-23 13:53:08
5,RadioTEDU Jazz,/cazz,configured_stream,51200,Letter to Evan,Bill Evans,,,,,,,443.066,H:\RadioTEDU Songs\Jazz\Bill Evans\His Last Concert in Germany\01 Letter to Evan.mp3,1,1,440.907,2026-08-23 02:36:56,2026-08-23 02:36:56
5,RadioTEDU Jazz,/cazz,configured_stream,51374,Let’s Fall in Love,Diana Krall,,,,,,,258.96,H:\RadioTEDU Songs\Jazz\Diana Krall\When I Look in Your Eyes\03 Let’s Fall in Love.flac,1,1,257.896,2026-08-23 00:24:50,2026-08-23 00:24:50
5,RadioTEDU Jazz,/cazz,configured_stream,51417,Let’s Fall in Love,Ella Fitzgerald,,,,,,,184.72,H:\RadioTEDU Songs\Jazz\Ella Fitzgerald\Sings Sweet Songs for Swingers\02 Let’s Fall in Love.flac,1,1,193.46,2026-08-23 20:54:46,2026-08-23 20:54:46
5,RadioTEDU Jazz,/cazz,configured_stream,51681,Light as a Feather,Norah Jones,,,,,,,232.493,H:\RadioTEDU Songs\Jazz\Norah Jones\The Fall\03 Light as a Feather.mp3,1,1,229.676,2026-08-23 01:12:52,2026-08-23 01:12:52
5,RadioTEDU Jazz,/cazz,configured_stream,51489,Little Brown Jug,Glenn Miller,,,,,,,172.126,H:\RadioTEDU Songs\Jazz\Glenn Miller\Jazz Moods - Hot\07 Little Brown Jug.mp3,1,1,170.54,2026-08-23 03:26:36,2026-08-23 03:26:36
5,RadioTEDU Jazz,/cazz,configured_stream,51312,Little Girl Blue (instrumental version),Chet Baker,,,,,,,273.685,H:\RadioTEDU Songs\Jazz\Chet Baker\Embraceable You\02 Little Girl Blue (instrumental version).mp3,1,1,270.748,2026-08-23 10:55:39,2026-08-23 10:55:39
5,RadioTEDU Jazz,/cazz,configured_stream,51481,Little Train,George Benson,,,,,,,345.796,H:\RadioTEDU Songs\Jazz\George Benson\White Rabbit\03 Little Train.mp3,1,1,342.931,2026-08-23 20:51:32,2026-08-23 20:51:32
5,RadioTEDU Jazz,/cazz,configured_stream,51699,Lonely Woman,Pierrick Pédron,,,,,,,412.873,H:\RadioTEDU Songs\Jazz\Pierrick Pédron\The Shape Of Jazz To Come (Something Else)\01 Lonely Woman.flac,1,1,410.14,2026-08-23 17:56:03,2026-08-23 17:56:03
5,RadioTEDU Jazz,/cazz,configured_stream,51271,Love Is Blindness,Cassandra Wilson,,,,,,,293.133,H:\RadioTEDU Songs\Jazz\Cassandra Wilson\New Moon Daughter\02 Love Is Blindness.mp3,1,1,290.377,2026-08-23 20:45:50,2026-08-23 20:45:50
5,RadioTEDU Jazz,/cazz,configured_stream,51459,Love Is Here to Stay,Frank Sinatra,,,,,,,162.84,H:\RadioTEDU Songs\Jazz\Frank Sinatra\Songs for Swingin’ Lovers!\08 Love Is Here to Stay.flac,1,1,160.318,2026-08-23 05:42:08,2026-08-23 05:42:08
5,RadioTEDU Jazz,/cazz,configured_stream,51624,Lover Undercover,Melody Gardot,,,,,,,266.933,H:\RadioTEDU Songs\Jazz\Melody Gardot\My One and Only Thrill\05 Melody Gardot - Lover Undercover.mp3,1,1,264.072,2026-08-23 06:18:24,2026-08-23 06:18:24
5,RadioTEDU Jazz,/cazz,configured_stream,52381,Loving You,Kenny G,,,,,,,199.64,H:\RadioTEDU Songs\Jazz\Kenny G\Greatest Hits\1-08 Kenny G - Loving You.flac,1,1,196.865,2026-08-23 21:43:44,2026-08-23 21:43:44
5,RadioTEDU Jazz,/cazz,configured_stream,51194,Lullaby for Helene,Bill Evans,,,,,,,175.467,H:\RadioTEDU Songs\Jazz\Bill Evans\From Left to Right\07 Lullaby for Helene.mp3,1,1,172.815,2026-08-23 03:54:45,2026-08-23 03:54:45
5,RadioTEDU Jazz,/cazz,configured_stream,51300,Lôro,Charlie Haden / Egberto Gismonti,,,,,,,451.895,H:\RadioTEDU Songs\Jazz\Charlie Haden _ Egberto Gismonti\In Montreal\07 Lôro.mp3,1,1,449.071,2026-08-23 00:00:41,2026-08-23 00:00:41
5,RadioTEDU Jazz,/cazz,configured_stream,51134,Mack the Knife,Ben Webster,,,,,,,323.242,H:\RadioTEDU Songs\Jazz\Ben Webster\Stormy Weather\05 Mack the Knife.mp3,1,1,321.539,2026-08-23 17:34:06,2026-08-23 17:34:06
5,RadioTEDU Jazz,/cazz,configured_stream,51689,Man of the Hour,Norah Jones,,,,,,,176.987,H:\RadioTEDU Songs\Jazz\Norah Jones\The Fall\1-13 Man of the Hour.mp3,1,1,176.749,2026-08-23 20:57:44,2026-08-23 20:57:44
5,RadioTEDU Jazz,/cazz,configured_stream,51763,Manhattan,Stacey Kent,,,,,,,262.635,H:\RadioTEDU Songs\Jazz\Stacey Kent\In Love Again_ The Music of Richard Rodgers\12 Manhattan.mp3,1,1,259.709,2026-08-23 19:27:40,2026-08-23 19:27:40
5,RadioTEDU Jazz,/cazz,configured_stream,51421,Martini,"Erwin Do, Miguel Carne",,,,,,,165.889,"H:\RadioTEDU Songs\Jazz\Erwin Do, Miguel Carne\Cocktail Bar Jazz\01 Martini.flac",1,1,163.344,2026-08-23 03:37:09,2026-08-23 03:37:09
5,RadioTEDU Jazz,/cazz,configured_stream,51247,Miss Brown to You,Billie Holiday,,,,,,,181.06,H:\RadioTEDU Songs\Jazz\Billie Holiday\Greatest Hits\01 Miss Brown to You.mp3,1,1,178.627,2026-08-23 05:11:28,2026-08-23 05:11:28
5,RadioTEDU Jazz,/cazz,configured_stream,51536,Miss Understanding,Kamasi Washington,,,,,,,526.109,H:\RadioTEDU Songs\Jazz\Kamasi Washington\The Epic\2-04 Miss Understanding (1).flac,1,1,523.274,2026-08-23 08:14:38,2026-08-23 08:14:38
5,RadioTEDU Jazz,/cazz,configured_stream,51537,Miss Understanding,Kamasi Washington,,,,,,,526.109,H:\RadioTEDU Songs\Jazz\Kamasi Washington\The Epic\2-04 Miss Understanding.flac,1,1,525.938,2026-08-23 21:32:47,2026-08-23 21:32:47
5,RadioTEDU Jazz,/cazz,configured_stream,51344,Misty,Dave Koz,,,,,,,200.096,H:\RadioTEDU Songs\Jazz\Dave Koz\Lucky Man\14 Dave Koz - Misty.mp3,1,1,201.179,2026-08-23 01:26:15,2026-08-23 01:26:15
5,RadioTEDU Jazz,/cazz,configured_stream,51425,Mojito,"Erwin Do, Miguel Carne",,,,,,,203.485,"H:\RadioTEDU Songs\Jazz\Erwin Do, Miguel Carne\Cocktail Bar Jazz\05 Mojito.flac",1,1,200.648,2026-08-23 15:34:45,2026-08-23 15:34:45
5,RadioTEDU Jazz,/cazz,configured_stream,52323,Momento,Bebel Gilberto,,,,,,,314.726,H:\RadioTEDU Songs\Jazz\Bebel Gilberto\Momento\01 Bebel Gilberto - Momento.mp3,1,1,311.781,2026-08-23 07:30:46,2026-08-23 07:30:46
5,RadioTEDU Jazz,/cazz,configured_stream,51637,Momma,Melody Gardot,,,,,,,258.28,H:\RadioTEDU Songs\Jazz\Melody Gardot\Some Lessons\05 Momma.flac,1,1,256.085,2026-08-23 07:43:26,2026-08-23 07:43:26
5,RadioTEDU Jazz,/cazz,configured_stream,51349,Montuno Orita,Dave Pike,,,,,,,203.187,H:\RadioTEDU Songs\Jazz\Dave Pike\Manhattan Latin\05 Montuno Orita.mp3,1,1,201.585,2026-08-23 14:53:44,2026-08-23 14:53:44
5,RadioTEDU Jazz,/cazz,configured_stream,51467,Monumental Mismatch,Fredrika Stahl,,,,,,,204.773,H:\RadioTEDU Songs\Jazz\Fredrika Stahl\Tributaries\01 Monumental Mismatch (1).mp3,1,1,203.038,2026-08-23 22:53:52,2026-08-23 22:53:52
5,RadioTEDU Jazz,/cazz,configured_stream,51390,Mood Indigo,Duke Ellington and His Orchestra,,,,,,,310.628,H:\RadioTEDU Songs\Jazz\Duke Ellington and His Orchestra\The Popular Duke Ellington\04 Mood Indigo.flac,1,1,308.821,2026-08-23 12:41:13,2026-08-23 12:41:13
5,RadioTEDU Jazz,/cazz,configured_stream,51258,Moonglow,Billie Holiday,,,,,,,179.44,H:\RadioTEDU Songs\Jazz\Billie Holiday\Solitude\11 Moonglow.flac,1,1,176.825,2026-08-23 09:23:57,2026-08-23 09:23:57
5,RadioTEDU Jazz,/cazz,configured_stream,52363,Moonlight Serenade,Glenn Miller,,,,,,,200.5,H:\RadioTEDU Songs\Jazz\Glenn Miller and His Orchestra\The Complete Glenn Miller and His Orchestra (1938-1942)\01-10 Moonlight Serenade.flac,1,1,201.189,2026-08-23 01:43:13,2026-08-23 01:43:13
5,RadioTEDU Jazz,/cazz,configured_stream,52374,Morning,Kenny G,,,,,,,313.933,H:\RadioTEDU Songs\Jazz\Kenny G\Breathless\08 Kenny G - Morning.flac,1,1,314.422,2026-08-23 16:02:05,2026-08-23 16:02:05
5,RadioTEDU Jazz,/cazz,configured_stream,51616,Morning Sun,Melody Gardot,,,,,,,305.266,H:\RadioTEDU Songs\Jazz\Melody Gardot\Currency of Man\03 Morning Sun.flac,1,1,302.451,2026-08-23 05:21:23,2026-08-23 05:21:23
5,RadioTEDU Jazz,/cazz,configured_stream,51661,My Baby Just Cares for Me,Nina Simone,,,,,,,215.747,H:\RadioTEDU Songs\Jazz\Nina Simone\Little Girl Blue\06 My Baby Just Cares for Me.flac,1,1,215.044,2026-08-23 11:46:23,2026-08-23 11:46:23
5,RadioTEDU Jazz,/cazz,configured_stream,51673,My Dear Country,Norah Jones,,,,,,,205.227,H:\RadioTEDU Songs\Jazz\Norah Jones\Not Too Late\08 My Dear Country.mp3,1,1,203.024,2026-08-23 01:19:37,2026-08-23 01:19:37
5,RadioTEDU Jazz,/cazz,configured_stream,51530,My Favorite Things (Part II),John Coltrane,,,,,,,182.286,H:\RadioTEDU Songs\Jazz\John Coltrane\My Favorite Things\02 My Favorite Things (Part II).mp3,1,1,180.461,2026-08-23 13:44:20,2026-08-23 13:44:20
5,RadioTEDU Jazz,/cazz,configured_stream,51140,My Funny Valentine,Bill Evans & Jim Hall,,,,,,,321.8,H:\RadioTEDU Songs\Jazz\Bill Evans & Jim Hall\Undercurrent\01 My Funny Valentine.mp3,1,1,323.793,2026-08-23 13:38:34,2026-08-23 13:38:34
5,RadioTEDU Jazz,/cazz,configured_stream,51139,My Funny Valentine (alternate take),Bill Evans & Jim Hall,,,,,,,416.0,H:\RadioTEDU Songs\Jazz\Bill Evans & Jim Hall\Undercurrent\01 My Funny Valentine (alternate take).mp3,1,1,423.879,2026-08-23 05:28:26,2026-08-23 05:28:26
5,RadioTEDU Jazz,/cazz,configured_stream,51754,My Heart Stood Still,Stacey Kent,,,,,,,177.659,H:\RadioTEDU Songs\Jazz\Stacey Kent\In Love Again_ The Music of Richard Rodgers\03 My Heart Stood Still.mp3,1,1,175.713,2026-08-23 20:30:47,2026-08-23 20:30:47
5,RadioTEDU Jazz,/cazz,configured_stream,51170,My Man’s Gone Now,Bill Evans Trio,,,,,,,389.047,H:\RadioTEDU Songs\Jazz\Bill Evans Trio\The Complete Balboa Jazz Club Performances\1-03 My Man’s Gone Now.mp3,1,1,387.952,2026-08-23 09:34:37,2026-08-23 09:34:37
5,RadioTEDU Jazz,/cazz,configured_stream,51629,My One and Only Thrill,Melody Gardot,,,,,,,372.12,H:\RadioTEDU Songs\Jazz\Melody Gardot\My One and Only Thrill\09 Melody Gardot - My One and Only Thrill.mp3,1,1,369.558,2026-08-23 04:34:50,2026-08-23 04:34:50
5,RadioTEDU Jazz,/cazz,configured_stream,51737,My Queen Is Harriet Tubman,Sons of Kemet,,,,,,,340.053,H:\RadioTEDU Songs\Jazz\Sons of Kemet\Your Queen Is a Reptile\03 My Queen Is Harriet Tubman.flac,1,1,337.183,2026-08-23 11:04:57,2026-08-23 11:04:57
5,RadioTEDU Jazz,/cazz,configured_stream,51223,My Romance (take 2),Bill Evans,,,,,,,433.973,H:\RadioTEDU Songs\Jazz\Bill Evans\The Complete Riverside Recordings\06-06 My Romance (take 2).mp3,1,1,434.195,2026-08-23 11:53:37,2026-08-23 11:53:37
5,RadioTEDU Jazz,/cazz,configured_stream,51452,Nice ’n’ Easy,Frank Sinatra,,,,,,,165.76,H:\RadioTEDU Songs\Jazz\Frank Sinatra\Nice ’n’ Easy\01 Nice ’n’ Easy.flac,1,1,165.637,2026-08-23 17:48:54,2026-08-23 17:48:54
5,RadioTEDU Jazz,/cazz,configured_stream,52332,Night and Day,Bebel Gilberto,,,,,,,295.239,H:\RadioTEDU Songs\Jazz\Bebel Gilberto\Momento\07 Bebel Gilberto - Night and Day (1).mp3,1,1,293.809,2026-08-23 14:19:31,2026-08-23 14:19:31
5,RadioTEDU Jazz,/cazz,configured_stream,51436,Night and Day,Frank Sinatra,,,,,,,240.893,H:\RadioTEDU Songs\Jazz\Frank Sinatra\A Swingin' Affair!\01 Night and Day.flac,1,1,238.106,2026-08-23 23:25:07,2026-08-23 23:25:07
5,RadioTEDU Jazz,/cazz,configured_stream,52345,No Lie,De‐Phazz,,,,,,,225.584,H:\RadioTEDU Songs\Jazz\De‐Phazz\Lala 2.0\03 No Lie.mp3,1,1,225.515,2026-08-23 20:37:57,2026-08-23 20:37:57
5,RadioTEDU Jazz,/cazz,configured_stream,51347,Not A Tear,Dave Pike,,,,,,,241.6,H:\RadioTEDU Songs\Jazz\Dave Pike\Manhattan Latin\03 Not A Tear.mp3,1,1,238.754,2026-08-23 13:01:05,2026-08-23 13:01:05
5,RadioTEDU Jazz,/cazz,configured_stream,51670,Not My Friend,Norah Jones,,,,,,,174.48,H:\RadioTEDU Songs\Jazz\Norah Jones\Not Too Late\05 Not My Friend.mp3,1,1,173.045,2026-08-23 12:57:07,2026-08-23 12:57:07
5,RadioTEDU Jazz,/cazz,configured_stream,51678,Not Too Late,Norah Jones,,,,,,,211.467,H:\RadioTEDU Songs\Jazz\Norah Jones\Not Too Late\13 Not Too Late.mp3,1,1,211.556,2026-08-23 07:18:45,2026-08-23 07:18:45
5,RadioTEDU Jazz,/cazz,configured_stream,51218,Nouroog,Bill Evans,,,,,,,271.114,H:\RadioTEDU Songs\Jazz\Bill Evans\The Complete Gus Wildi Recordings\2-05 Nouroog.mp3,1,1,270.836,2026-08-23 03:07:34,2026-08-23 03:07:34
5,RadioTEDU Jazz,/cazz,configured_stream,51639,Oh Marie,Michael Bublé,,,,,,,167.28,H:\RadioTEDU Songs\Jazz\Michael Bublé\BaBalu\05 Oh Marie.mp3,1,1,164.499,2026-08-23 11:38:29,2026-08-23 11:38:29
5,RadioTEDU Jazz,/cazz,configured_stream,51473,Oh Sunny Sunny Day,Fredrika Stahl,,,,,,,181.693,H:\RadioTEDU Songs\Jazz\Fredrika Stahl\Tributaries\06 Oh Sunny Sunny Day (1).mp3,1,1,180.995,2026-08-23 20:40:59,2026-08-23 20:40:59
5,RadioTEDU Jazz,/cazz,configured_stream,51474,Oh Sunny Sunny Day,Fredrika Stahl,,,,,,,181.693,H:\RadioTEDU Songs\Jazz\Fredrika Stahl\Tributaries\06 Oh Sunny Sunny Day.mp3,1,1,182.148,2026-08-23 00:07:11,2026-08-23 00:07:11
5,RadioTEDU Jazz,/cazz,configured_stream,51532,Omission,Julian Lage,,,,,,,206.8,H:\RadioTEDU Songs\Jazz\Julian Lage\Speak to Me\03 Omission.flac,1,1,203.916,2026-08-23 20:34:11,2026-08-23 20:34:11
5,RadioTEDU Jazz,/cazz,configured_stream,51321,On Green Dolphin Street,Chet Baker,,,,,,,188.264,H:\RadioTEDU Songs\Jazz\Chet Baker\Embraceable You\11 On Green Dolphin Street.mp3,1,1,185.536,2026-08-23 15:29:21,2026-08-23 15:29:21
5,RadioTEDU Jazz,/cazz,configured_stream,52342,On the Street Where You Live,Dean Martin with orchestra conducted by Nelson Riddle,,,,,,,221.413,H:\RadioTEDU Songs\Jazz\Dean Martin with orchestra conducted by Nelson Riddle\This Time I’m Swingin’!\04 On the Street Where You Live.flac,1,1,218.982,2026-08-23 22:50:28,2026-08-23 22:50:28
5,RadioTEDU Jazz,/cazz,configured_stream,51186,One for Helen,Bill Evans,,,,,,,263.997,H:\RadioTEDU Songs\Jazz\Bill Evans\At the Montreux Jazz Festival\02 One for Helen.mp3,1,1,261.348,2026-08-23 00:49:58,2026-08-23 00:49:58
5,RadioTEDU Jazz,/cazz,configured_stream,52413,One More Time,Kenny G feat. Chanté Moore,,,,,,,244.332,H:\RadioTEDU Songs\Jazz\Kenny G\Ultimate Kenny G\07 Kenny G feat. Chanté Moore - One More Time.flac,1,1,242.657,2026-08-23 03:23:46,2026-08-23 03:23:46
5,RadioTEDU Jazz,/cazz,configured_stream,51574,Open,Luke Howard,,,,,,,182.654,H:\RadioTEDU Songs\Jazz\Luke Howard\More Heart Stories\01 Open.flac,1,1,179.964,2026-08-23 12:51:17,2026-08-23 12:51:17
5,RadioTEDU Jazz,/cazz,configured_stream,51654,Orange Colored Sky,Nat King Cole,,,,,,,152.933,H:\RadioTEDU Songs\Jazz\Nat King Cole\The Extraordinary\19 Nat King Cole - Orange Colored Sky.flac,1,1,150.291,2026-08-23 10:02:51,2026-08-23 10:02:51
5,RadioTEDU Jazz,/cazz,configured_stream,52327,Os novos yorkinos,Bebel Gilberto,,,,,,,219.667,H:\RadioTEDU Songs\Jazz\Bebel Gilberto\Momento\04 Bebel Gilberto - Os novos yorkinos.mp3,1,1,221.062,2026-08-23 14:33:42,2026-08-23 14:33:42
5,RadioTEDU Jazz,/cazz,configured_stream,51625,Our Love Is Easy,Melody Gardot,,,,,,,329.373,H:\RadioTEDU Songs\Jazz\Melody Gardot\My One and Only Thrill\06 Melody Gardot - Our Love Is Easy.mp3,1,1,326.571,2026-08-23 04:05:59,2026-08-23 04:05:59
5,RadioTEDU Jazz,/cazz,configured_stream,51851,Our Love is Here to Stay,Yehudi Menuhin & Stéphane Grappelli,,,,,,,241.845,H:\RadioTEDU Songs\Jazz\Yehudi Menuhin & Stéphane Grappelli\Menuhin & Grappelli Play\1-14 Our Love is Here to Stay (1).mp3,1,1,238.909,2026-08-23 07:55:45,2026-08-23 07:55:45
5,RadioTEDU Jazz,/cazz,configured_stream,51632,Over the Rainbow,Melody Gardot,,,,,,,274.707,H:\RadioTEDU Songs\Jazz\Melody Gardot\My One and Only Thrill\11 Melody Gardot - Over the Rainbow.mp3,1,1,272.795,2026-08-23 01:54:32,2026-08-23 01:54:32
5,RadioTEDU Jazz,/cazz,configured_stream,51431,Palm Wine,Ezra Collective,,,,,,,313.773,"H:\RadioTEDU Songs\Jazz\Ezra Collective\Dance, No One’s Watching\03 Ezra Collective - Palm Wine.flac",1,1,310.826,2026-08-23 22:39:27,2026-08-23 22:39:27
5,RadioTEDU Jazz,/cazz,configured_stream,51594,Panther,Marcus Miller,,,,,,,681.251,H:\RadioTEDU Songs\Jazz\Marcus Miller\The Ozell Tapes_ The Official Bootleg\1-08 Marcus Miller - Panther.mp3,1,1,678.372,2026-08-23 12:27:25,2026-08-23 12:27:25
5,RadioTEDU Jazz,/cazz,configured_stream,51785,Para machuchar meu coração,Stan Getz & João Gilberto feat. Antonio Carlos Jobim,,,,,,,305.0,H:\RadioTEDU Songs\Jazz\Stan Getz & João Gilberto feat. Antonio Carlos Jobim\Getz_Gilberto\03 Para machuchar meu coração.flac,1,1,304.924,2026-08-23 03:12:40,2026-08-23 03:12:40
5,RadioTEDU Jazz,/cazz,configured_stream,51446,Parisienne Girl (Live),Incognito,,,,,,,827.987,H:\RadioTEDU Songs\Jazz\Frank Sinatra\Hi-Res Masters_ 50 Jazz Tracks to Test Your Speakers\22 Incognito - Parisienne Girl (Live).flac,1,1,825.467,2026-08-23 15:07:29,2026-08-23 15:07:29
5,RadioTEDU Jazz,/cazz,configured_stream,52406,Passages,Kenny G,,,,,,,357.733,H:\RadioTEDU Songs\Jazz\Kenny G\The Moment\02 Kenny G - Passages.flac,1,1,355.337,2026-08-23 21:58:53,2026-08-23 21:58:53
5,RadioTEDU Jazz,/cazz,configured_stream,51724,Peace of Mind / Dreams Come True,Samara Joy,,,,,,,426.0,H:\RadioTEDU Songs\Jazz\Samara Joy\Portrait\04 Peace of Mind _ Dreams Come True.flac,1,1,423.201,2026-08-23 03:19:44,2026-08-23 03:19:44
5,RadioTEDU Jazz,/cazz,configured_stream,51598,People Make the World Go 'Round,Marcus Miller,,,,,,,667.119,H:\RadioTEDU Songs\Jazz\Marcus Miller\The Ozell Tapes_ The Official Bootleg\2-06 Marcus Miller - People Make the World Go 'Round.mp3,1,1,664.401,2026-08-23 10:18:17,2026-08-23 10:18:17
5,RadioTEDU Jazz,/cazz,configured_stream,45318,Perfect (Saxophone Instrumental),Samuel Solís,,,,,,,263.75,H:\RadioTEDU Songs\Jazz\Samuel Solís - Perfect (Saxophone Instrumental).flac,1,1,261.399,2026-08-23 07:51:47,2026-08-23 07:51:47
5,RadioTEDU Jazz,/cazz,configured_stream,51304,Polka Dots and Moonbeams,Chet Baker,,,,,,,477.653,H:\RadioTEDU Songs\Jazz\Chet Baker\Chet Baker in New York\02 Polka Dots and Moonbeams.mp3,1,1,477.612,2026-08-23 23:47:16,2026-08-23 23:47:16
5,RadioTEDU Jazz,/cazz,configured_stream,51470,Pourquoi pas moi ?,Fredrika Stahl,,,,,,,219.08,H:\RadioTEDU Songs\Jazz\Fredrika Stahl\Tributaries\03 Pourquoi pas moi _.mp3,1,1,220.117,2026-08-23 20:23:41,2026-08-23 20:23:41
5,RadioTEDU Jazz,/cazz,configured_stream,51588,Power,Marcus Miller,,,,,,,363.132,H:\RadioTEDU Songs\Jazz\Marcus Miller\The Ozell Tapes_ The Official Bootleg\1-02 Marcus Miller - Power.mp3,1,1,361.292,2026-08-23 06:46:37,2026-08-23 06:46:37
5,RadioTEDU Jazz,/cazz,configured_stream,51187,Quiet Now,Bill Evans,,,,,,,373.946,H:\RadioTEDU Songs\Jazz\Bill Evans\At the Montreux Jazz Festival\10 Quiet Now.mp3,1,1,371.041,2026-08-23 11:35:45,2026-08-23 11:35:45
5,RadioTEDU Jazz,/cazz,configured_stream,51158,Re: Person I Knew,Bill Evans Trio,,,,,,,304.333,H:\RadioTEDU Songs\Jazz\Bill Evans Trio\In Buenos Aires - Vol. 1\01 Re_ Person I Knew.mp3,1,1,303.462,2026-08-23 14:38:45,2026-08-23 14:38:45
5,RadioTEDU Jazz,/cazz,configured_stream,51143,Romain,Bill Evans & Jim Hall,,,,,,,321.533,H:\RadioTEDU Songs\Jazz\Bill Evans & Jim Hall\Undercurrent\04 Romain.mp3,1,1,318.881,2026-08-23 09:10:01,2026-08-23 09:10:01
5,RadioTEDU Jazz,/cazz,configured_stream,51149,Romain (alternate take),Bill Evans & Jim Hall,,,,,,,325.973,H:\RadioTEDU Songs\Jazz\Bill Evans & Jim Hall\Undercurrent\08 Romain (alternate take).mp3,1,1,323.418,2026-08-23 04:23:42,2026-08-23 04:23:42
5,RadioTEDU Jazz,/cazz,configured_stream,51795,Roxanne,Sting & Gil Evans,,,,,,,316.429,H:\RadioTEDU Songs\Jazz\Sting & Gil Evans\Last Session\09 Roxanne.mp3,1,1,314.01,2026-08-23 11:59:03,2026-08-23 11:59:03
5,RadioTEDU Jazz,/cazz,configured_stream,51387,Ruint,Duke Ellington & Johnny Hodges,,,,,,,155.014,H:\RadioTEDU Songs\Jazz\Duke Ellington & Johnny Hodges\Side by Side\07 Ruint.mp3,1,1,152.17,2026-08-23 17:28:45,2026-08-23 17:28:45
5,RadioTEDU Jazz,/cazz,configured_stream,51723,Rumba Roy,Roy Hargrove,,,,,,,412.627,H:\RadioTEDU Songs\Jazz\Roy Hargrove\Grande-Terre\01 Rumba Roy.flac,1,1,415.088,2026-08-23 06:04:32,2026-08-23 06:04:32
5,RadioTEDU Jazz,/cazz,configured_stream,51484,Runnin' Wild,Glenn Miller,,,,,,,172.257,H:\RadioTEDU Songs\Jazz\Glenn Miller\Jazz Moods - Hot\02 Runnin' Wild.mp3,1,1,169.455,2026-08-23 23:39:19,2026-08-23 23:39:19
5,RadioTEDU Jazz,/cazz,configured_stream,51640,Sacred Land,Miguel Zenón,,,,,,,510.39,H:\RadioTEDU Songs\Jazz\Miguel Zenón\Golden City\01 Sacred Land.flac,1,1,508.421,2026-08-23 15:49:23,2026-08-23 15:49:23
5,RadioTEDU Jazz,/cazz,configured_stream,51337,Schindler’s List,Dave Koz,,,,,,,257.653,H:\RadioTEDU Songs\Jazz\Dave Koz\At the Movies\12 Dave Koz - Schindler’s List.mp3,1,1,255.129,2026-08-23 23:17:20,2026-08-23 23:17:20
5,RadioTEDU Jazz,/cazz,configured_stream,51592,Scoop,Marcus Miller,,,,,,,746.688,H:\RadioTEDU Songs\Jazz\Marcus Miller\The Ozell Tapes_ The Official Bootleg\1-06 Marcus Miller - Scoop.mp3,1,1,743.858,2026-08-23 17:26:13,2026-08-23 17:26:13
5,RadioTEDU Jazz,/cazz,configured_stream,51393,Sempre,Eliane Elias,,,,,,,264.715,H:\RadioTEDU Songs\Jazz\Eliane Elias\Time and Again\05 Sempre.flac,1,1,262.568,2026-08-23 13:24:49,2026-08-23 13:24:49
5,RadioTEDU Jazz,/cazz,configured_stream,51369,So Nice,Diana Krall,,,,,,,232.613,H:\RadioTEDU Songs\Jazz\Diana Krall\Quiet Nights\08 So Nice.mp3,1,1,229.784,2026-08-23 00:45:37,2026-08-23 00:45:37
5,RadioTEDU Jazz,/cazz,configured_stream,51525,So What,John Coltrane,,,,,,,565.64,H:\RadioTEDU Songs\Jazz\John Coltrane\Evolution_ The Road to Giant Steps\3-08 So What.flac,1,1,563.863,2026-08-23 02:54:55,2026-08-23 02:54:55
5,RadioTEDU Jazz,/cazz,configured_stream,51589,So What,Marcus Miller,,,,,,,531.282,H:\RadioTEDU Songs\Jazz\Marcus Miller\The Ozell Tapes_ The Official Bootleg\1-03 Marcus Miller - So What.mp3,1,1,533.221,2026-08-23 10:50:42,2026-08-23 10:50:42
5,RadioTEDU Jazz,/cazz,configured_stream,51788,Soft Pedal Blues,Stanley Turrentine,,,,,,,446.443,H:\RadioTEDU Songs\Jazz\Stanley Turrentine\That's Where It's At\02 Soft Pedal Blues.flac,1,1,443.613,2026-08-23 17:41:29,2026-08-23 17:41:29
5,RadioTEDU Jazz,/cazz,configured_stream,51306,Solar,Chet Baker,,,,,,,351.403,H:\RadioTEDU Songs\Jazz\Chet Baker\Chet Baker in New York\04 Solar.mp3,1,1,349.454,2026-08-23 06:34:27,2026-08-23 06:34:27
5,RadioTEDU Jazz,/cazz,configured_stream,51251,Solitude,Billie Holiday,,,,,,,195.166,H:\RadioTEDU Songs\Jazz\Billie Holiday\Greatest Hits\09 Solitude.mp3,1,1,192.212,2026-08-23 16:54:04,2026-08-23 16:54:04
5,RadioTEDU Jazz,/cazz,configured_stream,51507,Some Enchanted Evening,"Harry Connick, Jr.",,,,,,,246.669,"H:\RadioTEDU Songs\Jazz\Harry Connick, Jr_\Your Songs\10 Some Enchanted Evening.mp3",1,1,243.975,2026-08-23 08:50:04,2026-08-23 08:50:04
5,RadioTEDU Jazz,/cazz,configured_stream,51638,Some Lessons,Melody Gardot,,,,,,,346.813,H:\RadioTEDU Songs\Jazz\Melody Gardot\Some Lessons\06 Some Lessons.flac,1,1,344.505,2026-08-23 20:20:01,2026-08-23 20:20:01
5,RadioTEDU Jazz,/cazz,configured_stream,51156,Someday My Prince Will Come,Bill Evans Trio,,,,,,,368.33,H:\RadioTEDU Songs\Jazz\Bill Evans Trio\At the Montreux Jazz Festival\08 Someday My Prince Will Come.mp3,1,1,365.686,2026-08-23 22:29:06,2026-08-23 22:29:06
5,RadioTEDU Jazz,/cazz,configured_stream,51403,Someone to Watch Over Me,Ella Fitzgerald with Ellis Larkins at the Piano,,,,,,,196.667,H:\RadioTEDU Songs\Jazz\Ella Fitzgerald with Ellis Larkins at the Piano\Ella Sings Gershwin\01 Someone to Watch Over Me.flac,1,1,194.765,2026-08-23 12:09:10,2026-08-23 12:09:10
5,RadioTEDU Jazz,/cazz,configured_stream,51494,Song of the Volga Boatmen,Glenn Miller,,,,,,,206.843,H:\RadioTEDU Songs\Jazz\Glenn Miller\Jazz Moods - Hot\12 Song of the Volga Boatmen.mp3,1,1,204.812,2026-08-23 05:45:43,2026-08-23 05:45:43
5,RadioTEDU Jazz,/cazz,configured_stream,51449,Source,Nubya Garcia,,,,,,,728.339,H:\RadioTEDU Songs\Jazz\Frank Sinatra\Hi-Res Masters_ 50 Jazz Tracks to Test Your Speakers\30 Nubya Garcia - Source.flac,1,1,725.441,2026-08-23 18:13:43,2026-08-23 18:13:43
5,RadioTEDU Jazz,/cazz,configured_stream,51185,Spoken Introduction,Bill Evans,,,,,,,57.473,H:\RadioTEDU Songs\Jazz\Bill Evans\At the Montreux Jazz Festival\01 Spoken Introduction.mp3,1,1,58.216,2026-08-23 02:55:53,2026-08-23 02:55:53
5,RadioTEDU Jazz,/cazz,configured_stream,51382,Squeeze Me,Duke Ellington & Johnny Hodges,,,,,,,278.521,H:\RadioTEDU Songs\Jazz\Duke Ellington & Johnny Hodges\Side by Side\02 Squeeze Me.mp3,1,1,276.009,2026-08-23 14:43:22,2026-08-23 14:43:22
5,RadioTEDU Jazz,/cazz,configured_stream,51733,St. Thomas,"Sonny Rollins feat. Tommy Flanagan, Doug Watkins, Max Roach",,,,,,,406.922,"H:\RadioTEDU Songs\Jazz\Sonny Rollins feat. Tommy Flanagan, Doug Watkins, Max Roach\Saxophone Colossus (Rudy van Gelder remaster)\01 St. Thomas.mp3",1,1,408.273,2026-08-23 07:00:46,2026-08-23 07:00:46
5,RadioTEDU Jazz,/cazz,configured_stream,51802,Stairway to the Stars,The Bill Evans Trio,,,,,,,290.507,H:\RadioTEDU Songs\Jazz\The Bill Evans Trio\Moon Beams\04 Stairway to the Stars.mp3,1,1,287.952,2026-08-23 19:13:23,2026-08-23 19:13:23
5,RadioTEDU Jazz,/cazz,configured_stream,52340,Stompin' at the Savoy,Benny Goodman and His Orchestra,,,,,,,195.533,H:\RadioTEDU Songs\Jazz\Benny Goodman\B.G. in Hi-Fi\11 Benny Goodman and His Orchestra - Stompin' at the Savoy.flac,1,1,192.631,2026-08-23 08:29:22,2026-08-23 08:29:22
5,RadioTEDU Jazz,/cazz,configured_stream,51456,Strangers in the Night,Frank Sinatra,,,,,,,159.726,H:\RadioTEDU Songs\Jazz\Frank Sinatra\Sinatra Reprise_ The Very Good Years\12 Strangers in the Night.mp3,1,1,156.921,2026-08-23 12:46:37,2026-08-23 12:46:37
5,RadioTEDU Jazz,/cazz,configured_stream,51485,String of Pearls,Glenn Miller,,,,,,,196.394,H:\RadioTEDU Songs\Jazz\Glenn Miller\Jazz Moods - Hot\03 String of Pearls.mp3,1,1,194.93,2026-08-23 23:54:06,2026-08-23 23:54:06
5,RadioTEDU Jazz,/cazz,configured_stream,51690,Stuck,Norah Jones,,,,,,,315.853,H:\RadioTEDU Songs\Jazz\Norah Jones\The Fall\10 Stuck.mp3,1,1,314.462,2026-08-23 06:28:37,2026-08-23 06:28:37
5,RadioTEDU Jazz,/cazz,configured_stream,51394,Summertime,Ella Fitzgerald & Louis Armstrong,,,,,,,298.994,H:\RadioTEDU Songs\Jazz\Ella Fitzgerald & Louis Armstrong\Ella & Louis\2-15 Summertime.mp3,1,1,299.351,2026-08-23 04:28:41,2026-08-23 04:28:41
5,RadioTEDU Jazz,/cazz,configured_stream,51361,Sway (Quien sera),Dean Martin,,,,,,,164.232,H:\RadioTEDU Songs\Jazz\Dean Martin\The Very Best of Dean Martin\06 Sway (Quien sera).mp3,1,1,161.339,2026-08-23 11:25:08,2026-08-23 11:25:08
5,RadioTEDU Jazz,/cazz,configured_stream,51539,Tainted Love,Karen Souza & The Stella Starling Trio,,,,,,,193.938,H:\RadioTEDU Songs\Jazz\Karen Souza\Essentials\04 Karen Souza & The Stella Starling Trio - Tainted Love.mp3,1,1,192.761,2026-08-23 15:40:54,2026-08-23 15:40:54
5,RadioTEDU Jazz,/cazz,configured_stream,51810,Take Five,The Dave Brubeck Quartet,,,,,,,325.836,H:\RadioTEDU Songs\Jazz\The Dave Brubeck Quartet\Time Out\03 Take Five.mp3,1,1,323.031,2026-08-23 02:29:36,2026-08-23 02:29:36
5,RadioTEDU Jazz,/cazz,configured_stream,51796,Tea in the Sahara,Sting & Gil Evans,,,,,,,521.229,H:\RadioTEDU Songs\Jazz\Sting & Gil Evans\Last Session\10 Tea in the Sahara.mp3,1,1,519.913,2026-08-23 05:39:25,2026-08-23 05:39:25
5,RadioTEDU Jazz,/cazz,configured_stream,51138,Teach Me Tonight,Ben Webster,,,,,,,169.172,H:\RadioTEDU Songs\Jazz\Ben Webster\Stormy Weather\10 Teach Me Tonight.mp3,1,1,166.429,2026-08-23 12:36:05,2026-08-23 12:36:05
5,RadioTEDU Jazz,/cazz,configured_stream,51375,Teach Me Tonight,Dinah Washington,,,,,,,166.733,"H:\RadioTEDU Songs\Jazz\Dinah Washington\The Complete Dinah Washington on Mercury, Volume 4 (1954-1956)\1-02 Teach Me Tonight.flac",1,1,167.883,2026-08-23 06:13:58,2026-08-23 06:13:58
5,RadioTEDU Jazz,/cazz,configured_stream,51429,Technically Acceptable,Ethan Iverson,,,,,,,258.508,H:\RadioTEDU Songs\Jazz\Ethan Iverson\Technically Acceptable\03 Technically Acceptable.flac,1,1,255.735,2026-08-23 08:54:20,2026-08-23 08:54:20
5,RadioTEDU Jazz,/cazz,configured_stream,51688,Tell Yer Mama,Norah Jones,,,,,,,205.933,H:\RadioTEDU Songs\Jazz\Norah Jones\The Fall\1-12 Tell Yer Mama.mp3,1,1,203.216,2026-08-23 21:40:28,2026-08-23 21:40:28
5,RadioTEDU Jazz,/cazz,configured_stream,51365,The Boy From Ipanema,Diana Krall,,,,,,,294.507,H:\RadioTEDU Songs\Jazz\Diana Krall\Quiet Nights\04 The Boy From Ipanema.mp3,1,1,291.649,2026-08-23 08:05:55,2026-08-23 08:05:55
5,RadioTEDU Jazz,/cazz,configured_stream,51192,The Dolphin - Before,Bill Evans,,,,,,,190.067,H:\RadioTEDU Songs\Jazz\Bill Evans\From Left to Right\05 The Dolphin - Before.mp3,1,1,187.58,2026-08-23 13:33:11,2026-08-23 13:33:11
5,RadioTEDU Jazz,/cazz,configured_stream,51432,The Girl From Ipanema,Francis Albert Sinatra & Antônio Carlos Jobim,,,,,,,197.947,H:\RadioTEDU Songs\Jazz\Francis Albert Sinatra & Antônio Carlos Jobim\Francis Albert Sinatra & Antonio Carlos Jobim\01 The Girl From Ipanema.flac,1,1,195.218,2026-08-23 22:42:42,2026-08-23 22:42:42
5,RadioTEDU Jazz,/cazz,configured_stream,52375,The Girl From Ipanema,Kenny G feat. Bebel Gilberto,,,,,,,242.184,H:\RadioTEDU Songs\Jazz\Kenny G\Classics in the Key of G\06 Kenny G feat. Bebel Gilberto - The Girl From Ipanema.flac,1,1,239.4,2026-08-23 08:37:29,2026-08-23 08:37:29
5,RadioTEDU Jazz,/cazz,configured_stream,51557,The Intellectual,Keyon Harrold,,,,,,,399.467,H:\RadioTEDU Songs\Jazz\Keyon Harrold\Foreverland\03 Keyon Harrold - The Intellectual.flac,1,1,397.924,2026-08-23 01:00:55,2026-08-23 01:00:55
5,RadioTEDU Jazz,/cazz,configured_stream,52370,The Joy of Life,Kenny G,,,,,,,260.76,H:\RadioTEDU Songs\Jazz\Kenny G\Breathless\01 Kenny G - The Joy of Life.flac,1,1,258.804,2026-08-23 11:42:47,2026-08-23 11:42:47
5,RadioTEDU Jazz,/cazz,configured_stream,52411,The Look of Love,Kenny G,,,,,,,315.293,H:\RadioTEDU Songs\Jazz\Kenny G\Ultimate Kenny G\05 Kenny G - The Look of Love.flac,1,1,315.215,2026-08-23 09:39:53,2026-08-23 09:39:53
5,RadioTEDU Jazz,/cazz,configured_stream,52379,The Moment,Kenny G,,,,,,,283.16,H:\RadioTEDU Songs\Jazz\Kenny G\Greatest Hits\1-06 Kenny G - The Moment.flac,1,1,280.352,2026-08-23 02:45:32,2026-08-23 02:45:32
5,RadioTEDU Jazz,/cazz,configured_stream,51402,The Nearness of You,Ella Fitzgerald and Louis Armstrong,,,,,,,337.25,H:\RadioTEDU Songs\Jazz\Ella Fitzgerald and Louis Armstrong\Ella and Louis\10 The Nearness of You.flac,1,1,334.758,2026-08-23 18:01:37,2026-08-23 18:01:37
5,RadioTEDU Jazz,/cazz,configured_stream,51556,The Nearness of You,Kenny Barron,,,,,,,394.653,H:\RadioTEDU Songs\Jazz\Kenny Barron\Beyond This Place\01 The Nearness of You.flac,1,1,391.918,2026-08-23 09:21:00,2026-08-23 09:21:00
5,RadioTEDU Jazz,/cazz,configured_stream,51311,The Night We Called It a Day,Chet Baker,,,,,,,142.602,H:\RadioTEDU Songs\Jazz\Chet Baker\Embraceable You\01 The Night We Called It a Day.mp3,1,1,139.859,2026-08-23 14:14:37,2026-08-23 14:14:37
5,RadioTEDU Jazz,/cazz,configured_stream,51291,The People United Will Never Be Defeated,Charlie Haden & Carla Bley,,,,,,,100.067,H:\RadioTEDU Songs\Jazz\Charlie Haden & Carla Bley\The Ballad of the Fallen\06 The People United Will Never Be Defeated.mp3,1,1,100.328,2026-08-23 12:48:18,2026-08-23 12:48:18
5,RadioTEDU Jazz,/cazz,configured_stream,51628,The Rain,Melody Gardot,,,,,,,203.893,H:\RadioTEDU Songs\Jazz\Melody Gardot\My One and Only Thrill\08 Melody Gardot - The Rain.mp3,1,1,202.49,2026-08-23 04:38:13,2026-08-23 04:38:13
5,RadioTEDU Jazz,/cazz,configured_stream,51558,The Sidewinder,Lee Morgan,,,,,,,627.549,H:\RadioTEDU Songs\Jazz\Lee Morgan\The Sidewinder\01 The Sidewinder (1).flac,1,1,628.389,2026-08-23 20:07:17,2026-08-23 20:07:17
5,RadioTEDU Jazz,/cazz,configured_stream,51615,The Solitary Seeker,Melissa Aldana,,,,,,,368.402,H:\RadioTEDU Songs\Jazz\Melissa Aldana\Echoes of the Inner Prophet\04 The Solitary Seeker.flac,1,1,366.162,2026-08-23 14:30:01,2026-08-23 14:30:01
5,RadioTEDU Jazz,/cazz,configured_stream,51771,The Tender Trap,Stacey Kent,,,,,,,282.209,H:\RadioTEDU Songs\Jazz\Stacey Kent\The Tender Trap\01 The Tender Trap.mp3,1,1,279.319,2026-08-23 08:23:36,2026-08-23 08:23:36
5,RadioTEDU Jazz,/cazz,configured_stream,51135,The Theme,Ben Webster,,,,,,,187.014,H:\RadioTEDU Songs\Jazz\Ben Webster\Stormy Weather\07 The Theme.mp3,1,1,184.416,2026-08-23 03:57:52,2026-08-23 03:57:52
5,RadioTEDU Jazz,/cazz,configured_stream,51161,The Two Lonely People,Bill Evans Trio,,,,,,,458.293,H:\RadioTEDU Songs\Jazz\Bill Evans Trio\In Buenos Aires - Vol. 1\04 The Two Lonely People.mp3,1,1,455.521,2026-08-23 23:13:05,2026-08-23 23:13:05
5,RadioTEDU Jazz,/cazz,configured_stream,51179,The Two Lonely People,Bill Evans Trio,,,,,,,437.191,H:\RadioTEDU Songs\Jazz\Bill Evans Trio\The Complete Balboa Jazz Club Performances\1-10 The Two Lonely People.mp3,1,1,434.308,2026-08-23 17:01:18,2026-08-23 17:01:18
5,RadioTEDU Jazz,/cazz,configured_stream,51253,The Very Thought of You,Billie Holiday,,,,,,,167.476,H:\RadioTEDU Songs\Jazz\Billie Holiday\Greatest Hits\12 The Very Thought of You.mp3,1,1,164.794,2026-08-23 16:04:50,2026-08-23 16:04:50
5,RadioTEDU Jazz,/cazz,configured_stream,51439,The Way You Look Tonight,Frank Sinatra,,,,,,,201.677,"H:\RadioTEDU Songs\Jazz\Frank Sinatra\Frank Sinatra Sings Days of Wine and Roses, Moon River and Other Academy Award Winners\03 The Way You Look Tonight.flac",1,1,201.113,2026-08-23 10:41:49,2026-08-23 10:41:49
5,RadioTEDU Jazz,/cazz,configured_stream,51828,The Way You Look Tonight,Yehudi Menuhin & Stéphane Grappelli,,,,,,,222.227,H:\RadioTEDU Songs\Jazz\Yehudi Menuhin & Stéphane Grappelli - Arranged And Conducted By Nelson Riddle\Top Hat (Songs Made Famous By Fred Astaire)\02 The Way You Look Tonight (1).mp3,1,1,220.744,2026-08-23 10:59:19,2026-08-23 10:59:19
5,RadioTEDU Jazz,/cazz,configured_stream,52403,Theme From Dying Young,Kenny G,,,,,,,242.892,H:\RadioTEDU Songs\Jazz\Kenny G\The Essential Kenny G\1-09 Kenny G - Theme From Dying Young.flac,1,1,240.74,2026-08-23 15:56:50,2026-08-23 15:56:50
5,RadioTEDU Jazz,/cazz,configured_stream,51741,There's a Lull in My Life,Stacey Kent,,,,,,,266.614,H:\RadioTEDU Songs\Jazz\Stacey Kent\Close Your Eyes\04 There's a Lull in My Life.mp3,1,1,263.823,2026-08-23 19:56:49,2026-08-23 19:56:49
5,RadioTEDU Jazz,/cazz,configured_stream,51562,These Foolish Things,Lester Young and His Band,,,,,,,190.933,"H:\RadioTEDU Songs\Jazz\Lester Young\The Complete 1936-1951 Small Group Sessions, Volume 3_ 1944-1946\07 Lester Young and His Band - These Foolish Things.flac",1,1,188.613,2026-08-23 02:09:38,2026-08-23 02:09:38
5,RadioTEDU Jazz,/cazz,configured_stream,51856,These Foolish Things,Yehudi Menuhin & Stéphane Grappelli,,,,,,,265.355,H:\RadioTEDU Songs\Jazz\Yehudi Menuhin & Stéphane Grappelli\Menuhin & Grappelli Play\1-16 These Foolish Things.mp3,1,1,264.21,2026-08-23 14:23:55,2026-08-23 14:23:55
5,RadioTEDU Jazz,/cazz,configured_stream,51769,They All Laughed,Stacey Kent,,,,,,,270.059,H:\RadioTEDU Songs\Jazz\Stacey Kent\Let Yourself Go_ Celebrating Fred Astaire\05 They All Laughed.mp3,1,1,267.201,2026-08-23 09:14:29,2026-08-23 09:14:29
5,RadioTEDU Jazz,/cazz,configured_stream,51782,They All Laughed,Stacey Kent,,,,,,,241.144,H:\RadioTEDU Songs\Jazz\Stacey Kent\The Tender Trap\10 They All Laughed.mp3,1,1,238.647,2026-08-23 21:06:40,2026-08-23 21:06:40
5,RadioTEDU Jazz,/cazz,configured_stream,51849,They All Laughed,Yehudi Menuhin & Stéphane Grappelli,,,,,,,184.428,H:\RadioTEDU Songs\Jazz\Yehudi Menuhin & Stéphane Grappelli\Menuhin & Grappelli Play\1-12 They All Laughed (1).mp3,1,1,181.635,2026-08-23 21:50:21,2026-08-23 21:50:21
5,RadioTEDU Jazz,/cazz,configured_stream,51780,They Say It's Wonderful,Stacey Kent,,,,,,,297.36,H:\RadioTEDU Songs\Jazz\Stacey Kent\The Tender Trap\08 They Say It's Wonderful.mp3,1,1,298.914,2026-08-23 06:23:22,2026-08-23 06:23:22
5,RadioTEDU Jazz,/cazz,configured_stream,51671,Thinking About You,Norah Jones,,,,,,,200.6,H:\RadioTEDU Songs\Jazz\Norah Jones\Not Too Late\06 Thinking About You.mp3,1,1,206.468,2026-08-23 12:30:52,2026-08-23 12:30:52
5,RadioTEDU Jazz,/cazz,configured_stream,51865,Tiktik,Émile Parisien Quartet,,,,,,,447.564,"H:\RadioTEDU Songs\Jazz\Émile Parisien Quartet _ Julien Loutelier, Ivan Gélugne, Julien Touéry\Let Them Cook\08 Tiktik.flac",1,1,447.185,2026-08-23 22:18:58,2026-08-23 22:18:58
5,RadioTEDU Jazz,/cazz,configured_stream,51492,Tuxedo Junction,Glenn Miller,,,,,,,209.22,H:\RadioTEDU Songs\Jazz\Glenn Miller\Jazz Moods - Hot\10 Tuxedo Junction.mp3,1,1,210.18,2026-08-23 06:38:04,2026-08-23 06:38:04
5,RadioTEDU Jazz,/cazz,configured_stream,51656,Unforgettable,Nat King Cole,,,,,,,193.333,H:\RadioTEDU Songs\Jazz\Nat King Cole\Unforgettable\01 Unforgettable.flac,1,1,191.316,2026-08-23 09:46:40,2026-08-23 09:46:40
5,RadioTEDU Jazz,/cazz,configured_stream,51278,Until,Cassandra Wilson,,,,,,,390.333,H:\RadioTEDU Songs\Jazz\Cassandra Wilson\New Moon Daughter\09 Until.mp3,1,1,387.701,2026-08-23 13:07:32,2026-08-23 13:07:32
5,RadioTEDU Jazz,/cazz,configured_stream,51356,Vikki,Dave Pike,,,,,,,326.227,H:\RadioTEDU Songs\Jazz\Dave Pike\Manhattan Latin\12 Vikki.mp3,1,1,323.326,2026-08-23 18:33:13,2026-08-23 18:33:13
5,RadioTEDU Jazz,/cazz,configured_stream,52360,Wait Till You See Him (De-Phazz Remix),Ella Fitzgerald,,,,,,,232.52,H:\RadioTEDU Songs\Jazz\De‐Phazz\New Collection\09 Ella Fitzgerald - Wait Till You See Him (De-Phazz Remix).mp3,1,1,229.61,2026-08-23 23:21:09,2026-08-23 23:21:09
5,RadioTEDU Jazz,/cazz,configured_stream,51694,Wave,Oscar Peterson,,,,,,,360.298,H:\RadioTEDU Songs\Jazz\Oscar Peterson\Motions and Emotions\06 Wave.mp3,1,1,358.31,2026-08-23 21:16:16,2026-08-23 21:16:16
5,RadioTEDU Jazz,/cazz,configured_stream,51495,We Can Live on Love (We Haven't Got a Pot to Cook In),Glenn Miller,,,,,,,153.135,H:\RadioTEDU Songs\Jazz\Glenn Miller\Jazz Moods - Hot\13 We Can Live on Love (We Haven't Got a Pot to Cook In).mp3,1,1,150.387,2026-08-23 20:09:47,2026-08-23 20:09:47
5,RadioTEDU Jazz,/cazz,configured_stream,51823,West Coast Blues,Wes Montgomery,,,,,,,447.041,H:\RadioTEDU Songs\Jazz\Wes Montgomery\The Incredible Jazz Guitar of Wes Montgomery\05 West Coast Blues.mp3,1,1,447.395,2026-08-23 21:23:43,2026-08-23 21:23:43
5,RadioTEDU Jazz,/cazz,configured_stream,51189,What Are You Doing the Rest of Your Life?,Bill Evans,,,,,,,248.76,H:\RadioTEDU Songs\Jazz\Bill Evans\From Left to Right\01 What Are You Doing the Rest of Your Life_.mp3,1,1,246.912,2026-08-23 02:01:32,2026-08-23 02:01:32
5,RadioTEDU Jazz,/cazz,configured_stream,51316,What Is There to Say,Chet Baker,,,,,,,218.645,H:\RadioTEDU Songs\Jazz\Chet Baker\Embraceable You\06 What Is There to Say.mp3,1,1,217.653,2026-08-23 21:10:17,2026-08-23 21:10:17
5,RadioTEDU Jazz,/cazz,configured_stream,51614,When Sunny Gets Blue,McCoy Tyner,,,,,,,282.32,H:\RadioTEDU Songs\Jazz\McCoy Tyner\Today and Tomorrow\06 When Sunny Gets Blue.flac,1,1,279.654,2026-08-23 01:09:03,2026-08-23 01:09:03
5,RadioTEDU Jazz,/cazz,configured_stream,51567,When You’re Smiling (The Whole World Smiles with You),Louis Armstrong,,,,,,,243.801,H:\RadioTEDU Songs\Jazz\Louis Armstrong\Highlights From His Decca Years\2-15 When You’re Smiling (The Whole World Smiles with You).flac,1,1,247.971,2026-08-23 12:13:18,2026-08-23 12:13:18
5,RadioTEDU Jazz,/cazz,configured_stream,51317,While My Lady Sleeps,Chet Baker,,,,,,,169.091,H:\RadioTEDU Songs\Jazz\Chet Baker\Embraceable You\07 While My Lady Sleeps.mp3,1,1,166.232,2026-08-23 13:41:20,2026-08-23 13:41:20
5,RadioTEDU Jazz,/cazz,configured_stream,51535,Why Don't You Do Right,Julie London,,,,,,,140.027,H:\RadioTEDU Songs\Jazz\Julie London\Whatever Julie Wants\01 Why Don't You Do Right.flac,1,1,138.938,2026-08-23 07:58:04,2026-08-23 07:58:04
5,RadioTEDU Jazz,/cazz,configured_stream,51633,Wicked Ride,Melody Gardot,,,,,,,204.08,H:\RadioTEDU Songs\Jazz\Melody Gardot\Some Lessons\01 Wicked Ride.flac,1,1,201.519,2026-08-23 07:04:07,2026-08-23 07:04:07
5,RadioTEDU Jazz,/cazz,configured_stream,45337,Wikimedia Commons - Acoustic Jazz Quartet no1 (exploration),Wikimedia Commons,,,,,,,105.863,H:\RadioTEDU Songs\Jazz\Wikimedia Commons - Acoustic Jazz Quartet no1 (exploration).flac,1,1,103.162,2026-08-23 04:07:42,2026-08-23 04:07:42
5,RadioTEDU Jazz,/cazz,configured_stream,51666,Wish I Could,Norah Jones,,,,,,,258.4,H:\RadioTEDU Songs\Jazz\Norah Jones\Not Too Late\01 Wish I Could.mp3,1,1,256.151,2026-08-23 00:54:14,2026-08-23 00:54:14
5,RadioTEDU Jazz,/cazz,configured_stream,51727,Words Can't Describe,Sarah Vaughan and Her Trio,,,,,,,275.6,H:\RadioTEDU Songs\Jazz\Sarah Vaughan and Her Trio\Swingin' Easy\06 Words Can't Describe.flac,1,1,272.829,2026-08-23 19:00:29,2026-08-23 19:00:29
5,RadioTEDU Jazz,/cazz,configured_stream,52388,Yesterday,Kenny G,,,,,,,179.573,H:\RadioTEDU Songs\Jazz\Kenny G\I'm in the Mood for Love... The Most Romantic Melodies of All Time\03 Yesterday.flac,1,1,176.79,2026-08-23 15:37:41,2026-08-23 15:37:41
5,RadioTEDU Jazz,/cazz,configured_stream,51201,Yet Never Broken,Bill Evans,,,,,,,388.052,H:\RadioTEDU Songs\Jazz\Bill Evans\His Last Concert in Germany\02 Yet Never Broken.mp3,1,1,385.146,2026-08-23 19:37:57,2026-08-23 19:37:57
5,RadioTEDU Jazz,/cazz,configured_stream,51210,You and the Night and the Music,Bill Evans,,,,,,,424.589,H:\RadioTEDU Songs\Jazz\Bill Evans\Interplay\01 You and the Night and the Music.mp3,1,1,423.58,2026-08-23 07:15:12,2026-08-23 07:15:12
5,RadioTEDU Jazz,/cazz,configured_stream,51579,You Can’t Do Me,Madeleine Peyroux,,,,,,,304.747,H:\RadioTEDU Songs\Jazz\Madeleine Peyroux\Bare Bones\05 You Can’t Do Me.mp3,1,1,313.865,2026-08-23 13:30:03,2026-08-23 13:30:03
5,RadioTEDU Jazz,/cazz,configured_stream,51746,You Go to My Head,Stacey Kent,,,,,,,419.427,H:\RadioTEDU Songs\Jazz\Stacey Kent\Close Your Eyes\08 You Go to My Head (1).mp3,1,1,416.538,2026-08-23 14:50:23,2026-08-23 14:50:23
5,RadioTEDU Jazz,/cazz,configured_stream,51453,You Make Me Feel So Young,Frank Sinatra,,,,,,,175.587,H:\RadioTEDU Songs\Jazz\Frank Sinatra\Platinum\1-11 You Make Me Feel So Young.flac,1,1,172.871,2026-08-23 01:57:25,2026-08-23 01:57:25
5,RadioTEDU Jazz,/cazz,configured_stream,51458,You Make Me Feel So Young,Frank Sinatra,,,,,,,177.4,H:\RadioTEDU Songs\Jazz\Frank Sinatra\Songs for Swingin’ Lovers!\01 You Make Me Feel So Young.flac,1,1,175.24,2026-08-23 18:44:07,2026-08-23 18:44:07
5,RadioTEDU Jazz,/cazz,configured_stream,51338,You Make Me Smile,Dave Koz,,,,,,,257.599,H:\RadioTEDU Songs\Jazz\Dave Koz\Lucky Man\02 Dave Koz - You Make Me Smile.mp3,1,1,254.808,2026-08-23 03:41:23,2026-08-23 03:41:23
5,RadioTEDU Jazz,/cazz,configured_stream,51683,Young Blood,Norah Jones,,,,,,,218.12,H:\RadioTEDU Songs\Jazz\Norah Jones\The Fall\1-04 Young Blood.mp3,1,1,215.411,2026-08-23 21:47:20,2026-08-23 21:47:20
5,RadioTEDU Jazz,/cazz,configured_stream,51506,Your Song,"Harry Connick, Jr.",,,,,,,216.691,"H:\RadioTEDU Songs\Jazz\Harry Connick, Jr_\Your Songs\09 Your Song.mp3",1,1,213.969,2026-08-23 16:47:20,2026-08-23 16:47:20
5,RadioTEDU Jazz,/cazz,configured_stream,51125,Água de beber,Astrud Gilberto,,,,,,,140.533,H:\RadioTEDU Songs\Jazz\Astrud Gilberto\The Astrud Gilberto Album\02 Água de beber.flac,1,1,137.713,2026-08-23 04:14:36,2026-08-23 04:14:36
5,RadioTEDU Jazz,/cazz,configured_stream,51601,Étude No. 3: Ballade,Marie Awadis,,,,,,,203.78,H:\RadioTEDU Songs\Jazz\Marie Awadis\Études Mélodiques\03 Étude No. 3_ Ballade.flac,1,1,200.908,2026-08-23 01:16:13,2026-08-23 01:16:13
5,RadioTEDU Jazz,/cazz,configured_stream,51815,’Round Midnight,Thelonious Monk,,,,,,,189.857,"H:\RadioTEDU Songs\Jazz\Thelonious Monk\Genius of Modern Music, Volume One\01 ’Round Midnight.flac",1,1,189.86,2026-08-23 04:46:21,2026-08-23 04:46:21
5,RadioTEDU Jazz,/cazz,configured_stream,51652,’Tis Autumn,Nat King Cole,,,,,,,190.137,H:\RadioTEDU Songs\Jazz\Nat King Cole\Collectors Edition\1-10 ’Tis Autumn.flac,1,1,187.277,2026-08-23 05:00:13,2026-08-23 05:00:13
8,RadioTEDU Rock,/rock,configured_stream,52127,"""Scar Tissue""",Red Hot Chili Peppers,,,,,,,215.907,H:\RadioTEDU Songs\Rock\Red Hot Chili Peppers\Californication\03 _Scar Tissue_.flac,1,1,215.299,2026-08-23 13:23:43,2026-08-23 13:23:43
8,RadioTEDU Rock,/rock,configured_stream,52193,1979,The Smashing Pumpkins,,,,,,,265.996,H:\RadioTEDU Songs\Rock\The Smashing Pumpkins\Mellon Collie and the Infinite Sadness\2-05 1979.flac,1,1,267.286,2026-08-23 15:09:50,2026-08-23 15:09:50
8,RadioTEDU Rock,/rock,configured_stream,52070,3 A.M.,Matchbox 20,,,,,,,225.947,H:\RadioTEDU Songs\Rock\Matchbox 20\Yourself or Someone Like You\03 3 A.M..flac,1,1,225.003,2026-08-23 12:37:35,2026-08-23 12:37:35
8,RadioTEDU Rock,/rock,configured_stream,47100,4.3 Forty,Knox,,,,,,,182.438,H:\RadioTEDU Songs\Rock\Knox - 4.3 Forty.flac,1,1,180.688,2026-08-23 16:40:23,2026-08-23 16:40:23
8,RadioTEDU Rock,/rock,configured_stream,51934,505,Arctic Monkeys,,,,,,,253.587,H:\RadioTEDU Songs\Rock\Arctic Monkeys\Favourite Worst Nightmare\12 505.flac,1,1,250.639,2026-08-23 03:39:46,2026-08-23 03:39:46
8,RadioTEDU Rock,/rock,configured_stream,51989,7563,Florence Road,,,,,,,243.303,H:\RadioTEDU Songs\Rock\Florence Road\7563\01 7563.flac,1,1,240.414,2026-08-23 08:48:48,2026-08-23 08:48:48
8,RadioTEDU Rock,/rock,configured_stream,51931,A Horse With No Name,America,,,,,,,226.0,H:\RadioTEDU Songs\Rock\America\Horse With No Name\04 A Horse With No Name.flac,1,1,226.182,2026-08-23 05:10:23,2026-08-23 05:10:23
8,RadioTEDU Rock,/rock,configured_stream,47386,A Little Love,Biffy Clyro,,,,,,,213.693,H:\RadioTEDU Songs\Rock\Biffy Clyro - A Little Love.flac,1,1,211.964,2026-08-23 15:44:07,2026-08-23 15:44:07
8,RadioTEDU Rock,/rock,configured_stream,52011,Aces High,Iron Maiden,,,,,,,299.968,H:\RadioTEDU Songs\Rock\Iron Maiden\Aces High.mp3,1,1,299.822,2026-08-23 04:55:29,2026-08-23 04:55:29
8,RadioTEDU Rock,/rock,configured_stream,47094,Adore You,LIA LIA,,,,,,,154.686,H:\RadioTEDU Songs\Rock\LIA LIA - Adore You.flac,1,1,151.816,2026-08-23 23:47:17,2026-08-23 23:47:17
8,RadioTEDU Rock,/rock,configured_stream,52203,Africa,Toto,,,,,,,295.893,H:\RadioTEDU Songs\Rock\Toto\Toto IV\10 Africa.flac,1,1,292.995,2026-08-23 07:30:51,2026-08-23 07:30:51
8,RadioTEDU Rock,/rock,configured_stream,45424,After,Just Penelope,,,,,,,174.507,H:\RadioTEDU Songs\Rock\Just Penelope - After.flac,1,1,171.964,2026-08-23 01:16:12,2026-08-23 01:16:12
8,RadioTEDU Rock,/rock,configured_stream,52178,All Along the Watchtower,The Jimi Hendrix Experience,,,,,,,244.564,H:\RadioTEDU Songs\Rock\The Jimi Hendrix Experience\Electric Ladyland\15 All Along the Watchtower.flac,1,1,242.123,2026-08-23 01:25:11,2026-08-23 01:25:11
8,RadioTEDU Rock,/rock,configured_stream,52182,All Day and All of the Night,The Kinks,,,,,,,142.227,H:\RadioTEDU Songs\Rock\The Kinks\The Best of the Kinks\02 All Day and All of the Night.flac,1,1,139.392,2026-08-23 16:59:46,2026-08-23 16:59:46
8,RadioTEDU Rock,/rock,configured_stream,45382,ALL WE HAVE IS US,Crawlers,,,,,,,236.239,H:\RadioTEDU Songs\Rock\Crawlers - ALL WE HAVE IS US.flac,1,1,233.382,2026-08-23 08:07:38,2026-08-23 08:07:38
8,RadioTEDU Rock,/rock,configured_stream,51939,ALWAYS LET YOU DOWN,Bilmuri feat. A Day to Remember,,,,,,,179.136,H:\RadioTEDU Songs\Rock\Bilmuri\KINDA HARD\10 Bilmuri feat. A Day to Remember - ALWAYS LET YOU DOWN.mp3,1,1,176.476,2026-08-23 23:55:09,2026-08-23 23:55:09
8,RadioTEDU Rock,/rock,configured_stream,51977,American Pie,Don McLean,,,,,,,516.893,H:\RadioTEDU Songs\Rock\Don McLean\American Pie\01 American Pie.flac,1,1,513.977,2026-08-23 13:58:40,2026-08-23 13:58:40
8,RadioTEDU Rock,/rock,configured_stream,52174,"American Woman (7"" Single Version)",The Guess Who,,,,,,,231.64,H:\RadioTEDU Songs\Rock\The Guess Who\American Woman\10 American Woman (7_ Single Version).flac,1,1,230.589,2026-08-23 08:35:05,2026-08-23 08:35:05
8,RadioTEDU Rock,/rock,configured_stream,52111,Andy's Gotta Bang,Petey USA,,,,,,,322.333,H:\RadioTEDU Songs\Rock\Petey USA\oooo\04 Andy's Gotta Bang.flac,1,1,319.542,2026-08-23 04:50:30,2026-08-23 04:50:30
8,RadioTEDU Rock,/rock,configured_stream,52112,Another Brick in the Wall (Part 2),Pink Floyd,,,,,,,238.747,H:\RadioTEDU Songs\Rock\Pink Floyd\The Wall\1-05 Another Brick in the Wall (Part 2).flac,1,1,236.305,2026-08-23 13:36:04,2026-08-23 13:36:04
8,RadioTEDU Rock,/rock,configured_stream,52118,Another One Bites the Dust,Queen,,,,,,,214.653,H:\RadioTEDU Songs\Rock\Queen\The Game\03 Another One Bites the Dust (1).flac,1,1,211.905,2026-08-23 08:22:09,2026-08-23 08:22:09
8,RadioTEDU Rock,/rock,configured_stream,52119,Another One Bites the Dust,Queen,,,,,,,214.653,H:\RadioTEDU Songs\Rock\Queen\The Game\03 Another One Bites the Dust.flac,1,1,212.82,2026-08-23 18:35:32,2026-08-23 18:35:32
8,RadioTEDU Rock,/rock,configured_stream,52041,Are You Gonna Go My Way,Lenny Kravitz,,,,,,,211.933,H:\RadioTEDU Songs\Rock\Lenny Kravitz\Are You Gonna Go My Way\1-01 Are You Gonna Go My Way.flac,1,1,210.612,2026-08-23 06:55:03,2026-08-23 06:55:03
8,RadioTEDU Rock,/rock,configured_stream,52186,August,The Plugs,,,,,,,213.0,H:\RadioTEDU Songs\Rock\The Plugs\August\01 August.flac,1,1,210.061,2026-08-23 11:57:25,2026-08-23 11:57:25
8,RadioTEDU Rock,/rock,configured_stream,52195,Baba O’Riley,The Who,,,,,,,300.4,H:\RadioTEDU Songs\Rock\The Who\Who’s Next\01 Baba O’Riley.flac,1,1,297.523,2026-08-23 12:33:50,2026-08-23 12:33:50
8,RadioTEDU Rock,/rock,configured_stream,52095,Baby Kool (Evelyn),Nothing But Thieves,,,,,,,224.2,H:\RadioTEDU Songs\Rock\Nothing But Thieves\Baby Kool (Evelyn)\01 Baby Kool (Evelyn).flac,1,1,237.306,2026-08-23 06:51:33,2026-08-23 06:51:33
8,RadioTEDU Rock,/rock,configured_stream,52114,Back on the Chain Gang,Pretenders,,,,,,,230.893,H:\RadioTEDU Songs\Rock\Pretenders\Learning to Crawl\02 Back on the Chain Gang.flac,1,1,228.543,2026-08-23 09:47:01,2026-08-23 09:47:01
8,RadioTEDU Rock,/rock,configured_stream,52133,Bad Apple,Sailor Honeymoon,,,,,,,157.536,H:\RadioTEDU Songs\Rock\Sailor Honeymoon\Sailor Honeymoon\01 Bad Apple.flac,1,1,160.649,2026-08-23 23:20:37,2026-08-23 23:20:37
8,RadioTEDU Rock,/rock,configured_stream,51958,Bad Moon Rising,Creedence Clearwater Revival,,,,,,,141.6,H:\RadioTEDU Songs\Rock\Creedence Clearwater Revival\Green River\05 Bad Moon Rising.flac,1,1,138.78,2026-08-23 16:37:22,2026-08-23 16:37:22
8,RadioTEDU Rock,/rock,configured_stream,47096,Bang Bang,Dear Youth,,,,,,,164.241,H:\RadioTEDU Songs\Rock\Dear Youth - Bang Bang.flac,1,1,163.172,2026-08-23 15:49:39,2026-08-23 15:49:39
8,RadioTEDU Rock,/rock,configured_stream,52006,Barracuda,Heart,,,,,,,261.933,H:\RadioTEDU Songs\Rock\Heart\Little Queen\01 Barracuda.flac,1,1,258.993,2026-08-23 08:00:22,2026-08-23 08:00:22
8,RadioTEDU Rock,/rock,configured_stream,52206,Beautiful Day,U2,,,,,,,248.4,H:\RadioTEDU Songs\Rock\U2\All That You Can’t Leave Behind\01 Beautiful Day.flac,1,1,246.06,2026-08-23 23:34:01,2026-08-23 23:34:01
8,RadioTEDU Rock,/rock,configured_stream,45540,Beaver Pond,Trask,,,,,,,162.111,H:\RadioTEDU Songs\Rock\Trask - Beaver Pond.flac,1,1,159.42,2026-08-23 05:46:53,2026-08-23 05:46:53
8,RadioTEDU Rock,/rock,configured_stream,52196,Behind Blue Eyes,The Who,,,,,,,221.427,H:\RadioTEDU Songs\Rock\The Who\Who’s Next\08 Behind Blue Eyes.flac,1,1,218.539,2026-08-23 03:32:26,2026-08-23 03:32:26
8,RadioTEDU Rock,/rock,configured_stream,52424,Bitter Sweet Symphony,The Verve,,,,,,,357.267,H:\RadioTEDU Songs\Rock\The Verve\Urban Hymns\01 Bitter Sweet Symphony.flac,1,1,354.434,2026-08-23 10:34:51,2026-08-23 10:34:51
8,RadioTEDU Rock,/rock,configured_stream,52036,Black Dog,Led Zeppelin,,,,,,,295.648,H:\RadioTEDU Songs\Rock\Led Zeppelin\[Led Zeppelin IV]\01 Black Dog.flac,1,1,293.268,2026-08-23 12:06:25,2026-08-23 12:06:25
8,RadioTEDU Rock,/rock,configured_stream,52140,Black Hole Sun,Soundgarden,,,,,,,318.587,H:\RadioTEDU Songs\Rock\Soundgarden\Superunknown\07 Black Hole Sun.flac,1,1,318.853,2026-08-23 20:59:12,2026-08-23 20:59:12
8,RadioTEDU Rock,/rock,configured_stream,52421,Black Magic Woman,Santana,,,,,,,196.467,H:\RadioTEDU Songs\Rock\Santana\Santana’s Greatest Hits\06 Black Magic Woman.flac,1,1,194.005,2026-08-23 02:23:48,2026-08-23 02:23:48
8,RadioTEDU Rock,/rock,configured_stream,51893,Black No. 1 (Little Miss Scare -All),,,,,,,,675.653,H:\RadioTEDU Songs\Rock\047 - Black No. 1 (Little Miss Scare -All).mp3,1,1,677.494,2026-08-23 06:39:18,2026-08-23 06:39:18
8,RadioTEDU Rock,/rock,configured_stream,51883,Black Party With Witches,,,,,,,,418.1,H:\RadioTEDU Songs\Rock\034 - Black Party With Witches.mp3,1,1,415.525,2026-08-23 21:55:58,2026-08-23 21:55:58
8,RadioTEDU Rock,/rock,configured_stream,52124,Blitzkrieg Bop,Ramones,,,,,,,134.467,H:\RadioTEDU Songs\Rock\Ramones\Ramones\01 Blitzkrieg Bop.flac,1,1,135.462,2026-08-23 03:12:37,2026-08-23 03:12:37
8,RadioTEDU Rock,/rock,configured_stream,51871,Bohemian Rhapsody,Queen,,,,,,,359.445,H:\RadioTEDU Songs\Rock\016 - Queen – Bohemian Rhapsody (Official Video Remastered).mp3,1,1,356.527,2026-08-23 19:34:24,2026-08-23 19:34:24
8,RadioTEDU Rock,/rock,configured_stream,52116,Bohemian Rhapsody,Queen,,,,,,,354.395,H:\RadioTEDU Songs\Rock\Queen\A Night at the Opera\11 Bohemian Rhapsody.flac,1,1,351.754,2026-08-23 13:32:08,2026-08-23 13:32:08
8,RadioTEDU Rock,/rock,configured_stream,51951,Born in the U.S.A.,Bruce Springsteen,,,,,,,278.827,H:\RadioTEDU Songs\Rock\Bruce Springsteen\Born in the U.S.A_\01 Born in the U.S.A..flac,1,1,276.92,2026-08-23 01:43:49,2026-08-23 01:43:49
8,RadioTEDU Rock,/rock,configured_stream,52144,Born to Be Wild,Steppenwolf,,,,,,,210.373,H:\RadioTEDU Songs\Rock\Steppenwolf\Steppenwolf\05 Born to Be Wild.flac,1,1,211.025,2026-08-23 02:05:11,2026-08-23 02:05:11
8,RadioTEDU Rock,/rock,configured_stream,52171,Break On Through (to the Other Side),The Doors,,,,,,,145.867,H:\RadioTEDU Songs\Rock\The Doors\The Doors\01 Break On Through (to the Other Side).flac,1,1,143.005,2026-08-23 07:25:59,2026-08-23 07:25:59
8,RadioTEDU Rock,/rock,configured_stream,52046,Break Stuff,Limp Bizkit,,,,,,,167.219,H:\RadioTEDU Songs\Rock\Limp Bizkit\Significant Other\04 Limp Bizkit - Break Stuff.flac,1,1,164.436,2026-08-23 14:53:17,2026-08-23 14:53:17
8,RadioTEDU Rock,/rock,configured_stream,52027,Breaking the Law,Judas Priest,,,,,,,153.84,H:\RadioTEDU Songs\Rock\Judas Priest\British Steel\03 Breaking the Law.flac,1,1,150.914,2026-08-23 02:37:31,2026-08-23 02:37:31
8,RadioTEDU Rock,/rock,configured_stream,47107,Bright Shadow,Mr. Bison,,,,,,,433.333,H:\RadioTEDU Songs\Rock\Mr. Bison - Bright Shadow.flac,1,1,430.541,2026-08-23 21:41:14,2026-08-23 21:41:14
8,RadioTEDU Rock,/rock,configured_stream,51918,Bring Me To Life,,,,,,,,235.893,H:\RadioTEDU Songs\Rock\079 - Bring Me To Life.mp3,1,1,233.917,2026-08-23 10:38:44,2026-08-23 10:38:44
8,RadioTEDU Rock,/rock,configured_stream,51982,Bring Me to Life,Evanescence,,,,,,,235.893,H:\RadioTEDU Songs\Rock\Evanescence\Bring Me to Life.mp3,1,1,235.05,2026-08-23 14:02:36,2026-08-23 14:02:36
8,RadioTEDU Rock,/rock,configured_stream,51983,Bring Me to Life,Evanescence,,,,,,,235.892,H:\RadioTEDU Songs\Rock\Evanescence\Bring Me to Life\01 Bring Me to Life.flac,1,1,232.976,2026-08-23 23:17:56,2026-08-23 23:17:56
8,RadioTEDU Rock,/rock,configured_stream,52214,Broken Window Serenade,Whiskey Myers,,,,,,,346.333,H:\RadioTEDU Songs\Rock\Whiskey Myers\Firewater\05 Broken Window Serenade.flac,1,1,344.557,2026-08-23 07:05:38,2026-08-23 07:05:38
8,RadioTEDU Rock,/rock,configured_stream,52192,Bullet With Butterfly Wings,The Smashing Pumpkins,,,,,,,258.467,H:\RadioTEDU Songs\Rock\The Smashing Pumpkins\Mellon Collie and the Infinite Sadness\1-06 Bullet With Butterfly Wings.flac,1,1,256.426,2026-08-23 14:50:32,2026-08-23 14:50:32
8,RadioTEDU Rock,/rock,configured_stream,52128,Californication,Red Hot Chili Peppers,,,,,,,329.733,H:\RadioTEDU Songs\Rock\Red Hot Chili Peppers\Californication_ Rough Mixes\07 Californication.flac,1,1,329.328,2026-08-23 02:20:34,2026-08-23 02:20:34
8,RadioTEDU Rock,/rock,configured_stream,52043,Can You Hear My Voice,Let's Panic,,,,,,,150.656,H:\RadioTEDU Songs\Rock\Let's Panic\Let's Panic\02 Can You Hear My Voice.mp3,1,1,150.996,2026-08-23 19:08:07,2026-08-23 19:08:07
8,RadioTEDU Rock,/rock,configured_stream,52068,Canyons,Man/Woman/Chainsaw,,,,,,,173.988,H:\RadioTEDU Songs\Rock\Man_Woman_Chainsaw\Cannonball\02 Canyons.flac,1,1,171.329,2026-08-23 18:59:22,2026-08-23 18:59:22
8,RadioTEDU Rock,/rock,configured_stream,51876,Cemetery Beach,,,,,,,,191.96,H:\RadioTEDU Songs\Rock\027 - Cemetery Beach.mp3,1,1,190.015,2026-08-23 03:35:36,2026-08-23 03:35:36
8,RadioTEDU Rock,/rock,configured_stream,51886,Cinnamon Girl,,,,,,,,248.333,H:\RadioTEDU Songs\Rock\037 - Cinnamon Girl.mp3,1,1,245.453,2026-08-23 10:21:43,2026-08-23 10:21:43
8,RadioTEDU Rock,/rock,configured_stream,47105,Clear,JonoJono,,,,,,,210.5,H:\RadioTEDU Songs\Rock\JonoJono - Clear.flac,1,1,207.846,2026-08-23 19:28:27,2026-08-23 19:28:27
8,RadioTEDU Rock,/rock,configured_stream,52147,Coalesce,Stereo Wildlife feat. Izzy Chase,,,,,,,123.708,H:\RadioTEDU Songs\Rock\Stereo Wildlife\The Lighthouse\03 Stereo Wildlife feat. Izzy Chase - Coalesce.flac,1,1,121.148,2026-08-23 14:55:25,2026-08-23 14:55:25
8,RadioTEDU Rock,/rock,configured_stream,52092,Come as You Are,Nirvana,,,,,,,218.92,H:\RadioTEDU Songs\Rock\Nirvana\Nevermind\03 Come as You Are (1).flac,1,1,216.545,2026-08-23 15:53:15,2026-08-23 15:53:15
8,RadioTEDU Rock,/rock,configured_stream,52093,Come as You Are,Nirvana,,,,,,,224.189,H:\RadioTEDU Songs\Rock\Nirvana\Nevermind\03 Come as You Are.flac,1,1,222.698,2026-08-23 07:56:03,2026-08-23 07:56:03
8,RadioTEDU Rock,/rock,configured_stream,45363,Control,Billy Vincent,,,,,,,234.545,H:\RadioTEDU Songs\Rock\Billy Vincent - Control.flac,1,1,233.017,2026-08-23 05:14:16,2026-08-23 05:14:16
8,RadioTEDU Rock,/rock,configured_stream,52077,Counting Stars,Michelle Malone and Drag the River,,,,,,,283.04,H:\RadioTEDU Songs\Rock\Michelle Malone and Drag the River\Relentless\11 Counting Stars.mp3,1,1,283.602,2026-08-23 08:39:48,2026-08-23 08:39:48
8,RadioTEDU Rock,/rock,configured_stream,52101,Cowboys From Hell,Pantera,,,,,,,249.882,H:\RadioTEDU Songs\Rock\Pantera\Cowboys From Hell.mp3,1,1,247.001,2026-08-23 22:59:47,2026-08-23 22:59:47
8,RadioTEDU Rock,/rock,configured_stream,52102,Cowboys From Hell,Pantera,,,,,,,249.94,H:\RadioTEDU Songs\Rock\Pantera\Cowboys From Hell\01 Cowboys From Hell.flac,1,1,249.865,2026-08-23 07:47:54,2026-08-23 07:47:54
8,RadioTEDU Rock,/rock,configured_stream,52048,Crawling,Linkin Park,,,,,,,216.758,H:\RadioTEDU Songs\Rock\Linkin Park\Crawling.mp3,1,1,213.948,2026-08-23 22:49:31,2026-08-23 22:49:31
8,RadioTEDU Rock,/rock,configured_stream,52050,Crawling,Linkin Park,,,,,,,216.758,H:\RadioTEDU Songs\Rock\Linkin Park\Greatest Hits\1-17 Linkin Park - Crawling.flac,1,1,213.84,2026-08-23 16:35:04,2026-08-23 16:35:04
8,RadioTEDU Rock,/rock,configured_stream,52005,Crazy on You,Heart,,,,,,,293.44,H:\RadioTEDU Songs\Rock\Heart\Dreamboat Annie\03 Crazy on You.flac,1,1,290.977,2026-08-23 12:17:50,2026-08-23 12:17:50
8,RadioTEDU Rock,/rock,configured_stream,51906,Crazy Train,,,,,,,,293.183,H:\RadioTEDU Songs\Rock\065 - Crazy Train.mp3,1,1,290.44,2026-08-23 02:42:22,2026-08-23 02:42:22
8,RadioTEDU Rock,/rock,configured_stream,52100,Crazy Train,Ozzy Osbourne,,,,,,,293.183,H:\RadioTEDU Songs\Rock\Ozzy Osbourne\The Essential Ozzy Osbourne\1-01 Ozzy Osbourne - Crazy Train.flac,1,1,290.636,2026-08-23 03:10:22,2026-08-23 03:10:22
8,RadioTEDU Rock,/rock,configured_stream,52059,Cult of Personality,Living Colour,,,,,,,294.533,H:\RadioTEDU Songs\Rock\Living Colour\Vivid\01 Cult of Personality.flac,1,1,291.776,2026-08-23 09:27:26,2026-08-23 09:27:26
8,RadioTEDU Rock,/rock,configured_stream,45418,Cup,Jawdropped,,,,,,,247.533,H:\RadioTEDU Songs\Rock\Jawdropped - Cup.flac,1,1,244.68,2026-08-23 18:49:25,2026-08-23 18:49:25
8,RadioTEDU Rock,/rock,configured_stream,45507,Democracy Manifest,Teen Mortgage,,,,,,,126.84,H:\RadioTEDU Songs\Rock\Teen Mortgage - Democracy Manifest.flac,1,1,127.41,2026-08-23 12:19:58,2026-08-23 12:19:58
8,RadioTEDU Rock,/rock,configured_stream,51873,Demons,Imagine Dragons,,,,,,,236.135,H:\RadioTEDU Songs\Rock\020 - Imagine Dragons - Demons (Official Music Video).mp3,1,1,234.723,2026-08-23 19:51:04,2026-08-23 19:51:04
8,RadioTEDU Rock,/rock,configured_stream,52154,Departures,Stereo Wildlife,,,,,,,100.449,H:\RadioTEDU Songs\Rock\Stereo Wildlife\The Lighthouse\10 Stereo Wildlife - Departures.flac,1,1,97.727,2026-08-23 19:25:00,2026-08-23 19:25:00
8,RadioTEDU Rock,/rock,configured_stream,52033,Detroit Rock City,KISS,,,,,,,221.901,H:\RadioTEDU Songs\Rock\KISS\Double Platinum\13 Detroit Rock City.flac,1,1,219.066,2026-08-23 19:19:10,2026-08-23 19:19:10
8,RadioTEDU Rock,/rock,configured_stream,51879,Dig Up Her Bones,Misfits,,,,,,,177.354,H:\RadioTEDU Songs\Rock\030 - Misfits - Dig Up Her Bones.mp3,1,1,174.563,2026-08-23 11:33:16,2026-08-23 11:33:16
8,RadioTEDU Rock,/rock,configured_stream,52078,Dig Up Her Bones (album version),Misfits,,,,,,,177.4,H:\RadioTEDU Songs\Rock\Misfits\American Psycho\07 Dig Up Her Bones (album version).flac,1,1,174.569,2026-08-23 13:46:34,2026-08-23 13:46:34
8,RadioTEDU Rock,/rock,configured_stream,52079,Dig Up Her Bones (album version),Misfits,,,,,,,177.354,H:\RadioTEDU Songs\Rock\Misfits\American Psycho\07 Dig Up Her Bones (album version).mp3,1,1,175.709,2026-08-23 03:42:41,2026-08-23 03:42:41
8,RadioTEDU Rock,/rock,configured_stream,51975,Dirty Hotel Blues,Django Django,,,,,,,208.32,H:\RadioTEDU Songs\Rock\Django Django\Dirty Hotel Blues\01 Dirty Hotel Blues.flac,1,1,205.421,2026-08-23 11:03:08,2026-08-23 11:03:08
8,RadioTEDU Rock,/rock,configured_stream,45404,Divine Machine,Forest,,,,,,,170.884,H:\RadioTEDU Songs\Rock\Forest - Divine Machine.flac,1,1,168.074,2026-08-23 15:46:56,2026-08-23 15:46:56
8,RadioTEDU Rock,/rock,configured_stream,47112,Dog Leash,Megasound;Bad Bad Hats;Party Nails,,,,,,,267.4,H:\RadioTEDU Songs\Rock\Megasound - Dog Leash.flac,1,1,264.855,2026-08-23 07:52:20,2026-08-23 07:52:20
8,RadioTEDU Rock,/rock,configured_stream,51888,Don't Fear The Reaper,,,,,,,,384.16,H:\RadioTEDU Songs\Rock\039 - Don't Fear The Reaper.mp3,1,1,382.058,2026-08-23 09:02:43,2026-08-23 09:02:43
8,RadioTEDU Rock,/rock,configured_stream,51933,Don't Move,Anxious,,,,,,,241.999,H:\RadioTEDU Songs\Rock\Anxious\Don't Move\01 Don't Move.flac,1,1,242.017,2026-08-23 03:01:51,2026-08-23 03:01:51
8,RadioTEDU Rock,/rock,configured_stream,52004,Don’t Cry,Guns N’ Roses,,,,,,,283.733,H:\RadioTEDU Songs\Rock\Guns N’ Roses\Use Your Illusion I\04 Don’t Cry.flac,1,1,281.259,2026-08-23 14:12:18,2026-08-23 14:12:18
8,RadioTEDU Rock,/rock,configured_stream,51963,Don’t Dream It’s Over,Crowded House,,,,,,,236.933,H:\RadioTEDU Songs\Rock\Crowded House\Crowded House\04 Don’t Dream It’s Over.flac,1,1,234.758,2026-08-23 22:16:08,2026-08-23 22:16:08
8,RadioTEDU Rock,/rock,configured_stream,52026,Don’t Stop Believin’,Journey,,,,,,,248.2,H:\RadioTEDU Songs\Rock\Journey\Escape\01 Don’t Stop Believin’.flac,1,1,246.263,2026-08-23 09:06:50,2026-08-23 09:06:50
8,RadioTEDU Rock,/rock,configured_stream,51973,Down With the Sickness,Disturbed,,,,,,,217.559,H:\RadioTEDU Songs\Rock\Disturbed\Disturbed\01 Down With the Sickness.flac,1,1,216.784,2026-08-23 10:51:18,2026-08-23 10:51:18
8,RadioTEDU Rock,/rock,configured_stream,51974,Down With the Sickness,Disturbed,,,,,,,217.559,H:\RadioTEDU Songs\Rock\Disturbed\Disturbed\01 Down With the Sickness.mp3,1,1,214.667,2026-08-23 02:45:56,2026-08-23 02:45:56
8,RadioTEDU Rock,/rock,configured_stream,51892,Dragula,,,,,,,,222.827,H:\RadioTEDU Songs\Rock\046 - Dragula.mp3,1,1,222.65,2026-08-23 22:03:09,2026-08-23 22:03:09
8,RadioTEDU Rock,/rock,configured_stream,52030,Dust in the Wind,Kansas,,,,,,,206.267,H:\RadioTEDU Songs\Rock\Kansas\Point of Know Return\07 Dust in the Wind.flac,1,1,203.317,2026-08-23 22:55:40,2026-08-23 22:55:40
8,RadioTEDU Rock,/rock,configured_stream,52155,Edge of Seventeen,Stevie Nicks,,,,,,,329.413,H:\RadioTEDU Songs\Rock\Stevie Nicks\Bella Donna\1-06 Stevie Nicks - Edge of Seventeen.flac,1,1,329.864,2026-08-23 19:56:34,2026-08-23 19:56:34
8,RadioTEDU Rock,/rock,configured_stream,51913,Engel,,,,,,,,264.267,H:\RadioTEDU Songs\Rock\072 - Engel.mp3,1,1,261.577,2026-08-23 09:35:39,2026-08-23 09:35:39
8,RadioTEDU Rock,/rock,configured_stream,52075,Enter Sandman,Metallica,,,,,,,331.573,H:\RadioTEDU Songs\Rock\Metallica\Metallica\01 Enter Sandman.flac,1,1,328.738,2026-08-23 20:42:41,2026-08-23 20:42:41
8,RadioTEDU Rock,/rock,configured_stream,52076,Enter Sandman,Metallica,,,,,,,331.56,H:\RadioTEDU Songs\Rock\Metallica\Metallica\01-01 Metallica - Enter Sandman.flac,1,1,328.782,2026-08-23 20:10:38,2026-08-23 20:10:38
8,RadioTEDU Rock,/rock,configured_stream,51986,Epic,Faith No More,,,,,,,293.653,H:\RadioTEDU Songs\Rock\Faith No More\The Real Thing\02 Epic.flac,1,1,290.866,2026-08-23 22:25:32,2026-08-23 22:25:32
8,RadioTEDU Rock,/rock,configured_stream,51993,Everlong,Foo Fighters,,,,,,,250.547,H:\RadioTEDU Songs\Rock\Foo Fighters\The Colour and the Shape\11 Everlong.flac,1,1,247.73,2026-08-23 12:01:32,2026-08-23 12:01:32
8,RadioTEDU Rock,/rock,configured_stream,52145,Everything Illuminated,Stereo Wildlife,,,,,,,125.999,H:\RadioTEDU Songs\Rock\Stereo Wildlife\The Lighthouse\01 Stereo Wildlife - Everything Illuminated.flac,1,1,124.224,2026-08-23 00:24:48,2026-08-23 00:24:48
8,RadioTEDU Rock,/rock,configured_stream,52141,Fake Friends,Sounds Like Color,,,,,,,219.231,H:\RadioTEDU Songs\Rock\Sounds Like Color\Fake Friends\01 Fake Friends.flac,1,1,216.319,2026-08-23 02:27:24,2026-08-23 02:27:24
8,RadioTEDU Rock,/rock,configured_stream,51912,Falling Away from Me,,,,,,,,270.92,H:\RadioTEDU Songs\Rock\071 - Falling Away from Me.mp3,1,1,270.978,2026-08-23 09:18:24,2026-08-23 09:18:24
8,RadioTEDU Rock,/rock,configured_stream,51935,Feel Like Makin’ Love,Bad Company,,,,,,,314.6,H:\RadioTEDU Songs\Rock\Bad Company\Straight Shooter\02 Feel Like Makin’ Love.flac,1,1,311.728,2026-08-23 09:52:12,2026-08-23 09:52:12
8,RadioTEDU Rock,/rock,configured_stream,52423,Find My Way Back Home,The Easybeats,,,,,,,170.965,H:\RadioTEDU Songs\Rock\The Easybeats\Easy\20 Find My Way Back Home.mp3,1,1,168.2,2026-08-23 12:57:41,2026-08-23 12:57:41
8,RadioTEDU Rock,/rock,configured_stream,52040,Fly Away,Lenny Kravitz,,,,,,,221.333,H:\RadioTEDU Songs\Rock\Lenny Kravitz\5\08 Fly Away.flac,1,1,218.427,2026-08-23 16:11:49,2026-08-23 16:11:49
8,RadioTEDU Rock,/rock,configured_stream,51952,For What It’s Worth,Buffalo Springfield,,,,,,,153.693,H:\RadioTEDU Songs\Rock\Buffalo Springfield\Buffalo Springfield\01 For What It’s Worth.flac,1,1,153.509,2026-08-23 13:26:16,2026-08-23 13:26:16
8,RadioTEDU Rock,/rock,configured_stream,51932,For You,Anti-Nowhere League,,,,,,,208.724,H:\RadioTEDU Songs\Rock\Anti-Nowhere League\For You\11 For You.mp3,1,1,206.207,2026-08-23 01:35:15,2026-08-23 01:35:15
8,RadioTEDU Rock,/rock,configured_stream,51960,Fortunate Son,Creedence Clearwater Revival,,,,,,,140.773,H:\RadioTEDU Songs\Rock\Creedence Clearwater Revival\Willy and the Poor Boys\06 Fortunate Son.flac,1,1,138.595,2026-08-23 01:52:56,2026-08-23 01:52:56
8,RadioTEDU Rock,/rock,configured_stream,51970,Freakin’ Out,Dexter and The Moonrocks,,,,,,,217.898,H:\RadioTEDU Songs\Rock\Dexter and The Moonrocks\Freakin’ Out\01 Freakin’ Out.flac,1,1,214.96,2026-08-23 16:28:00,2026-08-23 16:28:00
8,RadioTEDU Rock,/rock,configured_stream,52137,FREEZE ME UP,SiM,,,,,,,216.535,H:\RadioTEDU Songs\Rock\SiM\FREEZE ME UP\01 FREEZE ME UP.flac,1,1,214.377,2026-08-23 15:13:36,2026-08-23 15:13:36
8,RadioTEDU Rock,/rock,configured_stream,45395,Full Spectrum Dominance,Dummy,,,,,,,215.12,H:\RadioTEDU Songs\Rock\Dummy - Full Spectrum Dominance.flac,1,1,215.831,2026-08-23 18:03:35,2026-08-23 18:03:35
8,RadioTEDU Rock,/rock,configured_stream,52020,Funk #49,James Gang,,,,,,,235.462,H:\RadioTEDU Songs\Rock\James Gang\James Gang Rides Again\01 Funk #49.flac,1,1,235.101,2026-08-23 14:43:51,2026-08-23 14:43:51
8,RadioTEDU Rock,/rock,configured_stream,51887,Gallowdance,,,,,,,,231.912,H:\RadioTEDU Songs\Rock\038 - Gallowdance.mp3,1,1,229.294,2026-08-23 11:23:09,2026-08-23 11:23:09
8,RadioTEDU Rock,/rock,configured_stream,51927,Garden,Alabama Shakes,,,,,,,299.042,H:\RadioTEDU Songs\Rock\Alabama Shakes\Garden\01 Garden.flac,1,1,296.217,2026-08-23 23:52:13,2026-08-23 23:52:13
8,RadioTEDU Rock,/rock,configured_stream,52160,Get Set,Taxiride,,,,,,,193.893,H:\RadioTEDU Songs\Rock\Taxiride\Imaginate\02 Get Set.flac,1,1,190.992,2026-08-23 16:04:29,2026-08-23 16:04:29
8,RadioTEDU Rock,/rock,configured_stream,52189,Gimme Shelter,The Rolling Stones,,,,,,,270.773,H:\RadioTEDU Songs\Rock\The Rolling Stones\Let It Bleed\01 Gimme Shelter.flac,1,1,269.166,2026-08-23 21:19:37,2026-08-23 21:19:37
8,RadioTEDU Rock,/rock,configured_stream,52084,"Girls, Girls, Girls",Mötley Crüe,,,,,,,270.533,"H:\RadioTEDU Songs\Rock\Mötley Crüe\Girls, Girls, Girls\02 Girls, Girls, Girls.flac",1,1,267.825,2026-08-23 14:39:56,2026-08-23 14:39:56
8,RadioTEDU Rock,/rock,configured_stream,52125,Give It Away,Red Hot Chili Peppers,,,,,,,282.907,H:\RadioTEDU Songs\Rock\Red Hot Chili Peppers\Blood Sugar Sex Magik\09 Give It Away.flac,1,1,280.198,2026-08-23 22:07:59,2026-08-23 22:07:59
8,RadioTEDU Rock,/rock,configured_stream,51984,Going Under,Evanescence,,,,,,,218.151,H:\RadioTEDU Songs\Rock\Evanescence\Fallen\01 Going Under.flac,1,1,219.857,2026-08-23 04:13:37,2026-08-23 04:13:37
8,RadioTEDU Rock,/rock,configured_stream,51985,Going Under,Evanescence,,,,,,,218.093,H:\RadioTEDU Songs\Rock\Evanescence\Going Under.mp3,1,1,215.572,2026-08-23 18:56:31,2026-08-23 18:56:31
8,RadioTEDU Rock,/rock,configured_stream,51868,Goo Goo Muck,The Cramps,,,,,,,186.178,H:\RadioTEDU Songs\Rock\001 - The Cramps - Goo Goo Muck (Lyric Video).mp3,1,1,185.702,2026-08-23 00:44:24,2026-08-23 00:44:24
8,RadioTEDU Rock,/rock,configured_stream,52167,Good Times Roll,The Cars,,,,,,,225.227,H:\RadioTEDU Songs\Rock\The Cars\The Elektra Years_ 1978–1987\1-01 Good Times Roll.flac,1,1,222.373,2026-08-23 20:00:27,2026-08-23 20:00:27
8,RadioTEDU Rock,/rock,configured_stream,45546,Grandpa Sweaters,Upon Your Dead Body,,,,,,,210.462,H:\RadioTEDU Songs\Rock\Upon Your Dead Body - Grandpa Sweaters.flac,1,1,208.573,2026-08-23 05:06:35,2026-08-23 05:06:35
8,RadioTEDU Rock,/rock,configured_stream,51882,Graveyard Love Song,,,,,,,,260.2,H:\RadioTEDU Songs\Rock\033 - Graveyard Love Song.mp3,1,1,260.189,2026-08-23 22:45:58,2026-08-23 22:45:58
8,RadioTEDU Rock,/rock,configured_stream,52025,Gravity,Jon Toogood,,,,,,,214.624,H:\RadioTEDU Songs\Rock\Jon Toogood\Last Of The Lonely Gods\04 Gravity.flac,1,1,211.989,2026-08-23 08:52:20,2026-08-23 08:52:20
8,RadioTEDU Rock,/rock,configured_stream,47110,Gummy Bear,Le Shiv,,,,,,,164.758,H:\RadioTEDU Songs\Rock\Le Shiv - Gummy Bear.flac,1,1,161.964,2026-08-23 18:45:11,2026-08-23 18:45:11
8,RadioTEDU Rock,/rock,configured_stream,47097,Gut,Gliiico,,,,,,,145.267,H:\RadioTEDU Songs\Rock\Gliiico - Gut.flac,1,1,142.807,2026-08-23 00:39:13,2026-08-23 00:39:13
8,RadioTEDU Rock,/rock,configured_stream,51990,Hanging Out to Dry,Florence Road,,,,,,,210.133,H:\RadioTEDU Songs\Rock\Florence Road\Hanging Out to Dry\01 Hanging Out to Dry.flac,1,1,207.383,2026-08-23 23:29:55,2026-08-23 23:29:55
8,RadioTEDU Rock,/rock,configured_stream,51881,Hangman Hangten,,,,,,,,149.76,H:\RadioTEDU Songs\Rock\032 - Hangman Hangten.mp3,1,1,149.88,2026-08-23 14:18:39,2026-08-23 14:18:39
8,RadioTEDU Rock,/rock,configured_stream,45434,Happy,Letdown.,,,,,,,169.233,H:\RadioTEDU Songs\Rock\Letdown. - Happy.flac,1,1,166.571,2026-08-23 15:16:22,2026-08-23 15:16:22
8,RadioTEDU Rock,/rock,configured_stream,51875,Hard Times for Dracula,,,,,,,,155.008,H:\RadioTEDU Songs\Rock\026 - Hard Times for Dracula.mp3,1,1,154.051,2026-08-23 19:15:31,2026-08-23 19:15:31
8,RadioTEDU Rock,/rock,configured_stream,52164,Hard to Handle,The Black Crowes,,,,,,,188.067,H:\RadioTEDU Songs\Rock\The Black Crowes\Shake Your Money Maker\06 Hard to Handle.flac,1,1,185.942,2026-08-23 06:18:44,2026-08-23 06:18:44
8,RadioTEDU Rock,/rock,configured_stream,51959,Have You Ever Seen the Rain,Creedence Clearwater Revival,,,,,,,160.133,H:\RadioTEDU Songs\Rock\Creedence Clearwater Revival\Pendulum\04 Have You Ever Seen the Rain.flac,1,1,157.725,2026-08-23 00:11:00,2026-08-23 00:11:00
8,RadioTEDU Rock,/rock,configured_stream,52080,Hay Loft,Mother Mother,,,,,,,181.68,H:\RadioTEDU Songs\Rock\Mother Mother\O My ♥️\08 Hay Loft.flac,1,1,179.941,2026-08-23 00:47:30,2026-08-23 00:47:30
8,RadioTEDU Rock,/rock,configured_stream,51899,Helena,,,,,,,,199.945,H:\RadioTEDU Songs\Rock\053 - Helena.mp3,1,1,197.769,2026-08-23 13:20:07,2026-08-23 13:20:07
8,RadioTEDU Rock,/rock,configured_stream,52215,Here I Go Again 87,Whitesnake,,,,,,,275.461,H:\RadioTEDU Songs\Rock\Whitesnake\1987\10 Here I Go Again 87.flac,1,1,276.6,2026-08-23 04:28:12,2026-08-23 04:28:12
8,RadioTEDU Rock,/rock,configured_stream,52176,Hey Joe,The Jimi Hendrix Experience,,,,,,,209.72,H:\RadioTEDU Songs\Rock\The Jimi Hendrix Experience\Are You Experienced\03 Hey Joe.flac,1,1,206.879,2026-08-23 12:48:58,2026-08-23 12:48:58
8,RadioTEDU Rock,/rock,configured_stream,51922,Highway to Hell,AC/DC,,,,,,,208.4,H:\RadioTEDU Songs\Rock\AC_DC\Highway to Hell\01 Highway to Hell.flac,1,1,206.2,2026-08-23 20:34:23,2026-08-23 20:34:23
8,RadioTEDU Rock,/rock,configured_stream,52071,Holy Wars… The Punishment Due,Megadeth,,,,,,,397.259,H:\RadioTEDU Songs\Rock\Megadeth\Holy Wars… The Punishment Due.mp3,1,1,403.684,2026-08-23 18:22:30,2026-08-23 18:22:30
8,RadioTEDU Rock,/rock,configured_stream,52072,Holy Wars… The Punishment Due,Megadeth,,,,,,,397.317,H:\RadioTEDU Songs\Rock\Megadeth\Rust in Peace\01 Holy Wars… The Punishment Due.flac,1,1,397.61,2026-08-23 07:17:26,2026-08-23 07:17:26
8,RadioTEDU Rock,/rock,configured_stream,52136,Home Again,Shihad,,,,,,,225.045,H:\RadioTEDU Songs\Rock\Shihad\Shihad\01 Home Again.flac,1,1,222.475,2026-08-23 23:42:13,2026-08-23 23:42:13
8,RadioTEDU Rock,/rock,configured_stream,52188,Honky Tonk Women,The Rolling Stones,,,,,,,178.77,H:\RadioTEDU Songs\Rock\The Rolling Stones\Hot Rocks 1964–1971\2-04 Honky Tonk Women.flac,1,1,176.032,2026-08-23 19:22:06,2026-08-23 19:22:06
8,RadioTEDU Rock,/rock,configured_stream,52044,Hot Dog,Limp Bizkit,,,,,,,230.249,H:\RadioTEDU Songs\Rock\Limp Bizkit\Hit Collection 2000\04 Limp Bizkit - Hot Dog.flac,1,1,229.115,2026-08-23 09:31:18,2026-08-23 09:31:18
8,RadioTEDU Rock,/rock,configured_stream,52045,Hot Dog,Limp Bizkit,,,,,,,230.24,H:\RadioTEDU Songs\Rock\Limp Bizkit\Hot Dog.mp3,1,1,230.988,2026-08-23 14:26:16,2026-08-23 14:26:16
8,RadioTEDU Rock,/rock,configured_stream,45378,How Much Love Have I Got Left,CHEEKY LEASH,,,,,,,237.542,H:\RadioTEDU Songs\Rock\CHEEKY LEASH - How Much Love Have I Got Left.flac,1,1,234.695,2026-08-23 18:07:43,2026-08-23 18:07:43
8,RadioTEDU Rock,/rock,configured_stream,52135,How to Live,Seeland,,,,,,,146.855,H:\RadioTEDU Songs\Rock\Seeland\How to Live\06 How to Live.mp3,1,1,144.456,2026-08-23 14:46:15,2026-08-23 14:46:15
8,RadioTEDU Rock,/rock,configured_stream,52088,How You Remind Me,Nickelback,,,,,,,223.84,H:\RadioTEDU Songs\Rock\Nickelback\Silver Side Up\02 How You Remind Me.flac,1,1,221.123,2026-08-23 16:08:11,2026-08-23 16:08:11
8,RadioTEDU Rock,/rock,configured_stream,51978,Hungry Like the Wolf,Duran Duran,,,,,,,220.627,H:\RadioTEDU Songs\Rock\Duran Duran\Rio\04 Hungry Like the Wolf.flac,1,1,220.488,2026-08-23 16:01:09,2026-08-23 16:01:09
8,RadioTEDU Rock,/rock,configured_stream,51940,I Don't Wanna Be,Bite Me Bambi,,,,,,,195.456,H:\RadioTEDU Songs\Rock\Bite Me Bambi\Hurry Up and Wait\04 I Don't Wanna Be.mp3,1,1,195.072,2026-08-23 15:26:04,2026-08-23 15:26:04
8,RadioTEDU Rock,/rock,configured_stream,51907,I Don't Wanna Be Me,,,,,,,,308.827,H:\RadioTEDU Songs\Rock\066 - I Don't Wanna Be Me.mp3,1,1,306.31,2026-08-23 10:01:45,2026-08-23 10:01:45
8,RadioTEDU Rock,/rock,configured_stream,52138,I Don’t Need Anything from You,Slow Joy,,,,,,,133.851,H:\RadioTEDU Songs\Rock\Slow Joy\Esteban Flores\11 Slow Joy - I Don’t Need Anything from You.flac,1,1,131.788,2026-08-23 07:23:35,2026-08-23 07:23:35
8,RadioTEDU Rock,/rock,configured_stream,52142,I Got You,Split Enz,,,,,,,209.467,H:\RadioTEDU Songs\Rock\Split Enz\True Colours\02 I Got You.flac,1,1,206.847,2026-08-23 21:59:26,2026-08-23 21:59:26
8,RadioTEDU Rock,/rock,configured_stream,52200,I Hate Everything About You,Three Days Grace,,,,,,,219.777,H:\RadioTEDU Songs\Rock\Three Days Grace\Three Days Grace\2-01 I Hate Everything About You.flac,1,1,217.094,2026-08-23 20:27:31,2026-08-23 20:27:31
8,RadioTEDU Rock,/rock,configured_stream,52024,I Hate Myself for Loving You,Joan Jett and the Blackhearts,,,,,,,246.8,H:\RadioTEDU Songs\Rock\Joan Jett and the Blackhearts\Up Your Alley\01 I Hate Myself for Loving You.flac,1,1,250.323,2026-08-23 06:44:48,2026-08-23 06:44:48
8,RadioTEDU Rock,/rock,configured_stream,52130,I See You Now,Roger Taylor,,,,,,,196.973,H:\RadioTEDU Songs\Rock\Roger Taylor\I See You Now\01 I See You Now.flac,1,1,194.175,2026-08-23 13:04:49,2026-08-23 13:04:49
8,RadioTEDU Rock,/rock,configured_stream,52205,I Wanna Rock,Twisted Sister,,,,,,,183.391,H:\RadioTEDU Songs\Rock\Twisted Sister\Stay Hungry\05 I Wanna Rock.flac,1,1,181.288,2026-08-23 12:13:00,2026-08-23 12:13:00
8,RadioTEDU Rock,/rock,configured_stream,52106,I'll Be Okay,Paperback Tragedy,,,,,,,131.691,H:\RadioTEDU Songs\Rock\Paperback Tragedy\Threeshe!\08 I'll Be Okay.mp3,1,1,129.694,2026-08-23 00:22:42,2026-08-23 00:22:42
8,RadioTEDU Rock,/rock,configured_stream,52019,I'll Give You The Moon,Jad Fair & Kramer,,,,,,,156.053,H:\RadioTEDU Songs\Rock\Jad Fair & Kramer\The History Of Crying\05 I'll Give You The Moon.mp3,1,1,153.12,2026-08-23 23:44:46,2026-08-23 23:44:46
8,RadioTEDU Rock,/rock,configured_stream,51962,I'm Lost Without You,Crosstown Bus,,,,,,,600.491,H:\RadioTEDU Songs\Rock\Crosstown Bus\High Grass\10 I'm Lost Without You.mp3,1,1,598.2,2026-08-23 15:05:23,2026-08-23 15:05:23
8,RadioTEDU Rock,/rock,configured_stream,51904,Ignorance,,,,,,,,218.627,H:\RadioTEDU Songs\Rock\058 - Ignorance.mp3,1,1,218.557,2026-08-23 23:07:45,2026-08-23 23:07:45
8,RadioTEDU Rock,/rock,configured_stream,52039,Immigrant Song,Led Zeppelin,,,,,,,146.25,H:\RadioTEDU Songs\Rock\Led Zeppelin\Led Zeppelin III\01 Immigrant Song.flac,1,1,145.466,2026-08-23 09:43:13,2026-08-23 09:43:13
8,RadioTEDU Rock,/rock,configured_stream,52146,In Circles,Stereo Wildlife feat. Joris Van Meegen,,,,,,,104.649,H:\RadioTEDU Songs\Rock\Stereo Wildlife\The Lighthouse\02 Stereo Wildlife feat. Joris Van Meegen - In Circles.flac,1,1,102.073,2026-08-23 04:35:10,2026-08-23 04:35:10
8,RadioTEDU Rock,/rock,configured_stream,52049,In the End,Linkin Park,,,,,,,216.944,H:\RadioTEDU Songs\Rock\Linkin Park\Greatest Hits\1-11 Linkin Park - In the End.flac,1,1,215.705,2026-08-23 20:23:54,2026-08-23 20:23:54
8,RadioTEDU Rock,/rock,configured_stream,52051,In the End,Linkin Park,,,,,,,216.933,H:\RadioTEDU Songs\Rock\Linkin Park\Hybrid Theory\08 In the End.flac,1,1,214.002,2026-08-23 12:09:59,2026-08-23 12:09:59
8,RadioTEDU Rock,/rock,configured_stream,52052,In the End,Linkin Park,,,,,,,216.933,H:\RadioTEDU Songs\Rock\Linkin Park\In the End.mp3,1,1,214.841,2026-08-23 14:22:24,2026-08-23 14:22:24
8,RadioTEDU Rock,/rock,configured_stream,52156,Interstate Love Song,Stone Temple Pilots,,,,,,,193.613,H:\RadioTEDU Songs\Rock\Stone Temple Pilots\Purple\04 Stone Temple Pilots - Interstate Love Song.flac,1,1,191.363,2026-08-23 04:38:21,2026-08-23 04:38:21
8,RadioTEDU Rock,/rock,configured_stream,52173,Iris,The Goo Goo Dolls,,,,,,,289.533,H:\RadioTEDU Songs\Rock\The Goo Goo Dolls\Dizzy Up the Girl\11 Iris.flac,1,1,288.815,2026-08-23 11:14:27,2026-08-23 11:14:27
8,RadioTEDU Rock,/rock,configured_stream,51943,Iron Man,Black Sabbath,,,,,,,356.027,H:\RadioTEDU Songs\Rock\Black Sabbath\Paranoid\04 Iron Man.flac,1,1,354.494,2026-08-23 21:05:19,2026-08-23 21:05:19
8,RadioTEDU Rock,/rock,configured_stream,52210,Jump,Van Halen,,,,,,,241.871,H:\RadioTEDU Songs\Rock\Van Halen\The Collection\6-02 Jump.flac,1,1,238.983,2026-08-23 11:30:21,2026-08-23 11:30:21
8,RadioTEDU Rock,/rock,configured_stream,52129,Katy Bar the Door,Rise Against,,,,,,,205.203,H:\RadioTEDU Songs\Rock\Rise Against\Katy Bar the Door _ Living Undercover\01 Katy Bar the Door.flac,1,1,202.681,2026-08-23 17:20:16,2026-08-23 17:20:16
8,RadioTEDU Rock,/rock,configured_stream,52083,Kickstart My Heart,Mötley Crüe,,,,,,,282.653,H:\RadioTEDU Songs\Rock\Mötley Crüe\Dr. Feelgood\05 Kickstart My Heart.flac,1,1,282.671,2026-08-23 11:19:10,2026-08-23 11:19:10
8,RadioTEDU Rock,/rock,configured_stream,52086,Kickstart My Heart,Mötley Crüe,,,,,,,311.414,H:\RadioTEDU Songs\Rock\Mötley Crüe\Greatest Video Hits\01 Kickstart My Heart.mp3,1,1,308.838,2026-08-23 09:40:47,2026-08-23 09:40:47
8,RadioTEDU Rock,/rock,configured_stream,51878,Killer Queen (Remastered 2011),,,,,,,,179.6,H:\RadioTEDU Songs\Rock\029 - Killer Queen (Remastered 2011).mp3,1,1,177.595,2026-08-23 10:47:42,2026-08-23 10:47:42
8,RadioTEDU Rock,/rock,configured_stream,52122,Killing in the Name,Rage Against the Machine,,,,,,,313.818,H:\RadioTEDU Songs\Rock\Rage Against the Machine\Killing in the Name.mp3,1,1,311.197,2026-08-23 07:10:49,2026-08-23 07:10:49
8,RadioTEDU Rock,/rock,configured_stream,52123,Killing in the Name,Rage Against the Machine,,,,,,,313.818,H:\RadioTEDU Songs\Rock\Rage Against the Machine\Rage Against the Machine\02 Killing in the Name.flac,1,1,313.224,2026-08-23 04:33:25,2026-08-23 04:33:25
8,RadioTEDU Rock,/rock,configured_stream,51941,Kingdom Come,Black Lips,,,,,,,207.24,H:\RadioTEDU Songs\Rock\Black Lips\Kingdom Come\01 Kingdom Come.flac,1,1,205.72,2026-08-23 13:12:54,2026-08-23 13:12:54
8,RadioTEDU Rock,/rock,configured_stream,47108,knee/touch,Nautics,,,,,,,246.08,H:\RadioTEDU Songs\Rock\Nautics - kneetouch.flac,1,1,243.201,2026-08-23 17:45:22,2026-08-23 17:45:22
8,RadioTEDU Rock,/rock,configured_stream,52217,La Grange,ZZ Top,,,,,,,230.48,H:\RadioTEDU Songs\Rock\ZZ Top\Tres hombres\08 La Grange.flac,1,1,228.026,2026-08-23 16:15:37,2026-08-23 16:15:37
8,RadioTEDU Rock,/rock,configured_stream,52194,Last Nite,The Strokes,,,,,,,193.507,H:\RadioTEDU Songs\Rock\The Strokes\Is This It\07 Last Nite.flac,1,1,190.731,2026-08-23 00:00:18,2026-08-23 00:00:18
8,RadioTEDU Rock,/rock,configured_stream,52105,Last Resort (clean version),Papa Roach,,,,,,,198.867,H:\RadioTEDU Songs\Rock\Papa Roach\Last Resort (clean version).mp3,1,1,196.938,2026-08-23 02:52:47,2026-08-23 02:52:47
8,RadioTEDU Rock,/rock,configured_stream,51969,Layla,Derek and the Dominos,,,,,,,423.84,H:\RadioTEDU Songs\Rock\Derek and the Dominos\Layla and Other Assorted Love Songs\13 Layla.flac,1,1,422.551,2026-08-23 11:44:35,2026-08-23 11:44:35
8,RadioTEDU Rock,/rock,configured_stream,51994,Learn to Fly,Foo Fighters,,,,,,,235.293,H:\RadioTEDU Songs\Rock\Foo Fighters\There Is Nothing Left to Lose\03 Learn to Fly.flac,1,1,232.454,2026-08-23 14:16:10,2026-08-23 14:16:10
8,RadioTEDU Rock,/rock,configured_stream,51995,Libra,French Police,,,,,,,167.279,H:\RadioTEDU Songs\Rock\French Police\Libra\01 Libra.flac,1,1,164.375,2026-08-23 20:37:13,2026-08-23 20:37:13
8,RadioTEDU Rock,/rock,configured_stream,51979,Life in the Fast Lane,Eagles,,,,,,,285.803,H:\RadioTEDU Songs\Rock\Eagles\Hotel California\03 Life in the Fast Lane.flac,1,1,282.953,2026-08-23 20:05:09,2026-08-23 20:05:09
8,RadioTEDU Rock,/rock,configured_stream,52172,Light My Fire,The Doors,,,,,,,429.76,H:\RadioTEDU Songs\Rock\The Doors\The Doors\06 Light My Fire.flac,1,1,427.465,2026-08-23 02:12:34,2026-08-23 02:12:34
8,RadioTEDU Rock,/rock,configured_stream,45497,Lilith,Stanley Simmons,,,,,,,242.626,H:\RadioTEDU Songs\Rock\Stanley Simmons - Lilith.flac,1,1,240.258,2026-08-23 08:56:21,2026-08-23 08:56:21
8,RadioTEDU Rock,/rock,configured_stream,52170,Listen to the Music,The Doobie Brothers,,,,,,,227.267,H:\RadioTEDU Songs\Rock\The Doobie Brothers\Toulouse Street\01 Listen to the Music.flac,1,1,224.928,2026-08-23 15:36:24,2026-08-23 15:36:24
8,RadioTEDU Rock,/rock,configured_stream,52007,Little Tea,HONEYMOAN,,,,,,,228.694,H:\RadioTEDU Songs\Rock\HONEYMOAN\LOVE DESTROY ME\03 HONEYMOAN - Little Tea.flac,1,1,228.491,2026-08-23 18:15:47,2026-08-23 18:15:47
8,RadioTEDU Rock,/rock,configured_stream,51949,Livin’ on a Prayer,Bon Jovi,,,,,,,249.293,H:\RadioTEDU Songs\Rock\Bon Jovi\Slippery When Wet\03 Livin’ on a Prayer.flac,1,1,248.979,2026-08-23 18:31:58,2026-08-23 18:31:58
8,RadioTEDU Rock,/rock,configured_stream,52169,London Calling,The Clash,,,,,,,200.48,H:\RadioTEDU Songs\Rock\The Clash\London Calling\01 London Calling.flac,1,1,197.93,2026-08-23 04:16:55,2026-08-23 04:16:55
8,RadioTEDU Rock,/rock,configured_stream,51900,London Dungeon,,,,,,,,154.4,H:\RadioTEDU Songs\Rock\054 - London Dungeon.mp3,1,1,152.313,2026-08-23 06:27:59,2026-08-23 06:27:59
8,RadioTEDU Rock,/rock,configured_stream,52165,Lonely Boy,The Black Keys,,,,,,,193.653,H:\RadioTEDU Songs\Rock\The Black Keys\El Camino\01 Lonely Boy.flac,1,1,192.604,2026-08-23 03:05:32,2026-08-23 03:05:32
8,RadioTEDU Rock,/rock,configured_stream,52175,Long Cool Woman (In a Black Dress),The Hollies,,,,,,,199.2,H:\RadioTEDU Songs\Rock\The Hollies\Distant Light\07 Long Cool Woman (In a Black Dress).flac,1,1,197.481,2026-08-23 20:53:52,2026-08-23 20:53:52
8,RadioTEDU Rock,/rock,configured_stream,51936,Loser,Beck,,,,,,,232.234,H:\RadioTEDU Songs\Rock\Beck\Mellow Gold\01 Loser.flac,1,1,234.098,2026-08-23 13:01:35,2026-08-23 13:01:35
8,RadioTEDU Rock,/rock,configured_stream,52121,Losing My Religion 2 (demo),R.E.M.,,,,,,,273.968,H:\RadioTEDU Songs\Rock\R.E.M_\Out of Time\2-11 Losing My Religion 2 (demo).flac,1,1,272.253,2026-08-23 05:27:39,2026-08-23 05:27:39
8,RadioTEDU Rock,/rock,configured_stream,52202,Love Is a Long Road,Tom Petty,,,,,,,247.6,H:\RadioTEDU Songs\Rock\Tom Petty\Full Moon Fever\03 Love Is a Long Road.flac,1,1,245.987,2026-08-23 21:45:20,2026-08-23 21:45:20
8,RadioTEDU Rock,/rock,configured_stream,51902,Love You to Death,,,,,,,,428.8,H:\RadioTEDU Songs\Rock\056 - Love You to Death.mp3,1,1,425.973,2026-08-23 17:11:11,2026-08-23 17:11:11
8,RadioTEDU Rock,/rock,configured_stream,52067,Lullaby,Low,,,,,,,589.107,H:\RadioTEDU Songs\Rock\Low\I Could Live in Hope\06 Lullaby.flac,1,1,586.409,2026-08-23 04:06:05,2026-08-23 04:06:05
8,RadioTEDU Rock,/rock,configured_stream,52009,Lust for Life,Iggy Pop,,,,,,,313.926,H:\RadioTEDU Songs\Rock\Iggy Pop\Lust for Life\01 Lust for Life.flac,1,1,311.396,2026-08-23 17:57:57,2026-08-23 17:57:57
8,RadioTEDU Rock,/rock,configured_stream,45530,Makes no Difference,The Rose Hips,,,,,,,252.209,H:\RadioTEDU Songs\Rock\The Rose Hips - Makes no Difference.flac,1,1,249.318,2026-08-23 13:40:13,2026-08-23 13:40:13
8,RadioTEDU Rock,/rock,configured_stream,52099,"Mama, I’m Coming Home",Ozzy Osbourne,,,,,,,251.867,"H:\RadioTEDU Songs\Rock\Ozzy Osbourne\No More Tears\03 Mama, I’m Coming Home.flac",1,1,250.56,2026-08-23 00:36:50,2026-08-23 00:36:50
8,RadioTEDU Rock,/rock,configured_stream,52201,Mary Jane’s Last Dance,Tom Petty & the Heartbreakers,,,,,,,273.6,H:\RadioTEDU Songs\Rock\Tom Petty and the Heartbreakers\Greatest Hits\17 Tom Petty & the Heartbreakers - Mary Jane’s Last Dance.flac,1,1,270.815,2026-08-23 00:04:48,2026-08-23 00:04:48
8,RadioTEDU Rock,/rock,configured_stream,51870,Mary On A Cross,Ghost,,,,,,,244.785,H:\RadioTEDU Songs\Rock\015 - Ghost - Mary On A Cross (Official Audio).mp3,1,1,241.817,2026-08-23 16:49:02,2026-08-23 16:49:02
8,RadioTEDU Rock,/rock,configured_stream,52074,Master of Puppets,Metallica,,,,,,,515.387,H:\RadioTEDU Songs\Rock\Metallica\Master of Puppets\02 Master of Puppets.flac,1,1,512.697,2026-08-23 08:18:38,2026-08-23 08:18:38
8,RadioTEDU Rock,/rock,configured_stream,45409,Mechanical Bull,Hannah Cole,,,,,,,214.147,H:\RadioTEDU Songs\Rock\Hannah Cole - Mechanical Bull.flac,1,1,215.041,2026-08-23 16:57:15,2026-08-23 16:57:15
8,RadioTEDU Rock,/rock,configured_stream,52098,Medicine,Out in Front,,,,,,,232.5,H:\RadioTEDU Songs\Rock\Out in Front\Medicine\01 Medicine.flac,1,1,229.625,2026-08-23 12:41:24,2026-08-23 12:41:24
8,RadioTEDU Rock,/rock,configured_stream,52162,Midnight Rider,The Allman Brothers Band,,,,,,,179.76,H:\RadioTEDU Songs\Rock\The Allman Brothers Band\Idlewild South\03 Midnight Rider.flac,1,1,178.887,2026-08-23 03:49:03,2026-08-23 03:49:03
8,RadioTEDU Rock,/rock,configured_stream,52107,Misery Business,Paramore,,,,,,,211.52,H:\RadioTEDU Songs\Rock\Paramore\RIOT!\04 Misery Business.flac,1,1,208.804,2026-08-23 03:19:33,2026-08-23 03:19:33
8,RadioTEDU Rock,/rock,configured_stream,52018,Mr Brightside,It’s a Cover Up,,,,,,,222.973,"H:\RadioTEDU Songs\Rock\It’s a Cover Up\Most Requested Party Songs, Vol. 1\08 Mr Brightside.mp3",1,1,220.32,2026-08-23 02:31:04,2026-08-23 02:31:04
8,RadioTEDU Rock,/rock,configured_stream,52420,Mr. Blue Sky,Electric Light Orchestra,,,,,,,302.08,H:\RadioTEDU Songs\Rock\Electric Light Orchestra\Out of the Blue\13 Mr. Blue Sky.flac,1,1,299.769,2026-08-23 02:57:47,2026-08-23 02:57:47
8,RadioTEDU Rock,/rock,configured_stream,52179,Mr. Brightside,The Killers,,,,,,,222.973,H:\RadioTEDU Songs\Rock\The Killers\Hot Fuss\02 Mr. Brightside (1).flac,1,1,222.505,2026-08-23 06:01:34,2026-08-23 06:01:34
8,RadioTEDU Rock,/rock,configured_stream,52180,Mr. Brightside,The Killers,,,,,,,222.973,H:\RadioTEDU Songs\Rock\The Killers\Hot Fuss\02 Mr. Brightside.flac,1,1,220.297,2026-08-23 07:21:17,2026-08-23 07:21:17
8,RadioTEDU Rock,/rock,configured_stream,51896,My Girlfriend's Girlfriend,,,,,,,,228.827,H:\RadioTEDU Songs\Rock\050 - My Girlfriend's Girlfriend.mp3,1,1,233.523,2026-08-23 04:09:58,2026-08-23 04:09:58
8,RadioTEDU Rock,/rock,configured_stream,51914,My Own Summer (Shove It),,,,,,,,214.76,H:\RadioTEDU Songs\Rock\073 - My Own Summer (Shove It).mp3,1,1,213.235,2026-08-23 17:39:07,2026-08-23 17:39:07
8,RadioTEDU Rock,/rock,configured_stream,52185,New World Order,The Pineapple Thief,,,,,,,263.364,H:\RadioTEDU Songs\Rock\The Pineapple Thief\New World Order\01 New World Order.flac,1,1,260.519,2026-08-23 23:04:07,2026-08-23 23:04:07
8,RadioTEDU Rock,/rock,configured_stream,52120,No One Knows,Queens of the Stone Age,,,,,,,278.747,H:\RadioTEDU Songs\Rock\Queens of the Stone Age\Songs for the Deaf\02 No One Knows.flac,1,1,281.814,2026-08-23 20:15:19,2026-08-23 20:15:19
8,RadioTEDU Rock,/rock,configured_stream,51944,No Rain,Blind Melon,,,,,,,217.107,H:\RadioTEDU Songs\Rock\Blind Melon\Blind Melon\07 No Rain.flac,1,1,214.945,2026-08-23 02:49:30,2026-08-23 02:49:30
8,RadioTEDU Rock,/rock,configured_stream,52031,NOTHING BETTER THAN THIS,Kasabian,,,,,,,158.244,H:\RadioTEDU Songs\Rock\Kasabian\NOTHING BETTER THAN THIS\01 NOTHING BETTER THAN THIS.flac,1,1,155.779,2026-08-23 18:25:06,2026-08-23 18:25:06
8,RadioTEDU Rock,/rock,configured_stream,52055,Numb,Linkin Park,,,,,,,187.52,H:\RadioTEDU Songs\Rock\Linkin Park\Meteora\13 Numb (1).flac,1,1,185.524,2026-08-23 06:21:58,2026-08-23 06:21:58
8,RadioTEDU Rock,/rock,configured_stream,52056,Numb,Linkin Park,,,,,,,187.153,H:\RadioTEDU Songs\Rock\Linkin Park\Meteora\13 Numb.flac,1,1,186.607,2026-08-23 01:13:20,2026-08-23 01:13:20
8,RadioTEDU Rock,/rock,configured_stream,52057,Numb,Linkin Park,,,,,,,187.153,H:\RadioTEDU Songs\Rock\Linkin Park\Meteora\13 Numb.mp3,1,1,184.839,2026-08-23 03:56:18,2026-08-23 03:56:18
8,RadioTEDU Rock,/rock,configured_stream,52159,Once in a Lifetime,Talking Heads,,,,,,,259.907,H:\RadioTEDU Songs\Rock\Talking Heads\Remain in Light\1-04 Once in a Lifetime.flac,1,1,257.317,2026-08-23 05:18:33,2026-08-23 05:18:33
8,RadioTEDU Rock,/rock,configured_stream,51956,One Last Breath,Creed,,,,,,,239.456,H:\RadioTEDU Songs\Rock\Creed\One Last Breath.mp3,1,1,237.778,2026-08-23 10:55:15,2026-08-23 10:55:15
8,RadioTEDU Rock,/rock,configured_stream,51957,One Last Breath,Creed,,,,,,,239.456,H:\RadioTEDU Songs\Rock\Creed\Weathered\05 One Last Breath.flac,1,1,236.762,2026-08-23 02:35:00,2026-08-23 02:35:00
8,RadioTEDU Rock,/rock,configured_stream,52148,One of These Days,Stereo Wildlife feat. Kid Alaska & Izzy Chase,,,,,,,141.606,H:\RadioTEDU Songs\Rock\Stereo Wildlife\The Lighthouse\04 Stereo Wildlife feat. Kid Alaska & Izzy Chase - One of These Days (1).flac,1,1,138.99,2026-08-23 21:29:28,2026-08-23 21:29:28
8,RadioTEDU Rock,/rock,configured_stream,52149,One of These Days,Stereo Wildlife feat. Kid Alaska & Izzy Chase,,,,,,,131.955,H:\RadioTEDU Songs\Rock\Stereo Wildlife\The Lighthouse\04 Stereo Wildlife feat. Kid Alaska & Izzy Chase - One of These Days (2).flac,1,1,129.007,2026-08-23 17:41:19,2026-08-23 17:41:19
8,RadioTEDU Rock,/rock,configured_stream,52150,One of These Days,Stereo Wildlife feat. Kid Alaska & Izzy Chase,,,,,,,126.552,H:\RadioTEDU Songs\Rock\Stereo Wildlife\The Lighthouse\04 Stereo Wildlife feat. Kid Alaska & Izzy Chase - One of These Days.flac,1,1,123.875,2026-08-23 00:41:17,2026-08-23 00:41:17
8,RadioTEDU Rock,/rock,configured_stream,52153,One of These Days (Redux),Stereo Wildlife,,,,,,,158.127,H:\RadioTEDU Songs\Rock\Stereo Wildlife\The Lighthouse\09 Stereo Wildlife - One of These Days (Redux).flac,1,1,155.459,2026-08-23 04:19:32,2026-08-23 04:19:32
8,RadioTEDU Rock,/rock,configured_stream,51889,Out Of Control,,,,,,,,217.293,H:\RadioTEDU Songs\Rock\040 - Out Of Control.mp3,1,1,218.369,2026-08-23 21:23:15,2026-08-23 21:23:15
8,RadioTEDU Rock,/rock,configured_stream,52010,Overdrive,Imperial Teen,,,,,,,186.95,H:\RadioTEDU Songs\Rock\Imperial Teen\All Over You\01 Overdrive.flac,1,1,184.595,2026-08-23 10:07:01,2026-08-23 10:07:01
8,RadioTEDU Rock,/rock,configured_stream,52028,Painkiller,Judas Priest,,,,,,,368.431,H:\RadioTEDU Songs\Rock\Judas Priest\Metalogy_ Box Set Sampler\10 Painkiller.flac,1,1,366.03,2026-08-23 06:15:39,2026-08-23 06:15:39
8,RadioTEDU Rock,/rock,configured_stream,52029,Painkiller,Judas Priest,,,,,,,368.373,H:\RadioTEDU Songs\Rock\Judas Priest\Painkiller.mp3,1,1,369.639,2026-08-23 01:10:14,2026-08-23 01:10:14
8,RadioTEDU Rock,/rock,configured_stream,45542,Paint a Picture,Trueblood,,,,,,,198.098,H:\RadioTEDU Songs\Rock\Trueblood - Paint a Picture.flac,1,1,196.308,2026-08-23 14:29:33,2026-08-23 14:29:33
8,RadioTEDU Rock,/rock,configured_stream,51872,Paint It Black,,,,,,,,145.333,H:\RadioTEDU Songs\Rock\018 - Paint It Black.mp3,1,1,142.983,2026-08-23 02:14:56,2026-08-23 02:14:56
8,RadioTEDU Rock,/rock,configured_stream,52187,Paint It Black,The Rolling Stones,,,,,,,202.267,H:\RadioTEDU Songs\Rock\The Rolling Stones\Aftermath\01 Paint It Black.flac,1,1,202.839,2026-08-23 00:08:11,2026-08-23 00:08:11
8,RadioTEDU Rock,/rock,configured_stream,52034,Painting After Painting,Kiwi Jr.,,,,,,,228.584,H:\RadioTEDU Songs\Rock\Kiwi Jr_\Blowin’ Up\08 Painting After Painting.flac,1,1,226.751,2026-08-23 10:25:29,2026-08-23 10:25:29
8,RadioTEDU Rock,/rock,configured_stream,52209,Panama,Van Halen,,,,,,,210.21,H:\RadioTEDU Songs\Rock\Van Halen\1984\03 Panama.flac,1,1,207.315,2026-08-23 13:43:40,2026-08-23 13:43:40
8,RadioTEDU Rock,/rock,configured_stream,52000,Paradise City,Guns N’ Roses,,,,,,,408.172,H:\RadioTEDU Songs\Rock\Guns N’ Roses\Appetite for Destruction\06 Paradise City.flac,1,1,406.533,2026-08-23 01:50:38,2026-08-23 01:50:38
8,RadioTEDU Rock,/rock,configured_stream,51942,Paranoid,Black Sabbath,,,,,,,167.72,H:\RadioTEDU Songs\Rock\Black Sabbath\Paranoid\02 Paranoid.flac,1,1,165.039,2026-08-23 22:52:17,2026-08-23 22:52:17
8,RadioTEDU Rock,/rock,configured_stream,51937,Piece of My Heart,Big Brother & the Holding Company,,,,,,,253.333,H:\RadioTEDU Songs\Rock\Big Brother & the Holding Company\Cheap Thrills\04 Piece of My Heart.flac,1,1,250.589,2026-08-23 17:24:26,2026-08-23 17:24:26
8,RadioTEDU Rock,/rock,configured_stream,47113,Poles,Special Features,,,,,,,218.856,H:\RadioTEDU Songs\Rock\Special Features - Poles.flac,1,1,216.163,2026-08-23 20:46:17,2026-08-23 20:46:17
8,RadioTEDU Rock,/rock,configured_stream,51966,Pour Some Sugar on Me,Def Leppard,,,,,,,267.307,H:\RadioTEDU Songs\Rock\Def Leppard\Hysteria\05 Pour Some Sugar on Me.flac,1,1,264.844,2026-08-23 00:15:25,2026-08-23 00:15:25
8,RadioTEDU Rock,/rock,configured_stream,51967,Pour Some Sugar on Me (promo video),Def Leppard,,,,,,,295.544,H:\RadioTEDU Songs\Rock\Def Leppard\Hysteria\6-07 Def Leppard - Pour Some Sugar on Me (promo video).flac,1,1,299.254,2026-08-23 14:07:35,2026-08-23 14:07:35
8,RadioTEDU Rock,/rock,configured_stream,51869,Psycho Killer,Talking Heads,,,,,,,261.422,H:\RadioTEDU Songs\Rock\014 - Talking Heads - Psycho Killer (Official Audio).mp3,1,1,259.423,2026-08-23 17:04:05,2026-08-23 17:04:05
8,RadioTEDU Rock,/rock,configured_stream,51901,Pumpkinhead,,,,,,,,136.04,H:\RadioTEDU Songs\Rock\055 - Pumpkinhead.mp3,1,1,137.53,2026-08-23 08:09:55,2026-08-23 08:09:55
8,RadioTEDU Rock,/rock,configured_stream,52177,Purple Haze,The Jimi Hendrix Experience,,,,,,,180.489,H:\RadioTEDU Songs\Rock\The Jimi Hendrix Experience\Are You Experienced\1-14 Purple Haze.flac,1,1,177.859,2026-08-23 05:03:06,2026-08-23 05:03:06
8,RadioTEDU Rock,/rock,configured_stream,52157,"Rapture, Or...",Sweeping Promises,,,,,,,218.812,"H:\RadioTEDU Songs\Rock\Sweeping Promises\You Say I Romanticize\04 Rapture, Or....flac",1,1,216.024,2026-08-23 23:14:04,2026-08-23 23:14:04
8,RadioTEDU Rock,/rock,configured_stream,51950,Rebel Rebel,Bowie,,,,,,,274.747,H:\RadioTEDU Songs\Rock\Bowie\Diamond Dogs\06 Rebel Rebel.flac,1,1,274.269,2026-08-23 00:32:40,2026-08-23 00:32:40
8,RadioTEDU Rock,/rock,configured_stream,51910,Red Flags And Long Nights,,,,,,,,308.987,H:\RadioTEDU Songs\Rock\069 - Red Flags And Long Nights.mp3,1,1,306.38,2026-08-23 11:53:55,2026-08-23 11:53:55
8,RadioTEDU Rock,/rock,configured_stream,52021,Ricochet,Jamey Cassell,,,,,,,223.962,H:\RadioTEDU Songs\Rock\Jamey Cassell\Ricochet\01 Ricochet.flac,1,1,221.115,2026-08-23 21:49:03,2026-08-23 21:49:03
8,RadioTEDU Rock,/rock,configured_stream,45380,Robot,Clutter,,,,,,,178.75,H:\RadioTEDU Songs\Rock\Clutter - Robot.flac,1,1,176.027,2026-08-23 14:32:32,2026-08-23 14:32:32
8,RadioTEDU Rock,/rock,configured_stream,51915,Rock Lobster,,,,,,,,296.053,H:\RadioTEDU Songs\Rock\074 - Rock Lobster.mp3,1,1,294.604,2026-08-23 01:21:07,2026-08-23 01:21:07
8,RadioTEDU Rock,/rock,configured_stream,45457,Rock N Roll Ruined My Life,Ok Cowgirl,,,,,,,255.547,H:\RadioTEDU Songs\Rock\Ok Cowgirl - Rock N Roll Ruined My Life.flac,1,1,255.754,2026-08-23 20:50:32,2026-08-23 20:50:32
8,RadioTEDU Rock,/rock,configured_stream,52134,Rock You Like a Hurricane,Scorpions,,,,,,,253.667,H:\RadioTEDU Songs\Rock\Scorpions\Love at First Sting\02 Rock You Like a Hurricane.flac,1,1,255.389,2026-08-23 06:05:49,2026-08-23 06:05:49
8,RadioTEDU Rock,/rock,configured_stream,51885,Romeo's Distress (1),,,,,,,,196.107,H:\RadioTEDU Songs\Rock\036 - Romeo's Distress (1).mp3,1,1,193.199,2026-08-23 04:41:35,2026-08-23 04:41:35
8,RadioTEDU Rock,/rock,configured_stream,51954,Run to Paradise,Choirboys,,,,,,,248.56,H:\RadioTEDU Songs\Rock\Choirboys\Big Bad Noise\01 Run to Paradise.flac,1,1,248.351,2026-08-23 12:45:32,2026-08-23 12:45:32
8,RadioTEDU Rock,/rock,configured_stream,52015,Run to the Hills,Iron Maiden,,,,,,,233.507,H:\RadioTEDU Songs\Rock\Iron Maiden\The Number Of The Beast\06 Run to the Hills.flac,1,1,238.109,2026-08-23 03:53:02,2026-08-23 03:53:02
8,RadioTEDU Rock,/rock,configured_stream,52422,Samba de Sausalito,Santana,,,,,,,188.257,H:\RadioTEDU Songs\Rock\Santana\Welcome\03 Samba de Sausalito.mp3,1,1,185.646,2026-08-23 15:19:27,2026-08-23 15:19:27
8,RadioTEDU Rock,/rock,configured_stream,52190,Satisfaction,The Rolling Stones,,,,,,,222.813,H:\RadioTEDU Songs\Rock\The Rolling Stones\Out of Our Heads\07 Satisfaction.flac,1,1,221.213,2026-08-23 07:38:56,2026-08-23 07:38:56
8,RadioTEDU Rock,/rock,configured_stream,51898,Saturday Night,,,,,,,,208.103,H:\RadioTEDU Songs\Rock\052 - Saturday Night.mp3,1,1,205.337,2026-08-23 01:28:36,2026-08-23 01:28:36
8,RadioTEDU Rock,/rock,configured_stream,52213,Say It Ain't So,Weezer,,,,,,,258.827,H:\RadioTEDU Songs\Rock\Weezer\Weezer\07 Say It Ain't So.flac,1,1,257.103,2026-08-23 05:31:56,2026-08-23 05:31:56
8,RadioTEDU Rock,/rock,configured_stream,52061,Scavenger Hunt,Louie Zong,,,,,,,10.083,H:\RadioTEDU Songs\Rock\Louie Zong\Light\04 Scavenger Hunt (1).mp3,1,1,7.673,2026-08-23 18:45:20,2026-08-23 18:45:20
8,RadioTEDU Rock,/rock,configured_stream,52062,Scavenger Hunt,Louie Zong,,,,,,,10.083,H:\RadioTEDU Songs\Rock\Louie Zong\Light\04 Scavenger Hunt (2).mp3,1,1,7.507,2026-08-23 06:18:52,2026-08-23 06:18:52
8,RadioTEDU Rock,/rock,configured_stream,52063,Scavenger Hunt,Louie Zong,,,,,,,10.083,H:\RadioTEDU Songs\Rock\Louie Zong\Light\04 Scavenger Hunt (3).mp3,1,1,7.373,2026-08-23 02:15:05,2026-08-23 02:15:05
8,RadioTEDU Rock,/rock,configured_stream,52064,Scavenger Hunt,Louie Zong,,,,,,,10.083,H:\RadioTEDU Songs\Rock\Louie Zong\Light\04 Scavenger Hunt (4).mp3,1,1,9.695,2026-08-23 03:02:20,2026-08-23 03:02:20
8,RadioTEDU Rock,/rock,configured_stream,52065,Scavenger Hunt,Louie Zong,,,,,,,10.083,H:\RadioTEDU Songs\Rock\Louie Zong\Light\04 Scavenger Hunt (5).mp3,1,1,7.179,2026-08-23 07:21:24,2026-08-23 07:21:24
8,RadioTEDU Rock,/rock,configured_stream,52066,Scavenger Hunt,Louie Zong,,,,,,,10.083,H:\RadioTEDU Songs\Rock\Louie Zong\Light\04 Scavenger Hunt.mp3,1,1,7.185,2026-08-23 14:53:24,2026-08-23 14:53:24
8,RadioTEDU Rock,/rock,configured_stream,51928,School’s Out,Alice Cooper,,,,,,,210.493,H:\RadioTEDU Songs\Rock\Alice Cooper\School’s Out\01 School’s Out.flac,1,1,211.223,2026-08-23 01:03:52,2026-08-23 01:03:52
8,RadioTEDU Rock,/rock,configured_stream,51880,Scream!,Misfits,,,,,,,176.021,H:\RadioTEDU Songs\Rock\031 - Misfits - Scream! [OFFICIAL VIDEO].mp3,1,1,173.207,2026-08-23 21:15:08,2026-08-23 21:15:08
8,RadioTEDU Rock,/rock,configured_stream,52204,SEEIN’ STARS,Turnstile,,,,,,,186.277,H:\RadioTEDU Songs\Rock\Turnstile\NEVER ENOUGH\10 SEEIN’ STARS.flac,1,1,183.541,2026-08-23 17:16:54,2026-08-23 17:16:54
8,RadioTEDU Rock,/rock,configured_stream,52073,Seek & Destroy,Metallica,,,,,,,414.72,H:\RadioTEDU Songs\Rock\Metallica\Kill ’Em All\09 Seek & Destroy.flac,1,1,414.15,2026-08-23 18:42:28,2026-08-23 18:42:28
8,RadioTEDU Rock,/rock,configured_stream,52161,Self Aware,Temper City,,,,,,,180.741,H:\RadioTEDU Songs\Rock\Temper City\Self Aware\01 Self Aware.flac,1,1,178.265,2026-08-23 00:50:29,2026-08-23 00:50:29
8,RadioTEDU Rock,/rock,configured_stream,52198,Semi-Charmed Life,Third Eye Blind,,,,,,,268.36,H:\RadioTEDU Songs\Rock\Third Eye Blind\Third Eye Blind\03 Semi-Charmed Life.flac,1,1,266.502,2026-08-23 09:56:38,2026-08-23 09:56:38
8,RadioTEDU Rock,/rock,configured_stream,51891,Sextape,,,,,,,,241.533,H:\RadioTEDU Songs\Rock\045 - Sextape.mp3,1,1,238.827,2026-08-23 09:22:35,2026-08-23 09:22:35
8,RadioTEDU Rock,/rock,configured_stream,52216,Sharp Dressed Man,ZZ Top,,,,,,,258.027,H:\RadioTEDU Songs\Rock\ZZ Top\Eliminator\03 Sharp Dressed Man.flac,1,1,255.167,2026-08-23 22:12:14,2026-08-23 22:12:14
8,RadioTEDU Rock,/rock,configured_stream,51991,Slow Ride,Foghat,,,,,,,232.533,H:\RadioTEDU Songs\Rock\Foghat\Slow Ride\01 Slow Ride.flac,1,1,229.795,2026-08-23 21:12:13,2026-08-23 21:12:13
8,RadioTEDU Rock,/rock,configured_stream,52089,Smells Like Teen Spirit,Nirvana,,,,,,,301.929,H:\RadioTEDU Songs\Rock\Nirvana\Gold\01 Smells Like Teen Spirit.flac,1,1,299.034,2026-08-23 08:44:48,2026-08-23 08:44:48
8,RadioTEDU Rock,/rock,configured_stream,52091,Smells Like Teen Spirit,Nirvana,,,,,,,301.92,H:\RadioTEDU Songs\Rock\Nirvana\Nevermind\01 Smells Like Teen Spirit.flac,1,1,299.26,2026-08-23 03:28:48,2026-08-23 03:28:48
8,RadioTEDU Rock,/rock,configured_stream,52094,Smells Like Teen Spirit,Nirvana,,,,,,,301.92,H:\RadioTEDU Songs\Rock\Nirvana\Smells Like Teen Spirit.mp3,1,1,299.411,2026-08-23 20:20:19,2026-08-23 20:20:19
8,RadioTEDU Rock,/rock,configured_stream,51911,So Far So Fake,,,,,,,,236.16,H:\RadioTEDU Songs\Rock\070 - So Far So Fake.mp3,1,1,234.109,2026-08-23 21:27:10,2026-08-23 21:27:10
8,RadioTEDU Rock,/rock,configured_stream,52151,So This Is What It Feels Like,Stereo Wildlife,,,,,,,125.468,H:\RadioTEDU Songs\Rock\Stereo Wildlife\The Lighthouse\06 Stereo Wildlife - So This Is What It Feels Like.flac,1,1,122.817,2026-08-23 17:59:59,2026-08-23 17:59:59
8,RadioTEDU Rock,/rock,configured_stream,51997,Solid Rock,Goanna,,,,,,,275.227,H:\RadioTEDU Songs\Rock\Goanna\Spirit of Place\02 Solid Rock.flac,1,1,272.863,2026-08-23 12:28:52,2026-08-23 12:28:52
8,RadioTEDU Rock,/rock,configured_stream,52110,Solsbury Hill,Peter Gabriel,,,,,,,261.56,H:\RadioTEDU Songs\Rock\Peter Gabriel\Peter Gabriel\02 Solsbury Hill.flac,1,1,258.797,2026-08-23 19:42:49,2026-08-23 19:42:49
8,RadioTEDU Rock,/rock,configured_stream,52115,Somebody to Love,Queen,,,,,,,309.476,H:\RadioTEDU Songs\Rock\Queen\A Day at the Races\2-08 Somebody to Love.flac,1,1,306.724,2026-08-23 00:20:32,2026-08-23 00:20:32
8,RadioTEDU Rock,/rock,configured_stream,52053,Somewhere I Belong,Linkin Park,,,,,,,225.768,H:\RadioTEDU Songs\Rock\Linkin Park\Meteora\03 Somewhere I Belong.flac,1,1,224.524,2026-08-23 02:01:39,2026-08-23 02:01:39
8,RadioTEDU Rock,/rock,configured_stream,52054,Somewhere I Belong,Linkin Park,,,,,,,225.768,H:\RadioTEDU Songs\Rock\Linkin Park\Meteora\03 Somewhere I Belong.mp3,1,1,225.561,2026-08-23 13:16:40,2026-08-23 13:16:40
8,RadioTEDU Rock,/rock,configured_stream,51947,Song 2,Blur,,,,,,,121.208,H:\RadioTEDU Songs\Rock\Blur\Blur\02 Song 2.flac,1,1,120.154,2026-08-23 13:06:49,2026-08-23 13:06:49
8,RadioTEDU Rock,/rock,configured_stream,51917,Sonne,,,,,,,,245.853,H:\RadioTEDU Songs\Rock\078 - Sonne.mp3,1,1,243.032,2026-08-23 08:26:13,2026-08-23 08:26:13
8,RadioTEDU Rock,/rock,configured_stream,51961,Southern Cross,"Crosby, Stills & Nash",,,,,,,281.0,"H:\RadioTEDU Songs\Rock\Crosby, Stills & Nash\Daylight Again\03 Southern Cross.flac",1,1,278.612,2026-08-23 16:45:01,2026-08-23 16:45:01
8,RadioTEDU Rock,/rock,configured_stream,51895,Spellbound,,,,,,,,197.013,H:\RadioTEDU Songs\Rock\049 - Spellbound.mp3,1,1,194.284,2026-08-23 11:26:23,2026-08-23 11:26:23
8,RadioTEDU Rock,/rock,configured_stream,52139,Spill,Slow Pulp,,,,,,,195.912,H:\RadioTEDU Songs\Rock\Slow Pulp\Spill\01 Spill.flac,1,1,193.767,2026-08-23 01:00:18,2026-08-23 01:00:18
8,RadioTEDU Rock,/rock,configured_stream,51964,Starman,David Bowie,,,,,,,254.421,H:\RadioTEDU Songs\Rock\David Bowie\The Rise and Fall of Ziggy Stardust and the Spiders From Mars\04 Starman.flac,1,1,252.111,2026-08-23 11:48:49,2026-08-23 11:48:49
8,RadioTEDU Rock,/rock,configured_stream,52191,Start Me Up,The Rolling Stones,,,,,,,213.124,H:\RadioTEDU Songs\Rock\The Rolling Stones\Tattoo You\01 Start Me Up.flac,1,1,212.049,2026-08-23 06:09:33,2026-08-23 06:09:33
8,RadioTEDU Rock,/rock,configured_stream,51972,Sultans of Swing,Dire Straits,,,,,,,348.4,H:\RadioTEDU Songs\Rock\Dire Straits\Dire Straits\06 Sultans of Swing.flac,1,1,346.202,2026-08-23 22:41:37,2026-08-23 22:41:37
8,RadioTEDU Rock,/rock,configured_stream,52208,Sunday Bloody Sunday,U2,,,,,,,279.44,H:\RadioTEDU Songs\Rock\U2\War\01 Sunday Bloody Sunday.flac,1,1,276.884,2026-08-23 16:53:39,2026-08-23 16:53:39
8,RadioTEDU Rock,/rock,configured_stream,51955,Sunshine of Your Love,Cream,,,,,,,250.0,H:\RadioTEDU Songs\Rock\Cream\Disraeli Gears\02 Sunshine of Your Love.flac,1,1,247.148,2026-08-23 19:38:31,2026-08-23 19:38:31
8,RadioTEDU Rock,/rock,configured_stream,51916,Supermassive Black Hole,Muse,,,,,,,209.049,H:\RadioTEDU Songs\Rock\076 - Muse - Supermassive Black Hole (Audio).mp3,1,1,208.958,2026-08-23 10:17:27,2026-08-23 10:17:27
8,RadioTEDU Rock,/rock,configured_stream,51953,Surrender,Cheap Trick,,,,,,,253.733,H:\RadioTEDU Songs\Rock\Cheap Trick\The Essential Cheap Trick\1-09 Surrender.flac,1,1,251.117,2026-08-23 15:40:36,2026-08-23 15:40:36
8,RadioTEDU Rock,/rock,configured_stream,52001,Sweet Child o’ Mine,Guns N’ Roses,,,,,,,356.067,H:\RadioTEDU Songs\Rock\Guns N’ Roses\Appetite for Destruction\09 Sweet Child o’ Mine.flac,1,1,354.737,2026-08-23 12:54:52,2026-08-23 12:54:52
8,RadioTEDU Rock,/rock,configured_stream,45477,Sweet Devotion,Queen of Jeans,,,,,,,188.207,H:\RadioTEDU Songs\Rock\Queen of Jeans - Sweet Devotion.flac,1,1,186.763,2026-08-23 23:23:43,2026-08-23 23:23:43
8,RadioTEDU Rock,/rock,configured_stream,51926,Sweet Emotion,Aerosmith,,,,,,,274.088,H:\RadioTEDU Songs\Rock\Aerosmith\Toys in the Attic\06 Sweet Emotion.flac,1,1,272.103,2026-08-23 22:20:40,2026-08-23 22:20:40
8,RadioTEDU Rock,/rock,configured_stream,51921,T.N.T.,AC/DC,,,,,,,216.631,H:\RadioTEDU Songs\Rock\AC_DC\High Voltage\05 T.N.T..flac,1,1,213.964,2026-08-23 05:38:56,2026-08-23 05:38:56
8,RadioTEDU Rock,/rock,configured_stream,51923,T.N.T.,AC/DC,,,,,,,216.631,H:\RadioTEDU Songs\Rock\AC_DC\T.N.T..mp3,1,1,213.869,2026-08-23 13:50:07,2026-08-23 13:50:07
8,RadioTEDU Rock,/rock,configured_stream,52035,Take Me Away,Lash,,,,,,,213.8,H:\RadioTEDU Songs\Rock\Lash\The Beautiful and the Damned\01 Take Me Away.flac,1,1,210.942,2026-08-23 18:52:55,2026-08-23 18:52:55
8,RadioTEDU Rock,/rock,configured_stream,51981,Take Me Home Tonight,Eddie Money feat. Ronnie Spector,,,,,,,211.16,H:\RadioTEDU Songs\Rock\Eddie Money\Can’t Hold Back\01 Eddie Money feat. Ronnie Spector - Take Me Home Tonight.flac,1,1,208.385,2026-08-23 10:28:57,2026-08-23 10:28:57
8,RadioTEDU Rock,/rock,configured_stream,52082,Teenagers,My Chemical Romance,,,,,,,161.92,H:\RadioTEDU Songs\Rock\My Chemical Romance\The Black Parade\11 Teenagers.flac,1,1,160.0,2026-08-23 13:09:29,2026-08-23 13:09:29
8,RadioTEDU Rock,/rock,configured_stream,45550,Terminal Crew of Dudes,Whitmer Thomas,,,,,,,232.88,H:\RadioTEDU Songs\Rock\Whitmer Thomas - Terminal Crew of Dudes.flac,1,1,229.975,2026-08-23 09:13:53,2026-08-23 09:13:53
8,RadioTEDU Rock,/rock,configured_stream,51905,The Blade,,,,,,,,273.213,H:\RadioTEDU Songs\Rock\059 - The Blade.mp3,1,1,270.403,2026-08-23 05:00:09,2026-08-23 05:00:09
8,RadioTEDU Rock,/rock,configured_stream,52197,The Boys Are Back in Town,Thin Lizzy,,,,,,,266.467,H:\RadioTEDU Songs\Rock\Thin Lizzy\Jailbreak\06 The Boys Are Back in Town.flac,1,1,269.679,2026-08-23 23:38:30,2026-08-23 23:38:30
8,RadioTEDU Rock,/rock,configured_stream,51976,The Boys of Summer,Don Henley,,,,,,,288.733,H:\RadioTEDU Songs\Rock\Don Henley\Building the Perfect Beast\01 The Boys of Summer.flac,1,1,286.051,2026-08-23 19:12:54,2026-08-23 19:12:54
8,RadioTEDU Rock,/rock,configured_stream,51988,The Chain,Fleetwood Mac,,,,,,,269.813,H:\RadioTEDU Songs\Rock\Fleetwood Mac\Rumours\07 The Chain.flac,1,1,267.346,2026-08-23 10:59:43,2026-08-23 10:59:43
8,RadioTEDU Rock,/rock,configured_stream,51971,The Fountain,DIIV,,,,,,,205.0,H:\RadioTEDU Songs\Rock\DIIV\The Fountain\01 The Fountain.flac,1,1,202.406,2026-08-23 08:03:45,2026-08-23 08:03:45
8,RadioTEDU Rock,/rock,configured_stream,51908,The Kids Aren't Alright,,,,,,,,180.16,H:\RadioTEDU Songs\Rock\067 - The Kids Aren't Alright.mp3,1,1,177.483,2026-08-23 14:35:29,2026-08-23 14:35:29
8,RadioTEDU Rock,/rock,configured_stream,52183,The Kids Aren't Alright,The Offspring,,,,,,,179.56,H:\RadioTEDU Songs\Rock\The Offspring\Americana\05 The Kids Aren't Alright.flac,1,1,180.45,2026-08-23 19:02:22,2026-08-23 19:02:22
8,RadioTEDU Rock,/rock,configured_stream,52184,The Kids Aren’t Alright,The Offspring,,,,,,,179.56,H:\RadioTEDU Songs\Rock\The Offspring\The Kids Aren’t Alright.mp3,1,1,177.799,2026-08-23 19:05:36,2026-08-23 19:05:36
8,RadioTEDU Rock,/rock,configured_stream,45357,The Martyr,Ally Evenson,,,,,,,195.398,H:\RadioTEDU Songs\Rock\Ally Evenson - The Martyr.flac,1,1,192.559,2026-08-23 10:13:59,2026-08-23 10:13:59
8,RadioTEDU Rock,/rock,configured_stream,52014,The Number of the Beast,Iron Maiden,,,,,,,291.051,H:\RadioTEDU Songs\Rock\Iron Maiden\The Number of the Beast.mp3,1,1,297.798,2026-08-23 01:57:54,2026-08-23 01:57:54
8,RadioTEDU Rock,/rock,configured_stream,52017,The Number of the Beast,Iron Maiden,,,,,,,291.109,H:\RadioTEDU Songs\Rock\Iron Maiden\Virus\06 The Number of the Beast.flac,1,1,288.33,2026-08-23 07:43:45,2026-08-23 07:43:45
8,RadioTEDU Rock,/rock,configured_stream,47111,The Ride,The Darcys,,,,,,,212.804,H:\RadioTEDU Songs\Rock\The Darcys - The Ride.flac,1,1,210.288,2026-08-23 16:31:31,2026-08-23 16:31:31
8,RadioTEDU Rock,/rock,configured_stream,52013,The Trooper,Iron Maiden,,,,,,,263.454,H:\RadioTEDU Songs\Rock\Iron Maiden\Rock in Rio\1-10 The Trooper.flac,1,1,261.339,2026-08-23 19:47:10,2026-08-23 19:47:10
8,RadioTEDU Rock,/rock,configured_stream,52016,The Trooper,Iron Maiden,,,,,,,263.407,H:\RadioTEDU Songs\Rock\Iron Maiden\The Trooper.mp3,1,1,260.561,2026-08-23 11:09:39,2026-08-23 11:09:39
8,RadioTEDU Rock,/rock,configured_stream,47098,The World Keeps Spinning,Alemeda;Fousheé,,,,,,,135.307,H:\RadioTEDU Songs\Rock\Alemeda - The World Keeps Spinning.flac,1,1,132.506,2026-08-23 10:03:57,2026-08-23 10:03:57
8,RadioTEDU Rock,/rock,configured_stream,51903,This Love,,,,,,,,393.706,H:\RadioTEDU Songs\Rock\057 - This Love.mp3,1,1,392.704,2026-08-23 00:57:02,2026-08-23 00:57:02
8,RadioTEDU Rock,/rock,configured_stream,51909,Thunderstruck,,,,,,,,292.88,H:\RadioTEDU Songs\Rock\068 - Thunderstruck.mp3,1,1,290.285,2026-08-23 06:59:54,2026-08-23 06:59:54
8,RadioTEDU Rock,/rock,configured_stream,51924,Thunderstruck,AC/DC,,,,,,,292.88,H:\RadioTEDU Songs\Rock\AC_DC\The Razors Edge\01 Thunderstruck.flac,1,1,290.15,2026-08-23 17:52:46,2026-08-23 17:52:46
8,RadioTEDU Rock,/rock,configured_stream,51992,Times Like These (acoustic version),Foo Fighters,,,,,,,238.587,H:\RadioTEDU Songs\Rock\Foo Fighters\00020225\07 Times Like These (acoustic version).flac,1,1,237.812,2026-08-23 01:39:12,2026-08-23 01:39:12
8,RadioTEDU Rock,/rock,configured_stream,52132,Tom Sawyer,Rush,,,,,,,276.88,H:\RadioTEDU Songs\Rock\Rush\Moving Pictures\01 Tom Sawyer.flac,1,1,274.224,2026-08-23 05:23:07,2026-08-23 05:23:07
8,RadioTEDU Rock,/rock,configured_stream,52143,"Tonight, Tonight",Starbenders,,,,,,,264.213,"H:\RadioTEDU Songs\Rock\Starbenders\Tonight, Tonight\01 Tonight, Tonight.flac",1,1,262.95,2026-08-23 16:24:25,2026-08-23 16:24:25
8,RadioTEDU Rock,/rock,configured_stream,52117,Under Pressure,Queen & David Bowie,,,,,,,253.051,H:\RadioTEDU Songs\Rock\Queen\Hot Space\11 Queen & David Bowie - Under Pressure.flac,1,1,254.123,2026-08-23 03:23:48,2026-08-23 03:23:48
8,RadioTEDU Rock,/rock,configured_stream,52126,Under the Bridge,Red Hot Chili Peppers,,,,,,,264.307,H:\RadioTEDU Songs\Rock\Red Hot Chili Peppers\Blood Sugar Sex Magik\11 Under the Bridge.flac,1,1,262.164,2026-08-23 16:19:59,2026-08-23 16:19:59
8,RadioTEDU Rock,/rock,configured_stream,52081,Uprising,Muse,,,,,,,304.84,H:\RadioTEDU Songs\Rock\Muse\The Resistance\1-01 Uprising.flac,1,1,301.97,2026-08-23 08:31:14,2026-08-23 08:31:14
8,RadioTEDU Rock,/rock,configured_stream,51946,Useless Sentiment,Blood Red Shoes,,,,,,,200.155,H:\RadioTEDU Songs\Rock\Blood Red Shoes\Stay Lonely\08 Useless Sentiment.flac,1,1,199.05,2026-08-23 03:15:57,2026-08-23 03:15:57
8,RadioTEDU Rock,/rock,configured_stream,51884,Voodoo Idol,,,,,,,,219.103,H:\RadioTEDU Songs\Rock\035 - Voodoo Idol.mp3,1,1,216.846,2026-08-23 15:29:40,2026-08-23 15:29:40
8,RadioTEDU Rock,/rock,configured_stream,52103,Walk,Pantera,,,,,,,315.861,H:\RadioTEDU Songs\Rock\Pantera\Vulgar Display of Power\03 Walk.flac,1,1,315.268,2026-08-23 05:44:12,2026-08-23 05:44:12
8,RadioTEDU Rock,/rock,configured_stream,52104,Walk,Pantera,,,,,,,315.861,H:\RadioTEDU Songs\Rock\Pantera\Walk.mp3,1,1,313.018,2026-08-23 22:30:46,2026-08-23 22:30:46
8,RadioTEDU Rock,/rock,configured_stream,52060,Walk on the Wild Side,Lou Reed,,,,,,,253.96,H:\RadioTEDU Songs\Rock\Lou Reed\Transformer\05 Walk on the Wild Side.flac,1,1,251.353,2026-08-23 12:24:20,2026-08-23 12:24:20
8,RadioTEDU Rock,/rock,configured_stream,51925,Walk This Way,Aerosmith,,,,,,,220.311,H:\RadioTEDU Songs\Rock\Aerosmith\Toys in the Attic\04 Walk This Way.flac,1,1,225.131,2026-08-23 10:10:47,2026-08-23 10:10:47
8,RadioTEDU Rock,/rock,configured_stream,51897,Wanderer,Këkht Aräkh,,,,,,,182.822,H:\RadioTEDU Songs\Rock\051 - Këkht Aräkh - Wanderer.mp3,1,1,182.156,2026-08-23 21:08:23,2026-08-23 21:08:23
8,RadioTEDU Rock,/rock,configured_stream,51998,We Got the Beat,Go‐Go’s,,,,,,,151.107,H:\RadioTEDU Songs\Rock\Go‐Go’s\Beauty and the Beat\06 We Got the Beat.flac,1,1,149.917,2026-08-23 23:10:24,2026-08-23 23:10:24
8,RadioTEDU Rock,/rock,configured_stream,52032,We Have Each Other,Kenny Smith,,,,,,,181.653,H:\RadioTEDU Songs\Rock\Kenny Smith\One More Day\14 Kenny Smith - We Have Each Other.mp3,1,1,178.947,2026-08-23 15:32:39,2026-08-23 15:32:39
8,RadioTEDU Rock,/rock,configured_stream,51948,Weather Me,BODEGA,,,,,,,202.835,H:\RadioTEDU Songs\Rock\BODEGA\Weather Me\01 Weather Me.flac,1,1,202.123,2026-08-23 15:22:49,2026-08-23 15:22:49
8,RadioTEDU Rock,/rock,configured_stream,52002,Welcome to the Jungle,Guns N’ Roses,,,,,,,273.48,H:\RadioTEDU Songs\Rock\Guns N’ Roses\Greatest Hits\01 Welcome to the Jungle.flac,1,1,271.987,2026-08-23 21:34:03,2026-08-23 21:34:03
8,RadioTEDU Rock,/rock,configured_stream,52058,What I've Done,Linkin Park,,,,,,,205.613,H:\RadioTEDU Songs\Rock\Linkin Park\Minutes to Midnight\1-06 What I've Done.flac,1,1,202.948,2026-08-23 03:46:04,2026-08-23 03:46:04
8,RadioTEDU Rock,/rock,configured_stream,52163,What if?,The Backfires,,,,,,,244.907,H:\RadioTEDU Songs\Rock\The Backfires\Stardust\03 What if_.flac,1,1,243.622,2026-08-23 04:23:35,2026-08-23 04:23:35
8,RadioTEDU Rock,/rock,configured_stream,51996,What Is Life,George Harrison,,,,,,,264.406,H:\RadioTEDU Songs\Rock\George Harrison\All Things Must Pass\1-05 What Is Life.flac,1,1,262.614,2026-08-23 07:35:14,2026-08-23 07:35:14
8,RadioTEDU Rock,/rock,configured_stream,45411,Whatchu In The Rush For,Hendrix Frankenreiter,,,,,,,193.487,H:\RadioTEDU Songs\Rock\Hendrix Frankenreiter - Whatchu In The Rush For.flac,1,1,192.49,2026-08-23 09:10:04,2026-08-23 09:10:04
8,RadioTEDU Rock,/rock,configured_stream,52087,When I Come Home,New Jordal Swingers,,,,,,,219.2,H:\RadioTEDU Songs\Rock\New Jordal Swingers\New Jordal Swingers on Top\5-09 When I Come Home.mp3,1,1,216.437,2026-08-23 04:45:11,2026-08-23 04:45:11
8,RadioTEDU Rock,/rock,configured_stream,52207,Where the Streets Have No Name,U2,,,,,,,336.613,H:\RadioTEDU Songs\Rock\U2\The Joshua Tree\01 Where the Streets Have No Name.flac,1,1,336.312,2026-08-23 17:30:02,2026-08-23 17:30:02
8,RadioTEDU Rock,/rock,configured_stream,51938,"White Wedding, Part 1",Billy Idol,,,,,,,252.2,"H:\RadioTEDU Songs\Rock\Billy Idol\Billy Idol\02 White Wedding, Part 1.flac",1,1,249.709,2026-08-23 15:57:24,2026-08-23 15:57:24
8,RadioTEDU Rock,/rock,configured_stream,51980,Whole Lot Coming for You,Eddie 9V,,,,,,,173.291,H:\RadioTEDU Songs\Rock\Eddie 9V\Down Here\01 Whole Lot Coming for You.flac,1,1,173.156,2026-08-23 23:58:02,2026-08-23 23:58:02
8,RadioTEDU Rock,/rock,configured_stream,52038,Whole Lotta Love,Led Zeppelin,,,,,,,334.555,H:\RadioTEDU Songs\Rock\Led Zeppelin\Led Zeppelin II\01 Whole Lotta Love.flac,1,1,331.757,2026-08-23 17:35:33,2026-08-23 17:35:33
8,RadioTEDU Rock,/rock,configured_stream,52096,Wonderwall,Oasis,,,,,,,258.773,H:\RadioTEDU Songs\Rock\Oasis\(What’s the Story) Morning Glory_\03 Wonderwall (1).flac,1,1,256.341,2026-08-23 18:11:59,2026-08-23 18:11:59
8,RadioTEDU Rock,/rock,configured_stream,52097,Wonderwall,Oasis,,,,,,,258.773,H:\RadioTEDU Songs\Rock\Oasis\(What’s the Story) Morning Glory_\03 Wonderwall.flac,1,1,256.464,2026-08-23 11:37:32,2026-08-23 11:37:32
8,RadioTEDU Rock,/rock,configured_stream,47106,Work It Out,Modern Cult,,,,,,,189.46,H:\RadioTEDU Songs\Rock\Modern Cult - Work It Out.flac,1,1,190.967,2026-08-23 01:31:46,2026-08-23 01:31:46
8,RadioTEDU Rock,/rock,configured_stream,51929,Would?,Alice in Chains,,,,,,,206.773,H:\RadioTEDU Songs\Rock\Alice in Chains\Dirt\13 Would_.flac,1,1,206.655,2026-08-23 05:35:23,2026-08-23 05:35:23
8,RadioTEDU Rock,/rock,configured_stream,51930,Would?,Alice in Chains,,,,,,,207.723,H:\RadioTEDU Songs\Rock\Alice in Chains\Would_.mp3,1,1,205.128,2026-08-23 20:30:56,2026-08-23 20:30:56
8,RadioTEDU Rock,/rock,configured_stream,52181,You Really Got Me,The Kinks,,,,,,,133.933,H:\RadioTEDU Songs\Rock\The Kinks\Kinks\07 You Really Got Me.flac,1,1,131.12,2026-08-23 11:05:19,2026-08-23 11:05:19
8,RadioTEDU Rock,/rock,configured_stream,51920,You Shook Me All Night Long,AC/DC,,,,,,,210.173,H:\RadioTEDU Songs\Rock\AC_DC\Back in Black\07 You Shook Me All Night Long.flac,1,1,207.589,2026-08-23 06:25:26,2026-08-23 06:25:26
8,RadioTEDU Rock,/rock,configured_stream,52022,You're So Cool,Jim Babjak's Buzzed Meg,,,,,,,165.198,H:\RadioTEDU Songs\Rock\Jim Babjak's Buzzed Meg\The Music From Jim Babjak's Buzzed Meg\04 You're So Cool.mp3,1,1,164.773,2026-08-23 23:26:27,2026-08-23 23:26:27
8,RadioTEDU Rock,/rock,configured_stream,51919,Zombie,,,,,,,,307.813,H:\RadioTEDU Songs\Rock\081 - Zombie.mp3,1,1,305.112,2026-08-23 22:35:51,2026-08-23 22:35:51
8,RadioTEDU Rock,/rock,configured_stream,51965,“Heroes”,David Bowie,,,,,,,363.347,H:\RadioTEDU Songs\Rock\David Bowie\“Heroes”\03 “Heroes”.flac,1,1,360.534,2026-08-23 10:44:45,2026-08-23 10:44:45
9,RadioTEDU Energize,/energize,configured_stream,52425,Fast and Loud,Stéphane Pompougnac feat. Juliette Oz,,,,,,,262.64,H:\RadioTEDU Songs\Energize\Stéphane Pompougnac\Living on the Edge\09 Stéphane Pompougnac feat. Juliette Oz - Fast and Loud.mp3,12,12,3127.625,2026-08-23 00:24:41,2026-08-23 22:08:25
9,RadioTEDU Energize,/energize,configured_stream,52278,Break it off,PinkPantheress,,,,,,,96.133,H:\RadioTEDU Songs\Energize\PinkPantheress\to hell with it\10 Break it off.flac,5,5,471.202,2026-08-23 00:26:17,2026-08-23 22:15:23
9,RadioTEDU Energize,/energize,configured_stream,52252,Call Me When You’re Sober,DJ Nate,,,,,,,152.404,H:\RadioTEDU Songs\Energize\DJ Nate\Da Trak Genious\06 Call Me When You’re Sober.mp3,5,5,755.167,2026-08-23 00:17:23,2026-08-23 22:10:55
9,RadioTEDU Energize,/energize,configured_stream,52227,Continuity,A.L.I.S.O.N,,,,,,,270.006,H:\RadioTEDU Songs\Energize\A.L.I.S.O.N\Éternité\04 Continuity.flac,5,5,1340.707,2026-08-23 00:48:38,2026-08-23 22:35:50
9,RadioTEDU Energize,/energize,configured_stream,52253,Descend,Emil Rottmayer,,,,,,,253.097,H:\RadioTEDU Songs\Energize\Emil Rottmayer\Descend\01 Descend.flac,5,5,1259.892,2026-08-23 01:21:55,2026-08-23 23:08:57
9,RadioTEDU Energize,/energize,configured_stream,52279,Ethereal,Punch Deck,,,,,,,216.433,H:\RadioTEDU Songs\Energize\Punch Deck\Ethereal\01 Ethereal.m4a,5,5,1074.69,2026-08-23 01:05:48,2026-08-23 22:52:49
9,RadioTEDU Energize,/energize,configured_stream,52239,Get Lucky,Daft Punk,,,,,,,369.627,H:\RadioTEDU Songs\Energize\Daft Punk\Random Access Memories\08 Get Lucky.flac,5,5,1838.636,2026-08-23 01:53:58,2026-08-23 23:40:50
9,RadioTEDU Energize,/energize,configured_stream,52218,Get Lucky (feat. Pharrell Williams and Nile Rodgers),,,,,,,,369.627,H:\RadioTEDU Songs\Energize\004 - Get Lucky (feat. Pharrell Williams and Nile Rodgers).mp3,5,5,1843.584,2026-08-23 00:10:37,2026-08-23 21:59:47
9,RadioTEDU Energize,/energize,configured_stream,52271,Ghosst(s),Lorn,,,,,,,260.005,H:\RadioTEDU Songs\Energize\Lorn\Ghosst(s)\01 Ghosst(s).flac,5,5,1291.933,2026-08-23 00:14:54,2026-08-23 22:04:05
9,RadioTEDU Energize,/energize,configured_stream,52250,GLOAMING,deadwinter w/ slavenciia,,,,,,,144.069,H:\RadioTEDU Songs\Energize\deadwinter w_ slavenciia\GLOAMING\01 GLOAMING.flac,5,5,709.244,2026-08-23 01:37:57,2026-08-23 23:24:56
9,RadioTEDU Energize,/energize,configured_stream,52219,Heads Will Roll,Yeah Yeah Yeahs,,,,,,,220.09,H:\RadioTEDU Songs\Energize\017 - Yeah Yeah Yeahs - Heads Will Roll (Official Music Video).mp3,5,5,1089.215,2026-08-23 01:31:52,2026-08-23 23:18:49
9,RadioTEDU Energize,/energize,configured_stream,52247,Hey Mama,David Guetta feat. Nicki Minaj & Afrojack,,,,,,,192.749,H:\RadioTEDU Songs\Energize\David Guetta\Listen\10 David Guetta feat. Nicki Minaj & Afrojack - Hey Mama.flac,5,5,953.164,2026-08-23 00:04:26,2026-08-23 21:53:40
9,RadioTEDU Energize,/energize,configured_stream,52230,Hypnotized,Anyma feat. Ellie Goulding,,,,,,,177.621,H:\RadioTEDU Songs\Energize\Anyma\The End of Genesys\03 Anyma feat. Ellie Goulding - Hypnotized.flac,5,5,881.799,2026-08-23 01:02:06,2026-08-23 22:49:14
9,RadioTEDU Energize,/energize,configured_stream,52291,I Follow Rivers,Tiësto feat. Oaks,,,,,,,198.972,H:\RadioTEDU Songs\Energize\Tiësto feat. Oaks\I Follow Rivers\01 I Follow Rivers.flac,5,5,982.645,2026-08-23 00:55:15,2026-08-23 22:42:25
9,RadioTEDU Energize,/energize,configured_stream,52241,If (A Better World),David Guetta & Cedric Gervais,,,,,,,170.806,H:\RadioTEDU Songs\Energize\David Guetta & Cedric Gervais\If (A Better World)\01 If (A Better World).mp3,5,5,846.041,2026-08-23 00:01:13,2026-08-23 21:50:29
9,RadioTEDU Energize,/energize,configured_stream,52265,JAMMU,KSHMR,,,,,,,235.764,H:\RadioTEDU Songs\Energize\KSHMR\JAMMU\01 JAMMU.flac,5,5,1172.247,2026-08-23 00:59:09,2026-08-23 22:46:20
9,RadioTEDU Energize,/energize,configured_stream,52255,K.E.Y.S,Emil Rottmayer,,,,,,,242.481,H:\RadioTEDU Songs\Energize\Emil Rottmayer\Descend\08 K.E.Y.S.flac,5,5,1207.445,2026-08-23 01:17:40,2026-08-23 23:04:47
9,RadioTEDU Energize,/energize,configured_stream,47200,Lady Gaga - Bloody Mary // Wednesday (Soner Karaca Remix),Soner Karaca,,,,,,,197.01,H:\RadioTEDU Songs\Energize\037 - Lady Gaga - Bloody Mary ⧸⧸ Wednesday (Soner Karaca Remix).mp3,5,5,976.007,2026-08-23 01:13:40,2026-08-23 23:00:46
9,RadioTEDU Energize,/energize,configured_stream,52251,Mammoth,"Dimitri Vegas & Like Mike, MOGUAI & Like Mike",,,,,,,332.289,"H:\RadioTEDU Songs\Energize\Dimitri Vegas & Like Mike, MOGUAI & Like Mike\Mammoth\02 Mammoth.flac",5,5,1651.343,2026-08-23 00:37:11,2026-08-23 22:24:25
9,RadioTEDU Energize,/energize,configured_stream,52257,Mega,Emil Rottmayer,,,,,,,371.141,H:\RadioTEDU Songs\Energize\Emil Rottmayer\Descend\11 Mega.flac,5,5,1843.766,2026-08-23 01:44:06,2026-08-23 23:31:04
9,RadioTEDU Energize,/energize,configured_stream,52282,Reload (radio edit),"Sebastian Ingrosso, Tommy Trash & John Martin",,,,,,,221.28,"H:\RadioTEDU Songs\Energize\Sebastian Ingrosso, Tommy Trash & John Martin\Reload (vocal version _ radio edit)\01 Reload (radio edit).flac",5,5,1101.088,2026-08-23 01:35:35,2026-08-23 23:22:32
9,RadioTEDU Energize,/energize,configured_stream,52261,Resonance,HOME,,,,,,,212.945,H:\RadioTEDU Songs\Energize\HOME\Odyssey\09 Resonance.flac,5,5,1153.784,2026-08-23 00:31:41,2026-08-23 22:18:53
9,RadioTEDU Energize,/energize,configured_stream,52228,Rivals,AERwave,,,,,,,145.989,H:\RadioTEDU Songs\Energize\AERwave\Mirror City Underground\03 AERwave - Rivals.flac,5,5,720.373,2026-08-23 02:07:22,2026-08-23 23:54:12
9,RadioTEDU Energize,/energize,configured_stream,52222,Rock That Body,,,,,,,,269.253,H:\RadioTEDU Songs\Energize\097 - Rock That Body.mp3,5,5,1333.546,2026-08-23 02:00:48,2026-08-23 23:47:36
9,RadioTEDU Energize,/energize,configured_stream,52293,Secrets,Tiësto & KSHMR feat. Vassy,,,,,,,250.947,"H:\RadioTEDU Songs\Energize\Tiësto\Club Life, Volume Four_ New York City\02 Tiësto & KSHMR feat. Vassy - Secrets.flac",5,5,1245.102,2026-08-23 02:04:59,2026-08-23 23:51:45
9,RadioTEDU Energize,/energize,configured_stream,52286,Subway Surfers (Main Theme),Subway Surfers,,,,,,,137.996,H:\RadioTEDU Songs\Energize\Subway Surfers\Greatest Hits 2020\01 Subway Surfers (Main Theme).flac,5,5,678.916,2026-08-23 01:56:19,2026-08-23 23:43:07
9,RadioTEDU Energize,/energize,configured_stream,52287,Subway Surfers (Main Theme),Subway Surfers,,,,,,,138.0,H:\RadioTEDU Songs\Energize\Subway Surfers\Subway Surfers (Main Theme).mp3,5,5,678.299,2026-08-23 02:09:39,2026-08-23 23:56:27
9,RadioTEDU Energize,/energize,configured_stream,52280,Sugar,Robin Schulz feat. Francesco Yates,,,,,,,222.691,H:\RadioTEDU Songs\Energize\Robin Schulz\Sugar\02 Robin Schulz feat. Francesco Yates - Sugar.flac,5,5,1102.317,2026-08-23 01:47:46,2026-08-23 23:34:43
9,RadioTEDU Energize,/energize,configured_stream,52283,Sweet Lovin’,Sigala feat. Bryn Christopher,,,,,,,202.213,H:\RadioTEDU Songs\Energize\Sigala\Brighter Days\11 Sigala feat. Bryn Christopher - Sweet Lovin’.flac,5,5,1004.034,2026-08-23 00:51:58,2026-08-23 22:39:09
9,RadioTEDU Energize,/energize,configured_stream,52232,The Days,Avicii,,,,,,,278.48,H:\RadioTEDU Songs\Energize\Avicii\The Days _ Nights EP\01 The Days.flac,5,5,1382.178,2026-08-23 01:10:25,2026-08-23 22:57:27
9,RadioTEDU Energize,/energize,configured_stream,52234,The Sky is Dead,Ben Prunty,,,,,,,378.034,H:\RadioTEDU Songs\Energize\Ben Prunty\Dark Window\11 The Sky is Dead.flac,5,5,1890.88,2026-08-23 01:28:14,2026-08-23 23:15:12
9,RadioTEDU Energize,/energize,configured_stream,52245,Titanium (David Guetta & MORTEN Future Rave remix),David Guetta feat. Sia,,,,,,,211.429,H:\RadioTEDU Songs\Energize\David Guetta feat. Sia\Titanium (David Guetta & MORTEN Future Rave remix)\01 Titanium (David Guetta & MORTEN Future Rave remix).mp3,5,5,1044.743,2026-08-23 00:44:11,2026-08-23 22:31:23
9,RadioTEDU Energize,/energize,configured_stream,47183,Training Season,Dua Lipa,,,,,,,210.419,H:\RadioTEDU Songs\Energize\023 - Dua Lipa - Training Season .mp3,5,5,1043.142,2026-08-23 00:40:40,2026-08-23 22:27:55
9,RadioTEDU Energize,/energize,configured_stream,52266,Whatever,Kygo with Ava Max,,,,,,,178.283,H:\RadioTEDU Songs\Energize\Kygo with Ava Max\Whatever\01 Whatever.flac,5,5,879.256,2026-08-23 00:20:20,2026-08-23 22:13:50
9,RadioTEDU Energize,/energize,configured_stream,52262,1,HOME,,,,,,,81.534,H:\RadioTEDU Songs\Energize\HOME\Resting State\01 1.flac,4,4,318.904,2026-08-23 05:13:22,2026-08-23 21:38:58
9,RadioTEDU Energize,/energize,configured_stream,52259,Ain’t Nobody (Loves Me Better),Felix Jaehn feat. Jasmine Thompson,,,,,,,188.372,H:\RadioTEDU Songs\Energize\Felix Jaehn\I\16 Felix Jaehn feat. Jasmine Thompson - Ain’t Nobody (Loves Me Better).flac,4,4,747.902,2026-08-23 03:38:53,2026-08-23 20:04:29
9,RadioTEDU Energize,/energize,configured_stream,52229,All Things Burn,Amon Tobin,,,,,,,341.806,H:\RadioTEDU Songs\Energize\Amon Tobin\How Do You Live\10 Amon Tobin - All Things Burn.flac,4,4,1370.147,2026-08-23 04:54:40,2026-08-23 21:20:20
9,RadioTEDU Energize,/energize,configured_stream,52242,Beautiful People,David Guetta & Sia,,,,,,,187.083,H:\RadioTEDU Songs\Energize\David Guetta & Sia\Beautiful People\01 Beautiful People.flac,4,4,741.183,2026-08-23 05:16:26,2026-08-23 21:42:03
9,RadioTEDU Energize,/energize,configured_stream,52243,Beautiful People,David Guetta & Sia,,,,,,,187.087,H:\RadioTEDU Songs\Energize\David Guetta & Sia\Beautiful People\01 Beautiful People.mp3,4,4,737.421,2026-08-23 03:57:14,2026-08-23 20:27:10
9,RadioTEDU Energize,/energize,configured_stream,52238,Cola,CamelPhat & Elderbrook,,,,,,,223.869,H:\RadioTEDU Songs\Energize\CamelPhat & Elderbrook\Cola\01 Cola.flac,4,4,886.325,2026-08-23 02:35:25,2026-08-23 18:58:05
9,RadioTEDU Energize,/energize,configured_stream,52295,Dear Universe,Virtua,,,,,,,156.741,H:\RadioTEDU Songs\Energize\Virtua\The Last Descent\03 Dear Universe.flac,4,4,617.923,2026-08-23 02:57:34,2026-08-23 19:20:02
9,RadioTEDU Energize,/energize,configured_stream,52284,Easy Love,Sigala,,,,,,,229.813,H:\RadioTEDU Songs\Energize\Sigala\Brighter Days\16 Sigala - Easy Love.flac,4,4,916.944,2026-08-23 04:14:40,2026-08-23 20:44:34
9,RadioTEDU Energize,/energize,configured_stream,52225,Eyes on Fire,,,,,,,,302.827,H:\RadioTEDU Songs\Energize\100 - Eyes on Fire.mp3,4,4,1200.966,2026-08-23 04:45:59,2026-08-23 21:11:39
9,RadioTEDU Energize,/energize,configured_stream,52264,Fast Car,Jonas Blue feat. Dakota,,,,,,,215.818,H:\RadioTEDU Songs\Energize\Jonas Blue\Blue\15 Jonas Blue feat. Dakota - Fast Car.flac,4,4,854.269,2026-08-23 04:22:36,2026-08-23 20:48:08
9,RadioTEDU Energize,/energize,configured_stream,52223,Fireball,,,,,,,,235.012,H:\RadioTEDU Songs\Energize\098 - Fireball.mp3,4,4,930.54,2026-08-23 03:16:32,2026-08-23 19:42:17
9,RadioTEDU Energize,/energize,configured_stream,52246,Forever Young,"David Guetta, Alphaville & Ava Max",,,,,,,156.003,"H:\RadioTEDU Songs\Energize\David Guetta, Alphaville & Ava Max\Forever Young\01 Forever Young.mp3",4,4,614.477,2026-08-23 04:25:09,2026-08-23 20:50:42
9,RadioTEDU Energize,/energize,configured_stream,52248,Gettin’ Over You,David Guetta & Chris Willis feat. Fergie & LMFAO,,,,,,,188.012,H:\RadioTEDU Songs\Energize\David Guetta\One More Love\02 David Guetta & Chris Willis feat. Fergie & LMFAO - Gettin’ Over You.flac,4,4,741.955,2026-08-23 05:12:03,2026-08-23 21:37:40
9,RadioTEDU Energize,/energize,configured_stream,52249,Gettin’ Over You,David Guetta & Chris Willis feat. Fergie & LMFAO,,,,,,,188.0,H:\RadioTEDU Songs\Energize\David Guetta\One More Love\02 David Guetta & Chris Willis feat. Fergie & LMFAO - Gettin’ Over You.mp3,4,4,742.353,2026-08-23 02:23:50,2026-08-23 18:50:52
9,RadioTEDU Energize,/energize,configured_stream,52258,Glide,Emil Rottmayer,,,,,,,190.038,H:\RadioTEDU Songs\Energize\Emil Rottmayer\Drift\02 Glide.flac,4,4,750.763,2026-08-23 03:12:38,2026-08-23 19:38:25
9,RadioTEDU Energize,/energize,configured_stream,47179,Hit Me Up,Darin Music,,,,,,,125.005,H:\RadioTEDU Songs\Energize\019 - Darin - Hit Me Up .mp3,4,4,493.163,2026-08-23 02:45:12,2026-08-23 19:07:49
9,RadioTEDU Energize,/energize,configured_stream,52235,How Deep Is Your Love,Calvin Harris & Disciples,,,,,,,212.64,H:\RadioTEDU Songs\Energize\Calvin Harris & Disciples\How Deep Is Your Love.mp3,4,4,841.606,2026-08-23 04:58:12,2026-08-23 21:23:50
9,RadioTEDU Energize,/energize,configured_stream,52220,Hung Up,,,,,,,,337.733,H:\RadioTEDU Songs\Energize\091 - Hung Up.mp3,4,4,1343.477,2026-08-23 04:30:43,2026-08-23 20:56:18
9,RadioTEDU Energize,/energize,configured_stream,52231,Hypnotized,Anyma feat. Ellie Goulding,,,,,,,177.621,H:\RadioTEDU Songs\Energize\Anyma\The End of Genesys\03 Anyma feat. Ellie Goulding - Hypnotized.mp3,4,4,699.405,2026-08-23 04:48:56,2026-08-23 21:14:34
9,RadioTEDU Energize,/energize,configured_stream,52292,I Follow Rivers,Tiësto feat. Oaks,,,,,,,198.972,H:\RadioTEDU Songs\Energize\Tiësto feat. Oaks\I Follow Rivers\01 I Follow Rivers.mp3,4,4,786.734,2026-08-23 04:00:30,2026-08-23 20:30:26
9,RadioTEDU Energize,/energize,configured_stream,52236,I Need Your Love,Calvin Harris feat. Ellie Goulding,,,,,,,234.545,H:\RadioTEDU Songs\Energize\Calvin Harris\18 Months\1-08 Calvin Harris feat. Ellie Goulding - I Need Your Love.flac,4,4,928.177,2026-08-23 04:10:53,2026-08-23 20:40:47
9,RadioTEDU Energize,/energize,configured_stream,52272,I s s u e s,LSDXOXO,,,,,,,160.67,H:\RadioTEDU Songs\Energize\LSDXOXO\Whorecore\11 LSDXOXO - I s s u e s.mp3,4,4,635.991,2026-08-23 03:05:46,2026-08-23 19:31:38
9,RadioTEDU Energize,/energize,configured_stream,52240,If (A Better World),David Guetta & Cedric Gervais,,,,,,,170.806,H:\RadioTEDU Songs\Energize\David Guetta & Cedric Gervais\If (A Better World)\01 If (A Better World).flac,4,4,673.845,2026-08-23 03:47:23,2026-08-23 20:17:17
9,RadioTEDU Energize,/energize,configured_stream,52275,In the Name of Love,Martin Garrix & Bebe Rexha,,,,,,,195.707,H:\RadioTEDU Songs\Energize\Martin Garrix & Bebe Rexha\In the Name of Love\01 In the Name of Love.flac,4,4,775.609,2026-08-23 04:36:58,2026-08-23 21:02:40
9,RadioTEDU Energize,/energize,configured_stream,52276,It’s Not Right (But It’s Ok),Mr. Belt & Wezol,,,,,,,152.253,H:\RadioTEDU Songs\Energize\Mr. Belt & Wezol\It's Not Right But It's Okay\01 It’s Not Right (But It’s Ok).flac,4,4,602.222,2026-08-23 02:30:44,2026-08-23 18:53:22
9,RadioTEDU Energize,/energize,configured_stream,52277,It’s Not Right (But It’s Ok),Mr. Belt & Wezol,,,,,,,152.253,H:\RadioTEDU Songs\Energize\Mr. Belt & Wezol\It's Not Right But It's Okay\01 It’s Not Right (But It’s Ok).mp3,4,4,600.929,2026-08-23 04:02:59,2026-08-23 20:32:58
9,RadioTEDU Energize,/energize,configured_stream,52268,Just Dance,"Lady Gaga, Colby O’Donis",,,,,,,241.933,"H:\RadioTEDU Songs\Energize\Lady Gaga, Colby O’Donis\Just Dance.mp3",4,4,961.139,2026-08-23 04:40:58,2026-08-23 21:06:39
9,RadioTEDU Energize,/energize,configured_stream,52269,Lapis Occultus,Lamia Vox,,,,,,,343.841,H:\RadioTEDU Songs\Energize\Lamia Vox\Sigillum Diaboli\02 Lapis Occultus.flac,4,4,1365.4,2026-08-23 03:44:35,2026-08-23 20:10:09
9,RadioTEDU Energize,/energize,configured_stream,52273,Lean On,"Major Lazer, MØ & DJ Snake",,,,,,,180.663,"H:\RadioTEDU Songs\Energize\Major Lazer\Peace Is the Mission (extended)\04 Major Lazer, MØ & DJ Snake - Lean On.flac",4,4,711.876,2026-08-23 03:22:14,2026-08-23 19:47:57
9,RadioTEDU Energize,/energize,configured_stream,52274,Light It Up (remix),Major Lazer feat. Nyla & Fuse ODG,,,,,,,166.174,H:\RadioTEDU Songs\Energize\Major Lazer\Peace Is the Mission (extended)\10 Major Lazer feat. Nyla & Fuse ODG - Light It Up (remix).flac,4,4,653.813,2026-08-23 03:19:16,2026-08-23 19:45:00
9,RadioTEDU Energize,/energize,configured_stream,52263,Love and Imitation,Infusion,,,,,,,455.773,H:\RadioTEDU Songs\Energize\Infusion\Six Feet Above Yesterday\05 Love and Imitation.mp3,4,4,1814.58,2026-08-23 02:17:13,2026-08-23 18:44:16
9,RadioTEDU Energize,/energize,configured_stream,52224,Memories (feat. Kid Cudi),,,,,,,,210.84,H:\RadioTEDU Songs\Energize\099 - Memories (feat. Kid Cudi).mp3,4,4,833.094,2026-08-23 05:01:40,2026-08-23 21:27:19
9,RadioTEDU Energize,/energize,configured_stream,52281,Missing Piece,Scorz & Sirolf feat. Diandra Faye,,,,,,,193.793,H:\RadioTEDU Songs\Energize\Scorz & Sirolf feat. Diandra Faye\Missing Piece\01 Missing Piece.flac,4,4,765.806,2026-08-23 05:08:58,2026-08-23 21:34:35
9,RadioTEDU Energize,/energize,configured_stream,52288,No Ordinary Love (album version),Sweet Coffee,,,,,,,327.787,H:\RadioTEDU Songs\Energize\Sweet Coffee\Memory Lane\04 No Ordinary Love (album version).mp3,4,4,1301.513,2026-08-23 03:30:36,2026-08-23 19:56:18
9,RadioTEDU Energize,/energize,configured_stream,52260,Peanut Butter Jelly,Galantis,,,,,,,203.133,H:\RadioTEDU Songs\Energize\Galantis\Pharmacy\09 Peanut Butter Jelly.flac,4,4,804.618,2026-08-23 02:55:01,2026-08-23 19:17:27
9,RadioTEDU Energize,/energize,configured_stream,52254,S.O.L.O,Emil Rottmayer,,,,,,,248.981,H:\RadioTEDU Songs\Energize\Emil Rottmayer\Descend\03 S.O.L.O.flac,4,4,988.231,2026-08-23 02:39:32,2026-08-23 19:02:13
9,RadioTEDU Energize,/energize,configured_stream,47219,Show Me Love,"WizTheMc, bees & honey",,,,,,,61.952,H:\RadioTEDU Songs\Energize\056 - Show Me Love.mp3,4,4,240.403,2026-08-23 02:31:45,2026-08-23 18:54:22
9,RadioTEDU Energize,/energize,configured_stream,52296,Slow,憂鬱,,,,,,,333.745,H:\RadioTEDU Songs\Energize\憂鬱\Slow\01 Slow.flac,4,4,1329.398,2026-08-23 03:03:06,2026-08-23 19:29:00
9,RadioTEDU Energize,/energize,configured_stream,52226,Space Echo,A.L.I.S.O.N,,,,,,,215.056,H:\RadioTEDU Songs\Energize\A.L.I.S.O.N\Space Station\02 A.L.I.S.O.N - Space Echo.flac,4,4,853.653,2026-08-23 02:43:06,2026-08-23 19:05:46
9,RadioTEDU Energize,/energize,configured_stream,52294,Stardancer,Virtua,,,,,,,184.428,H:\RadioTEDU Songs\Energize\Virtua\The Last Descent\02 Stardancer.flac,4,4,731.67,2026-08-23 04:33:45,2026-08-23 20:59:25
9,RadioTEDU Energize,/energize,configured_stream,52290,Starting Over,The Crystal Method,,,,,,,242.707,H:\RadioTEDU Songs\Energize\The Crystal Method\Legion of Boom\01 Starting Over.flac,4,4,964.788,2026-08-23 03:54:07,2026-08-23 20:24:01
9,RadioTEDU Energize,/energize,configured_stream,52285,Sure Thing,St Germain,,,,,,,380.498,H:\RadioTEDU Songs\Energize\St Germain\Tourist\06 Sure Thing.flac,4,4,1523.442,2026-08-23 02:51:37,2026-08-23 19:14:06
9,RadioTEDU Energize,/energize,configured_stream,52237,This Is What You Came For,Calvin Harris & Rihanna,,,,,,,221.901,H:\RadioTEDU Songs\Energize\Calvin Harris\96 Months\03 Calvin Harris & Rihanna - This Is What You Came For.flac,4,4,877.997,2026-08-23 03:09:29,2026-08-23 19:35:17
9,RadioTEDU Energize,/energize,configured_stream,52289,Tired to Shine,The Chain Gang of 1974,,,,,,,240.0,H:\RadioTEDU Songs\Energize\The Chain Gang of 1974\Tired to Shine\01 Tired to Shine.flac,4,4,954.256,2026-08-23 04:07:01,2026-08-23 20:36:55
9,RadioTEDU Energize,/energize,configured_stream,52244,Titanium (David Guetta & MORTEN Future Rave remix),David Guetta feat. Sia,,,,,,,211.441,H:\RadioTEDU Songs\Energize\David Guetta feat. Sia\Titanium (David Guetta & MORTEN Future Rave remix)\01 Titanium (David Guetta & MORTEN Future Rave remix).flac,4,4,837.757,2026-08-23 02:20:41,2026-08-23 18:47:46
9,RadioTEDU Energize,/energize,configured_stream,52270,Twilight 1,Lapsed,,,,,,,309.172,H:\RadioTEDU Songs\Energize\Lapsed\Twilight\01 Twilight 1.mp3,4,4,1228.139,2026-08-23 03:35:45,2026-08-23 20:01:24
9,RadioTEDU Energize,/energize,configured_stream,52221,Von dutch,,,,,,,,164.284,H:\RadioTEDU Songs\Energize\094 - Von dutch.mp3,4,4,650.511,2026-08-23 03:50:05,2026-08-23 20:19:58
9,RadioTEDU Energize,/energize,configured_stream,52256,W.A.V.E,Emil Rottmayer,,,,,,,339.317,H:\RadioTEDU Songs\Energize\Emil Rottmayer\Descend\09 W.A.V.E.flac,4,4,1347.846,2026-08-23 05:22:05,2026-08-23 21:47:39
9,RadioTEDU Energize,/energize,configured_stream,52233,Wake Me Up,Avicii,,,,,,,247.427,H:\RadioTEDU Songs\Energize\Avicii\True\01 Wake Me Up.flac,4,4,980.204,2026-08-23 05:05:45,2026-08-23 21:31:23
9,RadioTEDU Energize,/energize,configured_stream,52267,Whatever,Kygo with Ava Max,,,,,,,178.273,H:\RadioTEDU Songs\Energize\Kygo with Ava Max\Whatever\01 Whatever.mp3,4,4,704.317,2026-08-23 03:25:09,2026-08-23 19:50:53
