station_id,station_name,mount,mount_status,track_id,work_title,performer,version,composer,lyricist,phonogram_producer,label,isrc,scheduled_duration_seconds,source_path,completed_play_count,event_count,total_played_seconds,first_broadcast_at,last_broadcast_at
1,RadioTEDU Classical,/classic,configured_stream,48379,"02 Messe g-Moll, BWV 235_ 2. Gloria in excelsis Deo",Johann Sebastian Bach,,,,,,,192.04,"H:\RadioTEDU Songs\Classical\Johann Sebastian Bach; Helmuth Rilling, Gächinger Kantorei Stuttgart, Bach-Collegium Stuttgart, Stuttgarter Kammerorchester\Messe g-Moll BWV 235 _ Messe G-Dur BWV 236\02 Messe g-Moll, BWV 235_ 2. Gloria in excelsis Deo.flac",1,1,189.504,2026-08-29 13:02:22,2026-08-29 13:02:22
1,RadioTEDU Classical,/classic,configured_stream,47662,"02 Symphony no. 1 in C major, op. 21_ 2. Andante cantabile con moto",Ludwig van Beethoven,,,,,,,406.28,"H:\RadioTEDU Songs\Classical\Beethoven; Daniel Barenboim, West-Eastern Divan Orchestra\Beethoven for All_ Symphonies 1-9\1-02 Symphony no. 1 in C major, op. 21_ 2. Andante cantabile con moto.flac",1,1,404.501,2026-08-29 10:38:16,2026-08-29 10:38:16
1,RadioTEDU Classical,/classic,configured_stream,47663,"03 Symphony no. 1 in C, op. 21_ 3. Menuetto (Allegro molto e vivace)",Ludwig van Beethoven,,,,,,,214.443,"H:\RadioTEDU Songs\Classical\Beethoven; Daniel Barenboim, West-Eastern Divan Orchestra\Beethoven for All_ Symphonies 1-9\1-03 Symphony no. 1 in C, op. 21_ 3. Menuetto (Allegro molto e vivace).flac",1,1,211.849,2026-08-29 02:51:06,2026-08-29 02:51:06
1,RadioTEDU Classical,/classic,configured_stream,47688,"04 Symphony no. 7 in A major, op. 92_ 4. Allegro con brio",Ludwig van Beethoven,,,,,,,426.32,"H:\RadioTEDU Songs\Classical\Beethoven; Daniel Barenboim, West-Eastern Divan Orchestra\Beethoven for All_ Symphonies 1-9\4-04 Symphony no. 7 in A major, op. 92_ 4. Allegro con brio.flac",1,1,424.833,2026-08-29 04:31:56,2026-08-29 04:31:56
1,RadioTEDU Classical,/classic,configured_stream,48915,"04 “Fra tutte le pene”, WoO 99_11a",Ludwig van Beethoven,,,,,,,79.0,"H:\RadioTEDU Songs\Classical\Ludwig van Beethoven\BTHVN 2020_ The New Complete Edition\85-04 “Fra tutte le pene”, WoO 99_11a [Hess 208].flac",1,1,79.002,2026-08-29 11:37:08,2026-08-29 11:37:08
1,RadioTEDU Classical,/classic,configured_stream,47760,"05 Nocturnes, op. 48 B. 142_ 2. Nocturne in F-sharp minor. Andantino",Chopin,,,,,,,385.213,"H:\RadioTEDU Songs\Classical\Chopin; Rafał Blechacz\Chopin\05 Nocturnes, op. 48 B. 142_ 2. Nocturne in F-sharp minor. Andantino.mp3",1,1,384.454,2026-08-29 02:10:33,2026-08-29 02:10:33
1,RadioTEDU Classical,/classic,configured_stream,48916,"05 “Salvo tu vuoi lo sposo_”, WoO 99_12b",Ludwig van Beethoven,,,,,,,35.0,"H:\RadioTEDU Songs\Classical\Ludwig van Beethoven\BTHVN 2020_ The New Complete Edition\85-05 “Salvo tu vuoi lo sposo_”, WoO 99_12b [Hess 228].flac",1,1,33.339,2026-08-29 11:37:51,2026-08-29 11:37:51
1,RadioTEDU Classical,/classic,configured_stream,48383,"06 Messe g-Moll, BWV 235_ 6. Cum Sancto Spiritu",Johann Sebastian Bach,,,,,,,276.08,"H:\RadioTEDU Songs\Classical\Johann Sebastian Bach; Helmuth Rilling, Gächinger Kantorei Stuttgart, Bach-Collegium Stuttgart, Stuttgarter Kammerorchester\Messe g-Moll BWV 235 _ Messe G-Dur BWV 236\06 Messe g-Moll, BWV 235_ 6. Cum Sancto Spiritu.flac",1,1,273.192,2026-08-29 07:08:26,2026-08-29 07:08:26
1,RadioTEDU Classical,/classic,configured_stream,47690,"06 Symphony no. 8 in F, op. 93_ 2. Allegretto scherzando",Ludwig van Beethoven,,,,,,,228.493,"H:\RadioTEDU Songs\Classical\Beethoven; Daniel Barenboim, West-Eastern Divan Orchestra\Beethoven for All_ Symphonies 1-9\4-06 Symphony no. 8 in F, op. 93_ 2. Allegretto scherzando.flac",1,1,228.453,2026-08-29 07:31:54,2026-08-29 07:31:54
1,RadioTEDU Classical,/classic,configured_stream,47675,"07 Symphony no. 4 in B-flat major, op. 60_ 3. Allegro vivace",Ludwig van Beethoven,,,,,,,390.933,"H:\RadioTEDU Songs\Classical\Beethoven; Daniel Barenboim, West-Eastern Divan Orchestra\Beethoven for All_ Symphonies 1-9\2-07 Symphony no. 4 in B-flat major, op. 60_ 3. Allegro vivace.flac",1,1,390.867,2026-08-29 18:08:09,2026-08-29 18:08:09
1,RadioTEDU Classical,/classic,configured_stream,48919,"08 “Per te d'amico aprile”, WoO 99_9",Ludwig van Beethoven,,,,,,,47.0,"H:\RadioTEDU Songs\Classical\Ludwig van Beethoven\BTHVN 2020_ The New Complete Edition\85-08 “Per te d'amico aprile”, WoO 99_9 [Hess 216].flac",1,1,50.016,2026-08-29 11:38:42,2026-08-29 11:38:42
1,RadioTEDU Classical,/classic,configured_stream,48455,10 38. BWV 637 Durch Adams Fall ist ganz verderbt,Johann Sebastian Bach,,,,,,,135.693,H:\RadioTEDU Songs\Classical\Johann Sebastian Bach; Lionel Rogg\L'Œuvre d'orgue\05-10 38. BWV 637 Durch Adams Fall ist ganz verderbt.flac,1,1,137.636,2026-08-29 05:32:55,2026-08-29 05:32:55
1,RadioTEDU Classical,/classic,configured_stream,47706,"11 Bagatelles for Piano, op. 119 no. 2 in C major: Andante con moto",Ludwig van Beethoven,,,,,,,57.0,"H:\RadioTEDU Songs\Classical\Beethoven; Mikhail Pletnev\Variations & Bagatelles\2-18 11 Bagatelles for Piano, op. 119 no. 2 in C major_ Andante con moto.flac",1,1,54.172,2026-08-29 12:24:03,2026-08-29 12:24:03
1,RadioTEDU Classical,/classic,configured_stream,49018,"11 Danses, WoO 17 No.8 Landler",Ludwig van Beethoven,,,,,,,75.293,"H:\RadioTEDU Songs\Classical\Ludwig van Beethoven\Unbekannte Meisterwerke\3-26 11 Danses, WoO 17 No.8 Landler.flac",1,1,72.365,2026-08-29 17:08:10,2026-08-29 17:08:10
1,RadioTEDU Classical,/classic,configured_stream,49019,"11 Danses, WoO 17 No.9 Menuett",Ludwig van Beethoven,,,,,,,143.64,"H:\RadioTEDU Songs\Classical\Ludwig van Beethoven\Unbekannte Meisterwerke\3-27 11 Danses, WoO 17 No.9 Menuett.flac",1,1,143.859,2026-08-29 12:45:58,2026-08-29 12:45:58
1,RadioTEDU Classical,/classic,configured_stream,48922,"11 “Chi mai di questo core”, WoO 99_7",Ludwig van Beethoven,,,,,,,62.0,"H:\RadioTEDU Songs\Classical\Ludwig van Beethoven\BTHVN 2020_ The New Complete Edition\85-11 “Chi mai di questo core”, WoO 99_7 [Hess 214].flac",1,1,59.47,2026-08-29 07:54:28,2026-08-29 07:54:28
1,RadioTEDU Classical,/classic,configured_stream,49239,"13 Preludes, op. 32 no. 10 in B minor",Sergei Rachmaninoff,,,,,,,315.0,"H:\RadioTEDU Songs\Classical\Sergey Rachmaninoff & Alexis Weissenberg\Preludes\21 13 Preludes, op. 32 no. 10 in B minor.flac",1,1,312.052,2026-08-29 03:27:17,2026-08-29 03:27:17
1,RadioTEDU Classical,/classic,configured_stream,47595,14 Concerto in C for 2 Oboes & 2 Clarinets_ 2. Largo,Antonio Vivaldi,,,,,,,162.376,"H:\RadioTEDU Songs\Classical\Antonio Vivaldi; Scottish Chamber Orchestra, Jaime Laredo\Great Vivaldi Wind Concertos\14 Concerto in C for 2 Oboes & 2 Clarinets_ 2. Largo.mp3",1,1,160.484,2026-08-29 03:40:22,2026-08-29 03:40:22
1,RadioTEDU Classical,/classic,configured_stream,47597,15 Concerto in C for 2 Oboes & 2 Clarinets_ 3. Allegro Molto,Antonio Vivaldi,,,,,,,184.411,"H:\RadioTEDU Songs\Classical\Antonio Vivaldi; Scottish Chamber Orchestra, Jaime Laredo\Great Vivaldi Wind Concertos\15 Concerto in C for 2 Oboes & 2 Clarinets_ 3. Allegro Molto.mp3",1,1,181.918,2026-08-29 14:12:12,2026-08-29 14:12:12
1,RadioTEDU Classical,/classic,configured_stream,49010,"20 Irish Songs, WoO 153 no. 15 “’Tis but in vain, for nothing thrives”",Ludwig van Beethoven,,,,,,,252.0,"H:\RadioTEDU Songs\Classical\Ludwig van Beethoven\Folksong Settings\3-12 20 Irish Songs, WoO 153 no. 15 “’Tis but in vain, for nothing thrives”.flac",1,1,249.419,2026-08-29 12:43:35,2026-08-29 12:43:35
1,RadioTEDU Classical,/classic,configured_stream,49009,"20 Irish Songs, WoO 153 no. 9 “The kiss, dear maid, thy lip has left”",Ludwig van Beethoven,,,,,,,181.0,"H:\RadioTEDU Songs\Classical\Ludwig van Beethoven\Folksong Settings\3-10 20 Irish Songs, WoO 153 no. 9 “The kiss, dear maid, thy lip has left”.flac",1,1,178.056,2026-08-29 02:15:54,2026-08-29 02:15:54
1,RadioTEDU Classical,/classic,configured_stream,48999,"25 Scottish Songs, op. 108 no. 16 “Could this ill world have been contriv’d”",Ludwig van Beethoven,,,,,,,160.0,"H:\RadioTEDU Songs\Classical\Ludwig van Beethoven\Folksong Settings\1-08 25 Scottish Songs, op. 108 no. 16 “Could this ill world have been contriv’d”.flac",1,1,157.151,2026-08-29 15:49:07,2026-08-29 15:49:07
1,RadioTEDU Classical,/classic,configured_stream,47723,3 Gymnopédies_ No. 1. Lent et douloureux,Erik Satie,,,,,,,177.56,H:\RadioTEDU Songs\Classical\Bertrand Chamayou\Letter(s) to Erik Satie\04 Erik Satie - 3 Gymnopédies_ No. 1. Lent et douloureux.mp3,1,1,175.358,2026-08-29 12:09:04,2026-08-29 12:09:04
1,RadioTEDU Classical,/classic,configured_stream,47724,3 Gymnopédies_ No. 3. Lent et grave,Erik Satie,,,,,,,150.493,H:\RadioTEDU Songs\Classical\Bertrand Chamayou\Letter(s) to Erik Satie\18 Erik Satie - 3 Gymnopédies_ No. 3. Lent et grave.mp3,1,1,152.131,2026-08-29 00:40:11,2026-08-29 00:40:11
1,RadioTEDU Classical,/classic,configured_stream,48934,"32 “Kurz ist der Schmerz”, WoO 163 (3-part canon) (1st setting)",Ludwig van Beethoven,,,,,,,83.0,"H:\RadioTEDU Songs\Classical\Ludwig van Beethoven\BTHVN 2020_ The New Complete Edition\85-32 “Kurz ist der Schmerz”, WoO 163 (3-part canon) (1st setting).flac",1,1,83.182,2026-08-29 11:53:00,2026-08-29 11:53:00
1,RadioTEDU Classical,/classic,configured_stream,48935,"33 “Freundschaft ist die Quelle wahrer Glückselighkeit”, WoO 164 (3-part canon)",Ludwig van Beethoven,,,,,,,55.0,"H:\RadioTEDU Songs\Classical\Ludwig van Beethoven\BTHVN 2020_ The New Complete Edition\85-33 “Freundschaft ist die Quelle wahrer Glückselighkeit”, WoO 164 (3-part canon).flac",1,1,55.415,2026-08-29 17:57:29,2026-08-29 17:57:29
1,RadioTEDU Classical,/classic,configured_stream,48940,"38 Das Reden, WoO 168b (3-part canon)",Ludwig van Beethoven,,,,,,,74.0,"H:\RadioTEDU Songs\Classical\Ludwig van Beethoven\BTHVN 2020_ The New Complete Edition\85-38 Das Reden, WoO 168b (3-part canon).flac",1,1,71.22,2026-08-29 14:49:57,2026-08-29 14:49:57
1,RadioTEDU Classical,/classic,configured_stream,48951,"49 Auf einen, welcher Hoffmann geheißen (“Hoffman, sei ja kein Hoffmann”), WoO 180 (2-part canon)",Ludwig van Beethoven,,,,,,,40.0,"H:\RadioTEDU Songs\Classical\Ludwig van Beethoven\BTHVN 2020_ The New Complete Edition\85-49 Auf einen, welcher Hoffmann geheißen (“Hoffman, sei ja kein Hoffmann”), WoO 180 (2-part canon).flac",1,1,40.203,2026-08-29 12:17:47,2026-08-29 12:17:47
1,RadioTEDU Classical,/classic,configured_stream,48953,"51 “Bester Graf, Sie sind ein Schaf!”, WoO 183 (4-part canon)",Ludwig van Beethoven,,,,,,,31.0,"H:\RadioTEDU Songs\Classical\Ludwig van Beethoven\BTHVN 2020_ The New Complete Edition\85-51 “Bester Graf, Sie sind ein Schaf!”, WoO 183 (4-part canon).flac",1,1,31.138,2026-08-29 07:38:24,2026-08-29 07:38:24
1,RadioTEDU Classical,/classic,configured_stream,48954,"52 “Falstafferel, lass dich sehen”, WoO 184 (5-part canon)",Ludwig van Beethoven,,,,,,,62.0,"H:\RadioTEDU Songs\Classical\Ludwig van Beethoven\BTHVN 2020_ The New Complete Edition\85-52 “Falstafferel, lass dich sehen”, WoO 184 (5-part canon).flac",1,1,62.299,2026-08-29 17:38:05,2026-08-29 17:38:05
1,RadioTEDU Classical,/classic,configured_stream,48959,"57 “Doktor sperrt das Tor dem Tod”, WoO 189 (4-part canon)",Ludwig van Beethoven,,,,,,,63.0,"H:\RadioTEDU Songs\Classical\Ludwig van Beethoven\BTHVN 2020_ The New Complete Edition\85-57 “Doktor sperrt das Tor dem Tod”, WoO 189 (4-part canon).flac",1,1,63.012,2026-08-29 07:39:48,2026-08-29 07:39:48
1,RadioTEDU Classical,/classic,configured_stream,48962,"60 “Ars longa, vita brevis”, WoO 192 (4-part canon) (2nd setting)",Ludwig van Beethoven,,,,,,,24.0,"H:\RadioTEDU Songs\Classical\Ludwig van Beethoven\BTHVN 2020_ The New Complete Edition\85-60 “Ars longa, vita brevis”, WoO 192 (4-part canon) (2nd setting).flac",1,1,21.301,2026-08-29 07:28:06,2026-08-29 07:28:06
1,RadioTEDU Classical,/classic,configured_stream,48966,"64 “Es muss sein!”, WoO 196 (4-part canon)",Ludwig van Beethoven,,,,,,,31.0,"H:\RadioTEDU Songs\Classical\Ludwig van Beethoven\BTHVN 2020_ The New Complete Edition\85-64 “Es muss sein!”, WoO 196 (4-part canon).flac",1,1,29.691,2026-08-29 04:13:55,2026-08-29 04:13:55
1,RadioTEDU Classical,/classic,configured_stream,49376,90歳の少女,久石譲,,,,,,,61.257,H:\RadioTEDU Songs\Classical\久石譲\ハウルの動く城\14 90歳の少女 (1).mp3,1,1,58.381,2026-08-29 16:31:26,2026-08-29 16:31:26
1,RadioTEDU Classical,/classic,configured_stream,49377,90歳の少女,久石譲,,,,,,,61.257,H:\RadioTEDU Songs\Classical\久石譲\ハウルの動く城\14 90歳の少女.mp3,1,1,58.845,2026-08-29 15:50:05,2026-08-29 15:50:05
1,RadioTEDU Classical,/classic,configured_stream,48909,Abschiedsgesang WoO 102,Ludwig van Beethoven,,,,,,,243.0,H:\RadioTEDU Songs\Classical\Ludwig van Beethoven\Beethoven - The Complete Works\79-31 Abschiedsgesang WoO 102.flac,1,1,240.072,2026-08-29 07:15:49,2026-08-29 07:15:49
1,RadioTEDU Classical,/classic,configured_stream,47929,"Ach Gott, vom Himmel sieh darein, BWV 741",Johann Sebastian Bach,,,,,,,380.707,"H:\RadioTEDU Songs\Classical\Johann Sebastian Bach; Andrea Marcon\Organ Works_ Ohrdruf, Lüneburg & Arnstadt\2-04 Ach Gott, vom Himmel sieh darein, BWV 741.flac",1,1,377.943,2026-08-29 08:00:45,2026-08-29 08:00:45
1,RadioTEDU Classical,/classic,configured_stream,47481,Adagio in G minor,Tomaso Giovanni Albinoni,,,,,,,417.987,"H:\RadioTEDU Songs\Classical\Albinoni, Pachelbel; I Musici\Albinoni_ Adagio _ Pachelbel_ Canon & Fugue\01 Tomaso Giovanni Albinoni - Adagio in G minor.flac",1,1,421.018,2026-08-29 04:38:58,2026-08-29 04:38:58
1,RadioTEDU Classical,/classic,configured_stream,49211,Adrift Among Infinite Stars,Scott Buckley,,,,,,,405.653,H:\RadioTEDU Songs\Classical\Scott Buckley\Library Songs 9\06 Adrift Among Infinite Stars.m4a,1,1,403.027,2026-08-29 17:28:12,2026-08-29 17:28:12
1,RadioTEDU Classical,/classic,configured_stream,49055,Aeon,Nick Murray & Juliet Lyons,,,,,,,198.816,H:\RadioTEDU Songs\Classical\Nick Murray\Aeon\05 Nick Murray & Juliet Lyons - Aeon.mp3,1,1,196.002,2026-08-29 07:19:05,2026-08-29 07:19:05
1,RadioTEDU Classical,/classic,configured_stream,48675,Allein Gott inder Höh' sei Ehr' BWV 260,Johann Sebastian Bach,,,,,,,50.96,"H:\RadioTEDU Songs\Classical\Johann Sebastian Bach\Bach Edition, Volume 23_ Chorale _ Chorales\1-32 Allein Gott inder Höh' sei Ehr' BWV 260.flac",1,1,48.248,2026-08-29 09:09:07,2026-08-29 09:09:07
1,RadioTEDU Classical,/classic,configured_stream,48679,Als Jesus Christus in der Nacht BWV 265,Johann Sebastian Bach,,,,,,,89.053,"H:\RadioTEDU Songs\Classical\Johann Sebastian Bach\Bach Edition, Volume 23_ Chorale _ Chorales\2-03 Als Jesus Christus in der Nacht BWV 265.flac",1,1,91.375,2026-08-29 02:31:31,2026-08-29 02:31:31
1,RadioTEDU Classical,/classic,configured_stream,48395,"Als Jesus Christus in der Nacht, BWV 1108",Johann Sebastian Bach,,,,,,,149.64,"H:\RadioTEDU Songs\Classical\Johann Sebastian Bach; Kay Johannsen\Organ Chorales From the Neumeister Collection\2-03 Als Jesus Christus in der Nacht, BWV 1108.flac",1,1,149.628,2026-08-29 07:01:45,2026-08-29 07:01:45
1,RadioTEDU Classical,/classic,configured_stream,47906,amour,Jean‐Michel Blais,,,,,,,277.86,H:\RadioTEDU Songs\Classical\Jean‐Michel Blais\aubades\07 amour.flac,1,1,277.044,2026-08-29 06:04:06,2026-08-29 06:04:06
1,RadioTEDU Classical,/classic,configured_stream,48757,Any Other Name,Johannes Bornlöf,,,,,,,243.9,H:\RadioTEDU Songs\Classical\Johannes Bornlöf\The 50 Greatest Epic Piano Pieces\11 Any Other Name.mp3,1,1,243.972,2026-08-29 01:10:01,2026-08-29 01:10:01
1,RadioTEDU Classical,/classic,configured_stream,47603,"Argippo, RV 697: Se lento ancora il fulmine",Romina Basso,,,,,,,235.154,"H:\RadioTEDU Songs\Classical\Antonio Vivaldi\Vivaldi Operas Vol. 2\01 Romina Basso - Argippo, RV 697_ Se lento ancora il fulmine.mp3",1,1,233.277,2026-08-29 04:53:53,2026-08-29 04:53:53
1,RadioTEDU Classical,/classic,configured_stream,48439,"Aus tiefer Not schrei ich zu dir, BWV 686",Johann Sebastian Bach,,,,,,,374.173,"H:\RadioTEDU Songs\Classical\Johann Sebastian Bach; Kay Johannsen\Orgelwerke_ Clavier Übung, Dritter Theil\2-06 Aus tiefer Not schrei ich zu dir, BWV 686.flac",1,1,378.51,2026-08-29 13:11:12,2026-08-29 13:11:12
1,RadioTEDU Classical,/classic,configured_stream,47554,"Bassoon Concerto in A minor, RV 497: III. Allegro",Antonio Vivaldi,,,,,,,158.853,"H:\RadioTEDU Songs\Classical\Antonio Vivaldi; Gustavo Núñez, Academy of St Martin in the Fields\Bassoon Concertos\16 Bassoon Concerto in A minor, RV 497_ III. Allegro (1).mp3",1,1,158.942,2026-08-29 05:24:55,2026-08-29 05:24:55
1,RadioTEDU Classical,/classic,configured_stream,47545,"Bassoon Concerto in B-flat major, RV 501 (La notte): II. ""I Fantamil"", Presto",Antonio Vivaldi,,,,,,,107.494,"H:\RadioTEDU Songs\Classical\Antonio Vivaldi; Gustavo Núñez, Academy of St Martin in the Fields\Bassoon Concertos\08 Bassoon Concerto in B-flat major, RV 501 (La notte)_ II. _I Fantamil_, Presto.mp3",1,1,107.918,2026-08-29 18:34:38,2026-08-29 18:34:38
1,RadioTEDU Classical,/classic,configured_stream,47546,"Bassoon Concerto in B-flat major, RV 501 (La notte): III. ""Il Sonno"", Andante molto",Antonio Vivaldi,,,,,,,145.573,"H:\RadioTEDU Songs\Classical\Antonio Vivaldi; Gustavo Núñez, Academy of St Martin in the Fields\Bassoon Concertos\09 Bassoon Concerto in B-flat major, RV 501 (La notte)_ III. _Il Sonno_, Andante molto (1).mp3",1,1,144.58,2026-08-29 01:33:08,2026-08-29 01:33:08
1,RadioTEDU Classical,/classic,configured_stream,47547,"Bassoon Concerto in B-flat major, RV 501 (La notte): III. ""Il Sonno"", Andante molto",Antonio Vivaldi,,,,,,,145.573,"H:\RadioTEDU Songs\Classical\Antonio Vivaldi; Gustavo Núñez, Academy of St Martin in the Fields\Bassoon Concertos\09 Bassoon Concerto in B-flat major, RV 501 (La notte)_ III. _Il Sonno_, Andante molto.mp3",1,1,145.687,2026-08-29 01:36:46,2026-08-29 01:36:46
1,RadioTEDU Classical,/classic,configured_stream,47536,"Bassoon Concerto in F major, RV 488: I. Allegro non molto",Antonio Vivaldi,,,,,,,178.346,"H:\RadioTEDU Songs\Classical\Antonio Vivaldi; Gustavo Núñez, Academy of St Martin in the Fields\Bassoon Concertos\04 Bassoon Concerto in F major, RV 488_ I. Allegro non molto (1).mp3",1,1,175.871,2026-08-29 14:23:05,2026-08-29 14:23:05
1,RadioTEDU Classical,/classic,configured_stream,48698,Befiehl du deine Wege BWV 272,Johann Sebastian Bach,,,,,,,63.72,"H:\RadioTEDU Songs\Classical\Johann Sebastian Bach\Bach Edition, Volume 23_ Chorale _ Chorales\3-16 Befiehl du deine Wege BWV 272.flac",1,1,60.874,2026-08-29 18:09:21,2026-08-29 18:09:21
1,RadioTEDU Classical,/classic,configured_stream,47993,"BWV 60 Choral: Es ist genung; Herr, wenn es dir gefallt",Johann Sebastian Bach,,,,,,,87.253,"H:\RadioTEDU Songs\Classical\Johann Sebastian Bach; Bach-Ensemble, Helmuth Rilling\Cantatas BWV 58-61\14 BWV 60 Choral_ Es ist genung; Herr, wenn es dir gefallt.flac",1,1,87.668,2026-08-29 02:24:29,2026-08-29 02:24:29
1,RadioTEDU Classical,/classic,configured_stream,48745,BWV 995 (after BWV 1011) Sarabande,Johann Sebastian Bach,,,,,,,182.8,H:\RadioTEDU Songs\Classical\Johann Sebastian Bach\Johann Sebastian Bach Arrangements for Lute (lute_ Oliver Holzenburg)\04 BWV 995 (after BWV 1011) Sarabande.flac,1,1,189.696,2026-08-29 11:58:35,2026-08-29 11:58:35
1,RadioTEDU Classical,/classic,configured_stream,48026,"Cantata, BWV 122 ""Das neugeborne Kindelein"": IV. Terzetto con Choral",Johann Sebastian Bach,,,,,,,164.267,"H:\RadioTEDU Songs\Classical\Johann Sebastian Bach; Bach-Ensemble, Helmuth Rilling\Kantaten zum Weihnachtsfestkreis\4-04 Cantata, BWV 122 _Das neugeborne Kindelein__ IV. Terzetto con Choral.flac",1,1,165.448,2026-08-29 10:19:00,2026-08-29 10:19:00
1,RadioTEDU Classical,/classic,configured_stream,48027,"Cantata, BWV 122 ""Das neugeborne Kindelein"": V. Recitativo",Johann Sebastian Bach,,,,,,,88.427,"H:\RadioTEDU Songs\Classical\Johann Sebastian Bach; Bach-Ensemble, Helmuth Rilling\Kantaten zum Weihnachtsfestkreis\4-05 Cantata, BWV 122 _Das neugeborne Kindelein__ V. Recitativo.flac",1,1,89.844,2026-08-29 08:45:22,2026-08-29 08:45:22
1,RadioTEDU Classical,/classic,configured_stream,48018,"Cantata, BWV 91 ""Gelobt seist Du, Jesu Christ"": II. Recitativo E Choral",Johann Sebastian Bach,,,,,,,133.373,"H:\RadioTEDU Songs\Classical\Johann Sebastian Bach; Bach-Ensemble, Helmuth Rilling\Kantaten zum Weihnachtsfestkreis\2-15 Cantata, BWV 91 _Gelobt seist Du, Jesu Christ__ II. Recitativo E Choral.flac",1,1,130.636,2026-08-29 11:33:11,2026-08-29 11:33:11
1,RadioTEDU Classical,/classic,configured_stream,48829,Carmen Suite no. 2: Habanera,Georges Bizet,,,,,,,132.533,H:\RadioTEDU Songs\Classical\London Philharmonic Orchestra\The 50 Greatest Pieces of Classical Music\24 Georges Bizet - Carmen Suite no. 2_ Habanera.flac,1,1,132.44,2026-08-29 17:30:24,2026-08-29 17:30:24
1,RadioTEDU Classical,/classic,configured_stream,48853,Cavatina,Stanley Myers,,,,,,,239.64,H:\RadioTEDU Songs\Classical\London Philharmonic Orchestra\The 50 Greatest Pieces of Classical Music\46 Stanley Myers - Cavatina.flac,1,1,240.27,2026-08-29 01:01:18,2026-08-29 01:01:18
1,RadioTEDU Classical,/classic,configured_stream,48854,Cavatina,Stanley Myers,,,,,,,239.64,H:\RadioTEDU Songs\Classical\London Philharmonic Orchestra\The 50 Greatest Pieces of Classical Music\46 Stanley Myers - Cavatina.mp3,1,1,238.313,2026-08-29 01:41:00,2026-08-29 01:41:00
1,RadioTEDU Classical,/classic,configured_stream,47834,Chasing Rainbows,Anne Dudley,,,,,,,150.792,H:\RadioTEDU Songs\Classical\Esther Abrami _ Ben Palmer _ City of Prague Philharmonic Orchestra\Cinéma\04 Anne Dudley - Chasing Rainbows.mp3,1,1,148.193,2026-08-29 10:54:32,2026-08-29 10:54:32
1,RadioTEDU Classical,/classic,configured_stream,48328,"Choralsatz, BWV 1084 “O hilf Christe, Gottes Sohn”",Johann Sebastian Bach,,,,,,,69.693,"H:\RadioTEDU Songs\Classical\Johann Sebastian Bach; Gächinger Kantorei Stuttgart, Bach‐Collegium Stuttgart, Gerhard Gnann, Helmuth Rilling\A Book of Chorale‐Settings_ Passion\27 Choralsatz, BWV 1084 “O hilf Christe, Gottes Sohn”.flac",1,1,70.338,2026-08-29 02:02:02,2026-08-29 02:02:02
1,RadioTEDU Classical,/classic,configured_stream,48322,"Choralsatz, BWV 333 “Herr Jesu Christ, du hast bereit’”",Johann Sebastian Bach,,,,,,,66.667,"H:\RadioTEDU Songs\Classical\Johann Sebastian Bach; Gächinger Kantorei Stuttgart, Bach‐Collegium Stuttgart, Gerhard Gnann, Helmuth Rilling\A Book of Chorale‐Settings_ Passion\17 Choralsatz, BWV 333 “Herr Jesu Christ, du hast bereit’”.flac",1,1,64.112,2026-08-29 00:53:50,2026-08-29 00:53:50
1,RadioTEDU Classical,/classic,configured_stream,48310,"Choralsatz, BWV 368 “In dulci jubilo”",Johann Sebastian Bach,,,,,,,137.733,"H:\RadioTEDU Songs\Classical\Johann Sebastian Bach; Gächinger Kantorei Stuttgart, Bach‐Collegium Stuttgart, Gerhard Gnann, Helmuth Rilling\A Book of Chorale‐Settings_ Advent and Christmas\11 Choralsatz, BWV 368 “In dulci jubilo”.flac",1,1,135.641,2026-08-29 11:55:25,2026-08-29 11:55:25
1,RadioTEDU Classical,/classic,configured_stream,48312,"Choralsatz, BWV 414 “Uns ist ein Kindlein heut geborn”",Johann Sebastian Bach,,,,,,,53.693,"H:\RadioTEDU Songs\Classical\Johann Sebastian Bach; Gächinger Kantorei Stuttgart, Bach‐Collegium Stuttgart, Gerhard Gnann, Helmuth Rilling\A Book of Chorale‐Settings_ Advent and Christmas\13 Choralsatz, BWV 414 “Uns ist ein Kindlein heut geborn”.flac",1,1,53.526,2026-08-29 02:16:47,2026-08-29 02:16:47
1,RadioTEDU Classical,/classic,configured_stream,48437,"Christ, unser Herr, zum Jordan kam, BWV 684",Johann Sebastian Bach,,,,,,,266.293,"H:\RadioTEDU Songs\Classical\Johann Sebastian Bach; Kay Johannsen\Orgelwerke_ Clavier Übung, Dritter Theil\2-04 Christ, unser Herr, zum Jordan kam, BWV 684.flac",1,1,266.941,2026-08-29 00:09:19,2026-08-29 00:09:19
1,RadioTEDU Classical,/classic,configured_stream,48699,"Christe, der du bist Tag und Licht BWV 274",Johann Sebastian Bach,,,,,,,66.36,"H:\RadioTEDU Songs\Classical\Johann Sebastian Bach\Bach Edition, Volume 23_ Chorale _ Chorales\3-18 Christe, der du bist Tag und Licht BWV 274.flac",1,1,63.687,2026-08-29 00:57:18,2026-08-29 00:57:18
1,RadioTEDU Classical,/classic,configured_stream,49030,Close to Evil,Mikko Tarmia,,,,,,,112.0,H:\RadioTEDU Songs\Classical\Mikko Tarmia\Penumbra Soundtrack - Special Edition\03 Close to Evil.flac,1,1,109.249,2026-08-29 13:29:24,2026-08-29 13:29:24
1,RadioTEDU Classical,/classic,configured_stream,48585,"Concerto A‐Dur, BWV 1055: I. Allegro",Johann Sebastian Bach,,,,,,,245.147,"H:\RadioTEDU Songs\Classical\Johann Sebastian Bach; Robert Levin, Bach‐Collegium Stuttgart, Helmuth Rilling\Cembalokonzerte, BWV 1055–1058\01 Concerto A‐Dur, BWV 1055_ I. Allegro.flac",1,1,242.533,2026-08-29 17:37:03,2026-08-29 17:37:03
1,RadioTEDU Classical,/classic,configured_stream,48483,"Concerto D‐Dur, BWV 972: III. Allegro",Johann Sebastian Bach,,,,,,,164.133,"H:\RadioTEDU Songs\Classical\Johann Sebastian Bach; Peter Watchorn\Concerti_ Bearbeitungen nach verschiedenen Meistern, BWV 972–987\1-03 Concerto D‐Dur, BWV 972_ III. Allegro.flac",1,1,161.267,2026-08-29 12:22:11,2026-08-29 12:22:11
1,RadioTEDU Classical,/classic,configured_stream,47526,"Concerto en ré mineur F.III/24, RV 405 : II. Adagio",Antonio Vivaldi,,,,,,,179.043,"H:\RadioTEDU Songs\Classical\Antonio Vivaldi; Ensemble Explorations, Roel Dieltiens\Cello Concertos\1-11 Concerto en ré mineur F.III_24, RV 405 _ II. Adagio (1).mp3",1,1,176.731,2026-08-29 00:28:38,2026-08-29 00:28:38
1,RadioTEDU Classical,/classic,configured_stream,48758,"Concerto for Violin, Cello and Orchestra in A minor, Op. 102: II. Andante",Johannes Brahms,,,,,,,504.281,"H:\RadioTEDU Songs\Classical\Johannes Brahms; Amsterdams Philharmonisch Orkest, Árpád Joó\Double Concerto, Op. 102 _ Tragic Overture, Op. 81\02 Concerto for Violin, Cello and Orchestra in A minor, Op. 102_ II. Andante.mp3",1,1,501.718,2026-08-29 13:23:41,2026-08-29 13:23:41
1,RadioTEDU Classical,/classic,configured_stream,48592,"Concerto F‐Dur, BWV 1057: II. Andante",Johann Sebastian Bach,,,,,,,182.373,"H:\RadioTEDU Songs\Classical\Johann Sebastian Bach; Robert Levin, Bach‐Collegium Stuttgart, Helmuth Rilling\Cembalokonzerte, BWV 1055–1058\08 Concerto F‐Dur, BWV 1057_ II. Andante.flac",1,1,182.819,2026-08-29 00:14:04,2026-08-29 00:14:04
1,RadioTEDU Classical,/classic,configured_stream,47606,"Concerto in C minor, op. 6 no. 3: V. Allegro",Arcangelo Corelli,,,,,,,148.779,"H:\RadioTEDU Songs\Classical\Arcangelo Corelli; Accademia Bizantina Orchestra, Ottavio Dantone\Concerti Grossi op. 6\1-14 Concerto in C minor, op. 6 no. 3_ V. Allegro (1).flac",1,1,152.71,2026-08-29 17:13:51,2026-08-29 17:13:51
1,RadioTEDU Classical,/classic,configured_stream,47607,"Concerto in C minor, op. 6 no. 3: V. Allegro",Arcangelo Corelli,,,,,,,148.779,"H:\RadioTEDU Songs\Classical\Arcangelo Corelli; Accademia Bizantina Orchestra, Ottavio Dantone\Concerti Grossi op. 6\1-14 Concerto in C minor, op. 6 no. 3_ V. Allegro.flac",1,1,153.739,2026-08-29 06:18:00,2026-08-29 06:18:00
1,RadioTEDU Classical,/classic,configured_stream,48753,"Concerto in G Minor for Violin and Strings, BWV 1056R: II. Arioso: Largo",Johann Sebastian Bach,,,,,,,194.893,"H:\RadioTEDU Songs\Classical\Johann Sebastian Bach\Rise of the Masters_ 100 Supreme Classical Masterpieces_ Bach\90 Concerto in G Minor for Violin and Strings, BWV 1056R_ II. Arioso_ Largo.mp3",1,1,194.749,2026-08-29 10:49:36,2026-08-29 10:49:36
1,RadioTEDU Classical,/classic,configured_stream,49234,"Concierto para piano n.º 2 en do menor, op. 18: I. Moderato",Sergei Rachmaninov,,,,,,,695.68,"H:\RadioTEDU Songs\Classical\Sergei Rachmaninov; Malmö Symphony Orchestra, Owain Arwel Hughes, Noriko Ogawa\Conciertos para piano\01 Concierto para piano n.º 2 en do menor, op. 18_ I. Moderato.mp3",1,1,696.037,2026-08-29 03:12:58,2026-08-29 03:12:58
1,RadioTEDU Classical,/classic,configured_stream,49277,Conclusion in e minor: Allegro - Largo - Allegro D.C.,Georg Philipp Telemann,,,,,,,280.465,H:\RadioTEDU Songs\Classical\Telemann; Florilegium\Tafelmusik\16 Conclusion in e minor_ Allegro - Largo - Allegro D.C..flac,1,1,286.467,2026-08-29 04:12:59,2026-08-29 04:12:59
1,RadioTEDU Classical,/classic,configured_stream,49086,"Daisies, Op. 38 No. 3",Сергей Васильевич Рахманинов,,,,,,,144.707,"H:\RadioTEDU Songs\Classical\Rachmaninoff; Emil Gilels\Legacy Vol. 7\06 Daisies, Op. 38 No. 3.flac",1,1,145.846,2026-08-29 15:04:57,2026-08-29 15:04:57
1,RadioTEDU Classical,/classic,configured_stream,52301,Dearly Beloved,下村陽子,,,,,,,142.734,H:\RadioTEDU Songs\Classical\下村陽子\Kingdom Hearts II Original Soundtrack\1-01 下村陽子 - Dearly Beloved (1).mp3,1,1,142.592,2026-08-29 16:30:18,2026-08-29 16:30:18
1,RadioTEDU Classical,/classic,configured_stream,52302,Dearly Beloved,下村陽子,,,,,,,142.734,H:\RadioTEDU Songs\Classical\下村陽子\Kingdom Hearts II Original Soundtrack\1-01 下村陽子 - Dearly Beloved.mp3,1,1,142.556,2026-08-29 16:19:02,2026-08-29 16:19:02
1,RadioTEDU Classical,/classic,configured_stream,48706,Der du bist drei in Einigkeit BWV 293,Johann Sebastian Bach,,,,,,,35.973,"H:\RadioTEDU Songs\Classical\Johann Sebastian Bach\Bach Edition, Volume 23_ Chorale _ Chorales\3-30 Der du bist drei in Einigkeit BWV 293.flac",1,1,39.574,2026-08-29 00:11:01,2026-08-29 00:11:01
1,RadioTEDU Classical,/classic,configured_stream,48708,Die Sonn' hat sich mit ihrem Glanz BWV 297,Johann Sebastian Bach,,,,,,,51.24,"H:\RadioTEDU Songs\Classical\Johann Sebastian Bach\Bach Edition, Volume 23_ Chorale _ Chorales\3-32 Die Sonn' hat sich mit ihrem Glanz BWV 297.flac",1,1,49.208,2026-08-29 04:08:10,2026-08-29 04:08:10
1,RadioTEDU Classical,/classic,configured_stream,49260,Different Trains: III. After the War (Pt. 1),Steve Reich,,,,,,,285.44,H:\RadioTEDU Songs\Classical\Steve Reich; Mivos Quartet\The String Quartets\16 Different Trains_ III. After the War (Pt. 1) (1).flac,1,1,291.381,2026-08-29 03:46:28,2026-08-29 03:46:28
1,RadioTEDU Classical,/classic,configured_stream,49261,Different Trains: III. After the War (Pt. 1),Steve Reich,,,,,,,285.44,H:\RadioTEDU Songs\Classical\Steve Reich; Mivos Quartet\The String Quartets\16 Different Trains_ III. After the War (Pt. 1).flac,1,1,283.135,2026-08-29 03:51:12,2026-08-29 03:51:12
1,RadioTEDU Classical,/classic,configured_stream,48709,"Dir, dir, Jehova, will ich singen BWV 299",Johann Sebastian Bach,,,,,,,48.56,"H:\RadioTEDU Songs\Classical\Johann Sebastian Bach\Bach Edition, Volume 23_ Chorale _ Chorales\3-33 Dir, dir, Jehova, will ich singen BWV 299.flac",1,1,51.709,2026-08-29 13:56:21,2026-08-29 13:56:21
1,RadioTEDU Classical,/classic,configured_stream,48777,Divertimento K131,Kevin MacLeod,,,,,,,122.497,H:\RadioTEDU Songs\Classical\Kevin MacLeod\Famous Classics\07 Divertimento K131.mp3,1,1,124.902,2026-08-29 10:46:21,2026-08-29 10:46:21
1,RadioTEDU Classical,/classic,configured_stream,48687,Du grosser Schmerzensmann BWV 300,Johann Sebastian Bach,,,,,,,60.853,"H:\RadioTEDU Songs\Classical\Johann Sebastian Bach\Bach Edition, Volume 23_ Chorale _ Chorales\2-17 Du grosser Schmerzensmann BWV 300.flac",1,1,64.636,2026-08-29 00:54:54,2026-08-29 00:54:54
1,RadioTEDU Classical,/classic,configured_stream,48852,"Egmont, op. 84: Overture",Ludwig van Beethoven,,,,,,,477.933,"H:\RadioTEDU Songs\Classical\London Philharmonic Orchestra\The 50 Greatest Pieces of Classical Music\45 Ludwig van Beethoven - Egmont, op. 84_ Overture.flac",1,1,475.818,2026-08-29 05:01:49,2026-08-29 05:01:49
1,RadioTEDU Classical,/classic,configured_stream,48710,Ein' feste Burg ist unser Gott BWV 302,Johann Sebastian Bach,,,,,,,55.227,"H:\RadioTEDU Songs\Classical\Johann Sebastian Bach\Bach Edition, Volume 23_ Chorale _ Chorales\3-39 Ein' feste Burg ist unser Gott BWV 302.flac",1,1,52.301,2026-08-29 08:02:49,2026-08-29 08:02:49
1,RadioTEDU Classical,/classic,configured_stream,49081,Eldur,Jórunn Viðar,,,,,,,554.0,"H:\RadioTEDU Songs\Classical\Páll Ísólfsson, Jórunn Viðar; Iceland Symphony Orchestra, Rumon Gamba\Icelandic Works for the Stage\01 Jórunn Viðar - Eldur.flac",1,1,557.094,2026-08-29 15:31:29,2026-08-29 15:31:29
1,RadioTEDU Classical,/classic,configured_stream,48410,"Erbarm dich mein, o Herre Gott, BWV 721",Johann Sebastian Bach,,,,,,,236.2,"H:\RadioTEDU Songs\Classical\Johann Sebastian Bach; Kay Johannsen\Organ Works_ The Young Bach - A Virtuoso\12 Erbarm dich mein, o Herre Gott, BWV 721.flac",1,1,233.328,2026-08-29 10:16:15,2026-08-29 10:16:15
1,RadioTEDU Classical,/classic,configured_stream,48714,Es spricht der Unweisen Mund wohl BWV 308,Johann Sebastian Bach,,,,,,,55.347,"H:\RadioTEDU Songs\Classical\Johann Sebastian Bach\Bach Edition, Volume 23_ Chorale _ Chorales\3-47 Es spricht der Unweisen Mund wohl BWV 308.flac",1,1,52.432,2026-08-29 11:45:01,2026-08-29 11:45:01
1,RadioTEDU Classical,/classic,configured_stream,48715,Es steh'n vor Gottes Throne BWV 309,Johann Sebastian Bach,,,,,,,69.187,"H:\RadioTEDU Songs\Classical\Johann Sebastian Bach\Bach Edition, Volume 23_ Chorale _ Chorales\3-48 Es steh'n vor Gottes Throne BWV 309.flac",1,1,68.829,2026-08-29 06:59:14,2026-08-29 06:59:14
1,RadioTEDU Classical,/classic,configured_stream,48717,Es woll' uns Gott genädig sein BWV 312,Johann Sebastian Bach,,,,,,,100.093,"H:\RadioTEDU Songs\Classical\Johann Sebastian Bach\Bach Edition, Volume 23_ Chorale _ Chorales\3-50 Es woll' uns Gott genädig sein BWV 312.flac",1,1,98.253,2026-08-29 15:36:12,2026-08-29 15:36:12
1,RadioTEDU Classical,/classic,configured_stream,48861,Experience (Kizomba Remix 2015 by Mestah),Ludovico Einaudi,,,,,,,270.733,H:\RadioTEDU Songs\Classical\Ludovico Einaudi\Experience (Kizomba Remix 2015 by Mestah) (1).mp3,1,1,270.653,2026-08-29 09:23:08,2026-08-29 09:23:08
1,RadioTEDU Classical,/classic,configured_stream,47652,"Fantasia in c, BWV 1121",Johann Sebastian Bach,,,,,,,178.965,"H:\RadioTEDU Songs\Classical\Bach; Ton Koopman\Organ Works, Vol. 12\2-17 Fantasia in c, BWV 1121.flac",1,1,180.241,2026-08-29 04:49:50,2026-08-29 04:49:50
1,RadioTEDU Classical,/classic,configured_stream,48568,"Fantasia und Fuge in B‐Dur, BWV 907: II. Fughetta",Johann Sebastian Bach,,,,,,,143.467,"H:\RadioTEDU Songs\Classical\Johann Sebastian Bach; Robert Hill\Werke für das Lautenklavier\16 Fantasia und Fuge in B‐Dur, BWV 907_ II. Fughetta.flac",1,1,140.521,2026-08-29 11:24:28,2026-08-29 11:24:28
1,RadioTEDU Classical,/classic,configured_stream,47631,"Fantasie und Fuge C-moll, BWV 537: II. Fuge",Johann Sebastian Bach,,,,,,,266.973,"H:\RadioTEDU Songs\Classical\Bach; Bine Katrine Bryndorf\Weimar, Köthen & Leipzig\02 Fantasie und Fuge C-moll, BWV 537_ II. Fuge.flac",1,1,267.096,2026-08-29 02:47:24,2026-08-29 02:47:24
1,RadioTEDU Classical,/classic,configured_stream,48791,Feed the Birds,Lang Lang,,,,,,,261.316,H:\RadioTEDU Songs\Classical\Lang Lang\The Disney Book\2-03 Lang Lang - Feed the Birds.flac,1,1,258.409,2026-08-29 10:29:08,2026-08-29 10:29:08
1,RadioTEDU Classical,/classic,configured_stream,47719,"Fidelio, op. 72: Act I. “Hauptmann! Besteigen Sie mit einem Trompeter…”",Ludwig van Beethoven,,,,,,,23.333,"H:\RadioTEDU Songs\Classical\Beethoven; Wiener Philharmoniker, Wiener Staatsopernchor, Leonard Bernstein\Fidelio\1-14 Fidelio, op. 72_ Act I. “Hauptmann! Besteigen Sie mit einem Trompeter…”.flac",1,1,21.485,2026-08-29 01:01:56,2026-08-29 01:01:56
1,RadioTEDU Classical,/classic,configured_stream,49266,Foray,Subheim,,,,,,,307.92,H:\RadioTEDU Songs\Classical\Subheim\Foray\03 Foray.flac,1,1,306.388,2026-08-29 07:27:45,2026-08-29 07:27:45
1,RadioTEDU Classical,/classic,configured_stream,49022,Four Seasons Winter Variation,Antonio Vivaldi,,,,,,,103.96,H:\RadioTEDU Songs\Classical\Martin Stadtfeld\Baroque Colours\2-07 Antonio Vivaldi - Four Seasons Winter Variation.mp3,1,1,103.954,2026-08-29 05:34:50,2026-08-29 05:34:50
1,RadioTEDU Classical,/classic,configured_stream,48432,"Fughetta super Dies sind die heiligen zehen Gebot, BWV 679",Johann Sebastian Bach,,,,,,,115.507,"H:\RadioTEDU Songs\Classical\Johann Sebastian Bach; Kay Johannsen\Orgelwerke_ Clavier Übung, Dritter Theil\1-12 Fughetta super Dies sind die heiligen zehen Gebot, BWV 679.flac",1,1,116.968,2026-08-29 02:04:08,2026-08-29 02:04:08
1,RadioTEDU Classical,/classic,configured_stream,48325,"Geistliches Lied, BWV 458 “Es ist vollbracht! Vergiß ja nicht dies Wort”",Johann Sebastian Bach,,,,,,,149.067,"H:\RadioTEDU Songs\Classical\Johann Sebastian Bach; Gächinger Kantorei Stuttgart, Bach‐Collegium Stuttgart, Gerhard Gnann, Helmuth Rilling\A Book of Chorale‐Settings_ Passion\22 Geistliches Lied, BWV 458 “Es ist vollbracht! Vergiß ja nicht dies Wort”.flac",1,1,146.341,2026-08-29 12:31:12,2026-08-29 12:31:12
1,RadioTEDU Classical,/classic,configured_stream,48327,"Geistliches Lied, BWV 498 “Selig! wer an Jesum denkt”",Johann Sebastian Bach,,,,,,,77.2,"H:\RadioTEDU Songs\Classical\Johann Sebastian Bach; Gächinger Kantorei Stuttgart, Bach‐Collegium Stuttgart, Gerhard Gnann, Helmuth Rilling\A Book of Chorale‐Settings_ Passion\26 Geistliches Lied, BWV 498 “Selig! wer an Jesum denkt”.flac",1,1,83.287,2026-08-29 12:34:16,2026-08-29 12:34:16
1,RadioTEDU Classical,/classic,configured_stream,49308,Gloria RV 589: “Qui sedes ad dexteram Patris” – Allegro,Antonio Vivaldi,,,,,,,125.147,"H:\RadioTEDU Songs\Classical\Vivaldi; Sara Mingardo, Concerto Italiano, Rinaldo Alessandrini\Gloria\12 Gloria RV 589_ “Qui sedes ad dexteram Patris” – Allegro (1).mp3",1,1,122.425,2026-08-29 02:26:48,2026-08-29 02:26:48
1,RadioTEDU Classical,/classic,configured_stream,49309,Gloria RV 589: “Qui sedes ad dexteram Patris” – Allegro,Antonio Vivaldi,,,,,,,125.147,"H:\RadioTEDU Songs\Classical\Vivaldi; Sara Mingardo, Concerto Italiano, Rinaldo Alessandrini\Gloria\12 Gloria RV 589_ “Qui sedes ad dexteram Patris” – Allegro.mp3",1,1,125.637,2026-08-29 02:12:39,2026-08-29 02:12:39
1,RadioTEDU Classical,/classic,configured_stream,47791,Goodnight,Danny Norbury,,,,,,,195.8,H:\RadioTEDU Songs\Classical\Danny Norbury\Light in August\2-01 Goodnight.mp3,1,1,192.991,2026-08-29 13:41:25,2026-08-29 13:41:25
1,RadioTEDU Classical,/classic,configured_stream,47924,"Gott, durch deine Güte, BWV 724",Johann Sebastian Bach,,,,,,,102.613,"H:\RadioTEDU Songs\Classical\Johann Sebastian Bach; Andrea Marcon\Organ Works_ Ohrdruf, Lüneburg & Arnstadt\1-10 Gott, durch deine Güte, BWV 724.flac",1,1,99.687,2026-08-29 08:30:09,2026-08-29 08:30:09
1,RadioTEDU Classical,/classic,configured_stream,49342,Gramophone,Евгений Дога,,,,,,,149.525,H:\RadioTEDU Songs\Classical\Евгений Дога\Cascade of Dreams\06 Gramophone (1).mp3,1,1,147.449,2026-08-29 17:33:01,2026-08-29 17:33:01
1,RadioTEDU Classical,/classic,configured_stream,49343,Gramophone,Евгений Дога,,,,,,,149.525,H:\RadioTEDU Songs\Classical\Евгений Дога\Cascade of Dreams\06 Gramophone.mp3,1,1,149.678,2026-08-29 06:14:54,2026-08-29 06:14:54
1,RadioTEDU Classical,/classic,configured_stream,48825,Gymnopédie no. 1,Erik Satie,,,,,,,220.733,H:\RadioTEDU Songs\Classical\London Philharmonic Orchestra\The 50 Greatest Pieces of Classical Music\20 Erik Satie - Gymnopédie no. 1.flac,1,1,217.9,2026-08-29 01:25:15,2026-08-29 01:25:15
1,RadioTEDU Classical,/classic,configured_stream,48823,Hungarian Dance no. 5 in G minor,Johannes Brahms,,,,,,,158.627,H:\RadioTEDU Songs\Classical\London Philharmonic Orchestra\The 50 Greatest Pieces of Classical Music\18 Johannes Brahms - Hungarian Dance no. 5 in G minor.flac,1,1,156.502,2026-08-29 02:22:58,2026-08-29 02:22:58
1,RadioTEDU Classical,/classic,configured_stream,48415,"In dulci jubilo, BWV 729",Johann Sebastian Bach,,,,,,,130.6,"H:\RadioTEDU Songs\Classical\Johann Sebastian Bach; Kay Johannsen\Organ Works_ The Young Bach - A Virtuoso\17 In dulci jubilo, BWV 729.flac",1,1,129.619,2026-08-29 02:20:22,2026-08-29 02:20:22
1,RadioTEDU Classical,/classic,configured_stream,49212,In Search of Solitude,Scott Buckley,,,,,,,445.73,H:\RadioTEDU Songs\Classical\Scott Buckley\Library Songs 9\08 In Search of Solitude.m4a,1,1,442.957,2026-08-29 02:39:03,2026-08-29 02:39:03
1,RadioTEDU Classical,/classic,configured_stream,48733,"Jesu, der du meine Seele BWV 352",Johann Sebastian Bach,,,,,,,71.04,"H:\RadioTEDU Songs\Classical\Johann Sebastian Bach\Bach Edition, Volume 23_ Chorale _ Chorales\4-41 Jesu, der du meine Seele BWV 352.flac",1,1,68.115,2026-08-29 00:02:40,2026-08-29 00:02:40
1,RadioTEDU Classical,/classic,configured_stream,48667,"Jesu, der du meine Seele, BWV 752",Johann Sebastian Bach,,,,,,,97.067,"H:\RadioTEDU Songs\Classical\Johann Sebastian Bach\Bach Edition, Volume 22_ Organ Works_Orgelwerke, Volume II\9-14 Jesu, der du meine Seele, BWV 752.flac",1,1,100.364,2026-08-29 14:19:57,2026-08-29 14:19:57
1,RadioTEDU Classical,/classic,configured_stream,48394,"Jesu, meine Freude, BWV 1105",Johann Sebastian Bach,,,,,,,133.92,"H:\RadioTEDU Songs\Classical\Johann Sebastian Bach; Kay Johannsen\Organ Chorales From the Neumeister Collection\1-18 Jesu, meine Freude, BWV 1105.flac",1,1,135.804,2026-08-29 13:44:59,2026-08-29 13:44:59
1,RadioTEDU Classical,/classic,configured_stream,48441,"Jesus Christus, unser Heiland, BWV 688",Johann Sebastian Bach,,,,,,,221.4,"H:\RadioTEDU Songs\Classical\Johann Sebastian Bach; Kay Johannsen\Orgelwerke_ Clavier Übung, Dritter Theil\2-08 Jesus Christus, unser Heiland, BWV 688.flac",1,1,221.476,2026-08-29 13:27:23,2026-08-29 13:27:23
1,RadioTEDU Classical,/classic,configured_stream,48355,"Johannes‐Passion, BWV 245: Teil II no. 34 Arioso (Tenor) “Mein Herz, in dem die ganze Welt”",Johann Sebastian Bach,,,,,,,57.56,"H:\RadioTEDU Songs\Classical\Johann Sebastian Bach; Gächinger Kantorei Stuttgart, Bach‐Collegium Stuttgart, Helmuth Rilling\St. John Passion, BWV 245\2-08 Johannes‐Passion, BWV 245_ Teil II no. 34 Arioso (Tenor) “Mein Herz, in dem die ganze Welt”.flac",1,1,54.625,2026-08-29 10:44:17,2026-08-29 10:44:17
1,RadioTEDU Classical,/classic,configured_stream,48297,"Kanon zu acht Stimmen, BWV 1072",Johann Sebastian Bach,,,,,,,109.64,"H:\RadioTEDU Songs\Classical\Johann Sebastian Bach; Gottfried von der Goltz, Karl Kaiser, Ekkehard Weber, Michael Behringer\Musikalisches Opfer, BWV 1079 _ Kanons BWV 1072–1078, 1086, 1087\17 Kanon zu acht Stimmen, BWV 1072.flac",1,1,108.607,2026-08-29 03:37:41,2026-08-29 03:37:41
1,RadioTEDU Classical,/classic,configured_stream,48304,"Kanon zu zwei Stimmen, BWV 1086",Johann Sebastian Bach,,,,,,,42.707,"H:\RadioTEDU Songs\Classical\Johann Sebastian Bach; Gottfried von der Goltz, Karl Kaiser, Ekkehard Weber, Michael Behringer\Musikalisches Opfer, BWV 1079 _ Kanons BWV 1072–1078, 1086, 1087\24 Kanon zu zwei Stimmen, BWV 1086.flac",1,1,46.677,2026-08-29 18:01:37,2026-08-29 18:01:37
1,RadioTEDU Classical,/classic,configured_stream,48015,"Kantate ""Ach wie flüchtig, ach wie nichtig"", BWV 26: V. Recitativo ""Die höchste Herrlichkeit und Pracht""",Johann Sebastian Bach,,,,,,,44.96,"H:\RadioTEDU Songs\Classical\Johann Sebastian Bach; Bach-Ensemble, Helmuth Rilling\Die Bach-Kantate, Volume 59_ BWV 52, 60, 26, 90\16 Kantate _Ach wie flüchtig, ach wie nichtig_, BWV 26_ V. Recitativo _Die höchste Herrlichkeit und Pracht_.flac",1,1,42.113,2026-08-29 13:55:30,2026-08-29 13:55:30
1,RadioTEDU Classical,/classic,configured_stream,48005,"Kantate, BWV 104 ""Du Hirte Israel, höre"": II. Recitativo (Tenore) ""Der höchste Hüter sorgt für mich""",Johann Sebastian Bach,,,,,,,44.307,"H:\RadioTEDU Songs\Classical\Johann Sebastian Bach; Bach-Ensemble, Helmuth Rilling\Die Bach-Kantate, Volume 18_ BWV 19, 76, 104\23 Kantate, BWV 104 _Du Hirte Israel, höre__ II. Recitativo (Tenore) _Der höchste Hüter sorgt für mich_.flac",1,1,44.94,2026-08-29 12:22:56,2026-08-29 12:22:56
1,RadioTEDU Classical,/classic,configured_stream,48007,"Kantate, BWV 104 ""Du Hirte Israel, höre"": IV. Recitativo (Basso) ""Ja, dieses Wort ist meiner Seelen Speise""",Johann Sebastian Bach,,,,,,,59.867,"H:\RadioTEDU Songs\Classical\Johann Sebastian Bach; Bach-Ensemble, Helmuth Rilling\Die Bach-Kantate, Volume 18_ BWV 19, 76, 104\25 Kantate, BWV 104 _Du Hirte Israel, höre__ IV. Recitativo (Basso) _Ja, dieses Wort ist meiner Seelen Speise_.flac",1,1,59.63,2026-08-29 08:01:45,2026-08-29 08:01:45
1,RadioTEDU Classical,/classic,configured_stream,48038,"Kantate, BWV 119 “Preise, Jerusalem, den Herrn”: VIII. Recitativo (Alt) “Zuletzt! Da du uns Herr, zu deinem Volk gesetzt”",Johann Sebastian Bach,,,,,,,47.16,"H:\RadioTEDU Songs\Classical\Johann Sebastian Bach; Bach‐Collegium Stuttgart, Helmuth Rilling\Cantatas, BWV 119–121\08 Kantate, BWV 119 “Preise, Jerusalem, den Herrn”_ VIII. Recitativo (Alt) “Zuletzt! Da du uns Herr, zu deinem Volk gesetzt”.flac",1,1,44.313,2026-08-29 06:09:06,2026-08-29 06:09:06
1,RadioTEDU Classical,/classic,configured_stream,48047,"Kantate, BWV 135 “Ach Herr, mich armen Sünder”: II. Recitativo (Tenor) “Ach heile mich, du Arzt der Seelen”",Johann Sebastian Bach,,,,,,,72.68,"H:\RadioTEDU Songs\Classical\Johann Sebastian Bach; Bach‐Collegium Stuttgart, Helmuth Rilling\Cantatas, BWV 133–135\14 Kantate, BWV 135 “Ach Herr, mich armen Sünder”_ II. Recitativo (Tenor) “Ach heile mich, du Arzt der Seelen”.flac",1,1,70.479,2026-08-29 12:06:08,2026-08-29 12:06:08
1,RadioTEDU Classical,/classic,configured_stream,48050,"Kantate, BWV 139 “Wohl dem, der sich auf seinen Gott”: V. Recitativo (Sopran) “Ja, trag ich gleich den größten Feind in mir”",Johann Sebastian Bach,,,,,,,66.507,"H:\RadioTEDU Songs\Classical\Johann Sebastian Bach; Bach‐Collegium Stuttgart, Helmuth Rilling\Cantatas, BWV 136–139\23 Kantate, BWV 139 “Wohl dem, der sich auf seinen Gott”_ V. Recitativo (Sopran) “Ja, trag ich gleich den größten Feind in mir”.flac",1,1,67.243,2026-08-29 09:52:57,2026-08-29 09:52:57
1,RadioTEDU Classical,/classic,configured_stream,48052,"Kantate, BWV 14 “Wär Gott nicht mit uns diese Zeit”: II. Aria (Soprano) “Unsre Stärke heißt zu schwach”",Johann Sebastian Bach,,,,,,,273.187,"H:\RadioTEDU Songs\Classical\Johann Sebastian Bach; Bach‐Collegium Stuttgart, Helmuth Rilling\Cantatas, BWV 14, 16–18\02 Kantate, BWV 14 “Wär Gott nicht mit uns diese Zeit”_ II. Aria (Soprano) “Unsre Stärke heißt zu schwach”.flac",1,1,272.112,2026-08-29 09:27:59,2026-08-29 09:27:59
1,RadioTEDU Classical,/classic,configured_stream,48083,"Kantate, BWV 150 “Nach dir, Herr, verlanget mich”: V. Aria (Terzetto Alt, Tenor, Bass) “Zedern müssen von den Winden”",Johann Sebastian Bach,,,,,,,83.493,"H:\RadioTEDU Songs\Classical\Johann Sebastian Bach; Bach‐Collegium Stuttgart, Helmuth Rilling\Cantatas, BWV 148–151\18 Kantate, BWV 150 “Nach dir, Herr, verlanget mich”_ V. Aria (Terzetto Alt, Tenor, Bass) “Zedern müssen von den Winden”.flac",1,1,80.648,2026-08-29 10:12:22,2026-08-29 10:12:22
1,RadioTEDU Classical,/classic,configured_stream,48085,"Kantate, BWV 151 “Süßer Trost, mein Jesus kömmt”: V. Choral “Heut schleußt er wieder auf die Tür”",Johann Sebastian Bach,,,,,,,39.853,"H:\RadioTEDU Songs\Classical\Johann Sebastian Bach; Bach‐Collegium Stuttgart, Helmuth Rilling\Cantatas, BWV 148–151\25 Kantate, BWV 151 “Süßer Trost, mein Jesus kömmt”_ V. Choral “Heut schleußt er wieder auf die Tür”.flac",1,1,37.419,2026-08-29 00:33:51,2026-08-29 00:33:51
1,RadioTEDU Classical,/classic,configured_stream,48088,"Kantate, BWV 158 “Der Friede sei mit dir”: II. Aria (Bass) con Choral “Welt, ade, ich bin dein müde”",Johann Sebastian Bach,,,,,,,350.307,"H:\RadioTEDU Songs\Classical\Johann Sebastian Bach; Bach‐Collegium Stuttgart, Helmuth Rilling\Cantatas, BWV 156–159\13 Kantate, BWV 158 “Der Friede sei mit dir”_ II. Aria (Bass) con Choral “Welt, ade, ich bin dein müde”.flac",1,1,347.379,2026-08-29 15:00:45,2026-08-29 15:00:45
1,RadioTEDU Classical,/classic,configured_stream,48056,"Kantate, BWV 16 “Herr Gott, dich loben wir”: I. Coro “Herr Gott, dich loben wir”",Johann Sebastian Bach,,,,,,,143.013,"H:\RadioTEDU Songs\Classical\Johann Sebastian Bach; Bach‐Collegium Stuttgart, Helmuth Rilling\Cantatas, BWV 14, 16–18\06 Kantate, BWV 16 “Herr Gott, dich loben wir”_ I. Coro “Herr Gott, dich loben wir”.flac",1,1,140.056,2026-08-29 17:21:29,2026-08-29 17:21:29
1,RadioTEDU Classical,/classic,configured_stream,48059,"Kantate, BWV 16 “Herr Gott, dich loben wir”: IV. Recitativo (Alto) “Ach treuer Hort”",Johann Sebastian Bach,,,,,,,109.0,"H:\RadioTEDU Songs\Classical\Johann Sebastian Bach; Bach‐Collegium Stuttgart, Helmuth Rilling\Cantatas, BWV 14, 16–18\09 Kantate, BWV 16 “Herr Gott, dich loben wir”_ IV. Recitativo (Alto) “Ach treuer Hort”.flac",1,1,107.555,2026-08-29 13:31:11,2026-08-29 13:31:11
1,RadioTEDU Classical,/classic,configured_stream,48061,"Kantate, BWV 16 “Herr Gott, dich loben wir”: VI. Choral “All solch dein Güt wir preisen”",Johann Sebastian Bach,,,,,,,79.907,"H:\RadioTEDU Songs\Classical\Johann Sebastian Bach; Bach‐Collegium Stuttgart, Helmuth Rilling\Cantatas, BWV 14, 16–18\11 Kantate, BWV 16 “Herr Gott, dich loben wir”_ VI. Choral “All solch dein Güt wir preisen”.flac",1,1,77.403,2026-08-29 17:56:34,2026-08-29 17:56:34
1,RadioTEDU Classical,/classic,configured_stream,48091,"Kantate, BWV 161 “Komm, du süße Todesstunde”: III. Aria (Tenor) “Mein Verlangen ist, den Heiland zu umfangen”",Johann Sebastian Bach,,,,,,,288.667,"H:\RadioTEDU Songs\Classical\Johann Sebastian Bach; Bach‐Collegium Stuttgart, Helmuth Rilling\Cantatas, BWV 161–164\03 Kantate, BWV 161 “Komm, du süße Todesstunde”_ III. Aria (Tenor) “Mein Verlangen ist, den Heiland zu umfangen”.flac",1,1,288.66,2026-08-29 04:02:28,2026-08-29 04:02:28
1,RadioTEDU Classical,/classic,configured_stream,48104,"Kantate, BWV 173 “Erhöhtes Fleisch und Blut”: V. Recitativo (Sopran, Tenor) “Unendlichster, den man doch Vater nennt”",Johann Sebastian Bach,,,,,,,82.0,"H:\RadioTEDU Songs\Classical\Johann Sebastian Bach; Bach‐Collegium Stuttgart, Helmuth Rilling\Cantatas, BWV 172–175\11 Kantate, BWV 173 “Erhöhtes Fleisch und Blut”_ V. Recitativo (Sopran, Tenor) “Unendlichster, den man doch Vater nennt”.flac",1,1,80.164,2026-08-29 08:52:48,2026-08-29 08:52:48
1,RadioTEDU Classical,/classic,configured_stream,48108,"Kantate, BWV 180 “Schmücke dich, o liebe Seele”: III. Recitativo e Choral (Sopran) “Wie teuer sind des heilgen Mahles Gaben”",Johann Sebastian Bach,,,,,,,204.6,"H:\RadioTEDU Songs\Classical\Johann Sebastian Bach; Bach‐Collegium Stuttgart, Helmuth Rilling\Cantatas, BWV 179–181\09 Kantate, BWV 180 “Schmücke dich, o liebe Seele”_ III. Recitativo e Choral (Sopran) “Wie teuer sind des heilgen Mahles Gaben”.flac",1,1,204.61,2026-08-29 07:22:29,2026-08-29 07:22:29
1,RadioTEDU Classical,/classic,configured_stream,48109,"Kantate, BWV 180 “Schmücke dich, o liebe Seele”: IV. Recitativo (Alt) “Mein Herz fühlt in sich Furcht und Freude”",Johann Sebastian Bach,,,,,,,90.067,"H:\RadioTEDU Songs\Classical\Johann Sebastian Bach; Bach‐Collegium Stuttgart, Helmuth Rilling\Cantatas, BWV 179–181\10 Kantate, BWV 180 “Schmücke dich, o liebe Seele”_ IV. Recitativo (Alt) “Mein Herz fühlt in sich Furcht und Freude”.flac",1,1,87.143,2026-08-29 05:26:37,2026-08-29 05:26:37
1,RadioTEDU Classical,/classic,configured_stream,48117,"Kantate, BWV 184 “Erwünschtes Freudenlicht”: V. Choral “Herr, ich hoffe je, du werdest die”",Johann Sebastian Bach,,,,,,,70.867,"H:\RadioTEDU Songs\Classical\Johann Sebastian Bach; Bach‐Collegium Stuttgart, Helmuth Rilling\Cantatas, BWV 182–184\18 Kantate, BWV 184 “Erwünschtes Freudenlicht”_ V. Choral “Herr, ich hoffe je, du werdest die”.flac",1,1,67.997,2026-08-29 00:56:14,2026-08-29 00:56:14
1,RadioTEDU Classical,/classic,configured_stream,48118,"Kantate, BWV 186 “Ärgre dich, o Seele, nicht”: II. Recitativo (Bass) “Die Knechtsgestalt, die Not, der Mangel”",Johann Sebastian Bach,,,,,,,131.24,"H:\RadioTEDU Songs\Classical\Johann Sebastian Bach; Bach‐Collegium Stuttgart, Helmuth Rilling\Cantatas, BWV 185–187\08 Kantate, BWV 186 “Ärgre dich, o Seele, nicht”_ II. Recitativo (Bass) “Die Knechtsgestalt, die Not, der Mangel”.flac",1,1,128.562,2026-08-29 10:01:02,2026-08-29 10:01:02
1,RadioTEDU Classical,/classic,configured_stream,48139,"Kantate, BWV 20, “O Ewigkeit, du Donnerwort”: Teil I, II. Recitativo (Tenore) “Kein Unglück ist in aller Welt zu finden”",Johann Sebastian Bach,,,,,,,62.0,"H:\RadioTEDU Songs\Classical\Johann Sebastian Bach; Bach‐Collegium Stuttgart, Helmuth Rilling\Cantatas, BWV 19–20\09 Kantate, BWV 20, “O Ewigkeit, du Donnerwort”_ Teil I, II. Recitativo (Tenore) “Kein Unglück ist in aller Welt zu finden”.flac",1,1,62.399,2026-08-29 13:49:44,2026-08-29 13:49:44
1,RadioTEDU Classical,/classic,configured_stream,48140,"Kantate, BWV 20, “O Ewigkeit, du Donnerwort”: Teil I, IV. Recitativo (Basso) “Gesetzt, es dau’rte der Verdammten Qual”",Johann Sebastian Bach,,,,,,,99.24,"H:\RadioTEDU Songs\Classical\Johann Sebastian Bach; Bach‐Collegium Stuttgart, Helmuth Rilling\Cantatas, BWV 19–20\11 Kantate, BWV 20, “O Ewigkeit, du Donnerwort”_ Teil I, IV. Recitativo (Basso) “Gesetzt, es dau’rte der Verdammten Qual”.flac",1,1,96.793,2026-08-29 15:43:46,2026-08-29 15:43:46
1,RadioTEDU Classical,/classic,configured_stream,48210,"Kantate, BWV 202 “Weichet nur, betrübte Schatten”: I. Aria (Sopran) “Weichet nur, betrübte Schatten”",Johann Sebastian Bach,,,,,,,359.467,"H:\RadioTEDU Songs\Classical\Johann Sebastian Bach; Bach‐Collegium Stuttgart, Helmuth Rilling\Secular Cantatas, BWV 202–204\01 Kantate, BWV 202 “Weichet nur, betrübte Schatten”_ I. Aria (Sopran) “Weichet nur, betrübte Schatten”.flac",1,1,356.63,2026-08-29 05:40:47,2026-08-29 05:40:47
1,RadioTEDU Classical,/classic,configured_stream,48211,"Kantate, BWV 202 “Weichet nur, betrübte Schatten”: II. Recitativo (Sopran) “Die Welt wird wieder neu”",Johann Sebastian Bach,,,,,,,27.0,"H:\RadioTEDU Songs\Classical\Johann Sebastian Bach; Bach‐Collegium Stuttgart, Helmuth Rilling\Secular Cantatas, BWV 202–204\02 Kantate, BWV 202 “Weichet nur, betrübte Schatten”_ II. Recitativo (Sopran) “Die Welt wird wieder neu”.flac",1,1,28.482,2026-08-29 17:11:02,2026-08-29 17:11:02
1,RadioTEDU Classical,/classic,configured_stream,48353,"Kantate, BWV 207a “Auf, schmetternde Töne der muntern Trompeten”: X. Marche",Johann Sebastian Bach,,,,,,,97.96,"H:\RadioTEDU Songs\Classical\Johann Sebastian Bach; Gächinger Kantorei Stuttgart, Bach‐Collegium Stuttgart, Helmuth Rilling\Secular Cantatas, BWV 206–207\21 Kantate, BWV 207a “Auf, schmetternde Töne der muntern Trompeten”_ X. Marche.flac",1,1,98.115,2026-08-29 18:40:53,2026-08-29 18:40:53
1,RadioTEDU Classical,/classic,configured_stream,48155,"Kantate, BWV 25 “Es ist nichts Gesundes an meinem Leibe”: IV. Recitativo (Soprano) “O Jesu, lieber Meister”",Johann Sebastian Bach,,,,,,,82.133,"H:\RadioTEDU Songs\Classical\Johann Sebastian Bach; Bach‐Collegium Stuttgart, Helmuth Rilling\Cantatas, BWV 23–26\14 Kantate, BWV 25 “Es ist nichts Gesundes an meinem Leibe”_ IV. Recitativo (Soprano) “O Jesu, lieber Meister”.flac",1,1,79.687,2026-08-29 06:05:25,2026-08-29 06:05:25
1,RadioTEDU Classical,/classic,configured_stream,48157,"Kantate, BWV 25 “Es ist nichts Gesundes an meinem Leibe”: VI. Choral “Ich will alle meine Tage”",Johann Sebastian Bach,,,,,,,76.253,"H:\RadioTEDU Songs\Classical\Johann Sebastian Bach; Bach‐Collegium Stuttgart, Helmuth Rilling\Cantatas, BWV 23–26\16 Kantate, BWV 25 “Es ist nichts Gesundes an meinem Leibe”_ VI. Choral “Ich will alle meine Tage”.flac",1,1,76.134,2026-08-29 02:18:03,2026-08-29 02:18:03
1,RadioTEDU Classical,/classic,configured_stream,47947,"Kantate, BWV 38 ""Aus tiefer Not schrei ich zu dir"": IV. Récitatif. ""Ach! dass mein Glaube noch so schwach""",Johann Sebastian Bach,,,,,,,91.333,"H:\RadioTEDU Songs\Classical\Johann Sebastian Bach; Bach-Ensemble, Helmuth Rilling\Cantatas BWV 38-40\04 Kantate, BWV 38 _Aus tiefer Not schrei ich zu dir__ IV. Récitatif. _Ach! dass mein Glaube noch so schwach_.flac",1,1,88.579,2026-08-29 12:19:30,2026-08-29 12:19:30
1,RadioTEDU Classical,/classic,configured_stream,47954,"Kantate, BWV 39 ""Brich dem Hungrigen dein Brot"": Teil II, V. Aria (Soprano) ""Höchster, was ich habe""",Johann Sebastian Bach,,,,,,,165.107,"H:\RadioTEDU Songs\Classical\Johann Sebastian Bach; Bach-Ensemble, Helmuth Rilling\Cantatas BWV 38-40\11 Kantate, BWV 39 _Brich dem Hungrigen dein Brot__ Teil II, V. Aria (Soprano) _Höchster, was ich habe_.flac",1,1,165.301,2026-08-29 06:08:11,2026-08-29 06:08:11
1,RadioTEDU Classical,/classic,configured_stream,47958,"Kantate, BWV 40 ""Darzu ist erschienen der Sohn Gottes"": II. Récitatif. ""Das Wort ward Fleisch und wohnt in der Welt""",Johann Sebastian Bach,,,,,,,100.027,"H:\RadioTEDU Songs\Classical\Johann Sebastian Bach; Bach-Ensemble, Helmuth Rilling\Cantatas BWV 38-40\15 Kantate, BWV 40 _Darzu ist erschienen der Sohn Gottes__ II. Récitatif. _Das Wort ward Fleisch und wohnt in der Welt_.flac",1,1,97.143,2026-08-29 09:18:38,2026-08-29 09:18:38
1,RadioTEDU Classical,/classic,configured_stream,47975,"Kantate, BWV 41 ""Jesu, nun sei gepreiset"": V. Récitatif. ""Doch weil der Feind bei Tag und Nacht",Johann Sebastian Bach,,,,,,,60.2,"H:\RadioTEDU Songs\Classical\Johann Sebastian Bach; Bach-Ensemble, Helmuth Rilling\Cantatas BWV 41-42\05 Kantate, BWV 41 _Jesu, nun sei gepreiset__ V. Récitatif. _Doch weil der Feind bei Tag und Nacht.flac",1,1,61.992,2026-08-29 13:42:27,2026-08-29 13:42:27
1,RadioTEDU Classical,/classic,configured_stream,47979,"Kantate, BWV 42 ""Am Abend aber desselbigen Sabbats"": III. Aria (Alto) ""Wo zwei und drei versammlet sind""",Johann Sebastian Bach,,,,,,,729.907,"H:\RadioTEDU Songs\Classical\Johann Sebastian Bach; Bach-Ensemble, Helmuth Rilling\Cantatas BWV 41-42\09 Kantate, BWV 42 _Am Abend aber desselbigen Sabbats__ III. Aria (Alto) _Wo zwei und drei versammlet sind_.flac",1,1,727.962,2026-08-29 00:52:44,2026-08-29 00:52:44
1,RadioTEDU Classical,/classic,configured_stream,47981,"Kantate, BWV 42 ""Am Abend aber desselbigen Sabbats"": V. Recitativo (Basso) "" Mann kann hiervon ein schön Exempel sehen""",Johann Sebastian Bach,,,,,,,53.507,"H:\RadioTEDU Songs\Classical\Johann Sebastian Bach; Bach-Ensemble, Helmuth Rilling\Cantatas BWV 41-42\11 Kantate, BWV 42 _Am Abend aber desselbigen Sabbats__ V. Recitativo (Basso) _ Mann kann hiervon ein schön Exempel sehen_.flac",1,1,54.786,2026-08-29 11:39:36,2026-08-29 11:39:36
1,RadioTEDU Classical,/classic,configured_stream,48169,"Kantate, BWV 66 “Erfreut euch, ihr Herzen”: III. Aria (Bass) “Lasset dem Höchsten ein Danklied erschallen”",Johann Sebastian Bach,,,,,,,442.333,"H:\RadioTEDU Songs\Classical\Johann Sebastian Bach; Bach‐Collegium Stuttgart, Helmuth Rilling\Cantatas, BWV 65–67\10 Kantate, BWV 66 “Erfreut euch, ihr Herzen”_ III. Aria (Bass) “Lasset dem Höchsten ein Danklied erschallen”.flac",1,1,440.396,2026-08-29 06:58:05,2026-08-29 06:58:05
1,RadioTEDU Classical,/classic,configured_stream,48174,"Kantate, BWV 69 “Lobe den Herrn, meine Seele”: IV. Recitativo (Tenor) “Der Herr hat große Ding an uns getan”",Johann Sebastian Bach,,,,,,,139.667,"H:\RadioTEDU Songs\Classical\Johann Sebastian Bach; Bach‐Collegium Stuttgart, Helmuth Rilling\Cantatas, BWV 68–70\09 Kantate, BWV 69 “Lobe den Herrn, meine Seele”_ IV. Recitativo (Tenor) “Der Herr hat große Ding an uns getan”.flac",1,1,137.161,2026-08-29 17:10:27,2026-08-29 17:10:27
1,RadioTEDU Classical,/classic,configured_stream,48181,"Kantate, BWV 75 “Die Elenden sollen essen”: II. Recitativo (Bass) “Was hilft des Purpurs Majestät”",Johann Sebastian Bach,,,,,,,66.507,"H:\RadioTEDU Songs\Classical\Johann Sebastian Bach; Bach‐Collegium Stuttgart, Helmuth Rilling\Cantatas, BWV 75–76\02 Kantate, BWV 75 “Die Elenden sollen essen”_ II. Recitativo (Bass) “Was hilft des Purpurs Majestät”.flac",1,1,65.3,2026-08-29 18:35:55,2026-08-29 18:35:55
1,RadioTEDU Classical,/classic,configured_stream,48002,"Kantate, BWV 93, ""Wer nur den lieben Gott läßt walten"": Aria (Duetto) con Choral",Johann Sebastian Bach,,,,,,,197.667,"H:\RadioTEDU Songs\Classical\Johann Sebastian Bach; Bach-Ensemble, Helmuth Rilling\Die Bach-Kantate, Volume 14_ BWV 21, 93\15 Kantate, BWV 93, _Wer nur den lieben Gott läßt walten__ Aria (Duetto) con Choral.flac",1,1,194.865,2026-08-29 18:39:12,2026-08-29 18:39:12
1,RadioTEDU Classical,/classic,configured_stream,48201,"Kantate, BWV 94 “Was frag ich nach der Welt”: II. Aria (Bass) “Die Welt ist wie ein Rauch und Schatten”",Johann Sebastian Bach,,,,,,,134.173,"H:\RadioTEDU Songs\Classical\Johann Sebastian Bach; Bach‐Collegium Stuttgart, Helmuth Rilling\Cantatas, BWV 94–96\02 Kantate, BWV 94 “Was frag ich nach der Welt”_ II. Aria (Bass) “Die Welt ist wie ein Rauch und Schatten”.flac",1,1,134.118,2026-08-29 10:31:22,2026-08-29 10:31:22
1,RadioTEDU Classical,/classic,configured_stream,48656,Keinen hat Gott verlassen BWV 369,Johann Sebastian Bach,,,,,,,57.733,"H:\RadioTEDU Songs\Classical\Johann Sebastian Bach\Bach Edition, Volume 17_ Vocal Works _ Vokalwerke Vol.II\8-08 Keinen hat Gott verlassen BWV 369.flac",1,1,57.603,2026-08-29 11:45:58,2026-08-29 11:45:58
1,RadioTEDU Classical,/classic,configured_stream,47500,"Lauda Jerusalem (psaume 147), RV 609",Antonio Vivaldi,,,,,,,368.066,"H:\RadioTEDU Songs\Classical\Antonio Vivaldi, Chœur de Chambre de Namur, Les Agrémens, Leonardo García-Alarcón\Vespro a San Marco\2-13 Lauda Jerusalem (psaume 147), RV 609 (1).mp3",1,1,367.897,2026-08-29 12:04:47,2026-08-29 12:04:47
1,RadioTEDU Classical,/classic,configured_stream,47501,"Lauda Jerusalem (psaume 147), RV 609",Antonio Vivaldi,,,,,,,368.066,"H:\RadioTEDU Songs\Classical\Antonio Vivaldi, Chœur de Chambre de Namur, Les Agrémens, Leonardo García-Alarcón\Vespro a San Marco\2-13 Lauda Jerusalem (psaume 147), RV 609.mp3",1,1,366.293,2026-08-29 12:56:08,2026-08-29 12:56:08
1,RadioTEDU Classical,/classic,configured_stream,47718,"Leonore, Hess 109: Florestans Not im Dunkel tauber Einsamkeit",Ludwig van Beethoven,,,,,,,81.493,"H:\RadioTEDU Songs\Classical\Beethoven; Orchestre Révolutionnaire et Romantique, Monteverdi Choir, John Eliot Gardiner\Leonore\2-05 Leonore, Hess 109_ Florestans Not im Dunkel tauber Einsamkeit.flac",1,1,84.093,2026-08-29 10:55:56,2026-08-29 10:55:56
1,RadioTEDU Classical,/classic,configured_stream,47713,"Leonore, Hess 109: Gefühl ist gut, doch Geld ist besser",Ludwig van Beethoven,,,,,,,14.0,"H:\RadioTEDU Songs\Classical\Beethoven; Orchestre Révolutionnaire et Romantique, Monteverdi Choir, John Eliot Gardiner\Leonore\1-10 Leonore, Hess 109_ Gefühl ist gut, doch Geld ist besser.flac",1,1,18.075,2026-08-29 04:22:18,2026-08-29 04:22:18
1,RadioTEDU Classical,/classic,configured_stream,47625,"Liebster Jesu, wir sind hier, BWV 754",Johann Sebastian Bach,,,,,,,175.667,"H:\RadioTEDU Songs\Classical\Bach; Andrea Marcon\Orgelwerke_ Neue Ideen in Weimar\03 Liebster Jesu, wir sind hier, BWV 754.flac",1,1,173.003,2026-08-29 15:34:34,2026-08-29 15:34:34
1,RadioTEDU Classical,/classic,configured_stream,48416,"Lobt Gott, ihr Christen, allzugleich, BWV 732",Johann Sebastian Bach,,,,,,,88.6,"H:\RadioTEDU Songs\Classical\Johann Sebastian Bach; Kay Johannsen\Organ Works_ The Young Bach - A Virtuoso\18 Lobt Gott, ihr Christen, allzugleich, BWV 732.flac",1,1,95.541,2026-08-29 08:33:12,2026-08-29 08:33:12
1,RadioTEDU Classical,/classic,configured_stream,48658,"Mach's mit mir, Gott, nach deiner Güt' BWV 377",Johann Sebastian Bach,,,,,,,49.0,"H:\RadioTEDU Songs\Classical\Johann Sebastian Bach\Bach Edition, Volume 17_ Vocal Works _ Vokalwerke Vol.II\8-19 Mach's mit mir, Gott, nach deiner Güt' BWV 377.flac",1,1,56.058,2026-08-29 07:42:28,2026-08-29 07:42:28
1,RadioTEDU Classical,/classic,configured_stream,47505,"Magnificat, RV 611: VIII. Esurientes",Antonio Vivaldi,,,,,,,126.929,"H:\RadioTEDU Songs\Classical\Antonio Vivaldi; Akadêmia, Concerto Italiano, Rinaldo Alessandrini\Gloria _ Concerti _ Magnificat\23 Magnificat, RV 611_ VIII. Esurientes.mp3",1,1,126.918,2026-08-29 12:11:10,2026-08-29 12:11:10
1,RadioTEDU Classical,/classic,configured_stream,48868,Memory One,Ludovico Einaudi,,,,,,,263.629,H:\RadioTEDU Songs\Classical\Ludovico Einaudi\Memory One\01 Memory One.flac,1,1,260.745,2026-08-29 11:44:08,2026-08-29 11:44:08
1,RadioTEDU Classical,/classic,configured_stream,47842,"Mendelssohn: On Wings of Song, Op. 34 No. 2 (Arr. Parkin for Violin and Chamber Ensemble)",Felix Mendelssohn,,,,,,,193.067,"H:\RadioTEDU Songs\Classical\Felix Mendelssohn, Franz Schubert; Christian Li\Discovering Mendelssohn\01 Felix Mendelssohn - Mendelssohn_ On Wings of Song, Op. 34 No. 2 (Arr. Parkin for Violin and Chamber Ensemble).mp3",1,1,193.092,2026-08-29 07:11:39,2026-08-29 07:11:39
1,RadioTEDU Classical,/classic,configured_stream,49349,Merry-Go-Round of Life (from 'Howl's Moving Castle'),久石譲 & ロイヤル・フィルハーモニー管弦楽団,,,,,,,164.931,H:\RadioTEDU Songs\Classical\久石譲 & ロイヤル・フィルハーモニー管弦楽団\Merry-Go-Round of Life (from 'Howl's Moving Castle')\01 Merry-Go-Round of Life (from 'Howl's Moving Castle').mp3,1,1,163.15,2026-08-29 17:55:16,2026-08-29 17:55:16
1,RadioTEDU Classical,/classic,configured_stream,48857,"Messa da Requiem: Part II. Dies irae, II. Tuba Mirum",Giuseppe Verdi,,,,,,,234.96,"H:\RadioTEDU Songs\Classical\London Philharmonic Orchestra\The 50 Greatest Pieces of Classical Music\49 Giuseppe Verdi - Messa da Requiem_ Part II. Dies irae, II. Tuba Mirum.flac",1,1,232.322,2026-08-29 08:23:05,2026-08-29 08:23:05
1,RadioTEDU Classical,/classic,configured_stream,48368,"Messe A‐Dur, BWV 234: Kyrie eleison",Johann Sebastian Bach,,,,,,,400.773,"H:\RadioTEDU Songs\Classical\Johann Sebastian Bach; Gächinger Kantorei Stuttgart, Bach‐Collegium Stuttgart, Liszt Ferenc Kamarazenekar, Helmuth Rilling\Sacred Music in Latin, 1\08 Messe A‐Dur, BWV 234_ Kyrie eleison.flac",1,1,397.954,2026-08-29 01:16:52,2026-08-29 01:16:52
1,RadioTEDU Classical,/classic,configured_stream,48363,"Messe F‐Dur, BWV 233: Domine Deus",Johann Sebastian Bach,,,,,,,198.093,"H:\RadioTEDU Songs\Classical\Johann Sebastian Bach; Gächinger Kantorei Stuttgart, Bach‐Collegium Stuttgart, Liszt Ferenc Kamarazenekar, Helmuth Rilling\Sacred Music in Latin, 1\03 Messe F‐Dur, BWV 233_ Domine Deus.flac",1,1,197.994,2026-08-29 05:44:04,2026-08-29 05:44:04
1,RadioTEDU Classical,/classic,configured_stream,48362,"Messe F‐Dur, BWV 233: Gloria in excelsis Deo",Johann Sebastian Bach,,,,,,,320.4,"H:\RadioTEDU Songs\Classical\Johann Sebastian Bach; Gächinger Kantorei Stuttgart, Bach‐Collegium Stuttgart, Liszt Ferenc Kamarazenekar, Helmuth Rilling\Sacred Music in Latin, 1\02 Messe F‐Dur, BWV 233_ Gloria in excelsis Deo.flac",1,1,317.599,2026-08-29 12:16:38,2026-08-29 12:16:38
1,RadioTEDU Classical,/classic,configured_stream,48364,"Messe F‐Dur, BWV 233: Qui tollis peccata mundi",Johann Sebastian Bach,,,,,,,292.44,"H:\RadioTEDU Songs\Classical\Johann Sebastian Bach; Gächinger Kantorei Stuttgart, Bach‐Collegium Stuttgart, Liszt Ferenc Kamarazenekar, Helmuth Rilling\Sacred Music in Latin, 1\04 Messe F‐Dur, BWV 233_ Qui tollis peccata mundi.flac",1,1,289.759,2026-08-29 10:05:51,2026-08-29 10:05:51
1,RadioTEDU Classical,/classic,configured_stream,48365,"Messe F‐Dur, BWV 233: Quoniam tu solus sanctus",Johann Sebastian Bach,,,,,,,233.733,"H:\RadioTEDU Songs\Classical\Johann Sebastian Bach; Gächinger Kantorei Stuttgart, Bach‐Collegium Stuttgart, Liszt Ferenc Kamarazenekar, Helmuth Rilling\Sacred Music in Latin, 1\05 Messe F‐Dur, BWV 233_ Quoniam tu solus sanctus.flac",1,1,230.949,2026-08-29 07:46:42,2026-08-29 07:46:42
1,RadioTEDU Classical,/classic,configured_stream,48348,"Messe G‐Dur, BWV 236: Quoniam tu solus sanctus",Johann Sebastian Bach,,,,,,,256.4,"H:\RadioTEDU Songs\Classical\Johann Sebastian Bach; Gächinger Kantorei Stuttgart, Bach‐Collegium Stuttgart, Helmuth Rilling\Sacred Music in Latin, 2\11 Messe G‐Dur, BWV 236_ Quoniam tu solus sanctus.flac",1,1,253.625,2026-08-29 01:45:15,2026-08-29 01:45:15
1,RadioTEDU Classical,/classic,configured_stream,47493,Mi manchi (feat. Kenny G.),Andrea Bocelli,,,,,,,217.641,H:\RadioTEDU Songs\Classical\Andrea Bocelli\Amore\04 Mi manchi (feat. Kenny G.).flac,1,1,215.079,2026-08-29 15:42:10,2026-08-29 15:42:10
1,RadioTEDU Classical,/classic,configured_stream,48788,Mia & Sebastian’s Theme,Justin Hurwitz,,,,,,,195.74,H:\RadioTEDU Songs\Classical\Lang Lang\Piano Book 2\15 Justin Hurwitz - Mia & Sebastian’s Theme.flac,1,1,196.028,2026-08-29 06:48:48,2026-08-29 06:48:48
1,RadioTEDU Classical,/classic,configured_stream,48759,Michael Kills Judith,John Carpenter,,,,,,,191.007,H:\RadioTEDU Songs\Classical\John Carpenter\Halloween\05 Michael Kills Judith.flac,1,1,190.958,2026-08-29 01:21:27,2026-08-29 01:21:27
1,RadioTEDU Classical,/classic,configured_stream,49213,Midsommar,Scott Buckley,,,,,,,234.278,H:\RadioTEDU Songs\Classical\Scott Buckley\Midsommar\01 Midsommar.mp3,1,1,232.891,2026-08-29 02:42:56,2026-08-29 02:42:56
1,RadioTEDU Classical,/classic,configured_stream,48768,Missa Faysant regretz: 5c. Agnus Dei III,"Josquin des Prez; The Tallis Scholars, Peter Phillips",,,,,,,190.055,"H:\RadioTEDU Songs\Classical\Josquin des Prez; The Tallis Scholars, Peter Phillips\Masses_ Hercules Dux Ferrarie, D'ung aultre amer, Faysant regretz\47 Missa Faysant regretz_ 5c. Agnus Dei III.flac",1,1,187.316,2026-08-29 05:22:17,2026-08-29 05:22:17
1,RadioTEDU Classical,/classic,configured_stream,48809,"Nocturne no. 2 in E-flat major, op. 9 no. 2",Frédéric Chopin,,,,,,,293.16,"H:\RadioTEDU Songs\Classical\London Philharmonic Orchestra\The 50 Greatest Pieces of Classical Music\06 Frédéric Chopin - Nocturne no. 2 in E-flat major, op. 9 no. 2.flac",1,1,290.252,2026-08-29 13:54:48,2026-08-29 13:54:48
1,RadioTEDU Classical,/classic,configured_stream,47486,Northern Lights,Alexis Ffrench,,,,,,,175.647,H:\RadioTEDU Songs\Classical\Alexis Ffrench\Christmas Piano with Alexis\24 Alexis Ffrench - Northern Lights.mp3,1,1,176.656,2026-08-29 11:10:57,2026-08-29 11:10:57
1,RadioTEDU Classical,/classic,configured_stream,48376,"Nun freut euch, lieben Christen, g'mein, BWV 755",Johann Sebastian Bach,,,,,,,158.0,"H:\RadioTEDU Songs\Classical\Johann Sebastian Bach; Hans Fagius\The Complete Organ Music, Volume 7\1-11 Nun freut euch, lieben Christen, g'mein, BWV 755.flac",1,1,160.715,2026-08-29 15:08:09,2026-08-29 15:08:09
1,RadioTEDU Classical,/classic,configured_stream,48662,"O Ewigkeit, du Donnerwort BWV 397",Johann Sebastian Bach,,,,,,,154.813,"H:\RadioTEDU Songs\Classical\Johann Sebastian Bach\Bach Edition, Volume 17_ Vocal Works _ Vokalwerke Vol.II\8-41 O Ewigkeit, du Donnerwort BWV 397.flac",1,1,154.648,2026-08-29 01:30:34,2026-08-29 01:30:34
1,RadioTEDU Classical,/classic,configured_stream,47920,"O Lamm Gottes, unschuldig, BWV 1085",Johann Sebastian Bach,,,,,,,141.267,"H:\RadioTEDU Songs\Classical\Johann Sebastian Bach; Andrea Marcon\Organ Works_ Ohrdruf, Lüneburg & Arnstadt\1-03 O Lamm Gottes, unschuldig, BWV 1085.flac",1,1,138.463,2026-08-29 10:52:04,2026-08-29 10:52:04
1,RadioTEDU Classical,/classic,configured_stream,48812,"Orchestral Suite no. 3 in D major, BWV 1068: II. Air",Johann Sebastian Bach,,,,,,,254.427,"H:\RadioTEDU Songs\Classical\London Philharmonic Orchestra\The 50 Greatest Pieces of Classical Music\09 Johann Sebastian Bach - Orchestral Suite no. 3 in D major, BWV 1068_ II. Air.flac",1,1,251.941,2026-08-29 12:28:14,2026-08-29 12:28:14
1,RadioTEDU Classical,/classic,configured_stream,48813,"Orchestral Suite no. 3 in D major, BWV 1068: II. Air",Johann Sebastian Bach,,,,,,,254.427,"H:\RadioTEDU Songs\Classical\London Philharmonic Orchestra\The 50 Greatest Pieces of Classical Music\09 Johann Sebastian Bach - Orchestral Suite no. 3 in D major, BWV 1068_ II. Air.mp3",1,1,254.264,2026-08-29 13:35:26,2026-08-29 13:35:26
1,RadioTEDU Classical,/classic,configured_stream,48548,"Partita E‐Dur, BWV 1006a: II. Loure",Johann Sebastian Bach,,,,,,,209.333,"H:\RadioTEDU Songs\Classical\Johann Sebastian Bach; Robert Hill\Original und Bearbeitung\2-02 Partita E‐Dur, BWV 1006a_ II. Loure.flac",1,1,208.569,2026-08-29 09:08:17,2026-08-29 09:08:17
1,RadioTEDU Classical,/classic,configured_stream,48245,"Partita für Violine no. 1 h‐Moll, BWV 1002: III. Corrente",Johann Sebastian Bach,,,,,,,216.907,"H:\RadioTEDU Songs\Classical\Johann Sebastian Bach; Dimitri Sitkovetsky\Sonaten und Partiten für Violine solo, BWV 1001–1006\1-07 Partita für Violine no. 1 h‐Moll, BWV 1002_ III. Corrente.flac",1,1,214.004,2026-08-29 11:08:01,2026-08-29 11:08:01
1,RadioTEDU Classical,/classic,configured_stream,48246,"Partita für Violine no. 1 h‐Moll, BWV 1002: IV. Double. Presto",Johann Sebastian Bach,,,,,,,113.693,"H:\RadioTEDU Songs\Classical\Johann Sebastian Bach; Dimitri Sitkovetsky\Sonaten und Partiten für Violine solo, BWV 1001–1006\1-08 Partita für Violine no. 1 h‐Moll, BWV 1002_ IV. Double. Presto.flac",1,1,113.634,2026-08-29 07:03:52,2026-08-29 07:03:52
1,RadioTEDU Classical,/classic,configured_stream,48248,"Partita für Violine no. 1 h‐Moll, BWV 1002: VI. Double",Johann Sebastian Bach,,,,,,,83.16,"H:\RadioTEDU Songs\Classical\Johann Sebastian Bach; Dimitri Sitkovetsky\Sonaten und Partiten für Violine solo, BWV 1001–1006\1-10 Partita für Violine no. 1 h‐Moll, BWV 1002_ VI. Double.flac",1,1,81.537,2026-08-29 01:18:14,2026-08-29 01:18:14
1,RadioTEDU Classical,/classic,configured_stream,48260,"Partita für Violine no. 3 E‐dur, BWV 1006: II. Loure",Johann Sebastian Bach,,,,,,,215.133,"H:\RadioTEDU Songs\Classical\Johann Sebastian Bach; Dimitri Sitkovetsky\Sonaten und Partiten für Violine solo, BWV 1001–1006\2-11 Partita für Violine no. 3 E‐dur, BWV 1006_ II. Loure.flac",1,1,220.926,2026-08-29 10:43:11,2026-08-29 10:43:11
1,RadioTEDU Classical,/classic,configured_stream,48264,"Partita für Violine no. 3 E‐dur, BWV 1006: VI. Bourrée",Johann Sebastian Bach,,,,,,,104.667,"H:\RadioTEDU Songs\Classical\Johann Sebastian Bach; Dimitri Sitkovetsky\Sonaten und Partiten für Violine solo, BWV 1001–1006\2-15 Partita für Violine no. 3 E‐dur, BWV 1006_ VI. Bourrée.flac",1,1,101.706,2026-08-29 12:32:53,2026-08-29 12:32:53
1,RadioTEDU Classical,/classic,configured_stream,48847,"Pavane, op. 50",Gabriel Fauré,,,,,,,307.48,"H:\RadioTEDU Songs\Classical\London Philharmonic Orchestra\The 50 Greatest Pieces of Classical Music\41 Gabriel Fauré - Pavane, op. 50.flac",1,1,312.577,2026-08-29 08:28:17,2026-08-29 08:28:17
1,RadioTEDU Classical,/classic,configured_stream,47777,"Piano Concerto no. 1 in A minor, op. 7: I. Allegro maestoso",Clara Wieck-Schumann,,,,,,,366.267,"H:\RadioTEDU Songs\Classical\Clara Schumann, Robert Schumann; Beatrice Rana, Chamber Orchestra of Europe, Yannick Nézet‐Séguin\Piano Concertos\01 Clara Wieck-Schumann - Piano Concerto no. 1 in A minor, op. 7_ I. Allegro maestoso (1).flac",1,1,363.673,2026-08-29 14:18:17,2026-08-29 14:18:17
1,RadioTEDU Classical,/classic,configured_stream,48817,"Piano Concerto no. 21 in C major, K. 467: II. Andante",Wolfgang Amadeus Mozart,,,,,,,438.0,"H:\RadioTEDU Songs\Classical\London Philharmonic Orchestra\The 50 Greatest Pieces of Classical Music\13 Wolfgang Amadeus Mozart - Piano Concerto no. 21 in C major, K. 467_ II. Andante.flac",1,1,436.214,2026-08-29 17:48:40,2026-08-29 17:48:40
1,RadioTEDU Classical,/classic,configured_stream,49040,"Piano Concerto no. 27 in B-flat major, K. 595: I. Allegro",Wolfgang Amadeus Mozart,,,,,,,871.16,"H:\RadioTEDU Songs\Classical\Mozart; Anne Queffélec, Orchestre de chambre de Paris, Lio Kuokman\Piano Concertos no. 20, K. 466 _ no. 27, K. 595\04 Piano Concerto no. 27 in B-flat major, K. 595_ I. Allegro.flac",1,1,872.035,2026-08-29 06:45:21,2026-08-29 06:45:21
1,RadioTEDU Classical,/classic,configured_stream,49295,"Poème Lyrique in D-flat major, Op. 12",Glazunov,,,,,,,735.64,"H:\RadioTEDU Songs\Classical\USSR State Symphony Orchestra, Evgeny Svetlanov\Historical Russian Archives_ Evgeny Svetlanov Edition\02-03 Glazunov - Poème Lyrique in D-flat major, Op. 12.mp3",1,1,736.888,2026-08-29 16:59:05,2026-08-29 16:59:05
1,RadioTEDU Classical,/classic,configured_stream,49313,"Prelude in C-sharp minor, op. 3, no. 2",Сергей Васильевич Рахманинов,,,,,,,241.533,"H:\RadioTEDU Songs\Classical\William Kapell\William Kapell Edition\3-29 Сергей Васильевич Рахманинов - Prelude in C-sharp minor, op. 3, no. 2.flac",1,1,238.984,2026-08-29 05:30:35,2026-08-29 05:30:35
1,RadioTEDU Classical,/classic,configured_stream,48521,"Prelude in E minor, BWV 938",Johann Sebastian Bach,,,,,,,113.8,"H:\RadioTEDU Songs\Classical\Johann Sebastian Bach; Robert Hill\Bach as Teacher_ Keyboard Works from the Cöthen Period\2-26 Prelude in E minor, BWV 938.flac",1,1,111.077,2026-08-29 09:17:01,2026-08-29 09:17:01
1,RadioTEDU Classical,/classic,configured_stream,47622,"Prelude no. 4 in E minor, op. 28",Fryderyk Chopin,,,,,,,159.15,"H:\RadioTEDU Songs\Classical\Bach, Busoni, Beethoven; James Rhodes\Now Would All Freudians Please Stand Aside\2-01 Fryderyk Chopin - Prelude no. 4 in E minor, op. 28 (1).mp3",1,1,156.483,2026-08-29 09:55:34,2026-08-29 09:55:34
1,RadioTEDU Classical,/classic,configured_stream,48479,"Prelude, Trio and Fugue in B flat major, BWV 545 Anh.II 45: II. Trio",Johann Sebastian Bach,,,,,,,335.0,"H:\RadioTEDU Songs\Classical\Johann Sebastian Bach; Peter Hurford\The Organ Works\15-12 Prelude, Trio and Fugue in B flat major, BWV 545 Anh.II 45_ II. Trio.flac",1,1,332.17,2026-08-29 10:24:50,2026-08-29 10:24:50
1,RadioTEDU Classical,/classic,configured_stream,48480,"Prelude, Trio and Fugue in B flat major, BWV 545 Anh.II 45: III. Fugue",Johann Sebastian Bach,,,,,,,286.84,"H:\RadioTEDU Songs\Classical\Johann Sebastian Bach; Peter Hurford\The Organ Works\15-13 Prelude, Trio and Fugue in B flat major, BWV 545 Anh.II 45_ III. Fugue.flac",1,1,292.908,2026-08-29 10:10:44,2026-08-29 10:10:44
1,RadioTEDU Classical,/classic,configured_stream,49104,Preludes op. 32 no.2 in B-flat minor: Allegretto,Сергей Васильевич Рахманинов,,,,,,,188.0,H:\RadioTEDU Songs\Classical\Rachmaninov; John Ogdon\Piano Works\1-12 Preludes op. 32 no.2 in B-flat minor_ Allegretto.flac,1,1,188.115,2026-08-29 14:09:01,2026-08-29 14:09:01
1,RadioTEDU Classical,/classic,configured_stream,49225,"Preludes, op. 23: No. 1 in F-sharp minor. Largo",Sergei Rachmaninov,,,,,,,178.0,"H:\RadioTEDU Songs\Classical\Sergei Rachmaninov; Andrei Nikolsky\Prelude, op. 2 no. 3 _ Preludes, op. 23 nos. 1-10 _ Corelli Variations, op. 42 _ Sonata no. 2, op. 36\02 Preludes, op. 23_ No. 1 in F-sharp minor. Largo.flac",1,1,179.508,2026-08-29 16:46:47,2026-08-29 16:46:47
1,RadioTEDU Classical,/classic,configured_stream,49228,"Preludes, op. 23: No. 4 in D major. Andante cantabile",Sergei Rachmaninov,,,,,,,269.0,"H:\RadioTEDU Songs\Classical\Sergei Rachmaninov; Andrei Nikolsky\Prelude, op. 2 no. 3 _ Preludes, op. 23 nos. 1-10 _ Corelli Variations, op. 42 _ Sonata no. 2, op. 36\05 Preludes, op. 23_ No. 4 in D major. Andante cantabile.flac",1,1,268.892,2026-08-29 16:42:43,2026-08-29 16:42:43
1,RadioTEDU Classical,/classic,configured_stream,49230,"Preludes, op. 23: No. 6 in E-flat major. Andante",Sergei Rachmaninov,,,,,,,173.0,"H:\RadioTEDU Songs\Classical\Sergei Rachmaninov; Andrei Nikolsky\Prelude, op. 2 no. 3 _ Preludes, op. 23 nos. 1-10 _ Corelli Variations, op. 42 _ Sonata no. 2, op. 36\07 Preludes, op. 23_ No. 6 in E-flat major. Andante.flac",1,1,171.103,2026-08-29 17:02:18,2026-08-29 17:02:18
1,RadioTEDU Classical,/classic,configured_stream,47741,Pride and Prejudice,Carl Davis,,,,,,,213.917,H:\RadioTEDU Songs\Classical\Carl Davis; Melvyn Tan\Pride and Prejudice\01 Pride and Prejudice (1).mp3,1,1,211.039,2026-08-29 00:21:39,2026-08-29 00:21:39
1,RadioTEDU Classical,/classic,configured_stream,47742,Pride and Prejudice,Carl Davis,,,,,,,213.917,H:\RadioTEDU Songs\Classical\Carl Davis; Melvyn Tan\Pride and Prejudice\01 Pride and Prejudice.mp3,1,1,211.103,2026-08-29 02:00:52,2026-08-29 02:00:52
1,RadioTEDU Classical,/classic,configured_stream,48764,Prologue,John Williams,,,,,,,132.37,H:\RadioTEDU Songs\Classical\John Williams\Harry Potter and the Philosopher’s Stone_ Music From and Inspired by the Motion Picture\1-01 Prologue (1).mp3,1,1,134.375,2026-08-29 17:18:54,2026-08-29 17:18:54
1,RadioTEDU Classical,/classic,configured_stream,48464,"Präludium und Fuge e‐Moll, BWV 548: I. Präludium",Johann Sebastian Bach,,,,,,,506.24,"H:\RadioTEDU Songs\Classical\Johann Sebastian Bach; Martin Lücker\Orgelwerke_ Leipziger Spätwerke\05 Präludium und Fuge e‐Moll, BWV 548_ I. Präludium.flac",1,1,506.362,2026-08-29 03:35:43,2026-08-29 03:35:43
1,RadioTEDU Classical,/classic,configured_stream,48556,"Präludium, Fuge und Allegro in Es‐Dur, BWV 998: I. Prelude",Johann Sebastian Bach,,,,,,,234.133,"H:\RadioTEDU Songs\Classical\Johann Sebastian Bach; Robert Hill\Werke für das Lautenklavier\04 Präludium, Fuge und Allegro in Es‐Dur, BWV 998_ I. Prelude.flac",1,1,231.281,2026-08-29 12:50:02,2026-08-29 12:50:02
1,RadioTEDU Classical,/classic,configured_stream,47833,Pt. 2,Erland Cooper,,,,,,,238.36,"H:\RadioTEDU Songs\Classical\Erland Cooper, Scottish Ensemble\Folded Landscapes\08 Movement 5 - Pt. 2.mp3",1,1,238.425,2026-08-29 07:53:16,2026-08-29 07:53:16
1,RadioTEDU Classical,/classic,configured_stream,49282,"Quintet for Strings in C minor, Op. 104: II. Andante cantabile con variazioni",Ludwig van Beethoven,,,,,,,484.64,"H:\RadioTEDU Songs\Classical\The Zurich String Quintet\String Quintets (Complete)\1-06 Quintet for Strings in C minor, Op. 104_ II. Andante cantabile con variazioni.flac",1,1,481.82,2026-08-29 04:21:58,2026-08-29 04:21:58
1,RadioTEDU Classical,/classic,configured_stream,48332,"Quodlibet, BWV 524",Johann Sebastian Bach,,,,,,,608.4,"H:\RadioTEDU Songs\Classical\Johann Sebastian Bach; Gächinger Kantorei Stuttgart, Bach‐Collegium Stuttgart, Helmuth Rilling\Der zufriedengestellte Aeolous, BWV 205 _ Quodlibet, BWV 524\16 Quodlibet, BWV 524.flac",1,1,605.508,2026-08-29 08:43:53,2026-08-29 08:43:53
1,RadioTEDU Classical,/classic,configured_stream,49328,River Flows in You,Yiruma,,,,,,,210.569,H:\RadioTEDU Songs\Classical\Yiruma\Solo\06 River Flows in You (1).flac,1,1,209.653,2026-08-29 05:55:48,2026-08-29 05:55:48
1,RadioTEDU Classical,/classic,configured_stream,49329,River Flows in You,Yiruma,,,,,,,210.569,H:\RadioTEDU Songs\Classical\Yiruma\Solo\06 River Flows in You.flac,1,1,210.555,2026-08-29 05:59:19,2026-08-29 05:59:19
1,RadioTEDU Classical,/classic,configured_stream,49300,"Salve Regina, RV 618",Antonio Vivaldi,,,,,,,807.684,"H:\RadioTEDU Songs\Classical\Vivaldi, Galuppi; Gérard Lesne, Il Seminario Musicale\Vivaldi _ Galuppi_ Salve Regina _ Motets\1-07 Antonio Vivaldi - Salve Regina, RV 618.mp3",1,1,812.419,2026-08-29 05:15:22,2026-08-29 05:15:22
1,RadioTEDU Classical,/classic,configured_stream,49031,Say Hello to Mr. Akers,Mikko Tarmia,,,,,,,57.761,H:\RadioTEDU Songs\Classical\Mikko Tarmia\Soma (Original Video Game Soundtrack)\13 Say Hello to Mr. Akers.flac,1,1,55.803,2026-08-29 14:48:45,2026-08-29 14:48:45
1,RadioTEDU Classical,/classic,configured_stream,48907,"Scene & aria: ""No, non turbati"" WoO 92a",Ludwig van Beethoven,,,,,,,379.0,"H:\RadioTEDU Songs\Classical\Ludwig van Beethoven\Beethoven - The Complete Works\70-06 Scene & aria_ _No, non turbati_ WoO 92a.flac",1,1,378.844,2026-08-29 11:30:46,2026-08-29 11:30:46
1,RadioTEDU Classical,/classic,configured_stream,48693,"Sei gegrüsset, Jesu gütig BWV 410",Johann Sebastian Bach,,,,,,,55.987,"H:\RadioTEDU Songs\Classical\Johann Sebastian Bach\Bach Edition, Volume 23_ Chorale _ Chorales\2-54 Sei gegrüsset, Jesu gütig BWV 410.flac",1,1,58.176,2026-08-29 09:36:33,2026-08-29 09:36:33
1,RadioTEDU Classical,/classic,configured_stream,49148,"Serenade for Strings, op. 1: II. Andante con moto",Samuel Barber,,,,,,,159.898,"H:\RadioTEDU Songs\Classical\Samuel Barber; James Buswell, Royal Scottish National Orchestra, Marin Alsop\Violin Concerto _ Music for a Scene From Shelley _ Souvenirs (Ballet Suite)\11 Serenade for Strings, op. 1_ II. Andante con moto.mp3",1,1,159.173,2026-08-29 07:34:45,2026-08-29 07:34:45
1,RadioTEDU Classical,/classic,configured_stream,48541,"Sonata d‐Moll, BWV 964: III. Andante",Johann Sebastian Bach,,,,,,,266.333,"H:\RadioTEDU Songs\Classical\Johann Sebastian Bach; Robert Hill\Original und Bearbeitung\1-08 Sonata d‐Moll, BWV 964_ III. Andante.flac",1,1,271.532,2026-08-29 11:50:39,2026-08-29 11:50:39
1,RadioTEDU Classical,/classic,configured_stream,49320,"Sonata for Piano No. 14 in C minor, K. 457: II. Adagio",Wolfgang Amadeus Mozart,,,,,,,486.707,"H:\RadioTEDU Songs\Classical\Wolfgang Amadeus Mozart\Wolfgang Amadeus Mozart Premium Edition\33-06 Sonata for Piano No. 14 in C minor, K. 457_ II. Adagio.mp3",1,1,484.292,2026-08-29 05:52:19,2026-08-29 05:52:19
1,RadioTEDU Classical,/classic,configured_stream,47761,"Sonata for Piano no. 3 in B minor, op. 58 B. 155: II. Scherzo. Molto vivace",Chopin,,,,,,,152.227,"H:\RadioTEDU Songs\Classical\Chopin; Rafał Blechacz\Chopin\07 Sonata for Piano no. 3 in B minor, op. 58 B. 155_ II. Scherzo. Molto vivace.mp3",1,1,151.696,2026-08-29 13:04:53,2026-08-29 13:04:53
1,RadioTEDU Classical,/classic,configured_stream,48879,"Sonata for Piano no. 3 in C major, op. 2 no. 3: III. Scherzo. Allegro",Ludwig van Beethoven,,,,,,,199.0,"H:\RadioTEDU Songs\Classical\Ludwig van Beethoven; Claudio Arrau\Arrau Edition_ Beethoven\02-03 Sonata for Piano no. 3 in C major, op. 2 no. 3_ III. Scherzo. Allegro.flac",1,1,196.946,2026-08-29 08:06:05,2026-08-29 08:06:05
1,RadioTEDU Classical,/classic,configured_stream,49182,"Sonata In E Major, K. 206",Domenico Scarlatti,,,,,,,539.783,"H:\RadioTEDU Songs\Classical\Scarlatti; Lucas Debargue\52 Sonatas\1-01 Sonata In E Major, K. 206.flac",1,1,536.933,2026-08-29 03:22:04,2026-08-29 03:22:04
1,RadioTEDU Classical,/classic,configured_stream,48242,"Sonate für Violine no. 1 g‐Moll, BWV 1001: IV. Presto",Johann Sebastian Bach,,,,,,,231.533,"H:\RadioTEDU Songs\Classical\Johann Sebastian Bach; Dimitri Sitkovetsky\Sonaten und Partiten für Violine solo, BWV 1001–1006\1-04 Sonate für Violine no. 1 g‐Moll, BWV 1001_ IV. Presto.flac",1,1,228.869,2026-08-29 00:18:07,2026-08-29 00:18:07
1,RadioTEDU Classical,/classic,configured_stream,48252,"Sonate für Violine no. 2 a‐Moll, BWV 1003: II. Fuga",Johann Sebastian Bach,,,,,,,501.4,"H:\RadioTEDU Songs\Classical\Johann Sebastian Bach; Dimitri Sitkovetsky\Sonaten und Partiten für Violine solo, BWV 1001–1006\1-14 Sonate für Violine no. 2 a‐Moll, BWV 1003_ II. Fuga.flac",1,1,502.135,2026-08-29 18:24:23,2026-08-29 18:24:23
1,RadioTEDU Classical,/classic,configured_stream,48255,"Sonate für Violine no. 3 C‐Dur, BWV 1005: I. Adagio",Johann Sebastian Bach,,,,,,,288.467,"H:\RadioTEDU Songs\Classical\Johann Sebastian Bach; Dimitri Sitkovetsky\Sonaten und Partiten für Violine solo, BWV 1001–1006\2-06 Sonate für Violine no. 3 C‐Dur, BWV 1005_ I. Adagio.flac",1,1,288.543,2026-08-29 14:54:47,2026-08-29 14:54:47
1,RadioTEDU Classical,/classic,configured_stream,48885,"Sonate nr. 6 A‐Dur, op. 30 nr. 1: III. Allegretto con variazioni (I–VI)",Ludwig van Beethoven,,,,,,,460.0,"H:\RadioTEDU Songs\Classical\Ludwig van Beethoven; Gidon Kremer, Martha Argerich\Violinsonaten nos. 6–8\03 Sonate nr. 6 A‐Dur, op. 30 nr. 1_ III. Allegretto con variazioni (I–VI).flac",1,1,457.278,2026-08-29 08:19:13,2026-08-29 08:19:13
1,RadioTEDU Classical,/classic,configured_stream,48886,"Sonate nr. 7 c‐Moll, op. 30 nr. 2: I. Allegro con brio",Ludwig van Beethoven,,,,,,,456.0,"H:\RadioTEDU Songs\Classical\Ludwig van Beethoven; Gidon Kremer, Martha Argerich\Violinsonaten nos. 6–8\04 Sonate nr. 7 c‐Moll, op. 30 nr. 2_ I. Allegro con brio.flac",1,1,453.512,2026-08-29 01:57:17,2026-08-29 01:57:17
1,RadioTEDU Classical,/classic,configured_stream,48888,"Sonate nr. 7 c‐Moll, op. 30 nr. 2: III. Scherzo. Allegro",Ludwig van Beethoven,,,,,,,216.0,"H:\RadioTEDU Songs\Classical\Ludwig van Beethoven; Gidon Kremer, Martha Argerich\Violinsonaten nos. 6–8\06 Sonate nr. 7 c‐Moll, op. 30 nr. 2_ III. Scherzo. Allegro.flac",1,1,213.1,2026-08-29 05:19:10,2026-08-29 05:19:10
1,RadioTEDU Classical,/classic,configured_stream,48892,"Sonate nr. 8 G‐Dur, op. 30 nr. 3: III. Allegro vivace",Ludwig van Beethoven,,,,,,,204.0,"H:\RadioTEDU Songs\Classical\Ludwig van Beethoven; Gidon Kremer, Martha Argerich\Violinsonaten nos. 6–8\10 Sonate nr. 8 G‐Dur, op. 30 nr. 3_ III. Allegro vivace.flac",1,1,201.034,2026-08-29 14:05:53,2026-08-29 14:05:53
1,RadioTEDU Classical,/classic,configured_stream,48794,Song of the Fisherwomen,"George Gurdjieff, Thomas de Hartmann",,,,,,,139.205,"H:\RadioTEDU Songs\Classical\Lavinia Meijer\Winter\11 George Gurdjieff, Thomas de Hartmann - Song of the Fisherwomen.mp3",1,1,136.557,2026-08-29 14:44:37,2026-08-29 14:44:37
1,RadioTEDU Classical,/classic,configured_stream,49146,"Souvenirs (Ballet Suite), op. 28: IV. Two‐Step (Tea in the Palm Court)",Samuel Barber,,,,,,,108.619,"H:\RadioTEDU Songs\Classical\Samuel Barber; James Buswell, Royal Scottish National Orchestra, Marin Alsop\Violin Concerto _ Music for a Scene From Shelley _ Souvenirs (Ballet Suite)\07 Souvenirs (Ballet Suite), op. 28_ IV. Two‐Step (Tea in the Palm Court).mp3",1,1,106.734,2026-08-29 15:02:31,2026-08-29 15:02:31
1,RadioTEDU Classical,/classic,configured_stream,49024,Spring 1,Max Richter,,,,,,,151.513,"H:\RadioTEDU Songs\Classical\Max Richter; Daniel Hope, Konzerthaus Kammerorchester Berlin, André de Ridder\Recomposed by Max Richter_ Vivaldi – The Four Seasons\02 Spring 1.flac",1,1,150.981,2026-08-29 03:54:47,2026-08-29 03:54:47
1,RadioTEDU Classical,/classic,configured_stream,47488,St Andrews,Alexis Ffrench,,,,,,,222.049,H:\RadioTEDU Songs\Classical\Alexis Ffrench\Peace\05 St Andrews.mp3,1,1,223.513,2026-08-29 17:52:23,2026-08-29 17:52:23
1,RadioTEDU Classical,/classic,configured_stream,49304,"Stabat Mater pour contre-ténor et orchestre en fa mineur, RV 621 : Eja mater",Antonio Vivaldi,,,,,,,191.618,"H:\RadioTEDU Songs\Classical\Vivaldi; Carlos Mena, François Fernandez, Philippe Pierlot, Ricercar Consort\Stabat Mater\13 Antonio Vivaldi - Stabat Mater pour contre-ténor et orchestre en fa mineur, RV 621 _ Eja mater (1).mp3",1,1,188.654,2026-08-29 17:41:24,2026-08-29 17:41:24
1,RadioTEDU Classical,/classic,configured_stream,49305,"Stabat Mater pour contre-ténor et orchestre en fa mineur, RV 621 : Eja mater",Antonio Vivaldi,,,,,,,191.618,"H:\RadioTEDU Songs\Classical\Vivaldi; Carlos Mena, François Fernandez, Philippe Pierlot, Ricercar Consort\Stabat Mater\13 Antonio Vivaldi - Stabat Mater pour contre-ténor et orchestre en fa mineur, RV 621 _ Eja mater.mp3",1,1,189.719,2026-08-29 06:12:21,2026-08-29 06:12:21
1,RadioTEDU Classical,/classic,configured_stream,48631,"Suite in A minor, BWV 818: II. Courante",Johann Sebastian Bach,,,,,,,75.893,"H:\RadioTEDU Songs\Classical\Johann Sebastian Bach\Bach Edition, Volume 13_ Keyboard Works_Klavierwerke, Volume II\11-26 Suite in A minor, BWV 818_ II. Courante.flac",1,1,73.55,2026-08-29 10:39:30,2026-08-29 10:39:30
1,RadioTEDU Classical,/classic,configured_stream,48632,"Suite in A minor, BWV 818: III. Sarabande simple",Johann Sebastian Bach,,,,,,,228.4,"H:\RadioTEDU Songs\Classical\Johann Sebastian Bach\Bach Edition, Volume 13_ Keyboard Works_Klavierwerke, Volume II\11-27 Suite in A minor, BWV 818_ III. Sarabande simple.flac",1,1,232.237,2026-08-29 00:25:31,2026-08-29 00:25:31
1,RadioTEDU Classical,/classic,configured_stream,48634,"Suite in A minor, BWV 818: V. Gigue",Johann Sebastian Bach,,,,,,,158.44,"H:\RadioTEDU Songs\Classical\Johann Sebastian Bach\Bach Edition, Volume 13_ Keyboard Works_Klavierwerke, Volume II\11-29 Suite in A minor, BWV 818_ V. Gigue.flac",1,1,155.675,2026-08-29 11:35:46,2026-08-29 11:35:46
1,RadioTEDU Classical,/classic,configured_stream,48624,"Suite in A minor, BWV 818a: IV. Sarabande",Johann Sebastian Bach,,,,,,,219.333,"H:\RadioTEDU Songs\Classical\Johann Sebastian Bach\Bach Edition, Volume 13_ Keyboard Works_Klavierwerke, Volume II\10-21 Suite in A minor, BWV 818a_ IV. Sarabande.flac",1,1,220.251,2026-08-29 13:48:40,2026-08-29 13:48:40
1,RadioTEDU Classical,/classic,configured_stream,48600,"Suite No. 1 C‐Dur, BWV 1066: Forlane",Johann Sebastian Bach,,,,,,,167.44,"H:\RadioTEDU Songs\Classical\Johann Sebastian Bach; Slowakisches Kammerorchester, Bohdan Warchal, Mikhail Terian\Orchestersuiten Nos. 1–3 (Air)\04 Suite No. 1 C‐Dur, BWV 1066_ Forlane.mp3",1,1,164.525,2026-08-29 01:28:00,2026-08-29 01:28:00
1,RadioTEDU Classical,/classic,configured_stream,47866,"Suite no. 2 in F major, HWV 427: I. Adagio",George Frideric Handel,,,,,,,156.467,"H:\RadioTEDU Songs\Classical\Handel, Brahms; Seong‐Jin Cho\The Handel Project\01 George Frideric Handel - Suite no. 2 in F major, HWV 427_ I. Adagio.mp3",1,1,157.086,2026-08-29 09:51:32,2026-08-29 09:51:32
1,RadioTEDU Classical,/classic,configured_stream,47807,"Symphony no. 12 in D minor, op. 112 “The Year 1917”: II. Razliv. Allegro – Adagio",Dmitri Shostakovich,,,,,,,842.4,"H:\RadioTEDU Songs\Classical\Dmitri Shostakovich; Boston Symphony Orchestra, Andris Nelsons\Symphonies nos. 2, 3, 12 & 13\08 Symphony no. 12 in D minor, op. 112 “The Year 1917”_ II. Razliv. Allegro – Adagio.flac",1,1,840.618,2026-08-29 15:22:09,2026-08-29 15:22:09
1,RadioTEDU Classical,/classic,configured_stream,47876,Symphony no. 59 in A major “Feuersinfonie”: I. Presto,Franz Joseph Haydn,,,,,,,352.253,"H:\RadioTEDU Songs\Classical\Haydn; Giovanni Antonini, Il giardino armonico\Haydn 2032, no. 13_ Hornsignal\05 Franz Joseph Haydn - Symphony no. 59 in A major “Feuersinfonie”_ I. Presto (1).flac",1,1,352.809,2026-08-29 09:14:59,2026-08-29 09:14:59
1,RadioTEDU Classical,/classic,configured_stream,47877,Symphony no. 59 in A major “Feuersinfonie”: I. Presto,Franz Joseph Haydn,,,,,,,352.253,"H:\RadioTEDU Songs\Classical\Haydn; Giovanni Antonini, Il giardino armonico\Haydn 2032, no. 13_ Hornsignal\05 Franz Joseph Haydn - Symphony no. 59 in A major “Feuersinfonie”_ I. Presto.flac",1,1,353.493,2026-08-29 08:51:16,2026-08-29 08:51:16
1,RadioTEDU Classical,/classic,configured_stream,48821,"Symphony no. 9 in E minor, op. 95 ""From the New World"": II. Largo",Antonín Dvořák,,,,,,,769.453,"H:\RadioTEDU Songs\Classical\London Philharmonic Orchestra\The 50 Greatest Pieces of Classical Music\16 Antonín Dvořák - Symphony no. 9 in E minor, op. 95 _From the New World__ II. Largo.flac",1,1,768.053,2026-08-29 06:30:49,2026-08-29 06:30:49
1,RadioTEDU Classical,/classic,configured_stream,48820,Thaïs: Meditation,Jules Massenet,,,,,,,301.093,H:\RadioTEDU Songs\Classical\London Philharmonic Orchestra\The 50 Greatest Pieces of Classical Music\15 Jules Massenet - Thaïs_ Meditation.mp3,1,1,299.353,2026-08-29 12:39:26,2026-08-29 12:39:26
1,RadioTEDU Classical,/classic,configured_stream,47820,The Arctic Suite: VI. Sea Ice Melting,Jacob Shea,,,,,,,224.773,"H:\RadioTEDU Songs\Classical\Eldbjørg Hemsing, Arctic Philharmonic\Arctic\06 Jacob Shea - The Arctic Suite_ VI. Sea Ice Melting.mp3",1,1,225.349,2026-08-29 00:37:38,2026-08-29 00:37:38
1,RadioTEDU Classical,/classic,configured_stream,48834,The Barber of Seville: Overture,Gioachino Rossini,,,,,,,418.467,H:\RadioTEDU Songs\Classical\London Philharmonic Orchestra\The 50 Greatest Pieces of Classical Music\29 Gioachino Rossini - The Barber of Seville_ Overture.flac,1,1,415.674,2026-08-29 09:48:55,2026-08-29 09:48:55
1,RadioTEDU Classical,/classic,configured_stream,47897,The Blue Danube,James Last,,,,,,,689.633,H:\RadioTEDU Songs\Classical\James Last\Classics by Moonlight\09 The Blue Danube (1).mp3,1,1,686.881,2026-08-29 14:34:32,2026-08-29 14:34:32
1,RadioTEDU Classical,/classic,configured_stream,48754,The Blue Danube Waltz,Johann Strauss II,,,,,,,658.703,H:\RadioTEDU Songs\Classical\Johann Strauss II\Great Strauss Waltzes\08 Johann Strauss II - The Blue Danube Waltz (1).mp3,1,1,657.342,2026-08-29 11:22:05,2026-08-29 11:22:05
1,RadioTEDU Classical,/classic,configured_stream,48755,The Blue Danube Waltz,Johann Strauss II,,,,,,,658.703,H:\RadioTEDU Songs\Classical\Johann Strauss II\Great Strauss Waltzes\08 Johann Strauss II - The Blue Danube Waltz.mp3,1,1,658.641,2026-08-29 09:04:39,2026-08-29 09:04:39
1,RadioTEDU Classical,/classic,configured_stream,49290,The Cloud Atlas Sextet for Orchestra,"Tom Tykwer, Johnny Klimek & Reinhold Heil",,,,,,,297.215,"H:\RadioTEDU Songs\Classical\Tom Tykwer, Johnny Klimek & Reinhold Heil\Cloud Atlas_ Original Motion Picture Soundtrack\22 The Cloud Atlas Sextet for Orchestra (1).mp3",1,1,294.292,2026-08-29 04:44:02,2026-08-29 04:44:02
1,RadioTEDU Classical,/classic,configured_stream,49085,The Duchess,Rachel Portman,,,,,,,152.638,H:\RadioTEDU Songs\Classical\Rachel Portman\Beyond the Screen - Film Works on Piano\06 The Duchess.mp3,1,1,152.684,2026-08-29 15:46:20,2026-08-29 15:46:20
1,RadioTEDU Classical,/classic,configured_stream,47485,The Grey Lady,Alexandre Desplat,,,,,,,357.564,H:\RadioTEDU Songs\Classical\Alexandre Desplat\Harry Potter and the Deathly Hallows Part 2 (original Motion Picture Soundtrack)\10 The Grey Lady.mp3,1,1,354.992,2026-08-29 14:02:29,2026-08-29 14:02:29
1,RadioTEDU Classical,/classic,configured_stream,49344,"The Tempest, Op. 18: I. Andante con moto","Пётр Ильич Чайковский, BBC Scottish Symphony Orchestra & Alpesh Chauhan",,,,,,,223.787,"H:\RadioTEDU Songs\Classical\Пётр Ильич Чайковский, BBC Scottish Symphony Orchestra & Alpesh Chauhan\Tchaikovsky_ The Tempest, Francesca da Rimini, The Voyevoda, Overture and Polonaise from 'Cherevichki'\02 The Tempest, Op. 18_ I. Andante con moto (1).flac",1,1,224.685,2026-08-29 17:06:47,2026-08-29 17:06:47
1,RadioTEDU Classical,/classic,configured_stream,48770,"The Theory of Everything (From ""The Theory of Everything"")",Jóhann Jóhannsson,,,,,,,91.292,H:\RadioTEDU Songs\Classical\Jóhann Jóhannsson; Alice Sara Ott\Jóhann Jóhannsson_ Piano Works – Film Themes\02 The Theory of Everything (From _The Theory of Everything_).flac,1,1,88.468,2026-08-29 08:31:37,2026-08-29 08:31:37
1,RadioTEDU Classical,/classic,configured_stream,49070,The Truman Show: Truman Sleeps,Philip Glass,,,,,,,160.46,H:\RadioTEDU Songs\Classical\Philip Glass; Valentina Lisitsa\Valentina Lisitsa plays Philip Glass_ The Hours _ Metamorphosis _ Mad Rush\02 The Truman Show_ Truman Sleeps.flac,1,1,157.544,2026-08-29 13:38:13,2026-08-29 13:38:13
1,RadioTEDU Classical,/classic,configured_stream,48808,The Valkyrie: Ride of the Valkyries,Richard Wagner,,,,,,,311.32,H:\RadioTEDU Songs\Classical\London Philharmonic Orchestra\The 50 Greatest Pieces of Classical Music\05 Richard Wagner - The Valkyrie_ Ride of the Valkyries.flac,1,1,311.921,2026-08-29 08:11:18,2026-08-29 08:11:18
1,RadioTEDU Classical,/classic,configured_stream,49251,The Wanderer,Stephan Moccio,,,,,,,210.14,"H:\RadioTEDU Songs\Classical\Stephan Moccio\Legends, Myths and Lavender\03 The Wanderer (1).flac",1,1,209.112,2026-08-29 00:32:08,2026-08-29 00:32:08
1,RadioTEDU Classical,/classic,configured_stream,49264,Three Pieces for String Quartet: I.,Igor Stravinsky,,,,,,,55.413,"H:\RadioTEDU Songs\Classical\Stravinsky; Isabelle Faust, Les Siècles, François‐Xavier Roth\Violin Concerto _ Chamber Works\06 Three Pieces for String Quartet_ I. (1).flac",1,1,55.295,2026-08-29 03:52:07,2026-08-29 03:52:07
1,RadioTEDU Classical,/classic,configured_stream,49265,Three Pieces for String Quartet: I.,Igor Stravinsky,,,,,,,55.413,"H:\RadioTEDU Songs\Classical\Stravinsky; Isabelle Faust, Les Siècles, François‐Xavier Roth\Violin Concerto _ Chamber Works\06 Three Pieces for String Quartet_ I..flac",1,1,53.586,2026-08-29 16:43:47,2026-08-29 16:43:47
1,RadioTEDU Classical,/classic,configured_stream,48226,"Trio d‐Moll, BWV 583",Johann Sebastian Bach,,,,,,,318.733,"H:\RadioTEDU Songs\Classical\Johann Sebastian Bach; Bine Katrine Bryndorf\Orgelwerke_ Einflüsse aus Cantata, Concerto & Kammermusik\04 Trio d‐Moll, BWV 583.flac",1,1,315.814,2026-08-29 09:41:59,2026-08-29 09:41:59
1,RadioTEDU Classical,/classic,configured_stream,48636,"Trio Sonata in G major, BWV 1038: II. Vivace",Johann Sebastian Bach,,,,,,,54.32,"H:\RadioTEDU Songs\Classical\Johann Sebastian Bach\Bach Edition, Volume 16_ Chamber Music_Kammermusik\14-13 Trio Sonata in G major, BWV 1038_ II. Vivace.flac",1,1,60.561,2026-08-29 03:41:24,2026-08-29 03:41:24
1,RadioTEDU Classical,/classic,configured_stream,48447,"Trio Sonata no. 2 in C minor, BWV 526: II. Largo",Johann Sebastian Bach,,,,,,,235.693,"H:\RadioTEDU Songs\Classical\Johann Sebastian Bach; Kay Johannsen\Trio Sonatas\05 Trio Sonata no. 2 in C minor, BWV 526_ II. Largo.flac",1,1,233.264,2026-08-29 01:05:58,2026-08-29 01:05:58
1,RadioTEDU Classical,/classic,configured_stream,49076,"Turandot: Act II: Scene 2, “In questa Reggia”",Giacomo Puccini,,,,,,,166.107,"H:\RadioTEDU Songs\Classical\Puccini; Radvanovsky, Kaufmann, Jaho, Orchestra e Coro dell’Accademia di Santa Cecilia, Antonio Pappano\Turandot\27 Turandot_ Act II_ Scene 2, “In questa Reggia” (1).flac",1,1,165.118,2026-08-29 17:16:39,2026-08-29 17:16:39
1,RadioTEDU Classical,/classic,configured_stream,47860,"Two Elegiac Melodies, op. 34: Heart Wounds / The Last Spring",Grieg,,,,,,,454.043,"H:\RadioTEDU Songs\Classical\Grieg; Sibelius; The London Proms Symphony Orchestra, Charles Mackerras\Finlandia_ Music of Grieg and Sibelius\07 Grieg - Two Elegiac Melodies, op. 34_ Heart Wounds _ The Last Spring.flac",1,1,454.264,2026-08-29 09:35:35,2026-08-29 09:35:35
1,RadioTEDU Classical,/classic,configured_stream,47604,Utro,Rachmaninoff arr. Arcadi Volodos,,,,,,,123.227,H:\RadioTEDU Songs\Classical\Arcadi Volodos\Piano Transcriptions\02 Rachmaninoff arr. Arcadi Volodos - Utro.flac,1,1,123.534,2026-08-29 15:38:16,2026-08-29 15:38:16
1,RadioTEDU Classical,/classic,configured_stream,49057,Valadier,"Olivia Belli, Louisa Fuller, John Metcalfe & Chris Worsey",,,,,,,230.975,"H:\RadioTEDU Songs\Classical\Olivia Belli\Intermundia\04 Olivia Belli, Louisa Fuller, John Metcalfe & Chris Worsey - Valadier.mp3",1,1,229.154,2026-08-29 13:15:18,2026-08-29 13:15:18
1,RadioTEDU Classical,/classic,configured_stream,47579,"Violin Concerto in A minor, op. 4 no. 4: III. Allegro",Antonio Vivaldi,,,,,,,144.511,"H:\RadioTEDU Songs\Classical\Antonio Vivaldi; Rachel Podger, Arte dei Suonatori\La Stravaganza\1-12 Violin Concerto in A minor, op. 4 no. 4_ III. Allegro.mp3",1,1,141.798,2026-08-29 04:24:52,2026-08-29 04:24:52
1,RadioTEDU Classical,/classic,configured_stream,47563,"Violin Concerto in E minor, op. 4 no. 2: I. Allegro",Antonio Vivaldi,,,,,,,252.462,"H:\RadioTEDU Songs\Classical\Antonio Vivaldi; Rachel Podger, Arte dei Suonatori\La Stravaganza\1-04 Violin Concerto in E minor, op. 4 no. 2_ I. Allegro.mp3",1,1,254.283,2026-08-29 14:38:47,2026-08-29 14:38:47
1,RadioTEDU Classical,/classic,configured_stream,47580,"Violin Concerto in F major, op. 4 no. 9: I. Allegro",Antonio Vivaldi,,,,,,,170.841,"H:\RadioTEDU Songs\Classical\Antonio Vivaldi; Rachel Podger, Arte dei Suonatori\La Stravaganza\2-08 Violin Concerto in F major, op. 4 no. 9_ I. Allegro (1).mp3",1,1,168.052,2026-08-29 04:46:50,2026-08-29 04:46:50
1,RadioTEDU Classical,/classic,configured_stream,47584,"Violin Concerto in F major, op. 4 no. 9: III. Allegro",Antonio Vivaldi,,,,,,,136.241,"H:\RadioTEDU Songs\Classical\Antonio Vivaldi; Rachel Podger, Arte dei Suonatori\La Stravaganza\2-10 Violin Concerto in F major, op. 4 no. 9_ III. Allegro (1).mp3",1,1,133.425,2026-08-29 00:04:53,2026-08-29 00:04:53
1,RadioTEDU Classical,/classic,configured_stream,47586,"Violin Concerto in G major, op. 4 no. 12: I. Spirituoso e non presto",Antonio Vivaldi,,,,,,,168.481,"H:\RadioTEDU Songs\Classical\Antonio Vivaldi; Rachel Podger, Arte dei Suonatori\La Stravaganza\2-17 Violin Concerto in G major, op. 4 no. 12_ I. Spirituoso e non presto (1).mp3",1,1,169.524,2026-08-29 12:59:01,2026-08-29 12:59:01
1,RadioTEDU Classical,/classic,configured_stream,47571,"Violin Concerto in G major, op. 4 no. 3: II. Largo",Antonio Vivaldi,,,,,,,152.073,"H:\RadioTEDU Songs\Classical\Antonio Vivaldi; Rachel Podger, Arte dei Suonatori\La Stravaganza\1-08 Violin Concerto in G major, op. 4 no. 3_ II. Largo.mp3",1,1,154.994,2026-08-29 07:49:17,2026-08-29 07:49:17
1,RadioTEDU Classical,/classic,configured_stream,47881,"Violin Concerto no. 2 in G minor, op. 63: III. Allegro, ben marcato",Сергей Сергеевич Прокофьев,,,,,,,365.067,"H:\RadioTEDU Songs\Classical\Henryk Szeryng\Complete Philips, Mercury and Deutsche Grammophon Recordings\36-06 Сергей Сергеевич Прокофьев - Violin Concerto no. 2 in G minor, op. 63_ III. Allegro, ben marcato.flac",1,1,365.634,2026-08-29 00:01:17,2026-08-29 00:01:17
1,RadioTEDU Classical,/classic,configured_stream,49143,"Violin Concerto, op. 14: I. Allegro",Samuel Barber,,,,,,,618.14,"H:\RadioTEDU Songs\Classical\Samuel Barber; James Buswell, Royal Scottish National Orchestra, Marin Alsop\Violin Concerto _ Music for a Scene From Shelley _ Souvenirs (Ballet Suite)\01 Violin Concerto, op. 14_ I. Allegro.mp3",1,1,615.309,2026-08-29 03:01:22,2026-08-29 03:01:22
1,RadioTEDU Classical,/classic,configured_stream,47630,"Violin Sonata no. 1 in G minor, BWV 1001: IV. Presto",Johann Sebastian Bach,,,,,,,185.328,"H:\RadioTEDU Songs\Classical\Bach; Augustin Hadelich\Sonatas & Partitas\1-04 Violin Sonata no. 1 in G minor, BWV 1001_ IV. Presto.flac",1,1,182.635,2026-08-29 07:37:53,2026-08-29 07:37:53
1,RadioTEDU Classical,/classic,configured_stream,48896,"Violin Sonata no. 10 in G major, op. 96: IV. Poco allegretto",Ludwig van Beethoven,,,,,,,503.0,"H:\RadioTEDU Songs\Classical\Ludwig van Beethoven; Gidon Kremer, Martha Argerich\Violinsonaten nos. 9 “Kreuzer” & 10\07 Violin Sonata no. 10 in G major, op. 96_ IV. Poco allegretto.flac",1,1,500.066,2026-08-29 11:04:27,2026-08-29 11:04:27
1,RadioTEDU Classical,/classic,configured_stream,48236,"Violinkonzert d‐Moll, BWV 1043: I. Vivace",Johann Sebastian Bach,,,,,,,214.667,"H:\RadioTEDU Songs\Classical\Johann Sebastian Bach; Christoph Poppen, Bach‐Collegium Stuttgart, Helmuth Rilling\Violinkonzerte, BWV 1041–1043\07 Violinkonzert d‐Moll, BWV 1043_ I. Vivace.flac",1,1,211.914,2026-08-29 18:32:50,2026-08-29 18:32:50
1,RadioTEDU Classical,/classic,configured_stream,48767,Vivrai je tousjours,Josquin des Prez,,,,,,,188.587,H:\RadioTEDU Songs\Classical\Josquin des Prez; Stile Antico\The Golden Renaissance_ Josquin des Prez\08 Josquin des Prez - Vivrai je tousjours.flac,1,1,188.541,2026-08-29 09:58:42,2026-08-29 09:58:42
1,RadioTEDU Classical,/classic,configured_stream,48642,Von Gott will ich nicht lassen BWV 417,Johann Sebastian Bach,,,,,,,55.68,"H:\RadioTEDU Songs\Classical\Johann Sebastian Bach\Bach Edition, Volume 17_ Vocal Works _ Vokalwerke Vol.II\6-22 Von Gott will ich nicht lassen BWV 417.flac",1,1,53.147,2026-08-29 08:53:41,2026-08-29 08:53:41
1,RadioTEDU Classical,/classic,configured_stream,48467,"Vor deinen Thron tret ich hiermit, BWV 668",Johann Sebastian Bach,,,,,,,397.08,"H:\RadioTEDU Songs\Classical\Johann Sebastian Bach; Martin Lücker\Orgelwerke_ Leipziger Spätwerke\13 Vor deinen Thron tret ich hiermit, BWV 668.flac",1,1,398.511,2026-08-29 18:16:00,2026-08-29 18:16:00
1,RadioTEDU Classical,/classic,configured_stream,47774,Vos mépris chaque jour,Michel Lambert,,,,,,,192.4,"H:\RadioTEDU Songs\Classical\Christina Pluhar, L’Arpeggiata, Philippe Jaroussky\Passacalle de la Follie\04 Michel Lambert - Vos mépris chaque jour (1).flac",1,1,190.685,2026-08-29 18:00:49,2026-08-29 18:00:49
1,RadioTEDU Classical,/classic,configured_stream,48645,"Was bist du doch, o Seele, so betrübet BWV 424",Johann Sebastian Bach,,,,,,,52.36,"H:\RadioTEDU Songs\Classical\Johann Sebastian Bach\Bach Edition, Volume 17_ Vocal Works _ Vokalwerke Vol.II\7-03 Was bist du doch, o Seele, so betrübet BWV 424.flac",1,1,52.572,2026-08-29 00:33:01,2026-08-29 00:33:01
1,RadioTEDU Classical,/classic,configured_stream,49268,WE (West & East),Tan Dun & WE Orchestra,,,,,,,171.255,H:\RadioTEDU Songs\Classical\Tan Dun & WE Orchestra\Five Souls\03 WE (West & East).mp3,1,1,172.441,2026-08-29 03:57:40,2026-08-29 03:57:40
1,RadioTEDU Classical,/classic,configured_stream,48330,"Weihnachts‐Oratorium, BWV 248: Teil III, XIII. Coro “Herrscher des Himmels, erhöre das Lallen”",Johann Sebastian Bach,,,,,,,107.373,"H:\RadioTEDU Songs\Classical\Johann Sebastian Bach; Gächinger Kantorei Stuttgart, Bach‐Collegium Stuttgart, Helmuth Rilling\Christmas Oratorio, BWV 248\2-13 Weihnachts‐Oratorium, BWV 248_ Teil III, XIII. Coro “Herrscher des Himmels, erhöre das Lallen”.flac",1,1,104.607,2026-08-29 07:41:32,2026-08-29 07:41:32
1,RadioTEDU Classical,/classic,configured_stream,48870,Wind Song,Ludovico Einaudi,,,,,,,198.656,H:\RadioTEDU Songs\Classical\Ludovico Einaudi\Underwater\08 Wind Song (1).flac,1,1,196.816,2026-08-29 14:42:19,2026-08-29 14:42:19
1,RadioTEDU Classical,/classic,configured_stream,48433,"Wir gläuben all an einen Gott, BWV 680",Johann Sebastian Bach,,,,,,,183.76,"H:\RadioTEDU Songs\Classical\Johann Sebastian Bach; Kay Johannsen\Orgelwerke_ Clavier Übung, Dritter Theil\1-13 Wir gläuben all an einen Gott, BWV 680.flac",1,1,183.71,2026-08-29 14:47:40,2026-08-29 14:47:40
1,RadioTEDU Classical,/classic,configured_stream,48651,Wo Gott der Herr nicht bei uns hält BWV 256,Johann Sebastian Bach,,,,,,,51.053,"H:\RadioTEDU Songs\Classical\Johann Sebastian Bach\Bach Edition, Volume 17_ Vocal Works _ Vokalwerke Vol.II\7-34 Wo Gott der Herr nicht bei uns hält BWV 256.flac",1,1,49.599,2026-08-29 00:10:21,2026-08-29 00:10:21
1,RadioTEDU Classical,/classic,configured_stream,48652,Wo Gott der Herr nicht bei uns hält BWV 257,Johann Sebastian Bach,,,,,,,53.8,"H:\RadioTEDU Songs\Classical\Johann Sebastian Bach\Bach Edition, Volume 17_ Vocal Works _ Vokalwerke Vol.II\7-36 Wo Gott der Herr nicht bei uns hält BWV 257.flac",1,1,52.741,2026-08-29 11:51:35,2026-08-29 11:51:35
1,RadioTEDU Classical,/classic,configured_stream,48653,Wo Gott zum Haus nicht gibt sein' Gunst BWV 438,Johann Sebastian Bach,,,,,,,28.733,"H:\RadioTEDU Songs\Classical\Johann Sebastian Bach\Bach Edition, Volume 17_ Vocal Works _ Vokalwerke Vol.II\7-37 Wo Gott zum Haus nicht gibt sein' Gunst BWV 438.flac",1,1,29.271,2026-08-29 12:17:07,2026-08-29 12:17:07
1,RadioTEDU Classical,/classic,configured_stream,47744,"Württemberg Sonatas, Wq 49: Sonata I in a minor: Andante",Carl Philipp Emanuel Bach,,,,,,,195.107,"H:\RadioTEDU Songs\Classical\Carl Philipp Emanuel Bach; Keith Jarrett\Carl Philipp Emanuel Bach\02 Württemberg Sonatas, Wq 49_ Sonata I in a minor_ Andante (1).flac",1,1,192.439,2026-08-29 02:30:00,2026-08-29 02:30:00
1,RadioTEDU Classical,/classic,configured_stream,47907,yanni (piano version),Jean‐Michel Blais,,,,,,,284.543,H:\RadioTEDU Songs\Classical\Jean‐Michel Blais\sérénades\06 yanni (piano version).mp3,1,1,281.968,2026-08-29 18:29:18,2026-08-29 18:29:18
1,RadioTEDU Classical,/classic,configured_stream,49275,You Come Here Often?,Yuja Wang,,,,,,,273.547,"H:\RadioTEDU Songs\Classical\Teddy Abrams, Michael Tilson Thomas; Yuja Wang\The American Project\01 Yuja Wang - You Come Here Often_ (1).flac",1,1,271.085,2026-08-29 04:07:21,2026-08-29 04:07:21
1,RadioTEDU Classical,/classic,configured_stream,49400,—エンヂィング— 世界の約束～人生のメリーゴーランド,久石譲,,,,,,,410.514,H:\RadioTEDU Songs\Classical\久石譲\ハウルの動く城\26 —エンヂィング— 世界の約束～人生のメリーゴーランド (1).mp3,1,1,407.891,2026-08-29 16:38:13,2026-08-29 16:38:13
1,RadioTEDU Classical,/classic,configured_stream,49401,—エンヂィング— 世界の約束～人生のメリーゴーランド,久石譲,,,,,,,410.514,H:\RadioTEDU Songs\Classical\久石譲\ハウルの動く城\26 —エンヂィング— 世界の約束～人生のメリーゴーランド.mp3,1,1,407.595,2026-08-29 16:27:56,2026-08-29 16:27:56
1,RadioTEDU Classical,/classic,configured_stream,48970,"“Das Schöne zu dem Guten”, WoO 203 (Puzzle canon)",Ludwig van Beethoven,,,,,,,20.0,"H:\RadioTEDU Songs\Classical\Ludwig van Beethoven\BTHVN 2020_ The New Complete Edition\85-68 “Das Schöne zu dem Guten”, WoO 203 (Puzzle canon).flac",1,1,20.106,2026-08-29 12:28:35,2026-08-29 12:28:35
1,RadioTEDU Classical,/classic,configured_stream,49363,さすらいのソフィー,久石譲,,,,,,,259.631,H:\RadioTEDU Songs\Classical\久石譲\ハウルの動く城\06 さすらいのソフィー.mp3,1,1,259.619,2026-08-29 01:49:34,2026-08-29 01:49:34
1,RadioTEDU Classical,/classic,configured_stream,49404,キリコのテーマ,川井憲次,,,,,,,116.267,H:\RadioTEDU Songs\Classical\川井憲次\ラビット・ホラー オリジナル・サウンドトラック\01 川井憲次 - キリコのテーマ.flac,1,1,114.67,2026-08-29 16:21:08,2026-08-29 16:21:08
1,RadioTEDU Classical,/classic,configured_stream,49390,ファミリー,久石譲,,,,,,,84.584,H:\RadioTEDU Songs\Classical\久石譲\ハウルの動く城\21 ファミリー (1).mp3,1,1,84.43,2026-08-29 16:11:46,2026-08-29 16:11:46
1,RadioTEDU Classical,/classic,configured_stream,49382,引越し,久石譲,,,,,,,185.965,H:\RadioTEDU Songs\Classical\久石譲\ハウルの動く城\17 引越し (1).mp3,1,1,186.253,2026-08-29 15:53:12,2026-08-29 15:53:12
1,RadioTEDU Classical,/classic,configured_stream,49388,恋だね,久石譲,,,,,,,71.862,H:\RadioTEDU Songs\Classical\久石譲\ハウルの動く城\20 恋だね (1).mp3,1,1,70.303,2026-08-29 01:34:21,2026-08-29 01:34:21
1,RadioTEDU Classical,/classic,configured_stream,49368,星の湖へ,久石譲,,,,,,,253.074,H:\RadioTEDU Songs\Classical\久石譲\ハウルの動く城\10 星の湖へ (1).mp3,1,1,250.416,2026-08-29 16:10:21,2026-08-29 16:10:21
1,RadioTEDU Classical,/classic,configured_stream,49366,消えない呪い,久石譲,,,,,,,45.191,H:\RadioTEDU Songs\Classical\久石譲\ハウルの動く城\08 消えない呪い (1).mp3,1,1,42.464,2026-08-29 15:59:36,2026-08-29 15:59:36
1,RadioTEDU Classical,/classic,configured_stream,49367,消えない呪い,久石譲,,,,,,,45.191,H:\RadioTEDU Songs\Classical\久石譲\ハウルの動く城\08 消えない呪い.mp3,1,1,44.108,2026-08-29 17:03:02,2026-08-29 17:03:02
1,RadioTEDU Classical,/classic,configured_stream,49380,秘密の洞窟,久石譲,,,,,,,153.939,H:\RadioTEDU Songs\Classical\久石譲\ハウルの動く城\16 秘密の洞窟 (1).mp3,1,1,151.123,2026-08-29 16:14:27,2026-08-29 16:14:27
1,RadioTEDU Classical,/classic,configured_stream,49357,空中散歩,久石譲,,,,,,,134.844,H:\RadioTEDU Songs\Classical\久石譲\ハウルの動く城\03 空中散歩.mp3,1,1,133.165,2026-08-29 16:16:40,2026-08-29 16:16:40
1,RadioTEDU Classical,/classic,configured_stream,49386,走れ!,久石譲,,,,,,,57.417,H:\RadioTEDU Songs\Classical\久石譲\ハウルの動く城\19 走れ! (1).mp3,1,1,57.342,2026-08-29 16:00:33,2026-08-29 16:00:33
1,RadioTEDU Classical,/classic,configured_stream,49354,陽気な軽騎兵,久石譲,,,,,,,51.252,H:\RadioTEDU Songs\Classical\久石譲\ハウルの動く城\02 陽気な軽騎兵 (1).mp3,1,1,48.511,2026-08-29 06:49:40,2026-08-29 06:49:40
1,RadioTEDU Classical,/classic,configured_stream,49355,陽気な軽騎兵,久石譲,,,,,,,51.252,H:\RadioTEDU Songs\Classical\久石譲\ハウルの動く城\02 陽気な軽騎兵.mp3,1,1,52.944,2026-08-29 06:50:33,2026-08-29 06:50:33
1,RadioTEDU Classical,/classic,configured_stream,49364,魔法の扉,久石譲,,,,,,,327.471,H:\RadioTEDU Songs\Classical\久石譲\ハウルの動く城\07 魔法の扉 (1).mp3,1,1,324.656,2026-08-29 16:06:11,2026-08-29 16:06:11
1,RadioTEDU Classical,/classic,configured_stream,49365,魔法の扉,久石譲,,,,,,,327.471,H:\RadioTEDU Songs\Classical\久石譲\ハウルの動く城\07 魔法の扉.mp3,1,1,327.417,2026-08-29 15:58:54,2026-08-29 15:58:54
2,RadioTEDU Lo-Fi,/lofi,configured_stream,45654,.clouded,"Chill Children, junyii.",,,,,,,64.0,H:\RadioTEDU Songs\lofi\185 Tracks ~Chill Lofi Study Beats Songs  Playlist Spotify  [320]  kbps Beats⭐\185 Tracks ~Chill Lofi Study Beats Songs  Playlist Spotify  [320]  kbps Beats⭐\.clouded.mp3,1,1,71.752,2026-08-29 15:14:03,2026-08-29 15:14:03
2,RadioTEDU Lo-Fi,/lofi,configured_stream,45656,4:20 PM,Bluedoom,,,,,,,99.004,H:\RadioTEDU Songs\lofi\185 Tracks ~Chill Lofi Study Beats Songs  Playlist Spotify  [320]  kbps Beats⭐\185 Tracks ~Chill Lofi Study Beats Songs  Playlist Spotify  [320]  kbps Beats⭐\4 20 PM.mp3,1,1,96.131,2026-08-29 09:10:04,2026-08-29 09:10:04
2,RadioTEDU Lo-Fi,/lofi,configured_stream,45555,_Away,"MARTIN $KY, Toonorth",,,,,,,168.6,H:\RadioTEDU Songs\lofi\100 Lo-Fi Beats to Relax and focus Playlist Spotify (2020) [320]  kbps Beats⭐\100 Lo-Fi Beats to Relax and focus Playlist Spotify (2020) [320]  kbps Beats⭐\_Away.mp3,1,1,165.909,2026-08-29 10:05:32,2026-08-29 10:05:32
2,RadioTEDU Lo-Fi,/lofi,configured_stream,49839,A Meditation,Kanisan × no one’s perfect,,,,,,,92.406,H:\RadioTEDU Songs\lofi\Kanisan × no one’s perfect\A Way of Existing\03 A Meditation.flac,1,1,94.478,2026-08-29 13:05:03,2026-08-29 13:05:03
2,RadioTEDU Lo-Fi,/lofi,configured_stream,49676,A.T.O.M,dreamẅalker,,,,,,,172.956,H:\RadioTEDU Songs\lofi\dreamẅalker\Oscillations\10 dreamẅalker - A.T.O.M.flac,1,1,171.199,2026-08-29 14:34:57,2026-08-29 14:34:57
2,RadioTEDU Lo-Fi,/lofi,configured_stream,50272,Adagio for Strings op. 11,Samuel Barber,,,,,,,416.81,H:\RadioTEDU Songs\lofi\Various Artists\200 Greatest Classics XI\09 Samuel Barber - Adagio for Strings op. 11 (1).mp3,1,1,414.065,2026-08-29 07:06:03,2026-08-29 07:06:03
2,RadioTEDU Lo-Fi,/lofi,configured_stream,50683,Adagio in G Minor,Tomaso Giovanni Albinoni,,,,,,,469.251,H:\RadioTEDU Songs\lofi\Various Artists\Top 200 Classics_ The Very Best of Classical Music\73 Tomaso Giovanni Albinoni - Adagio in G Minor.mp3,1,1,467.705,2026-08-29 16:15:36,2026-08-29 16:15:36
2,RadioTEDU Lo-Fi,/lofi,configured_stream,45845,Addict. - Goodbye,Addict,,,,,,,143.441,H:\RadioTEDU Songs\lofi\Addict. - Goodbye.mp3,1,1,141.027,2026-08-29 16:56:00,2026-08-29 16:56:00
2,RadioTEDU Lo-Fi,/lofi,configured_stream,50114,Addicted to Your Love,"Teqkoi, SadBoyProlific, Darkforestdrives & Aidan",,,,,,,157.095,"H:\RadioTEDU Songs\lofi\Teqkoi, SadBoyProlific, Darkforestdrives & Aidan\Addicted to Your Love\01 Addicted to Your Love.mp3",1,1,161.192,2026-08-29 15:40:12,2026-08-29 15:40:12
2,RadioTEDU Lo-Fi,/lofi,configured_stream,46531,Aerial Echoes,R Skye,,,,,,,138.006,H:\RadioTEDU Songs\lofi\Lofi\cool winds\R Skye\R Skye - Aerial Echoes.flac,1,1,139.442,2026-08-29 12:20:43,2026-08-29 12:20:43
2,RadioTEDU Lo-Fi,/lofi,configured_stream,49992,Afloat,"Pointy Features, Kanisan, softy",,,,,,,142.948,"H:\RadioTEDU Songs\lofi\Pointy Features, Kanisan, softy\Shine On\09 Afloat.flac",1,1,142.012,2026-08-29 04:16:41,2026-08-29 04:16:41
2,RadioTEDU Lo-Fi,/lofi,configured_stream,49693,Aftershock,Erwin Do & saint rumi,,,,,,,164.578,H:\RadioTEDU Songs\lofi\Erwin Do & saint rumi\Fully Blue\01 Aftershock.flac,1,1,161.944,2026-08-29 00:01:16,2026-08-29 00:01:16
2,RadioTEDU Lo-Fi,/lofi,configured_stream,45849,aidan - hurt you (ft. Thomas Reid),aidan,,,,,,,213.798,H:\RadioTEDU Songs\lofi\aidan - hurt you (ft. Thomas Reid).mp3,1,1,211.151,2026-08-29 17:02:22,2026-08-29 17:02:22
2,RadioTEDU Lo-Fi,/lofi,configured_stream,45850,aidan - let one go,aidan,,,,,,,141.166,H:\RadioTEDU Songs\lofi\aidan - let one go.mp3,1,1,138.547,2026-08-29 04:03:43,2026-08-29 04:03:43
2,RadioTEDU Lo-Fi,/lofi,configured_stream,50408,Ain't No Sunshine,Jazzamor,,,,,,,241.493,H:\RadioTEDU Songs\lofi\Various Artists\Erotic Lounge_ Sensual Passion\1-02 Jazzamor - Ain't No Sunshine (1).mp3,1,1,238.648,2026-08-29 04:23:34,2026-08-29 04:23:34
2,RadioTEDU Lo-Fi,/lofi,configured_stream,50598,Air from Water Music,George Frideric Handel;Academy of St Martin in the Fields,,,,,,,207.653,H:\RadioTEDU Songs\lofi\Various Artists\The #1 Baroque Album\2-17 George Frideric Handel;Academy of St Martin in the Fields - Air from Water Music.mp3,1,1,207.123,2026-08-29 05:13:16,2026-08-29 05:13:16
2,RadioTEDU Lo-Fi,/lofi,configured_stream,45557,Akira,Nathan Kawanishi,,,,,,,130.44,H:\RadioTEDU Songs\lofi\100 Lo-Fi Beats to Relax and focus Playlist Spotify (2020) [320]  kbps Beats⭐\100 Lo-Fi Beats to Relax and focus Playlist Spotify (2020) [320]  kbps Beats⭐\Akira.mp3,1,1,127.642,2026-08-29 00:18:40,2026-08-29 00:18:40
2,RadioTEDU Lo-Fi,/lofi,configured_stream,49679,Altair,dreamẅalker ft. MEGAS,,,,,,,162.756,H:\RadioTEDU Songs\lofi\dreamẅalker\Oscillations\13 dreamẅalker ft. MEGAS - Altair.flac,1,1,161.644,2026-08-29 07:29:10,2026-08-29 07:29:10
2,RadioTEDU Lo-Fi,/lofi,configured_stream,50162,always in my dreams,A.L.I.S.O.N,,,,,,,209.631,H:\RadioTEDU Songs\lofi\Various Artists\1 A.M Chill Session\02 A.L.I.S.O.N - always in my dreams.flac,1,1,206.917,2026-08-29 11:06:13,2026-08-29 11:06:13
2,RadioTEDU Lo-Fi,/lofi,configured_stream,50164,Atlantis,Downtown Binary,,,,,,,289.206,H:\RadioTEDU Songs\lofi\Various Artists\1 A.M Chill Session\04 Downtown Binary - Atlantis.flac,1,1,287.482,2026-08-29 12:54:50,2026-08-29 12:54:50
2,RadioTEDU Lo-Fi,/lofi,configured_stream,50001,Atmosphere,Protocols,,,,,,,153.607,H:\RadioTEDU Songs\lofi\Protocols\Planetarium\09 Protocols - Atmosphere.flac,1,1,150.821,2026-08-29 05:37:19,2026-08-29 05:37:19
2,RadioTEDU Lo-Fi,/lofi,configured_stream,45667,autumn,oofoe,,,,,,,59.716,H:\RadioTEDU Songs\lofi\185 Tracks ~Chill Lofi Study Beats Songs  Playlist Spotify  [320]  kbps Beats⭐\185 Tracks ~Chill Lofi Study Beats Songs  Playlist Spotify  [320]  kbps Beats⭐\autumn.mp3,1,1,56.803,2026-08-29 01:45:21,2026-08-29 01:45:21
2,RadioTEDU Lo-Fi,/lofi,configured_stream,49538,Autumn Breeze,azayaka,,,,,,,128.787,H:\RadioTEDU Songs\lofi\azayaka\Keeping Time\04 Autumn Breeze.flac,1,1,125.979,2026-08-29 18:22:32,2026-08-29 18:22:32
2,RadioTEDU Lo-Fi,/lofi,configured_stream,50665,Ave Maria (Bach - Gounod),Luciano Pavarotti,,,,,,,177.987,H:\RadioTEDU Songs\lofi\Various Artists\The Ultimate Wedding Album\12 Luciano Pavarotti - Ave Maria (Bach - Gounod).mp3,1,1,175.23,2026-08-29 04:11:48,2026-08-29 04:11:48
2,RadioTEDU Lo-Fi,/lofi,configured_stream,49471,Baby Come Back,Player,,,,,,,235.95,H:\RadioTEDU Songs\lofi\24.04\Player - Baby Come Back [Hn-enjcgV1o].mp3,1,1,233.018,2026-08-29 17:40:48,2026-08-29 17:40:48
2,RadioTEDU Lo-Fi,/lofi,configured_stream,50291,"Bagatelle in A minor, WoO 59 -“Für Elise”_ Poco moto",Ludwig van Beethoven,,,,,,,242.0,"H:\RadioTEDU Songs\lofi\Various Artists\50 Classical Masterworks\2-13 Ludwig van Beethoven - Bagatelle in A minor, WoO 59 -“Für Elise”_ Poco moto.flac",1,1,239.555,2026-08-29 17:44:47,2026-08-29 17:44:47
2,RadioTEDU Lo-Fi,/lofi,configured_stream,49770,Bedrock,Hotel Pools,,,,,,,154.489,H:\RadioTEDU Songs\lofi\Hotel Pools\Fall\05 Hotel Pools - Bedrock.flac,1,1,153.262,2026-08-29 09:18:36,2026-08-29 09:18:36
2,RadioTEDU Lo-Fi,/lofi,configured_stream,46984,Before The Afterglow,Bellevue,,,,,,,194.388,H:\RadioTEDU Songs\lofi\Various Artists - lofi autumn vibes by Lola (2023) Mp3 320kbps [PMEDIA] ⭐️\65. Bellevue - Before The Afterglow.mp3,1,1,191.576,2026-08-29 01:25:18,2026-08-29 01:25:18
2,RadioTEDU Lo-Fi,/lofi,configured_stream,49590,beige palette,"Blurred Figures, another silent weekend",,,,,,,141.544,"H:\RadioTEDU Songs\lofi\Blurred Figures, another silent weekend\finding comfort\04 Blurred Figures, another silent weekend - beige palette.flac",1,1,138.66,2026-08-29 10:10:26,2026-08-29 10:10:26
2,RadioTEDU Lo-Fi,/lofi,configured_stream,50318,Best Friend,Krynoze & Hoogway,,,,,,,148.663,H:\RadioTEDU Songs\lofi\Various Artists\Best‐of lofi hip‐hop 2022\18 Krynoze & Hoogway - Best Friend.flac,1,1,145.979,2026-08-29 07:47:42,2026-08-29 07:47:42
2,RadioTEDU Lo-Fi,/lofi,configured_stream,45562,better things,"Ymori, Pueblo Vista",,,,,,,126.768,H:\RadioTEDU Songs\lofi\100 Lo-Fi Beats to Relax and focus Playlist Spotify (2020) [320]  kbps Beats⭐\100 Lo-Fi Beats to Relax and focus Playlist Spotify (2020) [320]  kbps Beats⭐\better things.mp3,1,1,124.027,2026-08-29 03:26:01,2026-08-29 03:26:01
2,RadioTEDU Lo-Fi,/lofi,configured_stream,50717,Birds Melody,xander.,,,,,,,209.039,H:\RadioTEDU Songs\lofi\xander_\Moment of Tranquility\04 Birds Melody.flac,1,1,211.062,2026-08-29 10:29:03,2026-08-29 10:29:03
2,RadioTEDU Lo-Fi,/lofi,configured_stream,45565,Blue Book,Tom Doolie,,,,,,,147.936,H:\RadioTEDU Songs\lofi\100 Lo-Fi Beats to Relax and focus Playlist Spotify (2020) [320]  kbps Beats⭐\100 Lo-Fi Beats to Relax and focus Playlist Spotify (2020) [320]  kbps Beats⭐\Blue Book.mp3,1,1,145.124,2026-08-29 00:29:01,2026-08-29 00:29:01
2,RadioTEDU Lo-Fi,/lofi,configured_stream,45672,Bossa Layer,Herring Franky,,,,,,,90.018,H:\RadioTEDU Songs\lofi\185 Tracks ~Chill Lofi Study Beats Songs  Playlist Spotify  [320]  kbps Beats⭐\185 Tracks ~Chill Lofi Study Beats Songs  Playlist Spotify  [320]  kbps Beats⭐\Bossa Layer.mp3,1,1,87.079,2026-08-29 09:16:03,2026-08-29 09:16:03
2,RadioTEDU Lo-Fi,/lofi,configured_stream,49952,Breathe,MyceliumBug,,,,,,,104.734,H:\RadioTEDU Songs\lofi\MyceliumBug\Melatonin\09 Breathe.flac,1,1,101.864,2026-08-29 00:02:58,2026-08-29 00:02:58
2,RadioTEDU Lo-Fi,/lofi,configured_stream,50149,buds of may,Towerz ft. edelwize,,,,,,,163.335,H:\RadioTEDU Songs\lofi\Towerz\Solemn\07 Towerz ft. edelwize - buds of may.flac,1,1,164.394,2026-08-29 03:44:20,2026-08-29 03:44:20
2,RadioTEDU Lo-Fi,/lofi,configured_stream,45882,BVG - leila (ft. sinxi),BVG,,,,,,,137.536,H:\RadioTEDU Songs\lofi\BVG - leila (ft. sinxi).mp3,1,1,139.12,2026-08-29 10:19:24,2026-08-29 10:19:24
2,RadioTEDU Lo-Fi,/lofi,configured_stream,49847,Can We Kiss Forever?,Kina feat. Adriana Proenza,,,,,,,188.093,H:\RadioTEDU Songs\lofi\Kina\Things I Wanted to Tell You\03 Kina feat. Adriana Proenza - Can We Kiss Forever_.mp3,1,1,185.45,2026-08-29 18:31:11,2026-08-29 18:31:11
2,RadioTEDU Lo-Fi,/lofi,configured_stream,50065,Caring,Soothing Spore & Runaway Horses,,,,,,,155.461,H:\RadioTEDU Songs\lofi\Soothing Spore & Runaway Horses\Spacescape\02 Soothing Spore & Runaway Horses - Caring.flac,1,1,152.576,2026-08-29 15:56:56,2026-08-29 15:56:56
2,RadioTEDU Lo-Fi,/lofi,configured_stream,46991,Celestial Quartz,el delpha,,,,,,,170.817,H:\RadioTEDU Songs\lofi\Various Artists - lofi autumn vibes by Lola (2023) Mp3 320kbps [PMEDIA] ⭐️\72. el delpha - Celestial Quartz.mp3,1,1,168.01,2026-08-29 08:57:21,2026-08-29 08:57:21
2,RadioTEDU Lo-Fi,/lofi,configured_stream,50175,Center Point,Voyage,,,,,,,233.477,H:\RadioTEDU Songs\lofi\Various Artists\1 A.M Chill Session\19 Voyage - Center Point.flac,1,1,235.283,2026-08-29 10:14:21,2026-08-29 10:14:21
2,RadioTEDU Lo-Fi,/lofi,configured_stream,49968,Chronicles,Opal,,,,,,,158.006,H:\RadioTEDU Songs\lofi\Opal\Skyward\04 Chronicles.flac,1,1,156.101,2026-08-29 08:25:56,2026-08-29 08:25:56
2,RadioTEDU Lo-Fi,/lofi,configured_stream,49971,Chronosphere,Opal,,,,,,,145.006,H:\RadioTEDU Songs\lofi\Opal\Skyward\07 Chronosphere.flac,1,1,144.39,2026-08-29 08:17:13,2026-08-29 08:17:13
2,RadioTEDU Lo-Fi,/lofi,configured_stream,49417,City Lights (Extended),,,,,,,,248.451,H:\RadioTEDU Songs\lofi\24.04\City Lights (Extended) [g9bMGb0JhWs].mp3,1,1,246.437,2026-08-29 11:30:24,2026-08-29 11:30:24
2,RadioTEDU Lo-Fi,/lofi,configured_stream,46954,Cobblestone,Entro//,,,,,,,172.308,H:\RadioTEDU Songs\lofi\Various Artists - lofi autumn vibes by Lola (2023) Mp3 320kbps [PMEDIA] ⭐️\35. Entro - Cobblestone.mp3,1,1,169.579,2026-08-29 09:00:10,2026-08-29 09:00:10
2,RadioTEDU Lo-Fi,/lofi,configured_stream,45682,Coffee And Unicorns,Henyao,,,,,,,161.228,H:\RadioTEDU Songs\lofi\185 Tracks ~Chill Lofi Study Beats Songs  Playlist Spotify  [320]  kbps Beats⭐\185 Tracks ~Chill Lofi Study Beats Songs  Playlist Spotify  [320]  kbps Beats⭐\Coffee And Unicorns.mp3,1,1,158.68,2026-08-29 07:19:36,2026-08-29 07:19:36
2,RadioTEDU Lo-Fi,/lofi,configured_stream,49532,Come Find Me,amies,,,,,,,206.776,H:\RadioTEDU Songs\lofi\amies\Discoveries\02 amies - Come Find Me.flac,1,1,205.965,2026-08-29 08:54:29,2026-08-29 08:54:29
2,RadioTEDU Lo-Fi,/lofi,configured_stream,50067,Comforting Orbit,Soothing Spore & Runaway Horses,,,,,,,146.673,H:\RadioTEDU Songs\lofi\Soothing Spore & Runaway Horses\Spacescape\04 Soothing Spore & Runaway Horses - Comforting Orbit.flac,1,1,144.777,2026-08-29 16:35:29,2026-08-29 16:35:29
2,RadioTEDU Lo-Fi,/lofi,configured_stream,50608,"Concerto in D Major for Guitar and Strings, RV 93: II. Largo",Antonio Vivaldi,,,,,,,328.842,"H:\RadioTEDU Songs\lofi\Various Artists\The 99 Most Essential Classical Pieces for Your Mind\54 Antonio Vivaldi - Concerto in D Major for Guitar and Strings, RV 93_ II. Largo.mp3",1,1,326.548,2026-08-29 17:54:19,2026-08-29 17:54:19
2,RadioTEDU Lo-Fi,/lofi,configured_stream,50681,Concierto de Aranjuez,Jim Hall,,,,,,,1155.659,H:\RadioTEDU Songs\lofi\Various Artists\Themes & Dreams\2-10 Jim Hall - Concierto de Aranjuez.mp3,1,1,1153.302,2026-08-29 00:49:58,2026-08-29 00:49:58
2,RadioTEDU Lo-Fi,/lofi,configured_stream,45574,Connection,squeeda,,,,,,,186.12,H:\RadioTEDU Songs\lofi\100 Lo-Fi Beats to Relax and focus Playlist Spotify (2020) [320]  kbps Beats⭐\100 Lo-Fi Beats to Relax and focus Playlist Spotify (2020) [320]  kbps Beats⭐\Connection.mp3,1,1,184.135,2026-08-29 15:34:15,2026-08-29 15:34:15
2,RadioTEDU Lo-Fi,/lofi,configured_stream,50614,"Consolation no. 3 in D-flat major, S. 172: Lento placido",Dubravka Tomšič,,,,,,,297.0,"H:\RadioTEDU Songs\lofi\Various Artists\The 99 Most Essential Piano Pieces\49 Dubravka Tomšič - Consolation no. 3 in D-flat major, S. 172_ Lento placido.mp3",1,1,294.767,2026-08-29 15:54:23,2026-08-29 15:54:23
2,RadioTEDU Lo-Fi,/lofi,configured_stream,45685,Couch Day,HM Surf,,,,,,,152.764,H:\RadioTEDU Songs\lofi\185 Tracks ~Chill Lofi Study Beats Songs  Playlist Spotify  [320]  kbps Beats⭐\185 Tracks ~Chill Lofi Study Beats Songs  Playlist Spotify  [320]  kbps Beats⭐\Couch Day.mp3,1,1,151.126,2026-08-29 05:58:15,2026-08-29 05:58:15
2,RadioTEDU Lo-Fi,/lofi,configured_stream,49806,crossroads,Jorrit Brodersen,,,,,,,120.006,H:\RadioTEDU Songs\lofi\Jorrit Brodersen\Intimacy\04 crossroads.flac,1,1,118.401,2026-08-29 14:39:10,2026-08-29 14:39:10
2,RadioTEDU Lo-Fi,/lofi,configured_stream,49933,Dancing in the Dark,"Mondo Loops, Aiguille",,,,,,,153.006,"H:\RadioTEDU Songs\lofi\Mondo Loops, Aiguille\Nature’s Beauty\01 Dancing in the Dark.flac",1,1,150.09,2026-08-29 17:30:21,2026-08-29 17:30:21
2,RadioTEDU Lo-Fi,/lofi,configured_stream,47016,Decaf,Lemguine,,,,,,,145.711,H:\RadioTEDU Songs\lofi\Various Artists - lofi autumn vibes by Lola (2023) Mp3 320kbps [PMEDIA] ⭐️\97. Lemguine - Decaf.mp3,1,1,142.936,2026-08-29 14:18:22,2026-08-29 14:18:22
2,RadioTEDU Lo-Fi,/lofi,configured_stream,45689,Decisions,NAGASHI,,,,,,,87.144,H:\RadioTEDU Songs\lofi\185 Tracks ~Chill Lofi Study Beats Songs  Playlist Spotify  [320]  kbps Beats⭐\185 Tracks ~Chill Lofi Study Beats Songs  Playlist Spotify  [320]  kbps Beats⭐\Decisions.mp3,1,1,85.682,2026-08-29 08:51:00,2026-08-29 08:51:00
2,RadioTEDU Lo-Fi,/lofi,configured_stream,49850,delusions,kokoro,,,,,,,151.083,H:\RadioTEDU Songs\lofi\kokoro\Tranquil\03 delusions.mp3,1,1,153.024,2026-08-29 05:54:05,2026-08-29 05:54:05
2,RadioTEDU Lo-Fi,/lofi,configured_stream,49926,Descent Into Peace,"meandmydreams, Quiescente",,,,,,,137.776,"H:\RadioTEDU Songs\lofi\meandmydreams\Dreams in the Mist\02 meandmydreams, Quiescente - Descent Into Peace.flac",1,1,134.958,2026-08-29 01:29:40,2026-08-29 01:29:40
2,RadioTEDU Lo-Fi,/lofi,configured_stream,49533,Destination Unknown,amies,,,,,,,172.006,H:\RadioTEDU Songs\lofi\amies\Oblivion\01 amies - Destination Unknown.flac,1,1,170.243,2026-08-29 16:58:51,2026-08-29 16:58:51
2,RadioTEDU Lo-Fi,/lofi,configured_stream,49459,Devil In Disguise,Marino,,,,,,,104.443,H:\RadioTEDU Songs\lofi\24.04\Marino - Devil In Disguise (Official Lyric Video) [PrSjlpWu0cw].mp3,1,1,106.315,2026-08-29 16:33:05,2026-08-29 16:33:05
2,RadioTEDU Lo-Fi,/lofi,configured_stream,49989,Difficult Questions,"Phlocalyst, Myríad, Hilaria",,,,,,,136.126,"H:\RadioTEDU Songs\lofi\Phlocalyst, Myríad, Hilaria\Patterns\05 Difficult Questions.flac",1,1,135.502,2026-08-29 04:28:29,2026-08-29 04:28:29
2,RadioTEDU Lo-Fi,/lofi,configured_stream,50072,Dissociate,Soothing Spore,,,,,,,177.607,H:\RadioTEDU Songs\lofi\Soothing Spore & Runaway Horses\Spacescape\09 Soothing Spore - Dissociate.flac,1,1,174.765,2026-08-29 01:10:45,2026-08-29 01:10:45
2,RadioTEDU Lo-Fi,/lofi,configured_stream,49787,Distance,Indo Silver ft. Redshifting,,,,,,,186.535,H:\RadioTEDU Songs\lofi\Indo Silver\Liminal Spaces\11 Indo Silver ft. Redshifting - Distance.flac,1,1,183.625,2026-08-29 10:25:32,2026-08-29 10:25:32
2,RadioTEDU Lo-Fi,/lofi,configured_stream,45580,distance,"Nohidea, Dontcry",,,,,,,103.296,H:\RadioTEDU Songs\lofi\100 Lo-Fi Beats to Relax and focus Playlist Spotify (2020) [320]  kbps Beats⭐\100 Lo-Fi Beats to Relax and focus Playlist Spotify (2020) [320]  kbps Beats⭐\distance.mp3,1,1,100.832,2026-08-29 00:51:38,2026-08-29 00:51:38
2,RadioTEDU Lo-Fi,/lofi,configured_stream,49432,Dog Days Are Over (2010 Version),Florence + The Machine,,,,,,,219.208,H:\RadioTEDU Songs\lofi\24.04\Florence + The Machine - Dog Days Are Over (2010 Version) (Official Music Video) [iWOyfLBYtuU].mp3,1,1,216.396,2026-08-29 02:16:29,2026-08-29 02:16:29
2,RadioTEDU Lo-Fi,/lofi,configured_stream,50576,Don't Explain (Dzihan & Kamien Remix),Billie Holiday,,,,,,,287.84,H:\RadioTEDU Songs\lofi\Various Artists\Rencontres feutrées\02 Billie Holiday - Don't Explain (Dzihan & Kamien Remix) (1).mp3,1,1,285.828,2026-08-29 05:46:21,2026-08-29 05:46:21
2,RadioTEDU Lo-Fi,/lofi,configured_stream,49745,Down,Hashir,,,,,,,126.336,H:\RadioTEDU Songs\lofi\Hashir\Down\01 Down.mp3,1,1,123.59,2026-08-29 17:32:24,2026-08-29 17:32:24
2,RadioTEDU Lo-Fi,/lofi,configured_stream,45581,Drag Me Down - Instrumental,Kartoffel Club,,,,,,,174.12,H:\RadioTEDU Songs\lofi\100 Lo-Fi Beats to Relax and focus Playlist Spotify (2020) [320]  kbps Beats⭐\100 Lo-Fi Beats to Relax and focus Playlist Spotify (2020) [320]  kbps Beats⭐\Drag Me Down - Instrumental.mp3,1,1,171.4,2026-08-29 16:49:33,2026-08-29 16:49:33
2,RadioTEDU Lo-Fi,/lofi,configured_stream,46540,Dreams Dancing,Ryquil Dormer,,,,,,,176.123,H:\RadioTEDU Songs\lofi\Lofi\cool winds\Ryquil Dormer\Ryquil Dormer - Dreams Dancing.flac,1,1,173.902,2026-08-29 11:50:38,2026-08-29 11:50:38
2,RadioTEDU Lo-Fi,/lofi,configured_stream,49772,Drift,Hotel Pools feat. A.L.I.S.O.N,,,,,,,216.006,H:\RadioTEDU Songs\lofi\Hotel Pools\Fall\07 Hotel Pools feat. A.L.I.S.O.N - Drift.flac,1,1,213.634,2026-08-29 12:10:18,2026-08-29 12:10:18
2,RadioTEDU Lo-Fi,/lofi,configured_stream,46988,Drifting On Chords,Jikuru,,,,,,,134.839,H:\RadioTEDU Songs\lofi\Various Artists - lofi autumn vibes by Lola (2023) Mp3 320kbps [PMEDIA] ⭐️\69. Jikuru - Drifting On Chords.mp3,1,1,133.059,2026-08-29 16:19:23,2026-08-29 16:19:23
2,RadioTEDU Lo-Fi,/lofi,configured_stream,50485,Dumbledore’s Army,Nicholas Hooper,,,,,,,162.351,H:\RadioTEDU Songs\lofi\Various Artists\Harry Potter_ Original Motion Picture Soundtracks I-V\10-05 Nicholas Hooper - Dumbledore’s Army (1).mp3,1,1,159.395,2026-08-29 14:58:14,2026-08-29 14:58:14
2,RadioTEDU Lo-Fi,/lofi,configured_stream,50486,Dumbledore’s Army,Nicholas Hooper,,,,,,,162.351,H:\RadioTEDU Songs\lofi\Various Artists\Harry Potter_ Original Motion Picture Soundtracks I-V\10-05 Nicholas Hooper - Dumbledore’s Army.mp3,1,1,159.63,2026-08-29 14:29:20,2026-08-29 14:29:20
2,RadioTEDU Lo-Fi,/lofi,configured_stream,50137,dusk,Tibeauthetraveler,,,,,,,133.024,H:\RadioTEDU Songs\lofi\Tibeauthetraveler\Nocturnal Reveries\03 Tibeauthetraveler - dusk.flac,1,1,131.53,2026-08-29 02:23:12,2026-08-29 02:23:12
2,RadioTEDU Lo-Fi,/lofi,configured_stream,49595,Eclipse,Budsy,,,,,,,158.315,H:\RadioTEDU Songs\lofi\Budsy\Nights Like These\01 Budsy - Eclipse.flac,1,1,155.484,2026-08-29 09:39:22,2026-08-29 09:39:22
2,RadioTEDU Lo-Fi,/lofi,configured_stream,50108,Empty Shelves,Team Astro,,,,,,,154.469,H:\RadioTEDU Songs\lofi\Team Astro\Hush\05 Empty Shelves.flac,1,1,151.851,2026-08-29 16:43:13,2026-08-29 16:43:13
2,RadioTEDU Lo-Fi,/lofi,configured_stream,46535,Endless Blue,Richome,,,,,,,161.107,H:\RadioTEDU Songs\lofi\Lofi\cool winds\Richome\Richome - Endless Blue.flac,1,1,158.254,2026-08-29 01:17:00,2026-08-29 01:17:00
2,RadioTEDU Lo-Fi,/lofi,configured_stream,49855,Endurance,Kupla,,,,,,,201.144,H:\RadioTEDU Songs\lofi\Kupla\Somewhere. Nowhere_\04 Kupla - Endurance.flac,1,1,198.399,2026-08-29 16:22:43,2026-08-29 16:22:43
2,RadioTEDU Lo-Fi,/lofi,configured_stream,50441,Entao Eu Vou,Farida,,,,,,,221.373,H:\RadioTEDU Songs\lofi\Various Artists\Erotic Lounge⁵_ Secret Affairs\2-06 Farida - Entao Eu Vou.mp3,1,1,218.859,2026-08-29 11:54:17,2026-08-29 11:54:17
2,RadioTEDU Lo-Fi,/lofi,configured_stream,50702,Enter,Voyage,,,,,,,320.106,H:\RadioTEDU Songs\lofi\Voyage\Enter\01 Enter.flac,1,1,317.362,2026-08-29 12:15:35,2026-08-29 12:15:35
2,RadioTEDU Lo-Fi,/lofi,configured_stream,49996,Eventide,Prithvi feat. Alberto Droguett,,,,,,,141.545,H:\RadioTEDU Songs\lofi\Prithvi\Timescapes _ Longer Nights\06 Prithvi feat. Alberto Droguett - Eventide.flac,1,1,138.698,2026-08-29 15:05:00,2026-08-29 15:05:00
2,RadioTEDU Lo-Fi,/lofi,configured_stream,49594,Evermore,brillion. × Idealism,,,,,,,120.006,"H:\RadioTEDU Songs\lofi\brillion_\Bedtime Stories, Pt. 4\08 brillion. × Idealism - Evermore.flac",1,1,117.223,2026-08-29 15:44:36,2026-08-29 15:44:36
2,RadioTEDU Lo-Fi,/lofi,configured_stream,49411,Eyes Without A Face,Billy Idol,,,,,,,294.51,H:\RadioTEDU Songs\lofi\24.04\Billy Idol - Eyes Without A Face [9OFpfTd0EIs].mp3,1,1,292.061,2026-08-29 07:52:35,2026-08-29 07:52:35
2,RadioTEDU Lo-Fi,/lofi,configured_stream,50723,fade away (losing you),yaeow,,,,,,,132.971,H:\RadioTEDU Songs\lofi\yaeow\my first songs\03 fade away (losing you).mp3,1,1,130.071,2026-08-29 04:58:19,2026-08-29 04:58:19
2,RadioTEDU Lo-Fi,/lofi,configured_stream,45705,Faith,Cowode,,,,,,,65.358,H:\RadioTEDU Songs\lofi\185 Tracks ~Chill Lofi Study Beats Songs  Playlist Spotify  [320]  kbps Beats⭐\185 Tracks ~Chill Lofi Study Beats Songs  Playlist Spotify  [320]  kbps Beats⭐\Faith.mp3,1,1,62.503,2026-08-29 06:59:08,2026-08-29 06:59:08
2,RadioTEDU Lo-Fi,/lofi,configured_stream,49658,Fantasia,Downtown Binary,,,,,,,320.006,H:\RadioTEDU Songs\lofi\Downtown Binary\Astral\09 Downtown Binary - Fantasia.flac,1,1,318.78,2026-08-29 03:39:28,2026-08-29 03:39:28
2,RadioTEDU Lo-Fi,/lofi,configured_stream,46985,Far Away,Lemguine,,,,,,,126.141,H:\RadioTEDU Songs\lofi\Various Artists - lofi autumn vibes by Lola (2023) Mp3 320kbps [PMEDIA] ⭐️\66. Lemguine - Far Away.mp3,1,1,125.432,2026-08-29 06:02:39,2026-08-29 06:02:39
2,RadioTEDU Lo-Fi,/lofi,configured_stream,50678,Favela,Antonio Carlos Jobim,,,,,,,197.632,H:\RadioTEDU Songs\lofi\Various Artists\The Very Best of Latin Jazz\2-05 Antonio Carlos Jobim - Favela.mp3,1,1,194.825,2026-08-29 03:34:09,2026-08-29 03:34:09
2,RadioTEDU Lo-Fi,/lofi,configured_stream,50499,Fever,Peggy Lee,,,,,,,200.693,H:\RadioTEDU Songs\lofi\Various Artists\Jazz Ballads\05 Peggy Lee - Fever.mp3,1,1,199.193,2026-08-29 10:47:38,2026-08-29 10:47:38
2,RadioTEDU Lo-Fi,/lofi,configured_stream,49774,Fields,Hotel Pools,,,,,,,178.449,H:\RadioTEDU Songs\lofi\Hotel Pools\Still\02 Hotel Pools - Fields.flac,1,1,176.871,2026-08-29 07:08:59,2026-08-29 07:08:59
2,RadioTEDU Lo-Fi,/lofi,configured_stream,49714,Finding the Edge,Foudroie,,,,,,,207.132,H:\RadioTEDU Songs\lofi\Foudroie\The Journey\10 Foudroie - Finding the Edge.flac,1,1,204.309,2026-08-29 10:36:55,2026-08-29 10:36:55
2,RadioTEDU Lo-Fi,/lofi,configured_stream,49530,Fireflies,"amies, cxlt.",,,,,,,182.406,"H:\RadioTEDU Songs\lofi\amies, cxlt_\Nocturne\06 Fireflies (1).flac",1,1,179.739,2026-08-29 04:34:03,2026-08-29 04:34:03
2,RadioTEDU Lo-Fi,/lofi,configured_stream,45928,fishkid - dream of lies (ft. Brandon Hailey),fishkid,,,,,,,166.058,H:\RadioTEDU Songs\lofi\fishkid - dream of lies (ft. Brandon Hailey).mp3,1,1,163.404,2026-08-29 13:01:18,2026-08-29 13:01:18
2,RadioTEDU Lo-Fi,/lofi,configured_stream,45929,fishkid - Limbo,fishkid,,,,,,,140.597,H:\RadioTEDU Songs\lofi\fishkid - Limbo.mp3,1,1,137.95,2026-08-29 12:23:01,2026-08-29 12:23:01
2,RadioTEDU Lo-Fi,/lofi,configured_stream,50288,Flight,Hotel Pools & Baton,,,,,,,172.021,H:\RadioTEDU Songs\lofi\Various Artists\4 A.M Chill Session\05 Hotel Pools & Baton - Flight.flac,1,1,169.339,2026-08-29 06:14:37,2026-08-29 06:14:37
2,RadioTEDU Lo-Fi,/lofi,configured_stream,46962,Flight Mode,ADYM,,,,,,,120.108,H:\RadioTEDU Songs\lofi\Various Artists - lofi autumn vibes by Lola (2023) Mp3 320kbps [PMEDIA] ⭐️\43. ADYM - Flight Mode.mp3,1,1,120.528,2026-08-29 09:14:35,2026-08-29 09:14:35
2,RadioTEDU Lo-Fi,/lofi,configured_stream,49618,Flying Carpet (ambient mix),Claude Challe & Carlos Campos,,,,,,,318.747,H:\RadioTEDU Songs\lofi\Claude Challe\Flying Carpet\2-09 Claude Challe & Carlos Campos - Flying Carpet (ambient mix).mp3,1,1,316.014,2026-08-29 00:13:49,2026-08-29 00:13:49
2,RadioTEDU Lo-Fi,/lofi,configured_stream,50237,Footprints (Remastered),Wayne Shorter,,,,,,,449.773,H:\RadioTEDU Songs\lofi\Various Artists\100 Greatest Jazz Icons\66 Wayne Shorter - Footprints (Remastered).mp3,1,1,447.705,2026-08-29 08:11:18,2026-08-29 08:11:18
2,RadioTEDU Lo-Fi,/lofi,configured_stream,49859,Forest Friends,"Laffey, softy",,,,,,,189.935,"H:\RadioTEDU Songs\lofi\Laffey, softy\Belonging\02 Forest Friends.flac",1,1,191.476,2026-08-29 09:08:26,2026-08-29 09:08:26
2,RadioTEDU Lo-Fi,/lofi,configured_stream,45930,forgotten world 🌿 chill ambient playlist,,,,,,,,7350.451,H:\RadioTEDU Songs\lofi\forgotten world 🌿 chill ambient playlist.mp3,1,1,1800.124,2026-08-29 14:01:02,2026-08-29 14:01:02
2,RadioTEDU Lo-Fi,/lofi,configured_stream,50686,Fried Neckbones And Some Home Fries (Dan The Automator Remix),Willie Bobo,,,,,,,270.92,H:\RadioTEDU Songs\lofi\Various Artists\Verve __ Remixed²\3-01 Willie Bobo - Fried Neckbones And Some Home Fries (Dan The Automator Remix).mp3,1,1,270.503,2026-08-29 02:36:05,2026-08-29 02:36:05
2,RadioTEDU Lo-Fi,/lofi,configured_stream,50687,Fried Neckbones and Some Home Fries (Dan the Automator remix),Willie Bobo,,,,,,,270.92,H:\RadioTEDU Songs\lofi\Various Artists\Verve__Remixed²\10 Willie Bobo - Fried Neckbones and Some Home Fries (Dan the Automator remix).mp3,1,1,268.541,2026-08-29 02:20:57,2026-08-29 02:20:57
2,RadioTEDU Lo-Fi,/lofi,configured_stream,45711,friends,mommy,,,,,,,80.614,H:\RadioTEDU Songs\lofi\185 Tracks ~Chill Lofi Study Beats Songs  Playlist Spotify  [320]  kbps Beats⭐\185 Tracks ~Chill Lofi Study Beats Songs  Playlist Spotify  [320]  kbps Beats⭐\friends.mp3,1,1,78.505,2026-08-29 11:55:36,2026-08-29 11:55:36
2,RadioTEDU Lo-Fi,/lofi,configured_stream,49537,from town to town,azayaka,,,,,,,148.363,H:\RadioTEDU Songs\lofi\azayaka\holding space\03 from town to town.flac,1,1,145.493,2026-08-29 02:52:58,2026-08-29 02:52:58
2,RadioTEDU Lo-Fi,/lofi,configured_stream,50019,Frost,"S N U G, Nuver",,,,,,,157.73,"H:\RadioTEDU Songs\lofi\S N U G, Nuver\Nightfall\02 S N U G, Nuver - Frost.flac",1,1,154.891,2026-08-29 10:08:07,2026-08-29 10:08:07
2,RadioTEDU Lo-Fi,/lofi,configured_stream,49744,Froyo,Hans. feat. Clairo & Aso,,,,,,,121.088,H:\RadioTEDU Songs\lofi\Hans. feat. Clairo & Aso\Froyo\01 Froyo.mp3,1,1,124.316,2026-08-29 04:43:21,2026-08-29 04:43:21
2,RadioTEDU Lo-Fi,/lofi,configured_stream,45934,fudasca & Snøw - this song won't change a thing,fudasca & Snøw,,,,,,,133.329,H:\RadioTEDU Songs\lofi\fudasca & Snøw - this song won't change a thing.mp3,1,1,130.555,2026-08-29 03:08:23,2026-08-29 03:08:23
2,RadioTEDU Lo-Fi,/lofi,configured_stream,45713,Gasteria,Gaura,,,,,,,81.946,H:\RadioTEDU Songs\lofi\185 Tracks ~Chill Lofi Study Beats Songs  Playlist Spotify  [320]  kbps Beats⭐\185 Tracks ~Chill Lofi Study Beats Songs  Playlist Spotify  [320]  kbps Beats⭐\Gasteria.mp3,1,1,79.173,2026-08-29 11:20:29,2026-08-29 11:20:29
2,RadioTEDU Lo-Fi,/lofi,configured_stream,49700,Get lost in the mind’s ocean,eugenio izzi,,,,,,,146.872,H:\RadioTEDU Songs\lofi\eugenio izzi\Feel Free to Imagine\01 Get lost in the mind’s ocean.flac,1,1,144.116,2026-08-29 07:26:29,2026-08-29 07:26:29
2,RadioTEDU Lo-Fi,/lofi,configured_stream,46898,Glimmering Gleam,Arrojas,,,,,,,273.191,H:\RadioTEDU Songs\lofi\VA - Lofi & Lounge Music _ Best Selections (2023) [FLAC]\01 - Arrojas - Glimmering Gleam.flac,1,1,270.391,2026-08-29 03:58:44,2026-08-29 03:58:44
2,RadioTEDU Lo-Fi,/lofi,configured_stream,45715,Gold Pub,Jon Seger,,,,,,,103.053,H:\RadioTEDU Songs\lofi\185 Tracks ~Chill Lofi Study Beats Songs  Playlist Spotify  [320]  kbps Beats⭐\185 Tracks ~Chill Lofi Study Beats Songs  Playlist Spotify  [320]  kbps Beats⭐\Gold Pub.mp3,1,1,100.153,2026-08-29 10:49:18,2026-08-29 10:49:18
2,RadioTEDU Lo-Fi,/lofi,configured_stream,45716,Golden Hours,Justnormal,,,,,,,148.297,H:\RadioTEDU Songs\lofi\185 Tracks ~Chill Lofi Study Beats Songs  Playlist Spotify  [320]  kbps Beats⭐\185 Tracks ~Chill Lofi Study Beats Songs  Playlist Spotify  [320]  kbps Beats⭐\Golden Hours.mp3,1,1,145.532,2026-08-29 11:40:23,2026-08-29 11:40:23
2,RadioTEDU Lo-Fi,/lofi,configured_stream,50342,Greedy,Tate McRae,,,,,,,129.683,H:\RadioTEDU Songs\lofi\Various Artists\Bravo_ The Hits 2024\2-11 Tate McRae - Greedy.flac,1,1,126.834,2026-08-29 07:35:41,2026-08-29 07:35:41
2,RadioTEDU Lo-Fi,/lofi,configured_stream,49491,Heartless,The Weeknd,,,,,,,249.731,H:\RadioTEDU Songs\lofi\24.04\The Weeknd - Heartless (Official Video) [1DpH-icPpl0].mp3,1,1,246.951,2026-08-29 08:21:20,2026-08-29 08:21:20
2,RadioTEDU Lo-Fi,/lofi,configured_stream,50245,Heather,Billy Cobham,,,,,,,520.555,H:\RadioTEDU Songs\lofi\Various Artists\100 Greatest Jazz Icons\76 Billy Cobham - Heather.mp3,1,1,517.608,2026-08-29 03:03:42,2026-08-29 03:03:42
2,RadioTEDU Lo-Fi,/lofi,configured_stream,49496,HIGHEST IN THE ROOM,Travis Scott,,,,,,,176.981,H:\RadioTEDU Songs\lofi\24.04\Travis Scott - HIGHEST IN THE ROOM (Official Music Video) [tfSS1e3kYeo].mp3,1,1,174.168,2026-08-29 14:16:00,2026-08-29 14:16:00
2,RadioTEDU Lo-Fi,/lofi,configured_stream,50100,Holiday Beginning,Swink,,,,,,,132.314,H:\RadioTEDU Songs\lofi\Swink\Where I See Myself\02 Swink - Holiday Beginning.flac,1,1,129.966,2026-08-29 04:56:08,2026-08-29 04:56:08
2,RadioTEDU Lo-Fi,/lofi,configured_stream,49547,hope,Bcalm ft. Purrple Cat,,,,,,,164.006,H:\RadioTEDU Songs\lofi\Bcalm\Elements\10 Bcalm ft. Purrple Cat - hope.flac,1,1,161.281,2026-08-29 09:05:15,2026-08-29 09:05:15
2,RadioTEDU Lo-Fi,/lofi,configured_stream,50332,Hope for Harmony,Juliàn,,,,,,,155.416,H:\RadioTEDU Songs\lofi\Various Artists\Best‐of lofi hip‐hop 2023\22 Juliàn - Hope for Harmony.flac,1,1,167.239,2026-08-29 06:58:05,2026-08-29 06:58:05
2,RadioTEDU Lo-Fi,/lofi,configured_stream,50317,hopeful dreams,"Kanisan, Dario Lessing & Claudia Lessing",,,,,,,145.606,"H:\RadioTEDU Songs\lofi\Various Artists\Best‐of lofi hip‐hop 2022\12 Kanisan, Dario Lessing & Claudia Lessing - hopeful dreams.flac",1,1,144.178,2026-08-29 12:45:22,2026-08-29 12:45:22
2,RadioTEDU Lo-Fi,/lofi,configured_stream,49771,Horizon,Hotel Pools,,,,,,,166.595,H:\RadioTEDU Songs\lofi\Hotel Pools\Fall\06 Hotel Pools - Horizon.flac,1,1,164.369,2026-08-29 03:51:31,2026-08-29 03:51:31
2,RadioTEDU Lo-Fi,/lofi,configured_stream,49858,Horizon,"Laffey, softy",,,,,,,158.177,"H:\RadioTEDU Songs\lofi\Laffey, softy\Belonging\01 Horizon.flac",1,1,155.501,2026-08-29 18:20:27,2026-08-29 18:20:27
2,RadioTEDU Lo-Fi,/lofi,configured_stream,50690,Hornpipe,Georg Friedrich Händel,,,,,,,219.493,"H:\RadioTEDU Songs\lofi\Various Artists\Wedding Favourites_ Wedding March _ Bridal March _ Jesu, Joy of Man’s Desiring\07 Georg Friedrich Händel - Hornpipe (1).mp3",1,1,216.663,2026-08-29 01:14:21,2026-08-29 01:14:21
2,RadioTEDU Lo-Fi,/lofi,configured_stream,50515,How High the Moon,June Christy,,,,,,,153.0,H:\RadioTEDU Songs\lofi\Various Artists\Jazz Ballads\21 June Christy - How High the Moon.mp3,1,1,153.241,2026-08-29 01:07:46,2026-08-29 01:07:46
2,RadioTEDU Lo-Fi,/lofi,configured_stream,46532,Hypnotic Distance,R Skye,,,,,,,135.006,H:\RadioTEDU Songs\lofi\Lofi\cool winds\R Skye\R Skye - Hypnotic Distance.flac,1,1,132.443,2026-08-29 01:19:13,2026-08-29 01:19:13
2,RadioTEDU Lo-Fi,/lofi,configured_stream,49440,I Feel It Coming,,,,,,,,269.187,H:\RadioTEDU Songs\lofi\24.04\I Feel It Coming [iIWoYaJRryw].mp3,1,1,266.346,2026-08-29 10:33:29,2026-08-29 10:33:29
2,RadioTEDU Lo-Fi,/lofi,configured_stream,50503,I Left My Heart in San Francisco,Dinah Washington,,,,,,,127.373,H:\RadioTEDU Songs\lofi\Various Artists\Jazz Ballads\08 Dinah Washington - I Left My Heart in San Francisco.mp3,1,1,124.592,2026-08-29 07:24:05,2026-08-29 07:24:05
2,RadioTEDU Lo-Fi,/lofi,configured_stream,49993,I Love U Dad,Powfu prod. by Shinpuruu,,,,,,,167.439,H:\RadioTEDU Songs\lofi\Powfu\Letters You Never Received\03 Powfu prod. by Shinpuruu - I Love U Dad.mp3,1,1,168.019,2026-08-29 02:06:59,2026-08-29 02:06:59
2,RadioTEDU Lo-Fi,/lofi,configured_stream,50036,I Miss You,Sarcastic Sounds,,,,,,,118.763,H:\RadioTEDU Songs\lofi\Sarcastic Sounds\I Miss You\01 I Miss You.mp3,1,1,117.76,2026-08-29 04:05:40,2026-08-29 04:05:40
2,RadioTEDU Lo-Fi,/lofi,configured_stream,45728,I'll Wait,Lomoplay,,,,,,,122.07,H:\RadioTEDU Songs\lofi\185 Tracks ~Chill Lofi Study Beats Songs  Playlist Spotify  [320]  kbps Beats⭐\185 Tracks ~Chill Lofi Study Beats Songs  Playlist Spotify  [320]  kbps Beats⭐\I'll Wait.mp3,1,1,119.215,2026-08-29 08:23:20,2026-08-29 08:23:20
2,RadioTEDU Lo-Fi,/lofi,configured_stream,49425,I'm Coming Out,Diana Ross,,,,,,,215.679,H:\RadioTEDU Songs\lofi\24.04\Diana Ross - I'm Coming Out [F-mjl63e0ms].mp3,1,1,222.733,2026-08-29 16:28:17,2026-08-29 16:28:17
2,RadioTEDU Lo-Fi,/lofi,configured_stream,50574,I'm Just a Kid,Simple Plan,,,,,,,198.333,"H:\RadioTEDU Songs\lofi\Various Artists\Promo Only_ Modern Rock Radio, February 2002\09 Simple Plan - I'm Just a Kid.flac",1,1,195.636,2026-08-29 00:23:36,2026-08-29 00:23:36
2,RadioTEDU Lo-Fi,/lofi,configured_stream,50112,I'm Not Enough and I'm Sorry,Teqkoi & Snøw,,,,,,,120.651,H:\RadioTEDU Songs\lofi\Teqkoi & Snøw\I'm Not Enough and I'm Sorry\01 I'm Not Enough and I'm Sorry.mp3,1,1,117.693,2026-08-29 05:00:16,2026-08-29 05:00:16
2,RadioTEDU Lo-Fi,/lofi,configured_stream,49843,I've Changed for You,Kina feat. Madson Project.,,,,,,,196.928,H:\RadioTEDU Songs\lofi\Kina feat. Madson Project_\I've Changed for You\01 I've Changed for You (1).mp3,1,1,194.416,2026-08-29 18:17:52,2026-08-29 18:17:52
2,RadioTEDU Lo-Fi,/lofi,configured_stream,45970,I've fallen in love with you for the second time,,,,,,,,141.483,H:\RadioTEDU Songs\lofi\I've fallen in love with you for the second time.mp3,1,1,138.714,2026-08-29 03:48:46,2026-08-29 03:48:46
2,RadioTEDU Lo-Fi,/lofi,configured_stream,50129,Illumination,Thievery Corporation,,,,,,,278.267,H:\RadioTEDU Songs\lofi\Thievery Corporation\The Mirror Conspiracy\11 Illumination.mp3,1,1,275.703,2026-08-29 17:16:58,2026-08-29 17:16:58
2,RadioTEDU Lo-Fi,/lofi,configured_stream,50037,In The Morning,Sarcastic Sounds,,,,,,,115.217,H:\RadioTEDU Songs\lofi\Sarcastic Sounds\In The Morning\01 In The Morning.mp3,1,1,112.403,2026-08-29 16:24:35,2026-08-29 16:24:35
2,RadioTEDU Lo-Fi,/lofi,configured_stream,50121,Indra,Thievery Corporation,,,,,,,322.867,H:\RadioTEDU Songs\lofi\Thievery Corporation\The Mirror Conspiracy\03 Indra.mp3,1,1,320.176,2026-08-29 09:59:27,2026-08-29 09:59:27
2,RadioTEDU Lo-Fi,/lofi,configured_stream,45593,infinity,Oatmello,,,,,,,93.264,H:\RadioTEDU Songs\lofi\100 Lo-Fi Beats to Relax and focus Playlist Spotify (2020) [320]  kbps Beats⭐\100 Lo-Fi Beats to Relax and focus Playlist Spotify (2020) [320]  kbps Beats⭐\infinity.mp3,1,1,93.302,2026-08-29 12:40:38,2026-08-29 12:40:38
2,RadioTEDU Lo-Fi,/lofi,configured_stream,49790,inner light,inertia.,,,,,,,146.256,H:\RadioTEDU Songs\lofi\inertia_\faded\01 inertia. - inner light.flac,1,1,143.494,2026-08-29 07:40:18,2026-08-29 07:40:18
2,RadioTEDU Lo-Fi,/lofi,configured_stream,49729,Inner State,"Girl From Nowhere, Boy From Nowhere",,,,,,,138.673,"H:\RadioTEDU Songs\lofi\Girl From Nowhere, Boy From Nowhere\Between Phases\03 Inner State.flac",1,1,135.972,2026-08-29 03:30:54,2026-08-29 03:30:54
2,RadioTEDU Lo-Fi,/lofi,configured_stream,49768,Interlude,Hotel Pools,,,,,,,106.111,H:\RadioTEDU Songs\lofi\Hotel Pools\Fall\03 Hotel Pools - Interlude.flac,1,1,103.832,2026-08-29 00:30:44,2026-08-29 00:30:44
2,RadioTEDU Lo-Fi,/lofi,configured_stream,49725,It Feels Like Yesterday,Gerardo Millán,,,,,,,144.91,H:\RadioTEDU Songs\lofi\Gerardo Millán\Before the stars\09 Gerardo Millán - It Feels Like Yesterday.flac,1,1,142.087,2026-08-29 16:07:49,2026-08-29 16:07:49
2,RadioTEDU Lo-Fi,/lofi,configured_stream,49415,It Will Rain,Bruno Mars,,,,,,,266.762,H:\RadioTEDU Songs\lofi\24.04\Bruno Mars - It Will Rain (Official Music Video) [W-w3WfgpcGg].mp3,1,1,263.927,2026-08-29 04:41:16,2026-08-29 04:41:16
2,RadioTEDU Lo-Fi,/lofi,configured_stream,50381,It Won’t Be Easy,The Downbeats,,,,,,,153.855,"H:\RadioTEDU Songs\lofi\Various Artists\Diggin’ for Gold, Volume 6\15 The Downbeats - It Won’t Be Easy.mp3",1,1,151.016,2026-08-29 06:19:18,2026-08-29 06:19:18
2,RadioTEDU Lo-Fi,/lofi,configured_stream,46108,it's gonna be alright,,,,,,,,175.339,H:\RadioTEDU Songs\lofi\it's gonna be alright.mp3,1,1,172.578,2026-08-29 16:31:19,2026-08-29 16:31:19
2,RadioTEDU Lo-Fi,/lofi,configured_stream,46109,itssvd - i almost called you (ft. Artemis Orion),itssvd,,,,,,,185.086,H:\RadioTEDU Songs\lofi\itssvd - i almost called you (ft. Artemis Orion).mp3,1,1,184.197,2026-08-29 17:10:46,2026-08-29 17:10:46
2,RadioTEDU Lo-Fi,/lofi,configured_stream,50726,I’m Not the One,yaeow,,,,,,,114.965,H:\RadioTEDU Songs\lofi\yaeow\Worn Out Heart\04 yaeow - I’m Not the One.mp3,1,1,112.136,2026-08-29 02:47:52,2026-08-29 02:47:52
2,RadioTEDU Lo-Fi,/lofi,configured_stream,49599,I’m Still in Love With You,BVG feat. Joshua Grey,,,,,,,131.776,H:\RadioTEDU Songs\lofi\BVG feat. Joshua Grey\I’m Still in Love With You\01 I’m Still in Love With You.mp3,1,1,128.888,2026-08-29 16:53:38,2026-08-29 16:53:38
2,RadioTEDU Lo-Fi,/lofi,configured_stream,45733,Jane,"chief., bc.einstein",,,,,,,164.206,H:\RadioTEDU Songs\lofi\185 Tracks ~Chill Lofi Study Beats Songs  Playlist Spotify  [320]  kbps Beats⭐\185 Tracks ~Chill Lofi Study Beats Songs  Playlist Spotify  [320]  kbps Beats⭐\Jane.mp3,1,1,161.375,2026-08-29 04:01:25,2026-08-29 04:01:25
2,RadioTEDU Lo-Fi,/lofi,configured_stream,45735,Jazzclub Solitude,The Jazzister,,,,,,,158.119,H:\RadioTEDU Songs\lofi\185 Tracks ~Chill Lofi Study Beats Songs  Playlist Spotify  [320]  kbps Beats⭐\185 Tracks ~Chill Lofi Study Beats Songs  Playlist Spotify  [320]  kbps Beats⭐\Jazzclub Solitude.mp3,1,1,155.206,2026-08-29 03:22:27,2026-08-29 03:22:27
2,RadioTEDU Lo-Fi,/lofi,configured_stream,46115,jhove - with you,jhove,,,,,,,135.531,H:\RadioTEDU Songs\lofi\jhove - with you.mp3,1,1,132.754,2026-08-29 01:39:52,2026-08-29 01:39:52
2,RadioTEDU Lo-Fi,/lofi,configured_stream,46116,jisatsu - covered in my tears (ft. iriasona),jisatsu,,,,,,,206.646,H:\RadioTEDU Songs\lofi\jisatsu - covered in my tears (ft. iriasona).mp3,1,1,203.989,2026-08-29 09:45:19,2026-08-29 09:45:19
2,RadioTEDU Lo-Fi,/lofi,configured_stream,49651,Jocelyn Flores,Dontcry,,,,,,,92.565,H:\RadioTEDU Songs\lofi\Dontcry\Jocelyn Flores\01 Jocelyn Flores.mp3,1,1,91.115,2026-08-29 14:08:30,2026-08-29 14:08:30
2,RadioTEDU Lo-Fi,/lofi,configured_stream,46118,Joji - 18 (Ondi Vil Remix),Joji,,,,,,,209.963,H:\RadioTEDU Songs\lofi\Joji - 18 (Ondi Vil Remix).mp3,1,1,209.098,2026-08-29 02:12:47,2026-08-29 02:12:47
2,RadioTEDU Lo-Fi,/lofi,configured_stream,46119,Joji - Slow Dancing in The Dark (imasgrohn Remix),Joji,,,,,,,189.695,H:\RadioTEDU Songs\lofi\Joji - Slow Dancing in The Dark (imasgrohn Remix).mp3,1,1,191.824,2026-08-29 15:37:26,2026-08-29 15:37:26
2,RadioTEDU Lo-Fi,/lofi,configured_stream,46132,Kayou. - I Can't Hate You (ft. yaeow),Kayou,,,,,,,178.492,H:\RadioTEDU Songs\lofi\Kayou. - I Can't Hate You (ft. yaeow).mp3,1,1,175.746,2026-08-29 00:57:23,2026-08-29 00:57:23
2,RadioTEDU Lo-Fi,/lofi,configured_stream,46137,Kayou. - I'm moving on,Kayou,,,,,,,220.88,H:\RadioTEDU Songs\lofi\Kayou. - I'm moving on.mp3,1,1,220.077,2026-08-29 00:06:39,2026-08-29 00:06:39
2,RadioTEDU Lo-Fi,/lofi,configured_stream,50495,Keep It Together,Brooklyn Funk Essentials,,,,,,,449.576,H:\RadioTEDU Songs\lofi\Various Artists\Im Juli\07 Brooklyn Funk Essentials - Keep It Together.mp3,1,1,447.398,2026-08-29 18:11:09,2026-08-29 18:11:09
2,RadioTEDU Lo-Fi,/lofi,configured_stream,46520,King's Taylor,Philipp Alexander Geitmann,,,,,,,126.069,H:\RadioTEDU Songs\lofi\Lofi\cool winds\Philipp Alexander Geitmann\Philipp Alexander Geitmann - King's Taylor.flac,1,1,123.966,2026-08-29 07:58:33,2026-08-29 07:58:33
2,RadioTEDU Lo-Fi,/lofi,configured_stream,45740,Kiss the Dirt,Too Ugly,,,,,,,88.477,H:\RadioTEDU Songs\lofi\185 Tracks ~Chill Lofi Study Beats Songs  Playlist Spotify  [320]  kbps Beats⭐\185 Tracks ~Chill Lofi Study Beats Songs  Playlist Spotify  [320]  kbps Beats⭐\Kiss the Dirt.mp3,1,1,89.952,2026-08-29 03:23:56,2026-08-29 03:23:56
2,RadioTEDU Lo-Fi,/lofi,configured_stream,46155,last day on earth 🌿 chill ambient playlist,,,,,,,,7381.763,H:\RadioTEDU Songs\lofi\last day on earth 🌿 chill ambient playlist.mp3,1,1,1800.163,2026-08-29 06:53:41,2026-08-29 06:53:41
2,RadioTEDU Lo-Fi,/lofi,configured_stream,50172,Last Horizon,Krosia,,,,,,,217.133,H:\RadioTEDU Songs\lofi\Various Artists\1 A.M Chill Session\12 Krosia - Last Horizon.flac,1,1,214.431,2026-08-29 17:07:42,2026-08-29 17:07:42
2,RadioTEDU Lo-Fi,/lofi,configured_stream,50103,Last Light,TABAL,,,,,,,176.11,H:\RadioTEDU Songs\lofi\TABAL\Last Light\03 TABAL - Last Light.flac,1,1,173.37,2026-08-29 14:06:59,2026-08-29 14:06:59
2,RadioTEDU Lo-Fi,/lofi,configured_stream,50443,Late Lounge Lover,Hacienda,,,,,,,292.333,H:\RadioTEDU Songs\lofi\Various Artists\Erotic Lounge⁵_ Secret Affairs\2-07 Hacienda - Late Lounge Lover.mp3,1,1,290.945,2026-08-29 10:41:45,2026-08-29 10:41:45
2,RadioTEDU Lo-Fi,/lofi,configured_stream,49664,Late Night,Dreamfield ft. Fred Paci,,,,,,,176.006,H:\RadioTEDU Songs\lofi\Dreamfield\Brothers in Arms\07 Dreamfield ft. Fred Paci - Late Night.flac,1,1,173.114,2026-08-29 05:09:49,2026-08-29 05:09:49
2,RadioTEDU Lo-Fi,/lofi,configured_stream,45741,Latitude,Xyla,,,,,,,80.98,H:\RadioTEDU Songs\lofi\185 Tracks ~Chill Lofi Study Beats Songs  Playlist Spotify  [320]  kbps Beats⭐\185 Tracks ~Chill Lofi Study Beats Songs  Playlist Spotify  [320]  kbps Beats⭐\Latitude.mp3,1,1,80.02,2026-08-29 17:46:08,2026-08-29 17:46:08
2,RadioTEDU Lo-Fi,/lofi,configured_stream,49960,Lazyness,Nothingtosay,,,,,,,161.811,H:\RadioTEDU Songs\lofi\Nothingtosay\Introspective\07 Nothingtosay - Lazyness.flac,1,1,158.907,2026-08-29 08:49:34,2026-08-29 08:49:34
2,RadioTEDU Lo-Fi,/lofi,configured_stream,49875,Le Metroid,Le Metroid,,,,,,,153.606,H:\RadioTEDU Songs\lofi\Le Metroid\Black Hole\04 Le Metroid.flac,1,1,151.771,2026-08-29 05:48:53,2026-08-29 05:48:53
2,RadioTEDU Lo-Fi,/lofi,configured_stream,50127,Lebanese Blonde,Thievery Corporation,,,,,,,288.827,H:\RadioTEDU Songs\lofi\Thievery Corporation\The Mirror Conspiracy\1-04 Lebanese Blonde.mp3,1,1,286.109,2026-08-29 11:35:11,2026-08-29 11:35:11
2,RadioTEDU Lo-Fi,/lofi,configured_stream,49762,Left Unsaid,Hoogway,,,,,,,142.292,H:\RadioTEDU Songs\lofi\Hoogway\Thin Lines\03 Hoogway - Left Unsaid.flac,1,1,139.498,2026-08-29 11:46:11,2026-08-29 11:46:11
2,RadioTEDU Lo-Fi,/lofi,configured_stream,50005,Lentemente,Quiescente,,,,,,,153.233,"H:\RadioTEDU Songs\lofi\Quiescente\Dormire, Vol. 10\02 Lentemente.flac",1,1,150.329,2026-08-29 01:47:52,2026-08-29 01:47:52
2,RadioTEDU Lo-Fi,/lofi,configured_stream,45595,Lesson on Counting,"quickly, quickly",,,,,,,137.16,H:\RadioTEDU Songs\lofi\100 Lo-Fi Beats to Relax and focus Playlist Spotify (2020) [320]  kbps Beats⭐\100 Lo-Fi Beats to Relax and focus Playlist Spotify (2020) [320]  kbps Beats⭐\Lesson on Counting.mp3,1,1,136.043,2026-08-29 02:02:31,2026-08-29 02:02:31
2,RadioTEDU Lo-Fi,/lofi,configured_stream,50628,Levitating,Dua Lipa feat. DaBaby,,,,,,,203.802,H:\RadioTEDU Songs\lofi\Various Artists\The Dome_ Summer 2021\1-06 Dua Lipa feat. DaBaby - Levitating.flac,1,1,201.042,2026-08-29 14:21:44,2026-08-29 14:21:44
2,RadioTEDU Lo-Fi,/lofi,configured_stream,49513,Libra,"Ahmad Evans, Erwin Do",,,,,,,127.507,"H:\RadioTEDU Songs\lofi\Ahmad Evans, Erwin Do\Explorations\05 Libra.flac",1,1,125.215,2026-08-29 03:41:34,2026-08-29 03:41:34
2,RadioTEDU Lo-Fi,/lofi,configured_stream,50697,Lifted,"Virtua, Akraa",,,,,,,128.006,"H:\RadioTEDU Songs\lofi\Virtua, Akraa\Aether\06 Lifted.flac",1,1,125.115,2026-08-29 09:49:09,2026-08-29 09:49:09
2,RadioTEDU Lo-Fi,/lofi,configured_stream,50331,Lights in the Deepest Blue,"Alto, Lenny Loops & Two Scents",,,,,,,123.435,"H:\RadioTEDU Songs\lofi\Various Artists\Best‐of lofi hip‐hop 2023\19 Alto, Lenny Loops & Two Scents - Lights in the Deepest Blue.flac",1,1,120.717,2026-08-29 09:54:06,2026-08-29 09:54:06
2,RadioTEDU Lo-Fi,/lofi,configured_stream,49784,Liminal,Indo Silver,,,,,,,185.62,H:\RadioTEDU Songs\lofi\Indo Silver\Liminal Spaces\08 Indo Silver - Liminal.flac,1,1,187.431,2026-08-29 15:10:14,2026-08-29 15:10:14
2,RadioTEDU Lo-Fi,/lofi,configured_stream,49534,lookout,"another silent weekend, Blurred Figures ft. Bitter Blossom",,,,,,,158.739,"H:\RadioTEDU Songs\lofi\another silent weekend, Blurred Figures\one particular moment\03 another silent weekend, Blurred Figures ft. Bitter Blossom - lookout.flac",1,1,156.088,2026-08-29 14:11:06,2026-08-29 14:11:06
2,RadioTEDU Lo-Fi,/lofi,configured_stream,49544,Lotus,"Bcalm, Mondo Loops",,,,,,,151.391,"H:\RadioTEDU Songs\lofi\Bcalm, Mondo Loops\Changing Times\03 Bcalm, Mondo Loops - Lotus.flac",1,1,148.608,2026-08-29 03:19:52,2026-08-29 03:19:52
2,RadioTEDU Lo-Fi,/lofi,configured_stream,50570,Lullaby,Viktor Makhnovich,,,,,,,153.088,H:\RadioTEDU Songs\lofi\Various Artists\Peaceful Day\32 Viktor Makhnovich - Lullaby.flac,1,1,150.659,2026-08-29 03:06:12,2026-08-29 03:06:12
2,RadioTEDU Lo-Fi,/lofi,configured_stream,49713,Lunar,Foudroie,,,,,,,169.27,H:\RadioTEDU Songs\lofi\Foudroie\The Journey\09 Foudroie - Lunar.flac,1,1,166.493,2026-08-29 11:37:57,2026-08-29 11:37:57
2,RadioTEDU Lo-Fi,/lofi,configured_stream,50698,Lunar,"Virtua, Akraa",,,,,,,182.406,"H:\RadioTEDU Songs\lofi\Virtua, Akraa\Aether\12 Lunar.flac",1,1,180.221,2026-08-29 02:41:12,2026-08-29 02:41:12
2,RadioTEDU Lo-Fi,/lofi,configured_stream,49455,M83 'Midnight City' Official video,,,,,,,,243.183,H:\RadioTEDU Songs\lofi\24.04\M83 'Midnight City' Official video [dX3k_QDnzHE].mp3,1,1,240.256,2026-08-29 17:23:45,2026-08-29 17:23:45
2,RadioTEDU Lo-Fi,/lofi,configured_stream,46658,Madi Marie - late nights in my bed (prod. blue moon ring),Madi Marie,,,,,,,113.534,H:\RadioTEDU Songs\lofi\Madi Marie - late nights in my bed (prod. blue moon ring).mp3,1,1,110.761,2026-08-29 11:08:04,2026-08-29 11:08:04
2,RadioTEDU Lo-Fi,/lofi,configured_stream,49614,Madness,Ceremony,,,,,,,191.853,H:\RadioTEDU Songs\lofi\Ceremony\Tell Me Your Dream\03 Madness.flac,1,1,189.104,2026-08-29 13:28:26,2026-08-29 13:28:26
2,RadioTEDU Lo-Fi,/lofi,configured_stream,49673,Magma,dreamẅalker ft. Virtua,,,,,,,162.506,H:\RadioTEDU Songs\lofi\dreamẅalker\Oscillations\07 dreamẅalker ft. Virtua - Magma.flac,1,1,159.878,2026-08-29 11:12:32,2026-08-29 11:12:32
2,RadioTEDU Lo-Fi,/lofi,configured_stream,50629,Make Me Lose My Mind,The Nutmegs,,,,,,,115.371,H:\RadioTEDU Songs\lofi\Various Artists\The Herald Records Doowop Collection 1953-63\1-16 The Nutmegs - Make Me Lose My Mind.mp3,1,1,112.711,2026-08-29 05:22:29,2026-08-29 05:22:29
2,RadioTEDU Lo-Fi,/lofi,configured_stream,45749,Marco,"Cold Frame, Gordon",,,,,,,124.238,H:\RadioTEDU Songs\lofi\185 Tracks ~Chill Lofi Study Beats Songs  Playlist Spotify  [320]  kbps Beats⭐\185 Tracks ~Chill Lofi Study Beats Songs  Playlist Spotify  [320]  kbps Beats⭐\Marco.mp3,1,1,121.415,2026-08-29 08:46:56,2026-08-29 08:46:56
2,RadioTEDU Lo-Fi,/lofi,configured_stream,49602,Memories,BVG ft. møndberg,,,,,,,204.03,H:\RadioTEDU Songs\lofi\BVG\A Spirit’s Tale\02 BVG ft. møndberg - Memories.flac,1,1,205.635,2026-08-29 18:14:35,2026-08-29 18:14:35
2,RadioTEDU Lo-Fi,/lofi,configured_stream,49852,Memories With Her,kudasaibeats,,,,,,,90.965,H:\RadioTEDU Songs\lofi\kudasaibeats\Falling EP\03 Memories With Her.mp3,1,1,90.561,2026-08-29 17:12:22,2026-08-29 17:12:22
2,RadioTEDU Lo-Fi,/lofi,configured_stream,49882,Meteor Shower,Le Metroid,,,,,,,136.806,"H:\RadioTEDU Songs\lofi\Le Metroid\Blackhole, Pt. 2\01 Meteor Shower.flac",1,1,134.458,2026-08-29 06:09:38,2026-08-29 06:09:38
2,RadioTEDU Lo-Fi,/lofi,configured_stream,49902,Michael,"luv pug, Spaniel Mac",,,,,,,137.149,"H:\RadioTEDU Songs\lofi\luv pug, Spaniel Mac\Sunset\01 luv pug, Spaniel Mac - Michael.flac",1,1,134.293,2026-08-29 07:37:55,2026-08-29 07:37:55
2,RadioTEDU Lo-Fi,/lofi,configured_stream,46675,Mishaal - Stray Lines,Mishaal,,,,,,,140.597,H:\RadioTEDU Songs\lofi\Mishaal - Stray Lines.mp3,1,1,137.796,2026-08-29 05:27:07,2026-08-29 05:27:07
2,RadioTEDU Lo-Fi,/lofi,configured_stream,46677,Monty Datta & Kehard - On My Own,Monty Datta & Kehard,,,,,,,156.457,H:\RadioTEDU Songs\lofi\Monty Datta & Kehard - On My Own.mp3,1,1,158.257,2026-08-29 14:31:58,2026-08-29 14:31:58
2,RadioTEDU Lo-Fi,/lofi,configured_stream,50081,Moody,Soothing Spore,,,,,,,164.006,H:\RadioTEDU Songs\lofi\Soothing Spore\Lunar Analemma\05 Soothing Spore - Moody.flac,1,1,161.387,2026-08-29 02:29:53,2026-08-29 02:29:53
2,RadioTEDU Lo-Fi,/lofi,configured_stream,49710,Moon Dust,Foudroie,,,,,,,187.901,H:\RadioTEDU Songs\lofi\Foudroie\The Journey\06 Foudroie - Moon Dust.flac,1,1,185.834,2026-08-29 10:58:44,2026-08-29 10:58:44
2,RadioTEDU Lo-Fi,/lofi,configured_stream,45753,my ____ for you..,homieunculus,,,,,,,69.747,H:\RadioTEDU Songs\lofi\185 Tracks ~Chill Lofi Study Beats Songs  Playlist Spotify  [320]  kbps Beats⭐\185 Tracks ~Chill Lofi Study Beats Songs  Playlist Spotify  [320]  kbps Beats⭐\my ____ for you...mp3,1,1,67.838,2026-08-29 09:19:43,2026-08-29 09:19:43
2,RadioTEDU Lo-Fi,/lofi,configured_stream,45755,NEAR,SINY,,,,,,,95.269,H:\RadioTEDU Songs\lofi\185 Tracks ~Chill Lofi Study Beats Songs  Playlist Spotify  [320]  kbps Beats⭐\185 Tracks ~Chill Lofi Study Beats Songs  Playlist Spotify  [320]  kbps Beats⭐\NEAR.mp3,1,1,93.574,2026-08-29 05:55:42,2026-08-29 05:55:42
2,RadioTEDU Lo-Fi,/lofi,configured_stream,50324,Never be prey to the winds,eugenio izzi,,,,,,,151.457,H:\RadioTEDU Songs\lofi\Various Artists\Best‐of lofi hip‐hop 2022\39 eugenio izzi - Never be prey to the winds (1).flac,1,1,149.252,2026-08-29 04:49:53,2026-08-29 04:49:53
2,RadioTEDU Lo-Fi,/lofi,configured_stream,45757,Night Lake,Jorje Lloyd,,,,,,,122.828,H:\RadioTEDU Songs\lofi\185 Tracks ~Chill Lofi Study Beats Songs  Playlist Spotify  [320]  kbps Beats⭐\185 Tracks ~Chill Lofi Study Beats Songs  Playlist Spotify  [320]  kbps Beats⭐\Night Lake.mp3,1,1,126.735,2026-08-29 03:46:27,2026-08-29 03:46:27
2,RadioTEDU Lo-Fi,/lofi,configured_stream,50223,Night Train,Lionel Hampton,,,,,,,183.587,H:\RadioTEDU Songs\lofi\Various Artists\100 Greatest Jazz Icons\47 Lionel Hampton - Night Train.mp3,1,1,182.951,2026-08-29 14:04:04,2026-08-29 14:04:04
2,RadioTEDU Lo-Fi,/lofi,configured_stream,50018,Nightfall,"S N U G, Nuver",,,,,,,171.951,"H:\RadioTEDU Songs\lofi\S N U G, Nuver\Nightfall\01 S N U G, Nuver - Nightfall.flac",1,1,169.04,2026-08-29 04:36:53,2026-08-29 04:36:53
2,RadioTEDU Lo-Fi,/lofi,configured_stream,50000,Nightrunner,Protocols ft. Kabes,,,,,,,140.232,H:\RadioTEDU Songs\lofi\Protocols\Planetarium\07 Protocols ft. Kabes - Nightrunner.flac,1,1,143.327,2026-08-29 08:28:23,2026-08-29 08:28:23
2,RadioTEDU Lo-Fi,/lofi,configured_stream,46686,NINETEEN95 - Lilith (prod. Timmies),NINETEEN95,,,,,,,151.04,H:\RadioTEDU Songs\lofi\NINETEEN95 - Lilith (prod. Timmies).mp3,1,1,148.308,2026-08-29 11:26:18,2026-08-29 11:26:18
2,RadioTEDU Lo-Fi,/lofi,configured_stream,46688,no.cape & sorrow   - we won the war but i lost you (prod. nogfgoodnight),no.cape & sorrow,,,,,,,145.995,H:\RadioTEDU Songs\lofi\no.cape & sorrow   - we won the war but i lost you (prod. nogfgoodnight).mp3,1,1,143.285,2026-08-29 09:02:34,2026-08-29 09:02:34
2,RadioTEDU Lo-Fi,/lofi,configured_stream,49846,nobody cares,Kina,,,,,,,175.392,H:\RadioTEDU Songs\lofi\Kina\Roses\08 nobody cares.mp3,1,1,174.177,2026-08-29 04:19:35,2026-08-29 04:19:35
2,RadioTEDU Lo-Fi,/lofi,configured_stream,45613,North Wing,Shingo Sekiguchi,,,,,,,154.896,H:\RadioTEDU Songs\lofi\100 Lo-Fi Beats to Relax and focus Playlist Spotify (2020) [320]  kbps Beats⭐\100 Lo-Fi Beats to Relax and focus Playlist Spotify (2020) [320]  kbps Beats⭐\North Wing.mp3,1,1,156.811,2026-08-29 03:28:37,2026-08-29 03:28:37
2,RadioTEDU Lo-Fi,/lofi,configured_stream,46693,notime - hearteater (ft. Snow),notime,,,,,,,179.563,H:\RadioTEDU Songs\lofi\notime - hearteater (ft. Snow).mp3,1,1,177.032,2026-08-29 01:37:40,2026-08-29 01:37:40
2,RadioTEDU Lo-Fi,/lofi,configured_stream,45614,Novacane,"Lusca061, Shiloh",,,,,,,157.104,H:\RadioTEDU Songs\lofi\100 Lo-Fi Beats to Relax and focus Playlist Spotify (2020) [320]  kbps Beats⭐\100 Lo-Fi Beats to Relax and focus Playlist Spotify (2020) [320]  kbps Beats⭐\Novacane.mp3,1,1,154.276,2026-08-29 09:41:56,2026-08-29 09:41:56
2,RadioTEDU Lo-Fi,/lofi,configured_stream,50539,Now for Us,José Padilla,,,,,,,382.44,H:\RadioTEDU Songs\lofi\Various Artists\Lounge\05 José Padilla - Now for Us (1).mp3,1,1,379.78,2026-08-29 10:55:37,2026-08-29 10:55:37
2,RadioTEDU Lo-Fi,/lofi,configured_stream,49509,Now or Later,"Ahmad Evans, Erwin Do",,,,,,,148.895,"H:\RadioTEDU Songs\lofi\Ahmad Evans, Erwin Do\Explorations\01 Now or Later.flac",1,1,151.107,2026-08-29 09:12:35,2026-08-29 09:12:35
2,RadioTEDU Lo-Fi,/lofi,configured_stream,45615,nubes,Loop Schrauber,,,,,,,105.768,H:\RadioTEDU Songs\lofi\100 Lo-Fi Beats to Relax and focus Playlist Spotify (2020) [320]  kbps Beats⭐\100 Lo-Fi Beats to Relax and focus Playlist Spotify (2020) [320]  kbps Beats⭐\nubes.mp3,1,1,103.007,2026-08-29 11:00:29,2026-08-29 11:00:29
2,RadioTEDU Lo-Fi,/lofi,configured_stream,46697,Nuxe - Find You (ft. Kaypo),Nuxe,,,,,,,107.299,H:\RadioTEDU Songs\lofi\Nuxe - Find You (ft. Kaypo).mp3,1,1,104.489,2026-08-29 09:47:04,2026-08-29 09:47:04
2,RadioTEDU Lo-Fi,/lofi,configured_stream,46698,Nuxe - s t a r s,Nuxe,,,,,,,133.793,H:\RadioTEDU Songs\lofi\Nuxe - s t a r s.mp3,1,1,131.159,2026-08-29 13:03:29,2026-08-29 13:03:29
2,RadioTEDU Lo-Fi,/lofi,configured_stream,46942,Ocean Walk,Mamoosh,,,,,,,129.917,H:\RadioTEDU Songs\lofi\Various Artists - lofi autumn vibes by Lola (2023) Mp3 320kbps [PMEDIA] ⭐️\23. Mamoosh - Ocean Walk.mp3,1,1,127.562,2026-08-29 06:16:44,2026-08-29 06:16:44
2,RadioTEDU Lo-Fi,/lofi,configured_stream,45765,On Circus,Yomoti,,,,,,,123.193,H:\RadioTEDU Songs\lofi\185 Tracks ~Chill Lofi Study Beats Songs  Playlist Spotify  [320]  kbps Beats⭐\185 Tracks ~Chill Lofi Study Beats Songs  Playlist Spotify  [320]  kbps Beats⭐\On Circus.mp3,1,1,120.76,2026-08-29 02:54:58,2026-08-29 02:54:58
2,RadioTEDU Lo-Fi,/lofi,configured_stream,45766,On Peets,Sidual.,,,,,,,118.282,H:\RadioTEDU Songs\lofi\185 Tracks ~Chill Lofi Study Beats Songs  Playlist Spotify  [320]  kbps Beats⭐\185 Tracks ~Chill Lofi Study Beats Songs  Playlist Spotify  [320]  kbps Beats⭐\On Peets.mp3,1,1,115.433,2026-08-29 07:33:34,2026-08-29 07:33:34
2,RadioTEDU Lo-Fi,/lofi,configured_stream,46716,Ondi Vil & Teqkoi - Please Come Back (ft. Bonjr & Thomas Reid),Ondi Vil & Teqkoi,,,,,,,128.811,H:\RadioTEDU Songs\lofi\Ondi Vil & Teqkoi - Please Come Back (ft. Bonjr & Thomas Reid).mp3,1,1,126.722,2026-08-29 02:38:11,2026-08-29 02:38:11
2,RadioTEDU Lo-Fi,/lofi,configured_stream,46720,ondi vil - scars (ft. mishaal),ondi vil,,,,,,,96.165,H:\RadioTEDU Songs\lofi\ondi vil - scars (ft. mishaal).mp3,1,1,93.234,2026-08-29 16:17:10,2026-08-29 16:17:10
2,RadioTEDU Lo-Fi,/lofi,configured_stream,50104,Orange Leaves,TABAL,,,,,,,160.006,H:\RadioTEDU Songs\lofi\TABAL\Rainy Days\05 TABAL - Orange Leaves.flac,1,1,157.458,2026-08-29 15:12:52,2026-08-29 15:12:52
2,RadioTEDU Lo-Fi,/lofi,configured_stream,45616,Orange Rooph,"goosetaf, Timothy Infinite, edddi p",,,,,,,163.992,H:\RadioTEDU Songs\lofi\100 Lo-Fi Beats to Relax and focus Playlist Spotify (2020) [320]  kbps Beats⭐\100 Lo-Fi Beats to Relax and focus Playlist Spotify (2020) [320]  kbps Beats⭐\Orange Rooph.mp3,1,1,161.523,2026-08-29 17:48:49,2026-08-29 17:48:49
2,RadioTEDU Lo-Fi,/lofi,configured_stream,46722,"osedtrunks - can't hide, won't hide. (ft. nevi & matt fletcher)",osedtrunks,,,,,,,141.247,"H:\RadioTEDU Songs\lofi\osedtrunks - can't hide, won't hide. (ft. nevi & matt fletcher).mp3",1,1,138.586,2026-08-29 12:42:58,2026-08-29 12:42:58
2,RadioTEDU Lo-Fi,/lofi,configured_stream,50156,Otherworld,trxxshed,,,,,,,138.598,H:\RadioTEDU Songs\lofi\Trxxshed\Vast Forests\01 trxxshed - Otherworld.flac,1,1,135.845,2026-08-29 12:25:17,2026-08-29 12:25:17
2,RadioTEDU Lo-Fi,/lofi,configured_stream,49431,Out Of My League,Fitz And The Tantrums,,,,,,,196.243,H:\RadioTEDU Songs\lofi\24.04\Fitz And The Tantrums - Out Of My League [Official Music Video] [Z4mbxaa3XL8].mp3,1,1,193.623,2026-08-29 12:28:31,2026-08-29 12:28:31
2,RadioTEDU Lo-Fi,/lofi,configured_stream,49969,Parallel Pulse,Opal,,,,,,,167.006,H:\RadioTEDU Songs\lofi\Opal\Skyward\05 Parallel Pulse.flac,1,1,164.306,2026-08-29 00:16:33,2026-08-29 00:16:33
2,RadioTEDU Lo-Fi,/lofi,configured_stream,49776,Passage,Indo Silver ft. Redshifting,,,,,,,135.708,"H:\RadioTEDU Songs\lofi\Indo Silver\As They Left Together, Exploring Forever\06 Indo Silver ft. Redshifting - Passage.flac",1,1,133.116,2026-08-29 05:20:37,2026-08-29 05:20:37
2,RadioTEDU Lo-Fi,/lofi,configured_stream,49726,Peaceful Horizon,Gerardo Millán,,,,,,,158.189,H:\RadioTEDU Songs\lofi\Gerardo Millán\Before the stars\10 Gerardo Millán - Peaceful Horizon.flac,1,1,155.35,2026-08-29 12:04:09,2026-08-29 12:04:09
2,RadioTEDU Lo-Fi,/lofi,configured_stream,45771,Peanut Butter,"Fona, Styn",,,,,,,61.753,H:\RadioTEDU Songs\lofi\185 Tracks ~Chill Lofi Study Beats Songs  Playlist Spotify  [320]  kbps Beats⭐\185 Tracks ~Chill Lofi Study Beats Songs  Playlist Spotify  [320]  kbps Beats⭐\Peanut Butter.mp3,1,1,58.944,2026-08-29 11:41:21,2026-08-29 11:41:21
2,RadioTEDU Lo-Fi,/lofi,configured_stream,49674,Perceptions,dreamẅalker ft. Kabes,,,,,,,161.746,H:\RadioTEDU Songs\lofi\dreamẅalker\Oscillations\08 dreamẅalker ft. Kabes - Perceptions.flac,1,1,160.999,2026-08-29 11:17:30,2026-08-29 11:17:30
2,RadioTEDU Lo-Fi,/lofi,configured_stream,45621,Perspective,Oatmello,,,,,,,113.616,H:\RadioTEDU Songs\lofi\100 Lo-Fi Beats to Relax and focus Playlist Spotify (2020) [320]  kbps Beats⭐\100 Lo-Fi Beats to Relax and focus Playlist Spotify (2020) [320]  kbps Beats⭐\Perspective.mp3,1,1,111.48,2026-08-29 00:08:30,2026-08-29 00:08:30
2,RadioTEDU Lo-Fi,/lofi,configured_stream,49767,Phase,Hotel Pools,,,,,,,237.199,H:\RadioTEDU Songs\lofi\Hotel Pools\Fall\02 Hotel Pools - Phase.flac,1,1,235.347,2026-08-29 07:56:30,2026-08-29 07:56:30
2,RadioTEDU Lo-Fi,/lofi,configured_stream,50696,Phases,"Virtua, Akraa",,,,,,,144.006,"H:\RadioTEDU Songs\lofi\Virtua, Akraa\Aether\01 Phases.flac",1,1,141.08,2026-08-29 05:24:50,2026-08-29 05:24:50
2,RadioTEDU Lo-Fi,/lofi,configured_stream,50359,Piano Concerto No. 1 in E Minor Op. 11 - Romance Larghetto (1),Fryderyk Chopin,,,,,,,545.112,H:\RadioTEDU Songs\lofi\Various Artists\Classical Gold_ The Greatest Classical Collection Ever\26-02 Fryderyk Chopin - Piano Concerto No. 1 in E Minor Op. 11 - Romance Larghetto (1).mp3,1,1,545.019,2026-08-29 13:17:05,2026-08-29 13:17:05
2,RadioTEDU Lo-Fi,/lofi,configured_stream,49678,Pixels,dreamẅalker,,,,,,,170.006,H:\RadioTEDU Songs\lofi\dreamẅalker\Oscillations\12 dreamẅalker - Pixels.flac,1,1,167.716,2026-08-29 13:22:57,2026-08-29 13:22:57
2,RadioTEDU Lo-Fi,/lofi,configured_stream,45622,Pizza,Statistix,,,,,,,211.944,H:\RadioTEDU Songs\lofi\100 Lo-Fi Beats to Relax and focus Playlist Spotify (2020) [320]  kbps Beats⭐\100 Lo-Fi Beats to Relax and focus Playlist Spotify (2020) [320]  kbps Beats⭐\Pizza.mp3,1,1,209.092,2026-08-29 08:14:49,2026-08-29 08:14:49
2,RadioTEDU Lo-Fi,/lofi,configured_stream,46724,please never fall in love again,,,,,,,,121.856,H:\RadioTEDU Songs\lofi\please never fall in love again.mp3,1,1,120.108,2026-08-29 14:13:06,2026-08-29 14:13:06
2,RadioTEDU Lo-Fi,/lofi,configured_stream,50376,Poison,Alice Cooper,,,,,,,268.33,H:\RadioTEDU Songs\lofi\Various Artists\Die ultimative Chart Show_ Die erfolgreichsten Lieblingssongs der Männer\2-02 Alice Cooper - Poison.flac,1,1,273.744,2026-08-29 18:40:35,2026-08-29 18:40:35
2,RadioTEDU Lo-Fi,/lofi,configured_stream,49814,porch light (freely),Jorrit Brodersen,,,,,,,165.006,H:\RadioTEDU Songs\lofi\Jorrit Brodersen\Intimacy\12 porch light (freely).flac,1,1,166.954,2026-08-29 00:54:25,2026-08-29 00:54:25
2,RadioTEDU Lo-Fi,/lofi,configured_stream,50481,Potter Waltz,Patrick Doyle,,,,,,,139.598,H:\RadioTEDU Songs\lofi\Various Artists\Harry Potter_ Original Motion Picture Soundtracks I-V\07-13 Patrick Doyle - Potter Waltz (1).mp3,1,1,136.788,2026-08-29 11:14:49,2026-08-29 11:14:49
2,RadioTEDU Lo-Fi,/lofi,configured_stream,50636,Prelude to the Afternoon of a Faun,Claude Debussy,,,,,,,526.373,H:\RadioTEDU Songs\lofi\Various Artists\The Most Relaxing Classical Music in the Universe\2-01 Claude Debussy - Prelude to the Afternoon of a Faun.mp3,1,1,523.526,2026-08-29 12:37:16,2026-08-29 12:37:16
2,RadioTEDU Lo-Fi,/lofi,configured_stream,50610,"Préludes, Op. 28: No. 15 in D-Flat Major, ""Raindrops"" (from Moonraker)",Peter Schmalfuss,,,,,,,313.64,"H:\RadioTEDU Songs\lofi\Various Artists\The 99 Most Essential Classical Pieces in Movies\33 Peter Schmalfuss - Préludes, Op. 28_ No. 15 in D-Flat Major, _Raindrops_ (from Moonraker).mp3",1,1,310.668,2026-08-29 08:39:12,2026-08-29 08:39:12
2,RadioTEDU Lo-Fi,/lofi,configured_stream,49652,Purity,Dosi,,,,,,,184.622,H:\RadioTEDU Songs\lofi\Dosi\Under the Stars\02 Dosi - Purity.flac,1,1,181.963,2026-08-29 18:03:41,2026-08-29 18:03:41
2,RadioTEDU Lo-Fi,/lofi,configured_stream,46951,Puzzles,Sam Cross,,,,,,,122.98,H:\RadioTEDU Songs\lofi\Various Artists - lofi autumn vibes by Lola (2023) Mp3 320kbps [PMEDIA] ⭐️\32. Sam Cross - Puzzles.mp3,1,1,120.845,2026-08-29 05:15:16,2026-08-29 05:15:16
2,RadioTEDU Lo-Fi,/lofi,configured_stream,45623,Quiet Nights,"Epektase, Pandrezz, j'san",,,,,,,128.016,H:\RadioTEDU Songs\lofi\100 Lo-Fi Beats to Relax and focus Playlist Spotify (2020) [320]  kbps Beats⭐\100 Lo-Fi Beats to Relax and focus Playlist Spotify (2020) [320]  kbps Beats⭐\Quiet Nights.mp3,1,1,126.107,2026-08-29 15:07:06,2026-08-29 15:07:06
2,RadioTEDU Lo-Fi,/lofi,configured_stream,49788,Reality,Indo Silver,,,,,,,156.433,H:\RadioTEDU Songs\lofi\Indo Silver\Liminal Spaces\12 Indo Silver - Reality.flac,1,1,153.751,2026-08-29 01:34:42,2026-08-29 01:34:42
2,RadioTEDU Lo-Fi,/lofi,configured_stream,49473,Refuse To Be Used ｜ Trent Shelton,,,,,,,,215.806,H:\RadioTEDU Songs\lofi\24.04\Refuse To Be Used ｜ Trent Shelton [Ry-uUEZBTkU].mp3,1,1,212.937,2026-08-29 18:28:05,2026-08-29 18:28:05
2,RadioTEDU Lo-Fi,/lofi,configured_stream,46952,reminisce,Majid Unpeek,,,,,,,196.546,H:\RadioTEDU Songs\lofi\Various Artists - lofi autumn vibes by Lola (2023) Mp3 320kbps [PMEDIA] ⭐️\33. Majid Unpeek - reminisce.mp3,1,1,194.574,2026-08-29 14:55:34,2026-08-29 14:55:34
2,RadioTEDU Lo-Fi,/lofi,configured_stream,49765,Return,Hotel Pools,,,,,,,187.206,H:\RadioTEDU Songs\lofi\Hotel Pools\Constant\10 Return.flac,1,1,185.817,2026-08-29 04:08:51,2026-08-29 04:08:51
2,RadioTEDU Lo-Fi,/lofi,configured_stream,50183,Reverie,oDDling,,,,,,,245.43,H:\RadioTEDU Songs\lofi\Various Artists\1 A.M Chill Session\37 oDDling - Reverie.flac,1,1,242.751,2026-08-29 04:47:23,2026-08-29 04:47:23
2,RadioTEDU Lo-Fi,/lofi,configured_stream,46738,Rewind & Sølace - Pieces,Rewind & Sølace,,,,,,,183.438,H:\RadioTEDU Songs\lofi\Rewind & Sølace - Pieces.mp3,1,1,180.544,2026-08-29 15:19:33,2026-08-29 15:19:33
2,RadioTEDU Lo-Fi,/lofi,configured_stream,46739,"Rewind, Addict. & Julia Alexa - done fighting","Rewind, Addict. & Julia Alexa",,,,,,,145.173,"H:\RadioTEDU Songs\lofi\Rewind, Addict. & Julia Alexa - done fighting.mp3",1,1,142.36,2026-08-29 16:01:39,2026-08-29 16:01:39
2,RadioTEDU Lo-Fi,/lofi,configured_stream,46748,Rnla & Resident - Waves,Rnla & Resident,,,,,,,174.243,H:\RadioTEDU Songs\lofi\Rnla & Resident - Waves.mp3,1,1,172.537,2026-08-29 09:52:01,2026-08-29 09:52:01
2,RadioTEDU Lo-Fi,/lofi,configured_stream,50378,Rollin’,Limp Bizkit,,,,,,,242.707,H:\RadioTEDU Songs\lofi\Various Artists\Die ultimative Chart Show_ Die erfolgreichsten Lieblingssongs der Männer\2-03 Limp Bizkit - Rollin’.mp3,1,1,239.875,2026-08-29 02:27:11,2026-08-29 02:27:11
2,RadioTEDU Lo-Fi,/lofi,configured_stream,50643,Rosyln,Bon Iver & St. Vincent,,,,,,,289.619,H:\RadioTEDU Songs\lofi\Various Artists\The Twilight Saga_ New Moon_ Original Motion Picture Soundtrack\08 Bon Iver & St. Vincent - Rosyln.mp3,1,1,290.323,2026-08-29 18:36:02,2026-08-29 18:36:02
2,RadioTEDU Lo-Fi,/lofi,configured_stream,49751,Runaway,"Hevi, Kainbeats",,,,,,,126.699,"H:\RadioTEDU Songs\lofi\Hevi, Kainbeats\Drifting Away\03 Runaway.flac",1,1,123.8,2026-08-29 05:41:36,2026-08-29 05:41:36
2,RadioTEDU Lo-Fi,/lofi,configured_stream,49448,Running Up That Hill - Official Music Video,Kate Bush,,,,,,,295.88,H:\RadioTEDU Songs\lofi\24.04\Kate Bush - Running Up That Hill - Official Music Video [wp43OdtAAkM].mp3,1,1,293.074,2026-08-29 15:49:29,2026-08-29 15:49:29
2,RadioTEDU Lo-Fi,/lofi,configured_stream,50107,Réveil,Tawbe,,,,,,,146.987,H:\RadioTEDU Songs\lofi\Tawbe\Fleeting Movements\04 Réveil.flac,1,1,144.271,2026-08-29 04:31:01,2026-08-29 04:31:01
2,RadioTEDU Lo-Fi,/lofi,configured_stream,49736,Rêveries,"Girl From Nowhere, Boy From Nowhere",,,,,,,172.18,"H:\RadioTEDU Songs\lofi\Girl From Nowhere, Boy From Nowhere\Lost Journey Memories\05 Rêveries.flac",1,1,169.392,2026-08-29 12:18:24,2026-08-29 12:18:24
2,RadioTEDU Lo-Fi,/lofi,configured_stream,45785,sabor,Joe Nora,,,,,,,111.987,H:\RadioTEDU Songs\lofi\185 Tracks ~Chill Lofi Study Beats Songs  Playlist Spotify  [320]  kbps Beats⭐\185 Tracks ~Chill Lofi Study Beats Songs  Playlist Spotify  [320]  kbps Beats⭐\sabor.mp3,1,1,109.168,2026-08-29 12:39:05,2026-08-29 12:39:05
2,RadioTEDU Lo-Fi,/lofi,configured_stream,45790,Salu,Lapis,,,,,,,78.211,H:\RadioTEDU Songs\lofi\185 Tracks ~Chill Lofi Study Beats Songs  Playlist Spotify  [320]  kbps Beats⭐\185 Tracks ~Chill Lofi Study Beats Songs  Playlist Spotify  [320]  kbps Beats⭐\Salu.mp3,1,1,78.145,2026-08-29 01:41:11,2026-08-29 01:41:11
2,RadioTEDU Lo-Fi,/lofi,configured_stream,50220,Sarah Jane,Ramsey Lewis,,,,,,,269.701,H:\RadioTEDU Songs\lofi\Various Artists\100 Greatest Jazz Icons\40 Ramsey Lewis - Sarah Jane.mp3,1,1,268.152,2026-08-29 15:02:42,2026-08-29 15:02:42
2,RadioTEDU Lo-Fi,/lofi,configured_stream,49943,Say Goodbye,Monty Datta & Snøw,,,,,,,150.419,H:\RadioTEDU Songs\lofi\Monty Datta & Snøw\Say Goodbye\01 Say Goodbye.mp3,1,1,148.935,2026-08-29 15:16:32,2026-08-29 15:16:32
2,RadioTEDU Lo-Fi,/lofi,configured_stream,46961,scent,Hasty Boban,,,,,,,154.139,H:\RadioTEDU Songs\lofi\Various Artists - lofi autumn vibes by Lola (2023) Mp3 320kbps [PMEDIA] ⭐️\42. Hasty Boban - scent.mp3,1,1,151.32,2026-08-29 04:14:19,2026-08-29 04:14:19
2,RadioTEDU Lo-Fi,/lofi,configured_stream,49575,Schmaltzy,Berezy ft. Fred Paci,,,,,,,144.331,H:\RadioTEDU Songs\lofi\Berezy\Memoirs\02 Berezy ft. Fred Paci - Schmaltzy.flac,1,1,141.4,2026-08-29 15:59:17,2026-08-29 15:59:17
2,RadioTEDU Lo-Fi,/lofi,configured_stream,46782,SEA & Laeland - someone new,SEA & Laeland,,,,,,,130.914,H:\RadioTEDU Songs\lofi\SEA & Laeland - someone new.mp3,1,1,132.651,2026-08-29 16:37:42,2026-08-29 16:37:42
2,RadioTEDU Lo-Fi,/lofi,configured_stream,46797,sei - midnight conversations (ft. chloe),sei,,,,,,,86.4,H:\RadioTEDU Songs\lofi\sei - midnight conversations (ft. chloe).mp3,1,1,84.836,2026-08-29 05:34:48,2026-08-29 05:34:48
2,RadioTEDU Lo-Fi,/lofi,configured_stream,46799,sem0r - Moving On,sem0r,,,,,,,104.931,H:\RadioTEDU Songs\lofi\sem0r - Moving On.mp3,1,1,103.224,2026-08-29 17:04:08,2026-08-29 17:04:08
2,RadioTEDU Lo-Fi,/lofi,configured_stream,46800,sem0r - rushing,sem0r,,,,,,,110.794,H:\RadioTEDU Songs\lofi\sem0r - rushing.mp3,1,1,108.096,2026-08-29 16:03:27,2026-08-29 16:03:27
2,RadioTEDU Lo-Fi,/lofi,configured_stream,50055,Sentiero,"So.Lo, Goson",,,,,,,157.005,"H:\RadioTEDU Songs\lofi\So.Lo, Goson\QuietPath, Vol. 2\04 Sentiero.flac",1,1,163.463,2026-08-29 08:33:49,2026-08-29 08:33:49
2,RadioTEDU Lo-Fi,/lofi,configured_stream,46955,siesta,Majid Unpeek,,,,,,,183.56,H:\RadioTEDU Songs\lofi\Various Artists - lofi autumn vibes by Lola (2023) Mp3 320kbps [PMEDIA] ⭐️\36. Majid Unpeek - siesta.mp3,1,1,183.446,2026-08-29 01:52:37,2026-08-29 01:52:37
2,RadioTEDU Lo-Fi,/lofi,configured_stream,49915,Silent Morning,Mariposa,,,,,,,192.506,H:\RadioTEDU Songs\lofi\Mariposa\The House on the Hill\07 Silent Morning.flac,1,1,189.583,2026-08-29 01:44:25,2026-08-29 01:44:25
2,RadioTEDU Lo-Fi,/lofi,configured_stream,45797,Sk8teing in Central Park,Wun Two,,,,,,,71.184,H:\RadioTEDU Songs\lofi\185 Tracks ~Chill Lofi Study Beats Songs  Playlist Spotify  [320]  kbps Beats⭐\185 Tracks ~Chill Lofi Study Beats Songs  Playlist Spotify  [320]  kbps Beats⭐\Sk8teing in Central Park.mp3,1,1,70.589,2026-08-29 16:44:24,2026-08-29 16:44:24
2,RadioTEDU Lo-Fi,/lofi,configured_stream,46804,Skinny Atlas & Monty Datta - Don't Wanna Let Go (ft. Dhan),Skinny Atlas & Monty Datta,,,,,,,164.455,H:\RadioTEDU Songs\lofi\Skinny Atlas & Monty Datta - Don't Wanna Let Go (ft. Dhan).mp3,1,1,161.543,2026-08-29 08:31:06,2026-08-29 08:31:06
2,RadioTEDU Lo-Fi,/lofi,configured_stream,46805,"Skinny Atlas & Snøw - I Fell In Love With You, Now It's Killing Me",Skinny Atlas & Snøw,,,,,,,152.021,"H:\RadioTEDU Songs\lofi\Skinny Atlas & Snøw - I Fell In Love With You, Now It's Killing Me.mp3",1,1,149.813,2026-08-29 11:43:51,2026-08-29 11:43:51
2,RadioTEDU Lo-Fi,/lofi,configured_stream,49596,Skyline,Budsy ft. Virtua,,,,,,,141.16,H:\RadioTEDU Songs\lofi\Budsy\Nights Like These\04 Budsy ft. Virtua - Skyline.flac,1,1,138.268,2026-08-29 13:25:17,2026-08-29 13:25:17
2,RadioTEDU Lo-Fi,/lofi,configured_stream,49742,Skylines,"Guy Rickard, Fred Paci",,,,,,,147.506,"H:\RadioTEDU Songs\lofi\Guy Rickard, Fred Paci\City Sketches\08 Skylines.flac",1,1,145.859,2026-08-29 06:23:40,2026-08-29 06:23:40
2,RadioTEDU Lo-Fi,/lofi,configured_stream,49728,Skytrace,"Girl From Nowhere, Boy From Nowhere",,,,,,,185.006,"H:\RadioTEDU Songs\lofi\Girl From Nowhere, Boy From Nowhere\Between Phases\02 Skytrace.flac",1,1,182.12,2026-08-29 10:22:29,2026-08-29 10:22:29
2,RadioTEDU Lo-Fi,/lofi,configured_stream,49949,Sleep Well,MyceliumBug,,,,,,,120.006,H:\RadioTEDU Songs\lofi\MyceliumBug\Melatonin\04 Sleep Well.flac,1,1,119.184,2026-08-29 16:05:26,2026-08-29 16:05:26
2,RadioTEDU Lo-Fi,/lofi,configured_stream,49689,Smoke was rising,Ellis Laifer,,,,,,,116.52,H:\RadioTEDU Songs\lofi\Ellis Laifer\Sounds From My Room\08 Smoke was rising.flac,1,1,113.679,2026-08-29 06:21:11,2026-08-29 06:21:11
2,RadioTEDU Lo-Fi,/lofi,configured_stream,49980,Snowflakes,Pandrezz,,,,,,,200.604,H:\RadioTEDU Songs\lofi\Pandrezz\Relief\01 Pandrezz - Snowflakes.flac,1,1,197.702,2026-08-29 05:06:56,2026-08-29 05:06:56
2,RadioTEDU Lo-Fi,/lofi,configured_stream,46815,Snøw & Laeland - All Without You,Snøw & Laeland,,,,,,,190.113,H:\RadioTEDU Songs\lofi\Snøw & Laeland - All Without You.mp3,1,1,190.365,2026-08-29 18:00:32,2026-08-29 18:00:32
2,RadioTEDU Lo-Fi,/lofi,configured_stream,46817,Snøw & Nuxe - Tell Me You Want Me,Snøw & Nuxe,,,,,,,96.247,H:\RadioTEDU Songs\lofi\Snøw & Nuxe - Tell Me You Want Me.mp3,1,1,93.431,2026-08-29 07:41:51,2026-08-29 07:41:51
2,RadioTEDU Lo-Fi,/lofi,configured_stream,45802,so much,ntvrme,,,,,,,129.959,H:\RadioTEDU Songs\lofi\185 Tracks ~Chill Lofi Study Beats Songs  Playlist Spotify  [320]  kbps Beats⭐\185 Tracks ~Chill Lofi Study Beats Songs  Playlist Spotify  [320]  kbps Beats⭐\so much.mp3,1,1,127.267,2026-08-29 01:27:25,2026-08-29 01:27:25
2,RadioTEDU Lo-Fi,/lofi,configured_stream,49515,Solar,"Ahmad Evans, Erwin Do",,,,,,,147.699,"H:\RadioTEDU Songs\lofi\Ahmad Evans, Erwin Do\Explorations\07 Solar.flac",1,1,144.767,2026-08-29 07:16:58,2026-08-29 07:16:58
2,RadioTEDU Lo-Fi,/lofi,configured_stream,49707,Solar Wind,Foudroie,,,,,,,191.551,H:\RadioTEDU Songs\lofi\Foudroie\The Journey\03 Foudroie - Solar Wind.flac,1,1,188.66,2026-08-29 07:14:34,2026-08-29 07:14:34
2,RadioTEDU Lo-Fi,/lofi,configured_stream,50045,Solstice,"Sling Dilly, Sleepermane",,,,,,,101.746,"H:\RadioTEDU Songs\lofi\Sling Dilly, Sleepermane\Weightless\03 Solstice.flac",1,1,98.839,2026-08-29 11:19:09,2026-08-29 11:19:09
2,RadioTEDU Lo-Fi,/lofi,configured_stream,50421,Soon (P Smoovah mix),Jazzanova,,,,,,,299.667,H:\RadioTEDU Songs\lofi\Various Artists\Erotic Lounge_ Sensual Passion\1-10 Jazzanova - Soon (P Smoovah mix) (1).mp3,1,1,297.554,2026-08-29 14:52:19,2026-08-29 14:52:19
2,RadioTEDU Lo-Fi,/lofi,configured_stream,50422,Soon (P Smoovah mix),Jazzanova,,,,,,,299.667,H:\RadioTEDU Songs\lofi\Various Artists\Erotic Lounge_ Sensual Passion\1-10 Jazzanova - Soon (P Smoovah mix).mp3,1,1,297.386,2026-08-29 14:26:41,2026-08-29 14:26:41
2,RadioTEDU Lo-Fi,/lofi,configured_stream,45806,sprinkling,BROCKBEATS,,,,,,,166.557,H:\RadioTEDU Songs\lofi\185 Tracks ~Chill Lofi Study Beats Songs  Playlist Spotify  [320]  kbps Beats⭐\185 Tracks ~Chill Lofi Study Beats Songs  Playlist Spotify  [320]  kbps Beats⭐\sprinkling.mp3,1,1,163.747,2026-08-29 03:54:14,2026-08-29 03:54:14
2,RadioTEDU Lo-Fi,/lofi,configured_stream,49886,Star Factory,Le Metroid,,,,,,,160.006,"H:\RadioTEDU Songs\lofi\Le Metroid\Blackhole, Pt. 2\05 Star Factory.flac",1,1,157.184,2026-08-29 12:50:03,2026-08-29 12:50:03
2,RadioTEDU Lo-Fi,/lofi,configured_stream,49481,Starman (2012 Remaster),,,,,,,,254.293,H:\RadioTEDU Songs\lofi\24.04\Starman (2012 Remaster) [aBKEt3MhNMM].mp3,1,1,252.041,2026-08-29 15:23:45,2026-08-29 15:23:45
2,RadioTEDU Lo-Fi,/lofi,configured_stream,46830,"Stay Inside - Lost Your Heart (ft. Skinny Atlas, Snøw, Laeland)",Stay Inside,,,,,,,98.0,"H:\RadioTEDU Songs\lofi\Stay Inside - Lost Your Heart (ft. Skinny Atlas, Snøw, Laeland).mp3",1,1,96.504,2026-08-29 02:04:08,2026-08-29 02:04:08
2,RadioTEDU Lo-Fi,/lofi,configured_stream,50458,Stomping at the Savoy,Ella Fitzgerald,,,,,,,315.947,H:\RadioTEDU Songs\lofi\Various Artists\Fairmont Hotels & Resorts_ Lounging with Fairmont II\03 Ella Fitzgerald - Stomping at the Savoy.flac,1,1,313.134,2026-08-29 14:47:22,2026-08-29 14:47:22
2,RadioTEDU Lo-Fi,/lofi,configured_stream,50171,Subtract,A.L.I.S.O.N,,,,,,,311.496,H:\RadioTEDU Songs\lofi\Various Artists\1 A.M Chill Session\11 A.L.I.S.O.N - Subtract.flac,1,1,309.842,2026-08-29 02:00:13,2026-08-29 02:00:13
2,RadioTEDU Lo-Fi,/lofi,configured_stream,49601,Sunday Morning,"BVG, møndberg ft. Spencer Hunt",,,,,,,192.03,"H:\RadioTEDU Songs\lofi\BVG, møndberg\Floating Dreams\01 BVG, møndberg ft. Spencer Hunt - Sunday Morning.flac",1,1,189.114,2026-08-29 08:44:55,2026-08-29 08:44:55
2,RadioTEDU Lo-Fi,/lofi,configured_stream,49704,Supernal,Forhill,,,,,,,245.12,H:\RadioTEDU Songs\lofi\Forhill\Supernal\01 Supernal.flac,1,1,243.834,2026-08-29 04:53:56,2026-08-29 04:53:56
2,RadioTEDU Lo-Fi,/lofi,configured_stream,45636,surf child,"UKDD, Trog'low",,,,,,,148.488,H:\RadioTEDU Songs\lofi\100 Lo-Fi Beats to Relax and focus Playlist Spotify (2020) [320]  kbps Beats⭐\100 Lo-Fi Beats to Relax and focus Playlist Spotify (2020) [320]  kbps Beats⭐\surf child.mp3,1,1,146.587,2026-08-29 01:55:04,2026-08-29 01:55:04
2,RadioTEDU Lo-Fi,/lofi,configured_stream,49972,Synchronicity of the Stars,Opal,,,,,,,159.006,H:\RadioTEDU Songs\lofi\Opal\Skyward\08 Synchronicity of the Stars.flac,1,1,156.287,2026-08-29 12:06:45,2026-08-29 12:06:45
2,RadioTEDU Lo-Fi,/lofi,configured_stream,50528,Synthetic,VIQ,,,,,,,184.428,H:\RadioTEDU Songs\lofi\Various Artists\Lofi Girl × chess.com_ Synthwave beats to play chess to\07 VIQ - Synthetic.flac,1,1,186.688,2026-08-29 01:05:12,2026-08-29 01:05:12
2,RadioTEDU Lo-Fi,/lofi,configured_stream,50098,takeoff,,,,,,,,130.952,H:\RadioTEDU Songs\lofi\stream_error\polaris\01 takeoff.flac,1,1,128.368,2026-08-29 06:11:48,2026-08-29 06:11:48
2,RadioTEDU Lo-Fi,/lofi,configured_stream,50214,Taxi War Dance,Count Basie,,,,,,,168.973,H:\RadioTEDU Songs\lofi\Various Artists\100 Greatest Jazz Icons\30 Count Basie - Taxi War Dance.mp3,1,1,166.045,2026-08-29 17:19:45,2026-08-29 17:19:45
2,RadioTEDU Lo-Fi,/lofi,configured_stream,46844,Teqkoi & Mura Mori - I lost a part of me when you left (ft. Dhan),Teqkoi & Mura Mori,,,,,,,111.339,H:\RadioTEDU Songs\lofi\Teqkoi & Mura Mori - I lost a part of me when you left (ft. Dhan).mp3,1,1,108.486,2026-08-29 17:25:33,2026-08-29 17:25:33
2,RadioTEDU Lo-Fi,/lofi,configured_stream,46847,Teqkoi & RNAQ - always on my mind (ft. Darkforestdrives),Teqkoi & RNAQ,,,,,,,149.734,H:\RadioTEDU Songs\lofi\Teqkoi & RNAQ - always on my mind (ft. Darkforestdrives).mp3,1,1,146.969,2026-08-29 07:31:38,2026-08-29 07:31:38
2,RadioTEDU Lo-Fi,/lofi,configured_stream,46853,Teqkoi - baby i'm falling (ft. Groundfold),Teqkoi,,,,,,,154.726,H:\RadioTEDU Songs\lofi\Teqkoi - baby i'm falling (ft. Groundfold).mp3,1,1,151.794,2026-08-29 10:44:18,2026-08-29 10:44:18
2,RadioTEDU Lo-Fi,/lofi,configured_stream,46855,Teqkoi - i said i'd never let you go (ft. plants and planets),Teqkoi,,,,,,,103.125,H:\RadioTEDU Songs\lofi\Teqkoi - i said i'd never let you go (ft. plants and planets).mp3,1,1,101.237,2026-08-29 02:31:34,2026-08-29 02:31:34
2,RadioTEDU Lo-Fi,/lofi,configured_stream,49597,TETHERED,bunii,,,,,,,202.868,H:\RadioTEDU Songs\lofi\bunii\TETHERED\01 TETHERED.flac,1,1,200.52,2026-08-29 10:02:47,2026-08-29 10:02:47
2,RadioTEDU Lo-Fi,/lofi,configured_stream,50709,The Bad Party,WYS,,,,,,,194.59,H:\RadioTEDU Songs\lofi\WYS\The Bad Party\01 The Bad Party.flac,1,1,194.689,2026-08-29 12:01:33,2026-08-29 12:01:33
2,RadioTEDU Lo-Fi,/lofi,configured_stream,45816,The Ceremony,"Bertholet, Dontcry",,,,,,,95.53,H:\RadioTEDU Songs\lofi\185 Tracks ~Chill Lofi Study Beats Songs  Playlist Spotify  [320]  kbps Beats⭐\185 Tracks ~Chill Lofi Study Beats Songs  Playlist Spotify  [320]  kbps Beats⭐\The Ceremony.mp3,1,1,96.083,2026-08-29 06:55:18,2026-08-29 06:55:18
2,RadioTEDU Lo-Fi,/lofi,configured_stream,49741,The Distance Between,"Guy Rickard, Fred Paci",,,,,,,158.645,"H:\RadioTEDU Songs\lofi\Guy Rickard, Fred Paci\City Sketches\06 The Distance Between.flac",1,1,155.901,2026-08-29 05:51:31,2026-08-29 05:51:31
2,RadioTEDU Lo-Fi,/lofi,configured_stream,50075,The Good Ending,Soothing Spore & Runaway Horses,,,,,,,155.234,H:\RadioTEDU Songs\lofi\Soothing Spore & Runaway Horses\Spacescape\12 Soothing Spore & Runaway Horses - The Good Ending.flac,1,1,154.264,2026-08-29 08:41:46,2026-08-29 08:41:46
2,RadioTEDU Lo-Fi,/lofi,configured_stream,50634,The House of the Rising Sun,The Animals,,,,,,,269.907,H:\RadioTEDU Songs\lofi\Various Artists\The Liverpool Collection\06 The Animals - The House of the Rising Sun.flac,1,1,266.974,2026-08-29 17:36:54,2026-08-29 17:36:54
2,RadioTEDU Lo-Fi,/lofi,configured_stream,49961,The Place Where I Belong,Nuver,,,,,,,158.93,H:\RadioTEDU Songs\lofi\Nuver\Kalopsia\02 Nuver - The Place Where I Belong.flac,1,1,156.151,2026-08-29 03:17:24,2026-08-29 03:17:24
2,RadioTEDU Lo-Fi,/lofi,configured_stream,50185,The Places We Used to Walk,Mariposa,,,,,,,181.634,H:\RadioTEDU Songs\lofi\Various Artists\1 PM Study Session\03 Mariposa - The Places We Used to Walk.flac,1,1,178.836,2026-08-29 00:26:35,2026-08-29 00:26:35
2,RadioTEDU Lo-Fi,/lofi,configured_stream,45818,the sakuras will cry for you,"biosphere, aimless",,,,,,,104.098,H:\RadioTEDU Songs\lofi\185 Tracks ~Chill Lofi Study Beats Songs  Playlist Spotify  [320]  kbps Beats⭐\185 Tracks ~Chill Lofi Study Beats Songs  Playlist Spotify  [320]  kbps Beats⭐\the sakuras will cry for you.mp3,1,1,101.369,2026-08-29 00:20:21,2026-08-29 00:20:21
2,RadioTEDU Lo-Fi,/lofi,configured_stream,49661,The Thought of You,Dreamfield ft. Fred Paci × Erwin Do,,,,,,,164.578,H:\RadioTEDU Songs\lofi\Dreamfield\Brothers in Arms\03 Dreamfield ft. Fred Paci × Erwin Do - The Thought of You.flac,1,1,161.779,2026-08-29 02:50:33,2026-08-29 02:50:33
2,RadioTEDU Lo-Fi,/lofi,configured_stream,49817,there is you,Jorrit Brodersen,,,,,,,187.806,H:\RadioTEDU Songs\lofi\Jorrit Brodersen\Intimacy\15 there is you.flac,1,1,185.009,2026-08-29 13:20:10,2026-08-29 13:20:10
2,RadioTEDU Lo-Fi,/lofi,configured_stream,50633,These Foolish Things (Remind Me of You),Billie Holiday with Teddy Wilson and His Orchestra,,,,,,,198.16,H:\RadioTEDU Songs\lofi\Various Artists\The Intern (Original Motion Picture Soundtrack)\08 Billie Holiday with Teddy Wilson and His Orchestra - These Foolish Things (Remind Me of You).mp3,1,1,197.486,2026-08-29 05:03:33,2026-08-29 05:03:33
2,RadioTEDU Lo-Fi,/lofi,configured_stream,46778,Thief,Sarcastic Sounds,,,,,,,94.165,H:\RadioTEDU Songs\lofi\Sarcastic Sounds - Thief.mp3,1,1,94.129,2026-08-29 11:47:45,2026-08-29 11:47:45
2,RadioTEDU Lo-Fi,/lofi,configured_stream,50713,Thinking Spot,xander.,,,,,,,189.988,H:\RadioTEDU Songs\lofi\xander_\Forest of Dreams\08 xander. - Thinking Spot.flac,1,1,187.296,2026-08-29 05:18:24,2026-08-29 05:18:24
2,RadioTEDU Lo-Fi,/lofi,configured_stream,46874,Thomas Reid - If I Told You The Truth,Thomas Reid,,,,,,,175.891,H:\RadioTEDU Songs\lofi\Thomas Reid - If I Told You The Truth.mp3,1,1,174.93,2026-08-29 13:07:58,2026-08-29 13:07:58
2,RadioTEDU Lo-Fi,/lofi,configured_stream,50029,Three for the Road,saint rumi feat. Erwin Do & lightheart,,,,,,,104.578,H:\RadioTEDU Songs\lofi\saint rumi feat. Erwin Do & lightheart\A Groove Supreme\04 Three for the Road.flac,1,1,101.982,2026-08-29 01:49:33,2026-08-29 01:49:33
2,RadioTEDU Lo-Fi,/lofi,configured_stream,49869,Tiger Lily,"Lawrence Walther, Solar Body",,,,,,,139.643,"H:\RadioTEDU Songs\lofi\Lawrence Walther, Solar Body\Back to Nature\02 Tiger Lily.flac",1,1,137.111,2026-08-29 16:46:42,2026-08-29 16:46:42
2,RadioTEDU Lo-Fi,/lofi,configured_stream,49670,Timeline,dreamẅalker,,,,,,,182.612,H:\RadioTEDU Songs\lofi\dreamẅalker\Oscillations\04 dreamẅalker - Timeline.flac,1,1,179.774,2026-08-29 14:42:09,2026-08-29 14:42:09
2,RadioTEDU Lo-Fi,/lofi,configured_stream,46879,timmies - cruel wind (ft. nineteen95),timmies,,,,,,,140.817,H:\RadioTEDU Songs\lofi\timmies - cruel wind (ft. nineteen95).mp3,1,1,138.304,2026-08-29 11:02:47,2026-08-29 11:02:47
2,RadioTEDU Lo-Fi,/lofi,configured_stream,46883,timmies - ugly (ft. nineteen95),timmies,,,,,,,120.361,H:\RadioTEDU Songs\lofi\timmies - ugly (ft. nineteen95).mp3,1,1,119.974,2026-08-29 18:24:32,2026-08-29 18:24:32
2,RadioTEDU Lo-Fi,/lofi,configured_stream,45822,Tokyo,Drevm,,,,,,,101.303,H:\RadioTEDU Songs\lofi\185 Tracks ~Chill Lofi Study Beats Songs  Playlist Spotify  [320]  kbps Beats⭐\185 Tracks ~Chill Lofi Study Beats Songs  Playlist Spotify  [320]  kbps Beats⭐\Tokyo.mp3,1,1,100.313,2026-08-29 15:28:18,2026-08-29 15:28:18
2,RadioTEDU Lo-Fi,/lofi,configured_stream,45826,Touching Skin,High John,,,,,,,86.988,H:\RadioTEDU Songs\lofi\185 Tracks ~Chill Lofi Study Beats Songs  Playlist Spotify  [320]  kbps Beats⭐\185 Tracks ~Chill Lofi Study Beats Songs  Playlist Spotify  [320]  kbps Beats⭐\Touching Skin.mp3,1,1,84.455,2026-08-29 07:45:17,2026-08-29 07:45:17
2,RadioTEDU Lo-Fi,/lofi,configured_stream,46888,towser - restless (ft. ivri & ondi vil),towser,,,,,,,142.165,H:\RadioTEDU Songs\lofi\towser - restless (ft. ivri & ondi vil).mp3,1,1,141.76,2026-08-29 15:42:33,2026-08-29 15:42:33
2,RadioTEDU Lo-Fi,/lofi,configured_stream,46893,TRA$H - ＬＥＦＴ ＢＥＨＩＮＤ,TRA$H,,,,,,,139.648,H:\RadioTEDU Songs\lofi\TRA$H - ＬＥＦＴ ＢＥＨＩＮＤ.mp3,1,1,138.904,2026-08-29 02:09:17,2026-08-29 02:09:17
2,RadioTEDU Lo-Fi,/lofi,configured_stream,45827,Tsunami Sky,Elijah Nang,,,,,,,227.161,H:\RadioTEDU Songs\lofi\185 Tracks ~Chill Lofi Study Beats Songs  Playlist Spotify  [320]  kbps Beats⭐\185 Tracks ~Chill Lofi Study Beats Songs  Playlist Spotify  [320]  kbps Beats⭐\Tsunami Sky.mp3,1,1,224.341,2026-08-29 12:58:35,2026-08-29 12:58:35
2,RadioTEDU Lo-Fi,/lofi,configured_stream,49523,Tunnel Visions,Jarren Crist,,,,,,,179.606,"H:\RadioTEDU Songs\lofi\Akuma Kira, Jarren Crist & Nolan Reese\Lost in Vivo (Original Game Soundtrack)\09 Jarren Crist - Tunnel Visions.flac",1,1,178.223,2026-08-29 16:40:41,2026-08-29 16:40:41
2,RadioTEDU Lo-Fi,/lofi,configured_stream,49845,u're mine,Kina,,,,,,,138.403,H:\RadioTEDU Songs\lofi\Kina\Roses\04 u're mine.mp3,1,1,135.517,2026-08-29 14:37:12,2026-08-29 14:37:12
2,RadioTEDU Lo-Fi,/lofi,configured_stream,45828,Uber Black,"Dontcry, Glimlip, Yasper",,,,,,,145.554,H:\RadioTEDU Songs\lofi\185 Tracks ~Chill Lofi Study Beats Songs  Playlist Spotify  [320]  kbps Beats⭐\185 Tracks ~Chill Lofi Study Beats Songs  Playlist Spotify  [320]  kbps Beats⭐\Uber Black.mp3,1,1,143.888,2026-08-29 07:11:23,2026-08-29 07:11:23
2,RadioTEDU Lo-Fi,/lofi,configured_stream,49688,Uneven,"Elijah Lee, Casiio",,,,,,,116.843,"H:\RadioTEDU Songs\lofi\Elijah Lee, Casiio\Phantasm\03 Uneven.flac",1,1,114.629,2026-08-29 12:47:26,2026-08-29 12:47:26
2,RadioTEDU Lo-Fi,/lofi,configured_stream,50283,"Us, always",Foudroie,,,,,,,201.197,"H:\RadioTEDU Songs\lofi\Various Artists\3 A.M Chill Session\13 Foudroie - Us, always.flac",1,1,198.422,2026-08-29 05:30:26,2026-08-29 05:30:26
2,RadioTEDU Lo-Fi,/lofi,configured_stream,49606,UwU Song,BVG ft. Kodama Boy,,,,,,,120.0,H:\RadioTEDU Songs\lofi\BVG\This Could Have Been Our Love Story\02 BVG ft. Kodama Boy - UwU Song.mp3,1,1,117.035,2026-08-29 16:51:30,2026-08-29 16:51:30
2,RadioTEDU Lo-Fi,/lofi,configured_stream,50675,Vera Cruz,Stanley Turrentine,,,,,,,311.0,H:\RadioTEDU Songs\lofi\Various Artists\The Very Best of Latin Jazz\1-06 Stanley Turrentine - Vera Cruz.mp3,1,1,309.324,2026-08-29 08:03:43,2026-08-29 08:03:43
2,RadioTEDU Lo-Fi,/lofi,configured_stream,49937,Visions in the Swamp,Mondo Loops,,,,,,,137.149,H:\RadioTEDU Songs\lofi\Mondo Loops\Forest Kingdom\06 Visions in the Swamp.flac,1,1,136.408,2026-08-29 06:07:24,2026-08-29 06:07:24
2,RadioTEDU Lo-Fi,/lofi,configured_stream,50603,"Vocalise No. 14 for Cello and Piano, Op. 34: Lentamente",Sergei Rachmaninoff,,,,,,,388.227,"H:\RadioTEDU Songs\lofi\Various Artists\The 50 Most Essential Pieces of Classical Music\22 Sergei Rachmaninoff - Vocalise No. 14 for Cello and Piano, Op. 34_ Lentamente.mp3",1,1,385.46,2026-08-29 03:14:48,2026-08-29 03:14:48
2,RadioTEDU Lo-Fi,/lofi,configured_stream,47024,w00ds & Roiael - Cry Me A River,w00ds & Roiael,,,,,,,150.443,H:\RadioTEDU Songs\lofi\w00ds & Roiael - Cry Me A River.mp3,1,1,148.658,2026-08-29 06:05:08,2026-08-29 06:05:08
2,RadioTEDU Lo-Fi,/lofi,configured_stream,49842,Walk Out,Khutko ft. Blue Wednesday,,,,,,,153.513,H:\RadioTEDU Songs\lofi\Khutko\Violet\01 Khutko ft. Blue Wednesday - Walk Out.flac,1,1,152.849,2026-08-29 13:30:58,2026-08-29 13:30:58
2,RadioTEDU Lo-Fi,/lofi,configured_stream,49974,Wanderlust,Opal,,,,,,,180.006,H:\RadioTEDU Songs\lofi\Opal\Skyward\10 Wanderlust.flac,1,1,177.159,2026-08-29 05:33:23,2026-08-29 05:33:23
2,RadioTEDU Lo-Fi,/lofi,configured_stream,47027,"What's meant for you, will always be for you",,,,,,,,140.928,"H:\RadioTEDU Songs\lofi\What's meant for you, will always be for you.mp3",1,1,138.382,2026-08-29 06:00:33,2026-08-29 06:00:33
2,RadioTEDU Lo-Fi,/lofi,configured_stream,50284,Whatever,Le Metroid,,,,,,,176.333,H:\RadioTEDU Songs\lofi\Various Artists\3 A.M Chill Session\16 Le Metroid - Whatever.flac,1,1,173.393,2026-08-29 15:26:38,2026-08-29 15:26:38
2,RadioTEDU Lo-Fi,/lofi,configured_stream,49801,when i close my eyes,Jhove ft. dillan witherow,,,,,,,130.975,H:\RadioTEDU Songs\lofi\Jhove\dream tapes\07 Jhove ft. dillan witherow - when i close my eyes.flac,1,1,132.008,2026-08-29 05:39:32,2026-08-29 05:39:32
2,RadioTEDU Lo-Fi,/lofi,configured_stream,50705,When It Feels Right,WYS,,,,,,,162.756,H:\RadioTEDU Songs\lofi\WYS\South Pole\01 When It Feels Right.flac,1,1,159.894,2026-08-29 04:26:13,2026-08-29 04:26:13
2,RadioTEDU Lo-Fi,/lofi,configured_stream,49815,where there is life,Jorrit Brodersen,,,,,,,110.406,H:\RadioTEDU Songs\lofi\Jorrit Brodersen\Intimacy\13 where there is life.flac,1,1,107.755,2026-08-29 11:09:52,2026-08-29 11:09:52
2,RadioTEDU Lo-Fi,/lofi,configured_stream,50097,with purpose,steezy prime ft. fnonose,,,,,,,162.26,H:\RadioTEDU Songs\lofi\steezy prime\never alone\04 steezy prime ft. fnonose - with purpose.flac,1,1,159.529,2026-08-29 11:58:19,2026-08-29 11:58:19
2,RadioTEDU Lo-Fi,/lofi,configured_stream,50298,Worries,Raphaël Novarina,,,,,,,279.0,"H:\RadioTEDU Songs\lofi\Various Artists\Ambient Music for Sleeping, Studying, Yoga, Meditation, Chill, Massage, Spa\06 Raphaël Novarina - Worries.mp3",1,1,276.829,2026-08-29 01:02:00,2026-08-29 01:02:00
2,RadioTEDU Lo-Fi,/lofi,configured_stream,47032,woven in hiatus - still,woven in hiatus,,,,,,,151.489,H:\RadioTEDU Songs\lofi\woven in hiatus - still.mp3,1,1,148.548,2026-08-29 01:32:09,2026-08-29 01:32:09
2,RadioTEDU Lo-Fi,/lofi,configured_stream,47041,yaeow - Behind The Clouds (wander all winter. Remix),yaeow,,,,,,,203.685,H:\RadioTEDU Songs\lofi\yaeow - Behind The Clouds (wander all winter. Remix).mp3,1,1,200.846,2026-08-29 11:23:49,2026-08-29 11:23:49
2,RadioTEDU Lo-Fi,/lofi,configured_stream,47049,yaeow - i'm just a ghost,yaeow,,,,,,,181.557,H:\RadioTEDU Songs\lofi\yaeow - i'm just a ghost.mp3,1,1,178.8,2026-08-29 17:57:19,2026-08-29 17:57:19
2,RadioTEDU Lo-Fi,/lofi,configured_stream,47054,Yaiko Kaori - Maybe I'm alone,Yaiko Kaori,,,,,,,141.375,H:\RadioTEDU Songs\lofi\Yaiko Kaori - Maybe I'm alone.mp3,1,1,138.54,2026-08-29 17:27:51,2026-08-29 17:27:51
2,RadioTEDU Lo-Fi,/lofi,configured_stream,50142,Yesteryear,TibeauTheTraveler,,,,,,,141.781,H:\RadioTEDU Songs\lofi\Tibeauthetraveler\Yesteryear\03 TibeauTheTraveler - Yesteryear.flac,1,1,153.876,2026-08-29 15:30:54,2026-08-29 15:30:54
2,RadioTEDU Lo-Fi,/lofi,configured_stream,49486,You,The 1975,,,,,,,291.027,H:\RadioTEDU Songs\lofi\24.04\The 1975 - You [KsGp64w3XsA].mp3,1,1,288.195,2026-08-29 02:46:00,2026-08-29 02:46:00
2,RadioTEDU Lo-Fi,/lofi,configured_stream,50641,You Don't Love Me Anymore,Morris Chestnut,,,,,,,121.408,H:\RadioTEDU Songs\lofi\Various Artists\The Renfro Soul Story_ Priceless Los Angeles Northern Soul\12 Morris Chestnut - You Don't Love Me Anymore.mp3,1,1,120.996,2026-08-29 07:43:51,2026-08-29 07:43:51
2,RadioTEDU Lo-Fi,/lofi,configured_stream,50052,You Don't Want Me Anymore,Snøw & Teqkoi,,,,,,,165.454,H:\RadioTEDU Songs\lofi\Snøw & Teqkoi\You Don't Want Me Anymore\01 You Don't Want Me Anymore.mp3,1,1,163.024,2026-08-29 10:17:05,2026-08-29 10:17:05
2,RadioTEDU Lo-Fi,/lofi,configured_stream,47070,"⧸KXLD. - if cupid's got a gun, then he's shooting",⧸KXLD,,,,,,,146.411,"H:\RadioTEDU Songs\lofi\⧸KXLD. - if cupid's got a gun, then he's shooting.mp3",1,1,144.023,2026-08-29 07:22:00,2026-08-29 07:22:00
2,RadioTEDU Lo-Fi,/lofi,configured_stream,47080,ＬＯＳＴ,,,,,,,,175.717,H:\RadioTEDU Songs\lofi\ＬＯＳＴ.mp3,1,1,173.331,2026-08-29 01:22:07,2026-08-29 01:22:07
2,RadioTEDU Lo-Fi,/lofi,configured_stream,47079,ＬＯＳＴ ＬＯＶＥ,,,,,,,,1026.09,H:\RadioTEDU Songs\lofi\ＬＯＳＴ ＬＯＶＥ.mp3,1,1,1023.157,2026-08-29 09:36:47,2026-08-29 09:36:47
4,RadioTEDU Pop,/radio,configured_stream,50774,(There Is) No Greater Love,Amy Winehouse,,,,,,,128.933,H:\RadioTEDU Songs\Pop\Amy Winehouse\Frank\10 (There Is) No Greater Love.flac,1,1,129.163,2026-08-29 11:56:16,2026-08-29 11:56:16
4,RadioTEDU Pop,/radio,configured_stream,50839,21 Reasons,Nathan Dawe feat. Ella Henderson,,,,,,,155.249,H:\RadioTEDU Songs\Pop\Ella Henderson\Everything I Didn’t Say and More\2-01 Nathan Dawe feat. Ella Henderson - 21 Reasons.flac,1,1,152.583,2026-08-29 06:54:59,2026-08-29 06:54:59
4,RadioTEDU Pop,/radio,configured_stream,50840,21 Reasons,Nathan Dawe feat. Ella Henderson,,,,,,,155.253,H:\RadioTEDU Songs\Pop\Ella Henderson\Everything I Didn’t Say and More\2-01 Nathan Dawe feat. Ella Henderson - 21 Reasons.mp3,1,1,156.55,2026-08-29 14:28:01,2026-08-29 14:28:01
4,RadioTEDU Pop,/radio,configured_stream,50810,24K Magic,Bruno Mars,,,,,,,225.983,H:\RadioTEDU Songs\Pop\Bruno Mars\24K Magic\01 24K Magic.flac,1,1,225.911,2026-08-29 05:07:09,2026-08-29 05:07:09
4,RadioTEDU Pop,/radio,configured_stream,50861,A Minute of Your Time,Günter Kallmann Choir,,,,,,,155.328,H:\RadioTEDU Songs\Pop\Gunter Kallmann Choir\Lounge Legends\17 A Minute of Your Time.mp3,1,1,152.607,2026-08-29 03:45:06,2026-08-29 03:45:06
4,RadioTEDU Pop,/radio,configured_stream,50736,Abracadabra,Lady Gaga,,,,,,,221.158,H:\RadioTEDU Songs\Pop\010 - Lady Gaga - Abracadabra (Lyrics).mp3,1,1,218.27,2026-08-29 14:14:25,2026-08-29 14:14:25
4,RadioTEDU Pop,/radio,configured_stream,50956,Abracadabra,Lady Gaga,,,,,,,223.399,H:\RadioTEDU Songs\Pop\Lady Gaga\MAYHEM\02 Lady Gaga - Abracadabra.flac,1,1,220.428,2026-08-29 07:09:10,2026-08-29 07:09:10
4,RadioTEDU Pop,/radio,configured_stream,50779,Active,Asake & Travis Scott,,,,,,,184.32,H:\RadioTEDU Songs\Pop\Asake\Lungu Boy\06 Asake & Travis Scott - Active.flac,1,1,183.792,2026-08-29 01:52:52,2026-08-29 01:52:52
4,RadioTEDU Pop,/radio,configured_stream,52314,Ain't That a Kick in the Head,Robbie Williams,,,,,,,147.992,H:\RadioTEDU Songs\Pop\Robbie Williams\Swing When You're Winning\13 Robbie Williams - Ain't That a Kick in the Head.mp3,1,1,146.847,2026-08-29 07:17:29,2026-08-29 07:17:29
4,RadioTEDU Pop,/radio,configured_stream,50979,Ain’t No Mountain High Enough,Marvin Gaye & Tammi Terrell,,,,,,,151.667,H:\RadioTEDU Songs\Pop\Marvin Gaye & Tammi Terrell\United\01 Ain’t No Mountain High Enough.flac,1,1,149.973,2026-08-29 16:36:23,2026-08-29 16:36:23
4,RadioTEDU Pop,/radio,configured_stream,50757,All The Stars,,,,,,,,232.187,H:\RadioTEDU Songs\Pop\085 - All The Stars.mp3,1,1,232.211,2026-08-29 18:33:38,2026-08-29 18:33:38
4,RadioTEDU Pop,/radio,configured_stream,51055,All the Things She Said,t.A.T.u.,,,,,,,214.44,H:\RadioTEDU Songs\Pop\t.A.T.u_\All the Things She Said.mp3,1,1,214.536,2026-08-29 11:23:18,2026-08-29 11:23:18
4,RadioTEDU Pop,/radio,configured_stream,51056,All the Things She Said (radio version),t.A.T.u.,,,,,,,214.436,H:\RadioTEDU Songs\Pop\t.A.T.u_\All the Things She Said\01 All the Things She Said (radio version).flac,1,1,211.872,2026-08-29 03:56:29,2026-08-29 03:56:29
4,RadioTEDU Pop,/radio,configured_stream,50992,Am I Wrong,Nico & Vinz,,,,,,,245.867,H:\RadioTEDU Songs\Pop\Nico & Vinz\Black Star Elephant\02 Am I Wrong.flac,1,1,242.997,2026-08-29 07:26:02,2026-08-29 07:26:02
4,RadioTEDU Pop,/radio,configured_stream,50752,Angel (Remastered 2019),,,,,,,,382.667,H:\RadioTEDU Songs\Pop\077 - Angel (Remastered 2019).mp3,1,1,383.101,2026-08-29 08:36:00,2026-08-29 08:36:00
4,RadioTEDU Pop,/radio,configured_stream,50895,Animal,KATSEYE,,,,,,,158.494,H:\RadioTEDU Songs\Pop\KATSEYE\Animal\01 Animal.flac,1,1,157.127,2026-08-29 06:32:42,2026-08-29 06:32:42
4,RadioTEDU Pop,/radio,configured_stream,50978,Animals,Maroon 5,,,,,,,230.92,H:\RadioTEDU Songs\Pop\Maroon 5\V\02 Maroon 5 - Animals.flac,1,1,231.616,2026-08-29 17:51:46,2026-08-29 17:51:46
4,RadioTEDU Pop,/radio,configured_stream,51027,APT.,ROSÉ & Bruno Mars,,,,,,,173.383,H:\RadioTEDU Songs\Pop\ROSÉ\rosie\06 ROSÉ & Bruno Mars - APT..flac,1,1,173.309,2026-08-29 12:22:01,2026-08-29 12:22:01
4,RadioTEDU Pop,/radio,configured_stream,51028,APT.,ROSÉ & Bruno Mars,,,,,,,173.383,H:\RadioTEDU Songs\Pop\ROSÉ\rosie\06 ROSÉ & Bruno Mars - APT..mp3,1,1,172.446,2026-08-29 15:54:57,2026-08-29 15:54:57
4,RadioTEDU Pop,/radio,configured_stream,50880,Arcade,John Coldrain ft. Franco Carter,,,,,,,148.092,H:\RadioTEDU Songs\Pop\John Coldrain\Future Thoughts\02 John Coldrain ft. Franco Carter - Arcade.flac,1,1,145.381,2026-08-29 11:16:31,2026-08-29 11:16:31
4,RadioTEDU Pop,/radio,configured_stream,50827,Babydoll,Dominic Fike,,,,,,,97.96,"H:\RadioTEDU Songs\Pop\Dominic Fike\Don’t Forget About Me, Demos\03 Babydoll.flac",1,1,98.381,2026-08-29 02:38:20,2026-08-29 02:38:20
4,RadioTEDU Pop,/radio,configured_stream,51051,back to friends,sombr,,,,,,,199.032,H:\RadioTEDU Songs\Pop\sombr\I Barely Know Her\04 back to friends.flac,1,1,196.389,2026-08-29 10:23:27,2026-08-29 10:23:27
4,RadioTEDU Pop,/radio,configured_stream,50790,Backseat,Balu Brigada,,,,,,,383.4,H:\RadioTEDU Songs\Pop\Balu Brigada\Backseat\01 Backseat.flac,1,1,383.897,2026-08-29 14:25:13,2026-08-29 14:25:13
4,RadioTEDU Pop,/radio,configured_stream,50973,bad enough,Madison Beer,,,,,,,222.513,H:\RadioTEDU Songs\Pop\Madison Beer\locket\05 bad enough.flac,1,1,223.446,2026-08-29 00:48:15,2026-08-29 00:48:15
4,RadioTEDU Pop,/radio,configured_stream,50778,Bang Bang,Jessie J + Ariana Grande + Nicki Minaj,,,,,,,199.32,H:\RadioTEDU Songs\Pop\Ariana Grande\My Everything\13 Jessie J + Ariana Grande + Nicki Minaj - Bang Bang.flac,1,1,196.571,2026-08-29 16:17:18,2026-08-29 16:17:18
4,RadioTEDU Pop,/radio,configured_stream,50878,Bang Bang,"Jessie J, Ariana Grande & Nicki Minaj",,,,,,,199.32,"H:\RadioTEDU Songs\Pop\Jessie J, Ariana Grande & Nicki Minaj\Bang Bang.mp3",1,1,196.426,2026-08-29 00:20:01,2026-08-29 00:20:01
4,RadioTEDU Pop,/radio,configured_stream,50841,Be Her,Ella Langley,,,,,,,217.24,H:\RadioTEDU Songs\Pop\Ella Langley\Dandelion\06 Ella Langley - Be Her.flac,1,1,214.838,2026-08-29 16:58:14,2026-08-29 16:58:14
4,RadioTEDU Pop,/radio,configured_stream,50984,Been By Now,Morgan Wallen,,,,,,,213.806,H:\RadioTEDU Songs\Pop\Morgan Wallen\Been By Now\01 Been By Now.flac,1,1,212.972,2026-08-29 18:13:30,2026-08-29 18:13:30
4,RadioTEDU Pop,/radio,configured_stream,50865,Believer,Imagine Dragons,,,,,,,204.347,H:\RadioTEDU Songs\Pop\Imagine Dragons\Believer.mp3,1,1,205.405,2026-08-29 05:27:38,2026-08-29 05:27:38
4,RadioTEDU Pop,/radio,configured_stream,50814,Big Strong Man,Cavetown,,,,,,,229.682,H:\RadioTEDU Songs\Pop\Cavetown\Big Strong Man\01 Big Strong Man.flac,1,1,227.801,2026-08-29 06:49:55,2026-08-29 06:49:55
4,RadioTEDU Pop,/radio,configured_stream,50738,Bloody Mary,Lady Gaga,,,,,,,244.76,H:\RadioTEDU Songs\Pop\019 - Bloody Mary.mp3,1,1,245.32,2026-08-29 06:15:46,2026-08-29 06:15:46
4,RadioTEDU Pop,/radio,configured_stream,47349,Bloody Mary Wednesday Soner Karaca Remix,Lady Gaga,,,,,,,197.01,H:\RadioTEDU Songs\Pop\NA - Lady_Gaga_-_Bloody_Mary_Wednesday_Soner_Karaca_Remix.flac,1,1,194.085,2026-08-29 02:51:42,2026-08-29 02:51:42
4,RadioTEDU Pop,/radio,configured_stream,51053,Boston,STELLA LEFTY,,,,,,,170.859,H:\RadioTEDU Songs\Pop\STELLA LEFTY\Boston\01 Boston.flac,1,1,168.217,2026-08-29 12:48:21,2026-08-29 12:48:21
4,RadioTEDU Pop,/radio,configured_stream,51023,Breakin' Dishes,Rihanna,,,,,,,200.574,H:\RadioTEDU Songs\Pop\Rihanna\Good Girl Gone Bad_ Reloaded\04 Rihanna - Breakin' Dishes.flac,1,1,200.031,2026-08-29 11:26:54,2026-08-29 11:26:54
4,RadioTEDU Pop,/radio,configured_stream,50746,Bye Bye Bye,,,,,,,,200.4,H:\RadioTEDU Songs\Pop\060 - Bye Bye Bye.mp3,1,1,197.758,2026-08-29 00:44:30,2026-08-29 00:44:30
4,RadioTEDU Pop,/radio,configured_stream,50900,California Gurls,Katy Perry feat. Snoop Dogg,,,,,,,233.918,H:\RadioTEDU Songs\Pop\Katy Perry feat. Snoop Dogg\California Gurls.mp3,1,1,233.978,2026-08-29 05:56:59,2026-08-29 05:56:59
4,RadioTEDU Pop,/radio,configured_stream,50771,Can You Imagine?,African Children's Choir,,,,,,,192.017,H:\RadioTEDU Songs\Pop\African Children's Choir\Gifts of Love\08 Can You Imagine_.mp3,1,1,189.058,2026-08-29 12:25:17,2026-08-29 12:25:17
4,RadioTEDU Pop,/radio,configured_stream,51078,Can’t Feel My Face,The Weeknd,,,,,,,213.52,H:\RadioTEDU Songs\Pop\The Weeknd\Beauty Behind the Madness\07 The Weeknd - Can’t Feel My Face.flac,1,1,210.663,2026-08-29 11:00:03,2026-08-29 11:00:03
4,RadioTEDU Pop,/radio,configured_stream,50890,CAN’T STOP THE FEELING! (original song from DreamWorks Animation’s “TROLLS”),Justin Timberlake,,,,,,,236.002,H:\RadioTEDU Songs\Pop\Justin Timberlake\CAN’T STOP THE FEELING!\01 CAN’T STOP THE FEELING! (original song from DreamWorks Animation’s “TROLLS”).flac,1,1,235.953,2026-08-29 09:20:44,2026-08-29 09:20:44
4,RadioTEDU Pop,/radio,configured_stream,51097,CHANEL,Tyla,,,,,,,189.44,H:\RadioTEDU Songs\Pop\Tyla\CHANEL.mp3,1,1,186.65,2026-08-29 12:15:38,2026-08-29 12:15:38
4,RadioTEDU Pop,/radio,configured_stream,51098,CHANEL,Tyla,,,,,,,189.44,H:\RadioTEDU Songs\Pop\Tyla\CHANEL\01 CHANEL.flac,1,1,186.519,2026-08-29 08:39:16,2026-08-29 08:39:16
4,RadioTEDU Pop,/radio,configured_stream,50782,Choose Your Fighter,Ava Max,,,,,,,137.514,H:\RadioTEDU Songs\Pop\Ava Max\Choose Your Fighter.mp3,1,1,135.801,2026-08-29 09:36:14,2026-08-29 09:36:14
4,RadioTEDU Pop,/radio,configured_stream,50972,closer to heaven,Madelline,,,,,,,175.624,H:\RadioTEDU Songs\Pop\Madelline\closer to heaven\01 closer to heaven.flac,1,1,172.89,2026-08-29 04:59:51,2026-08-29 04:59:51
4,RadioTEDU Pop,/radio,configured_stream,51062,Come Together,The Beatles,,,,,,,259.947,H:\RadioTEDU Songs\Pop\The Beatles\Abbey Road\01 Come Together.flac,1,1,259.943,2026-08-29 01:05:48,2026-08-29 01:05:48
4,RadioTEDU Pop,/radio,configured_stream,50884,Cosmic Dust,John Coldrain ft. Franco Carter,,,,,,,205.34,H:\RadioTEDU Songs\Pop\John Coldrain\Future Thoughts\06 John Coldrain ft. Franco Carter - Cosmic Dust.flac,1,1,202.412,2026-08-29 05:19:44,2026-08-29 05:19:44
4,RadioTEDU Pop,/radio,configured_stream,44942,cult leader,daisy angel,,,,,,,114.01,H:\RadioTEDU Songs\Pop\daisy angel - cult leader.flac,1,1,114.07,2026-08-29 16:10:21,2026-08-29 16:10:21
4,RadioTEDU Pop,/radio,configured_stream,50792,Damage,Bazanji,,,,,,,166.08,H:\RadioTEDU Songs\Pop\Bazanji\Damage\01 Damage.mp3,1,1,164.998,2026-08-29 10:33:11,2026-08-29 10:33:11
4,RadioTEDU Pop,/radio,configured_stream,50852,Damn Your Eyes,Etta James,,,,,,,251.333,H:\RadioTEDU Songs\Pop\Etta James\Seven Year Itch\05 Damn Your Eyes.flac,1,1,251.67,2026-08-29 17:05:47,2026-08-29 17:05:47
4,RadioTEDU Pop,/radio,configured_stream,50734,Dancing Queen,ABBA,,,,,,,230.4,H:\RadioTEDU Songs\Pop\008 - Dancing Queen.mp3,1,1,227.611,2026-08-29 07:57:17,2026-08-29 07:57:17
4,RadioTEDU Pop,/radio,configured_stream,50740,Determinate,Bridgit Mendler feat. Adam Hicks,,,,,,,198.107,H:\RadioTEDU Songs\Pop\022 - Determinate (From ＂Lemonade Mouth＂).mp3,1,1,196.001,2026-08-29 12:09:41,2026-08-29 12:09:41
4,RadioTEDU Pop,/radio,configured_stream,51018,Diamonds,Rihanna,,,,,,,225.147,H:\RadioTEDU Songs\Pop\Rihanna\Diamonds.mp3,1,1,222.377,2026-08-29 09:16:49,2026-08-29 09:16:49
4,RadioTEDU Pop,/radio,configured_stream,51025,Diamonds,Rihanna,,,,,,,225.141,H:\RadioTEDU Songs\Pop\Rihanna\Greatest Hits\20 Rihanna - Diamonds.flac,1,1,222.343,2026-08-29 03:52:58,2026-08-29 03:52:58
4,RadioTEDU Pop,/radio,configured_stream,50957,Die With a Smile,Lady Gaga & Bruno Mars,,,,,,,251.668,H:\RadioTEDU Songs\Pop\Lady Gaga\MAYHEM\15 Lady Gaga & Bruno Mars - Die With a Smile.mp3,1,1,252.089,2026-08-29 11:54:00,2026-08-29 11:54:00
4,RadioTEDU Pop,/radio,configured_stream,50798,Diva,Beyoncé,,,,,,,200.613,H:\RadioTEDU Songs\Pop\Beyoncé\I Am… Sasha Fierce\11 Beyoncé - Diva.flac,1,1,201.01,2026-08-29 16:05:11,2026-08-29 16:05:11
4,RadioTEDU Pop,/radio,configured_stream,50816,Do It to It,Cherish feat. Sean Paul,,,,,,,223.434,H:\RadioTEDU Songs\Pop\Cherish\Unappreciated\02 Cherish feat. Sean Paul - Do It to It.flac,1,1,220.49,2026-08-29 02:10:46,2026-08-29 02:10:46
4,RadioTEDU Pop,/radio,configured_stream,52308,Do Nothin' Till You Hear From Me,Robbie Williams,,,,,,,178.059,H:\RadioTEDU Songs\Pop\Robbie Williams\Swing When You're Winning\04 Robbie Williams - Do Nothin' Till You Hear From Me.mp3,1,1,175.19,2026-08-29 08:19:44,2026-08-29 08:19:44
4,RadioTEDU Pop,/radio,configured_stream,51099,Dobro,Westside Cowboy,,,,,,,165.259,H:\RadioTEDU Songs\Pop\Westside Cowboy\Dobro\01 Dobro.flac,1,1,162.457,2026-08-29 11:38:48,2026-08-29 11:38:48
4,RadioTEDU Pop,/radio,configured_stream,51061,Don't Leave Me Here Alone,The Barrier Brothers,,,,,,,147.865,H:\RadioTEDU Songs\Pop\The Barrier Brothers\Pickin' And Singin'\10 Don't Leave Me Here Alone.mp3,1,1,147.889,2026-08-29 17:26:54,2026-08-29 17:26:54
4,RadioTEDU Pop,/radio,configured_stream,51019,Don’t Stop the Music,Rihanna,,,,,,,267.08,H:\RadioTEDU Songs\Pop\Rihanna\Don’t Stop the Music.mp3,1,1,265.01,2026-08-29 14:18:50,2026-08-29 14:18:50
4,RadioTEDU Pop,/radio,configured_stream,51022,Don’t Stop the Music,Rihanna,,,,,,,267.08,H:\RadioTEDU Songs\Pop\Rihanna\Good Girl Gone Bad_ Reloaded\03 Rihanna - Don’t Stop the Music.flac,1,1,264.114,2026-08-29 07:40:02,2026-08-29 07:40:02
4,RadioTEDU Pop,/radio,configured_stream,50756,Dracula,,,,,,,,205.309,H:\RadioTEDU Songs\Pop\084 - Dracula.mp3,1,1,202.457,2026-08-29 10:44:27,2026-08-29 10:44:27
4,RadioTEDU Pop,/radio,configured_stream,50961,Dreamer,Laufey,,,,,,,210.827,H:\RadioTEDU Songs\Pop\Laufey\Bewitched\01 Laufey - Dreamer.flac,1,1,210.674,2026-08-29 04:56:47,2026-08-29 04:56:47
4,RadioTEDU Pop,/radio,configured_stream,50993,Dying for Attention,"nothing,nowhere.",,,,,,,205.6,"H:\RadioTEDU Songs\Pop\nothing,nowhere_\Dying for Attention\01 Dying for Attention.flac",1,1,203.141,2026-08-29 04:34:03,2026-08-29 04:34:03
4,RadioTEDU Pop,/radio,configured_stream,51080,Easier Said Than Done,Thee Sacred Souls,,,,,,,173.353,H:\RadioTEDU Songs\Pop\Thee Sacred Souls\The Instrumentals\03 Easier Said Than Done.flac,1,1,173.152,2026-08-29 07:12:03,2026-08-29 07:12:03
4,RadioTEDU Pop,/radio,configured_stream,50988,Embrace It,Ndotz,,,,,,,104.618,H:\RadioTEDU Songs\Pop\Ndotz\Embrace It\01 Embrace It.flac,1,1,103.113,2026-08-29 01:20:31,2026-08-29 01:20:31
4,RadioTEDU Pop,/radio,configured_stream,50989,Embrace It,Ndotz,,,,,,,104.618,H:\RadioTEDU Songs\Pop\Ndotz\Embrace It\01 Embrace It.mp3,1,1,101.879,2026-08-29 13:54:01,2026-08-29 13:54:01
4,RadioTEDU Pop,/radio,configured_stream,50881,End of Time,John Coldrain ft. Downtown Binary,,,,,,,216.528,H:\RadioTEDU Songs\Pop\John Coldrain\Future Thoughts\03 John Coldrain ft. Downtown Binary - End of Time.flac,1,1,213.798,2026-08-29 10:27:01,2026-08-29 10:27:01
4,RadioTEDU Pop,/radio,configured_stream,50766,Escapism,,,,,,,,272.373,H:\RadioTEDU Songs\Pop\096 - Escapism..mp3,1,1,269.645,2026-08-29 05:24:13,2026-08-29 05:24:13
4,RadioTEDU Pop,/radio,configured_stream,51030,Espresso,Sabrina Carpenter,,,,,,,175.45,H:\RadioTEDU Songs\Pop\Sabrina Carpenter\Short n' Sweet\07 Espresso.flac,1,1,178.189,2026-08-29 00:03:08,2026-08-29 00:03:08
4,RadioTEDU Pop,/radio,configured_stream,51031,Espresso,Sabrina Carpenter,,,,,,,175.459,H:\RadioTEDU Songs\Pop\Sabrina Carpenter\Short n' Sweet\07 Espresso.mp3,1,1,173.599,2026-08-29 01:08:50,2026-08-29 01:08:50
4,RadioTEDU Pop,/radio,configured_stream,52317,Eternity (Orchestral version),Robbie Williams,,,,,,,335.812,H:\RadioTEDU Songs\Pop\Robbie Williams\Swing When You're Winning\21 Robbie Williams - Eternity (Orchestral version).mp3,1,1,335.903,2026-08-29 13:40:31,2026-08-29 13:40:31
4,RadioTEDU Pop,/radio,configured_stream,52319,Ev'ry Time We Say Goodbye,Robbie Williams,,,,,,,183.283,H:\RadioTEDU Songs\Pop\Robbie Williams\Swing When You're Winning\23 Robbie Williams - Ev'ry Time We Say Goodbye.mp3,1,1,183.486,2026-08-29 14:44:46,2026-08-29 14:44:46
4,RadioTEDU Pop,/radio,configured_stream,50788,Every Time I Close My Eyes,Babyface,,,,,,,298.713,H:\RadioTEDU Songs\Pop\Babyface\The Day\01 Every Time I Close My Eyes (1).flac,1,1,303.934,2026-08-29 06:02:19,2026-08-29 06:02:19
4,RadioTEDU Pop,/radio,configured_stream,50789,Every Time I Close My Eyes,Babyface,,,,,,,296.448,H:\RadioTEDU Songs\Pop\Babyface\The Day\01 Every Time I Close My Eyes.flac,1,1,295.116,2026-08-29 04:53:17,2026-08-29 04:53:17
4,RadioTEDU Pop,/radio,configured_stream,50743,Excess,,,,,,,,277.375,H:\RadioTEDU Songs\Pop\042 - Excess.mp3,1,1,277.693,2026-08-29 10:10:43,2026-08-29 10:10:43
4,RadioTEDU Pop,/radio,configured_stream,50758,FE!N,,,,,,,,191.701,H:\RadioTEDU Songs\Pop\086 - FE!N.mp3,1,1,188.815,2026-08-29 13:00:47,2026-08-29 13:00:47
4,RadioTEDU Pop,/radio,configured_stream,51092,FE!N,Travis Scott feat. Playboi Carti,,,,,,,191.701,H:\RadioTEDU Songs\Pop\Travis Scott\UTOPIA\1-08 Travis Scott feat. Playboi Carti - FE!N.mp3,1,1,195.726,2026-08-29 13:17:15,2026-08-29 13:17:15
4,RadioTEDU Pop,/radio,configured_stream,50762,Feel Good Inc,,,,,,,,222.64,H:\RadioTEDU Songs\Pop\090 - Feel Good Inc..mp3,1,1,223.075,2026-08-29 14:56:15,2026-08-29 14:56:15
4,RadioTEDU Pop,/radio,configured_stream,51083,FLOWERS,Tiffany Day,,,,,,,148.066,H:\RadioTEDU Songs\Pop\Tiffany Day\FLOWERS\01 FLOWERS.flac,1,1,151.081,2026-08-29 17:47:42,2026-08-29 17:47:42
4,RadioTEDU Pop,/radio,configured_stream,50742,Footloose,Kenny Loggins,,,,,,,226.827,H:\RadioTEDU Songs\Pop\024 - Footloose (From ＂Footloose＂ Soundtrack).mp3,1,1,224.418,2026-08-29 05:53:06,2026-08-29 05:53:06
4,RadioTEDU Pop,/radio,configured_stream,50815,For me... formidable,Charles Aznavour,,,,,,,143.587,H:\RadioTEDU Songs\Pop\Charles Aznavour\Qui _\01 For me... formidable.flac,1,1,143.41,2026-08-29 03:19:13,2026-08-29 03:19:13
4,RadioTEDU Pop,/radio,configured_stream,51048,Freedom Bus,Sheryl Crow feat. Jesse Welles,,,,,,,283.115,H:\RadioTEDU Songs\Pop\Sheryl Crow\Freedom Bus\01 Freedom Bus.flac,1,1,280.45,2026-08-29 09:33:58,2026-08-29 09:33:58
4,RadioTEDU Pop,/radio,configured_stream,50962,From the Start,Laufey,,,,,,,169.573,H:\RadioTEDU Songs\Pop\Laufey\Bewitched\10 Laufey - From the Start.flac,1,1,167.516,2026-08-29 06:22:10,2026-08-29 06:22:10
4,RadioTEDU Pop,/radio,configured_stream,50749,Fun.： We Are Young ft. Janelle Monáe,,,,,,,,252.25,H:\RadioTEDU Songs\Pop\063 - Fun.： We Are Young ft. Janelle Monáe [OFFICIAL VIDEO].mp3,1,1,253.259,2026-08-29 11:43:01,2026-08-29 11:43:01
4,RadioTEDU Pop,/radio,configured_stream,50818,Genie in a Bottle,Christina Aguilera,,,,,,,217.573,H:\RadioTEDU Songs\Pop\Christina Aguilera\Christina Aguilera_ Special Edition\01 Genie in a Bottle.flac,1,1,214.791,2026-08-29 03:16:50,2026-08-29 03:16:50
4,RadioTEDU Pop,/radio,configured_stream,50875,Get Right,Jennifer Lopez,,,,,,,225.533,H:\RadioTEDU Songs\Pop\Jennifer Lopez\Rebirth\01 Jennifer Lopez - Get Right.flac,1,1,224.288,2026-08-29 16:51:05,2026-08-29 16:51:05
4,RadioTEDU Pop,/radio,configured_stream,50899,GIMME GIMME,Katy Perry feat. 21 Savage,,,,,,,177.842,H:\RadioTEDU Songs\Pop\Katy Perry feat. 21 Savage\GIMME GIMME.mp3,1,1,177.847,2026-08-29 00:13:32,2026-08-29 00:13:32
4,RadioTEDU Pop,/radio,configured_stream,50901,GIMME GIMME,Katy Perry feat. 21 Savage,,,,,,,177.842,H:\RadioTEDU Songs\Pop\Katy Perry\143_ I Love You IRL\02 Katy Perry feat. 21 Savage - GIMME GIMME.flac,1,1,177.484,2026-08-29 13:14:00,2026-08-29 13:14:00
4,RadioTEDU Pop,/radio,configured_stream,50748,Girls Just Want to Have Fun,,,,,,,,238.267,H:\RadioTEDU Songs\Pop\062 - Girls Just Want to Have Fun.mp3,1,1,238.164,2026-08-29 18:09:51,2026-08-29 18:09:51
4,RadioTEDU Pop,/radio,configured_stream,50850,Godzilla,Eminem feat. Juice WRLD,,,,,,,210.791,H:\RadioTEDU Songs\Pop\Eminem\Music to Be Murdered By\07 Eminem feat. Juice WRLD - Godzilla.flac,1,1,211.304,2026-08-29 10:00:36,2026-08-29 10:00:36
4,RadioTEDU Pop,/radio,configured_stream,50847,Godzilla,Eminem ft. Juice WRLD,,,,,,,210.8,H:\RadioTEDU Songs\Pop\Eminem ft. Juice WRLD\Godzilla.mp3,1,1,210.615,2026-08-29 06:19:16,2026-08-29 06:19:16
4,RadioTEDU Pop,/radio,configured_stream,50829,God’s Plan,Drake,,,,,,,198.972,H:\RadioTEDU Songs\Pop\Drake\Scorpion\1-05 Drake - God’s Plan.flac,1,1,199.188,2026-08-29 11:07:04,2026-08-29 11:07:04
4,RadioTEDU Pop,/radio,configured_stream,50830,God’s Plan,Drake,,,,,,,198.973,H:\RadioTEDU Songs\Pop\Drake\Scorpion\1-05 Drake - God’s Plan.mp3,1,1,199.083,2026-08-29 10:30:20,2026-08-29 10:30:20
4,RadioTEDU Pop,/radio,configured_stream,51057,greedy,Tate McRae,,,,,,,129.687,H:\RadioTEDU Songs\Pop\Tate McRae\greedy.mp3,1,1,128.38,2026-08-29 02:23:07,2026-08-29 02:23:07
4,RadioTEDU Pop,/radio,configured_stream,50812,Grenade,Bruno Mars,,,,,,,222.091,H:\RadioTEDU Songs\Pop\Bruno Mars\Doo-Wops & Hooligans\01 Bruno Mars - Grenade.flac,1,1,219.218,2026-08-29 03:02:48,2026-08-29 03:02:48
4,RadioTEDU Pop,/radio,configured_stream,50796,Halo,Beyoncé,,,,,,,261.64,H:\RadioTEDU Songs\Pop\Beyoncé\Halo.mp3,1,1,258.862,2026-08-29 13:34:56,2026-08-29 13:34:56
4,RadioTEDU Pop,/radio,configured_stream,50797,Halo,Beyoncé,,,,,,,261.642,H:\RadioTEDU Songs\Pop\Beyoncé\Halo\01 Halo.flac,1,1,262.419,2026-08-29 04:09:20,2026-08-29 04:09:20
4,RadioTEDU Pop,/radio,configured_stream,52304,Hard to Say I'm Sorry,David Foster,,,,,,,274.333,H:\RadioTEDU Songs\Pop\David Foster\Rechordings\09 Hard to Say I'm Sorry.flac,1,1,273.31,2026-08-29 12:29:50,2026-08-29 12:29:50
4,RadioTEDU Pop,/radio,configured_stream,51086,He Wasn’t Man Enough,Toni Braxton,,,,,,,261.933,H:\RadioTEDU Songs\Pop\Toni Braxton\The Heat\01 Toni Braxton - He Wasn’t Man Enough.flac,1,1,260.406,2026-08-29 17:13:03,2026-08-29 17:13:03
4,RadioTEDU Pop,/radio,configured_stream,50823,Heart Attack,Demi Lovato,,,,,,,210.837,H:\RadioTEDU Songs\Pop\Demi Lovato\Heart Attack\01 Heart Attack.flac,1,1,209.895,2026-08-29 06:58:29,2026-08-29 06:58:29
4,RadioTEDU Pop,/radio,configured_stream,50824,Heartattack,Demi Lovato,,,,,,,210.84,H:\RadioTEDU Songs\Pop\Demi Lovato\Heartattack.mp3,1,1,210.829,2026-08-29 13:06:46,2026-08-29 13:06:46
4,RadioTEDU Pop,/radio,configured_stream,50857,Heat Waves,Glass Animals,,,,,,,238.817,H:\RadioTEDU Songs\Pop\Glass Animals\Dreamland\14 Glass Animals - Heat Waves.flac,1,1,239.63,2026-08-29 03:13:09,2026-08-29 03:13:09
4,RadioTEDU Pop,/radio,configured_stream,51063,Here Comes the Sun,The Beatles,,,,,,,185.733,H:\RadioTEDU Songs\Pop\The Beatles\Abbey Road\07 Here Comes the Sun.flac,1,1,185.835,2026-08-29 01:15:45,2026-08-29 01:15:45
4,RadioTEDU Pop,/radio,configured_stream,51008,Hey Baby (Drop It to the Floor),Pitbull feat. T‐Pain,,,,,,,235.903,H:\RadioTEDU Songs\Pop\Pitbull\Planet Pit\04 Pitbull feat. T‐Pain - Hey Baby (Drop It to the Floor).flac,1,1,233.757,2026-08-29 15:44:30,2026-08-29 15:44:30
4,RadioTEDU Pop,/radio,configured_stream,51041,Hips Don't Lie,Shakira feat. Wyclef Jean,,,,,,,218.21,"H:\RadioTEDU Songs\Pop\Shakira\Oral Fixation, Vol. 2\03 Shakira feat. Wyclef Jean - Hips Don't Lie (1).flac",1,1,217.573,2026-08-29 06:05:59,2026-08-29 06:05:59
4,RadioTEDU Pop,/radio,configured_stream,51042,Hips Don't Lie,Shakira feat. Wyclef Jean,,,,,,,220.357,"H:\RadioTEDU Songs\Pop\Shakira\Oral Fixation, Vol. 2\03 Shakira feat. Wyclef Jean - Hips Don't Lie.flac",1,1,217.581,2026-08-29 02:45:05,2026-08-29 02:45:05
4,RadioTEDU Pop,/radio,configured_stream,51043,Hips Don't Lie,Shakira feat. Wyclef Jean,,,,,,,220.36,"H:\RadioTEDU Songs\Pop\Shakira\Oral Fixation, Vol. 2\03 Shakira feat. Wyclef Jean - Hips Don't Lie.mp3",1,1,217.783,2026-08-29 08:10:41,2026-08-29 08:10:41
4,RadioTEDU Pop,/radio,configured_stream,51068,Ho Hey,The Lumineers,,,,,,,163.133,H:\RadioTEDU Songs\Pop\The Lumineers\The Lumineers\05 Ho Hey.flac,1,1,160.304,2026-08-29 01:18:48,2026-08-29 01:18:48
4,RadioTEDU Pop,/radio,configured_stream,50898,Hootie Frutti,KATSEYE,,,,,,,140.72,H:\RadioTEDU Songs\Pop\KATSEYE\WILD\03 Hootie Frutti.flac,1,1,140.594,2026-08-29 18:29:39,2026-08-29 18:29:39
4,RadioTEDU Pop,/radio,configured_stream,50831,Houdini,Dua Lipa,,,,,,,185.918,H:\RadioTEDU Songs\Pop\Dua Lipa\Houdini.mp3,1,1,183.128,2026-08-29 03:05:51,2026-08-29 03:05:51
4,RadioTEDU Pop,/radio,configured_stream,50833,Houdini,Dua Lipa,,,,,,,185.922,H:\RadioTEDU Songs\Pop\Dua Lipa\Radical Optimism\02 Houdini.flac,1,1,182.975,2026-08-29 08:07:03,2026-08-29 08:07:03
4,RadioTEDU Pop,/radio,configured_stream,50848,Houdini,Eminem,,,,,,,227.3,H:\RadioTEDU Songs\Pop\Eminem\Houdini\01 Houdini.flac,1,1,227.267,2026-08-29 18:19:57,2026-08-29 18:19:57
4,RadioTEDU Pop,/radio,configured_stream,50849,Houdini,Eminem,,,,,,,227.3,H:\RadioTEDU Songs\Pop\Eminem\Houdini\01 Houdini.mp3,1,1,227.017,2026-08-29 12:41:08,2026-08-29 12:41:08
4,RadioTEDU Pop,/radio,configured_stream,51005,I Can’t Wait,Phoebe Bridgers,,,,,,,217.205,H:\RadioTEDU Songs\Pop\Phoebe Bridgers\Lost Weekend\14 I Can’t Wait (1).flac,1,1,216.314,2026-08-29 14:38:25,2026-08-29 14:38:25
4,RadioTEDU Pop,/radio,configured_stream,51006,I Can’t Wait,Phoebe Bridgers,,,,,,,217.205,H:\RadioTEDU Songs\Pop\Phoebe Bridgers\Lost Weekend\14 I Can’t Wait.flac,1,1,217.041,2026-08-29 17:59:06,2026-08-29 17:59:06
4,RadioTEDU Pop,/radio,configured_stream,50969,I Don't Need,Lily Locksmith,,,,,,,151.723,H:\RadioTEDU Songs\Pop\Lily Locksmith\I Don't Need\01 I Don't Need.mp3,1,1,149.83,2026-08-29 13:56:31,2026-08-29 13:56:31
4,RadioTEDU Pop,/radio,configured_stream,51100,I Forgot to Be Your Lover,William Bell,,,,,,,138.96,H:\RadioTEDU Songs\Pop\William Bell\The Very Best of William Bell\11 William Bell - I Forgot to Be Your Lover.flac,1,1,137.022,2026-08-29 10:13:15,2026-08-29 10:13:15
4,RadioTEDU Pop,/radio,configured_stream,50985,I Got Better,Morgan Wallen,,,,,,,204.964,H:\RadioTEDU Songs\Pop\Morgan Wallen\I’m the Problem\02 Morgan Wallen - I Got Better.flac,1,1,202.251,2026-08-29 01:40:04,2026-08-29 01:40:04
4,RadioTEDU Pop,/radio,configured_stream,51064,I Gotta Feeling,The Black Eyed Peas,,,,,,,289.133,H:\RadioTEDU Songs\Pop\The Black Eyed Peas\I Gotta Feeling.mp3,1,1,288.642,2026-08-29 15:26:50,2026-08-29 15:26:50
4,RadioTEDU Pop,/radio,configured_stream,51066,I Gotta Feeling,The Black Eyed Peas,,,,,,,289.135,H:\RadioTEDU Songs\Pop\The Black Eyed Peas\The E•N•D\1-05 I Gotta Feeling.flac,1,1,286.409,2026-08-29 16:47:21,2026-08-29 16:47:21
4,RadioTEDU Pop,/radio,configured_stream,50813,I Just Might,Bruno Mars,,,,,,,212.974,H:\RadioTEDU Songs\Pop\Bruno Mars\The Romantic\03 I Just Might.flac,1,1,211.483,2026-08-29 18:02:52,2026-08-29 18:02:52
4,RadioTEDU Pop,/radio,configured_stream,50998,I Like U,One Track Mind,,,,,,,192.61,H:\RadioTEDU Songs\Pop\One Track Mind\I Like U\01 I Like U.mp3,1,1,192.682,2026-08-29 02:48:17,2026-08-29 02:48:17
4,RadioTEDU Pop,/radio,configured_stream,51073,I Love You So,The Walters,,,,,,,160.24,H:\RadioTEDU Songs\Pop\The Walters\Songs For Dads\01 I Love You So.mp3,1,1,164.634,2026-08-29 09:50:51,2026-08-29 09:50:51
4,RadioTEDU Pop,/radio,configured_stream,50775,I Miss You the Most,Andy Griggs,,,,,,,183.252,H:\RadioTEDU Songs\Pop\Andy Griggs\You Won't Ever Be Lonely\03 I Miss You the Most.mp3,1,1,183.212,2026-08-29 11:29:57,2026-08-29 11:29:57
4,RadioTEDU Pop,/radio,configured_stream,51104,I Still Dream of You,Yea‐Ming and The Rumours,,,,,,,219.605,"H:\RadioTEDU Songs\Pop\Yea‐Ming and The Rumours\So, Bird.._\10 I Still Dream of You.mp3",1,1,218.872,2026-08-29 17:55:28,2026-08-29 17:55:28
4,RadioTEDU Pop,/radio,configured_stream,50733,I Wanna Dance with Somebody (Who Loves Me),Whitney Houston,,,,,,,291.293,H:\RadioTEDU Songs\Pop\007 - I Wanna Dance with Somebody (Who Loves Me).mp3,1,1,288.37,2026-08-29 10:49:15,2026-08-29 10:49:15
4,RadioTEDU Pop,/radio,configured_stream,52315,I Will Talk and Hollywood Will Listen,Robbie Williams,,,,,,,197.755,H:\RadioTEDU Songs\Pop\Robbie Williams\Swing When You're Winning\15 Robbie Williams - I Will Talk and Hollywood Will Listen.mp3,1,1,196.177,2026-08-29 13:30:33,2026-08-29 13:30:33
4,RadioTEDU Pop,/radio,configured_stream,50965,I Wish You Love,Laufey,,,,,,,155.139,H:\RadioTEDU Songs\Pop\Laufey\Typical of Me\04 I Wish You Love.flac,1,1,155.146,2026-08-29 11:32:32,2026-08-29 11:32:32
4,RadioTEDU Pop,/radio,configured_stream,51033,I Wish You Love,Sam Cooke,,,,,,,145.125,H:\RadioTEDU Songs\Pop\Sam Cooke\Mr. Soul\01 I Wish You Love.flac,1,1,142.763,2026-08-29 01:58:51,2026-08-29 01:58:51
4,RadioTEDU Pop,/radio,configured_stream,50804,If U Seek Amy,Britney Spears,,,,,,,216.52,H:\RadioTEDU Songs\Pop\Britney Spears\Circus\1-06 If U Seek Amy.flac,1,1,213.587,2026-08-29 05:40:21,2026-08-29 05:40:21
4,RadioTEDU Pop,/radio,configured_stream,51000,In the Air Tonight,Phil Collins,,,,,,,335.973,H:\RadioTEDU Songs\Pop\Phil Collins\Face Value\01 In the Air Tonight.flac,1,1,334.731,2026-08-29 13:48:50,2026-08-29 13:48:50
4,RadioTEDU Pop,/radio,configured_stream,50781,In The Middle,Austin Burke,,,,,,,154.552,H:\RadioTEDU Songs\Pop\Austin Burke\In The Middle\01 In The Middle.flac,1,1,152.817,2026-08-29 15:15:32,2026-08-29 15:15:32
4,RadioTEDU Pop,/radio,configured_stream,50793,Irreplaceable,Beyoncé,,,,,,,227.667,H:\RadioTEDU Songs\Pop\Beyoncé\B’Day (deluxe edition)\02 Beyoncé - Irreplaceable.flac,1,1,228.89,2026-08-29 07:50:46,2026-08-29 07:50:46
4,RadioTEDU Pop,/radio,configured_stream,50745,IYDKMIGTHTKY (Gimme That),,,,,,,,380.24,H:\RadioTEDU Songs\Pop\044 - IYDKMIGTHTKY (Gimme That).mp3,1,1,377.395,2026-08-29 02:36:42,2026-08-29 02:36:42
4,RadioTEDU Pop,/radio,configured_stream,50822,Just Fine,David Ruis,,,,,,,230.688,H:\RadioTEDU Songs\Pop\David Ruis\Sweet Mercies\04 Just Fine.flac,1,1,230.901,2026-08-29 09:48:06,2026-08-29 09:48:06
4,RadioTEDU Pop,/radio,configured_stream,51003,Kill Me,Phoebe Bridgers,,,,,,,281.544,H:\RadioTEDU Songs\Pop\Phoebe Bridgers\Lost Weekend\03 Kill Me.flac,1,1,281.627,2026-08-29 12:03:37,2026-08-29 12:03:37
4,RadioTEDU Pop,/radio,configured_stream,50892,Killin’ It Girl,j-hope feat. GloRilla,,,,,,,148.724,H:\RadioTEDU Songs\Pop\j‐hope\Killin’ It Girl\01 j-hope feat. GloRilla - Killin’ It Girl.flac,1,1,149.732,2026-08-29 05:16:11,2026-08-29 05:16:11
4,RadioTEDU Pop,/radio,configured_stream,50893,Killin’ It Girl,j-hope feat. GloRilla,,,,,,,148.714,H:\RadioTEDU Songs\Pop\j‐hope\Killin’ It Girl\01 j-hope feat. GloRilla - Killin’ It Girl.mp3,1,1,149.612,2026-08-29 12:12:10,2026-08-29 12:12:10
4,RadioTEDU Pop,/radio,configured_stream,50783,Kings & Queens,Ava Max,,,,,,,162.399,H:\RadioTEDU Songs\Pop\Ava Max\Kings & Queens.mp3,1,1,159.65,2026-08-29 09:00:41,2026-08-29 09:00:41
4,RadioTEDU Pop,/radio,configured_stream,51013,Kiss,Prince,,,,,,,226.005,H:\RadioTEDU Songs\Pop\Prince\Parade - Music From the Motion Picture Under the Cherry Moon\10 Kiss.flac,1,1,224.575,2026-08-29 08:26:16,2026-08-29 08:26:16
4,RadioTEDU Pop,/radio,configured_stream,50987,La La La,Naughty Boy feat. Sam Smith,,,,,,,222.2,H:\RadioTEDU Songs\Pop\Naughty Boy\Hotel Cabana (deluxe version)\08 Naughty Boy feat. Sam Smith - La La La.flac,1,1,219.476,2026-08-29 10:56:33,2026-08-29 10:56:33
4,RadioTEDU Pop,/radio,configured_stream,50886,Leave (Get Out),JoJo,,,,,,,242.84,H:\RadioTEDU Songs\Pop\JoJo\JoJo\07 Leave (Get Out).flac,1,1,243.719,2026-08-29 16:01:42,2026-08-29 16:01:42
4,RadioTEDU Pop,/radio,configured_stream,52309,Let's Face the Music and Dance,Robbie Williams,,,,,,,161.366,H:\RadioTEDU Songs\Pop\Robbie Williams\Swing When You're Winning\06 Robbie Williams - Let's Face the Music and Dance.mp3,1,1,158.82,2026-08-29 12:06:21,2026-08-29 12:06:21
4,RadioTEDU Pop,/radio,configured_stream,50980,Let’s Get It On,Marvin Gaye,,,,,,,291.36,H:\RadioTEDU Songs\Pop\Marvin Gaye\Let’s Get It On\01 Let’s Get It On.flac,1,1,291.495,2026-08-29 15:51:55,2026-08-29 15:51:55
4,RadioTEDU Pop,/radio,configured_stream,51010,Let’s Go Crazy,Prince and The Revolution,,,,,,,279.616,H:\RadioTEDU Songs\Pop\Prince and The Revolution\Purple Rain\01 Let’s Go Crazy.flac,1,1,280.092,2026-08-29 00:52:55,2026-08-29 00:52:55
4,RadioTEDU Pop,/radio,configured_stream,50832,Levitating,Dua Lipa,,,,,,,203.808,H:\RadioTEDU Songs\Pop\Dua Lipa\Levitating.mp3,1,1,205.648,2026-08-29 17:38:12,2026-08-29 17:38:12
4,RadioTEDU Pop,/radio,configured_stream,50964,Like the Movies,Laufey,,,,,,,162.759,H:\RadioTEDU Songs\Pop\Laufey\Typical of Me\03 Like the Movies.flac,1,1,163.015,2026-08-29 13:27:06,2026-08-29 13:27:06
4,RadioTEDU Pop,/radio,configured_stream,50800,Like You,Bow Wow feat. Ciara,,,,,,,205.868,H:\RadioTEDU Songs\Pop\Bow Wow\Wanted\06 Bow Wow feat. Ciara - Like You.flac,1,1,205.823,2026-08-29 08:46:18,2026-08-29 08:46:18
4,RadioTEDU Pop,/radio,configured_stream,51014,Locked Away,R. City feat. Adam Levine,,,,,,,226.429,H:\RadioTEDU Songs\Pop\R. City\What Dreams Are Made Of\02 R. City feat. Adam Levine - Locked Away.flac,1,1,227.168,2026-08-29 08:03:53,2026-08-29 08:03:53
4,RadioTEDU Pop,/radio,configured_stream,50853,Lose a Friend,Evan Honer & Winyah,,,,,,,203.093,H:\RadioTEDU Songs\Pop\Evan Honer\Everything I Wanted (& more)\15 Evan Honer & Winyah - Lose a Friend.mp3,1,1,204.675,2026-08-29 16:54:30,2026-08-29 16:54:30
4,RadioTEDU Pop,/radio,configured_stream,51002,Lost Boys,Phoebe Bridgers,,,,,,,254.615,H:\RadioTEDU Songs\Pop\Phoebe Bridgers\Lost Weekend\02 Lost Boys.flac,1,1,258.606,2026-08-29 07:21:49,2026-08-29 07:21:49
4,RadioTEDU Pop,/radio,configured_stream,50773,Love Is a Losing Game,Amy Winehouse,,,,,,,154.16,H:\RadioTEDU Songs\Pop\Amy Winehouse\Back to Black\06 Love Is a Losing Game.flac,1,1,158.887,2026-08-29 14:52:31,2026-08-29 14:52:31
4,RadioTEDU Pop,/radio,configured_stream,50885,Love Me Again,John Newman,,,,,,,239.894,H:\RadioTEDU Songs\Pop\John Newman\Tribute\02 Love Me Again.flac,1,1,237.039,2026-08-29 05:11:14,2026-08-29 05:11:14
4,RadioTEDU Pop,/radio,configured_stream,50843,Love Me Like You Do,Ellie Goulding,,,,,,,253.52,H:\RadioTEDU Songs\Pop\Ellie Goulding\Love Me Like You Do.mp3,1,1,250.811,2026-08-29 10:37:22,2026-08-29 10:37:22
4,RadioTEDU Pop,/radio,configured_stream,50983,Love Me More,Mitski,,,,,,,212.661,H:\RadioTEDU Songs\Pop\Mitski\Laurel Hell\07 Love Me More.flac,1,1,209.855,2026-08-29 12:19:07,2026-08-29 12:19:07
4,RadioTEDU Pop,/radio,configured_stream,51038,Love You Like a Love Song,Selena Gomez & the Scene,,,,,,,188.453,H:\RadioTEDU Songs\Pop\Selena Gomez & the Scene\Love You Like a Love Song.mp3,1,1,188.775,2026-08-29 08:16:47,2026-08-29 08:16:47
4,RadioTEDU Pop,/radio,configured_stream,51039,Love You Like a Love Song,Selena Gomez & the Scene,,,,,,,188.067,H:\RadioTEDU Songs\Pop\Selena Gomez & the Scene\When the Sun Goes Down\01 Selena Gomez & the Scene - Love You Like a Love Song.flac,1,1,185.118,2026-08-29 00:16:45,2026-08-29 00:16:45
4,RadioTEDU Pop,/radio,configured_stream,50958,LoveGame,Lady Gaga,,,,,,,216.333,H:\RadioTEDU Songs\Pop\Lady Gaga\The Fame\02 Lady Gaga - LoveGame.flac,1,1,216.255,2026-08-29 08:42:52,2026-08-29 08:42:52
4,RadioTEDU Pop,/radio,configured_stream,50801,Lovey Dovey Kind of Love,Brenton Wood,,,,,,,125.64,H:\RadioTEDU Songs\Pop\Brenton Wood\Brenton Wood’s 18 Best\07 Lovey Dovey Kind of Love.flac,1,1,123.434,2026-08-29 03:24:40,2026-08-29 03:24:40
4,RadioTEDU Pop,/radio,configured_stream,52307,Mack the Knife,Robbie Williams,,,,,,,198.748,H:\RadioTEDU Songs\Pop\Robbie Williams\Swing When You're Winning\02 Robbie Williams - Mack the Knife.mp3,1,1,196.152,2026-08-29 12:37:21,2026-08-29 12:37:21
4,RadioTEDU Pop,/radio,configured_stream,50977,Maps,Maroon 5,,,,,,,190.267,H:\RadioTEDU Songs\Pop\Maroon 5\V\01 Maroon 5 - Maps.flac,1,1,190.282,2026-08-29 02:06:56,2026-08-29 02:06:56
4,RadioTEDU Pop,/radio,configured_stream,52305,Mary Jane vs Graeme Blevins.,RAYE w/ The Heritage Orchestra & Graeme Blevins,,,,,,,91.78,H:\RadioTEDU Songs\Pop\RAYE w_ The Heritage Orchestra\My 21st Century Symphony. (live at the Royal Albert Hall)\07 RAYE w_ The Heritage Orchestra & Graeme Blevins - Mary Jane vs Graeme Blevins..flac,1,1,93.179,2026-08-29 03:58:03,2026-08-29 03:58:03
4,RadioTEDU Pop,/radio,configured_stream,50795,"Me, Myself and I",Beyoncé,,,,,,,301.173,"H:\RadioTEDU Songs\Pop\Beyoncé\Dangerously in Love\06 Beyoncé - Me, Myself and I.flac",1,1,315.55,2026-08-29 15:12:48,2026-08-29 15:12:48
4,RadioTEDU Pop,/radio,configured_stream,51035,Medley: Try a Little Tenderness / (I Love You) For Sentimental Reasons / You Send Me,Sam Cooke,,,,,,,295.627,H:\RadioTEDU Songs\Pop\Sam Cooke\Sam Cooke at the Copa\06 Medley_ Try a Little Tenderness _ (I Love You) For Sentimental Reasons _ You Send Me.flac,1,1,292.906,2026-08-29 06:27:02,2026-08-29 06:27:02
4,RadioTEDU Pop,/radio,configured_stream,51108,MIDNIGHT PRETENDERS,亜蘭知子,,,,,,,345.267,H:\RadioTEDU Songs\Pop\亜蘭知子\浮遊空間\05 MIDNIGHT PRETENDERS.flac,1,1,345.207,2026-08-29 15:07:33,2026-08-29 15:07:33
4,RadioTEDU Pop,/radio,configured_stream,50891,Mirrors,Justin Timberlake,,,,,,,484.147,H:\RadioTEDU Songs\Pop\Justin Timberlake\The 20_20 Experience\09 Mirrors.flac,1,1,485.266,2026-08-29 15:34:56,2026-08-29 15:34:56
4,RadioTEDU Pop,/radio,configured_stream,50981,Missing You Now,Michael Bolton feat. Kenny G,,,,,,,265.985,"H:\RadioTEDU Songs\Pop\Michael Bolton\Time, Love & Tenderness\03 Michael Bolton feat. Kenny G - Missing You Now.flac",1,1,266.021,2026-08-29 16:33:45,2026-08-29 16:33:45
4,RadioTEDU Pop,/radio,configured_stream,50777,Moody Wind,Anthony Lazaro,,,,,,,192.261,H:\RadioTEDU Songs\Pop\Anthony Lazaro\Midnight Pilots\05 Moody Wind.flac,1,1,192.09,2026-08-29 03:09:03,2026-08-29 03:09:03
4,RadioTEDU Pop,/radio,configured_stream,50976,Moves Like Jagger,Maroon 5 feat. Christina Aguilera,,,,,,,201.493,H:\RadioTEDU Songs\Pop\Maroon 5\Hands All Over\13 Maroon 5 feat. Christina Aguilera - Moves Like Jagger.flac,1,1,205.19,2026-08-29 07:01:55,2026-08-29 07:01:55
4,RadioTEDU Pop,/radio,configured_stream,52311,Mr. Bojangles,Robbie Williams,,,,,,,197.833,H:\RadioTEDU Songs\Pop\Robbie Williams\Swing When You're Winning\09 Robbie Williams - Mr. Bojangles.mp3,1,1,194.992,2026-08-29 16:08:26,2026-08-29 16:08:26
4,RadioTEDU Pop,/radio,configured_stream,51072,My Girl,The Temptations,,,,,,,165.0,H:\RadioTEDU Songs\Pop\The Temptations\The Temptations Sing Smokey\03 My Girl.flac,1,1,166.781,2026-08-29 08:13:27,2026-08-29 08:13:27
4,RadioTEDU Pop,/radio,configured_stream,50784,My Oh My,Ava Max,,,,,,,156.155,H:\RadioTEDU Songs\Pop\Ava Max\My Oh My\01 My Oh My.flac,1,1,157.998,2026-08-29 15:57:38,2026-08-29 15:57:38
4,RadioTEDU Pop,/radio,configured_stream,50785,My Oh My,Ava Max,,,,,,,156.155,H:\RadioTEDU Songs\Pop\Ava Max\My Oh My\01 My Oh My.mp3,1,1,153.29,2026-08-29 13:43:16,2026-08-29 13:43:16
4,RadioTEDU Pop,/radio,configured_stream,52318,My Way,Robbie Williams,,,,,,,285.683,H:\RadioTEDU Songs\Pop\Robbie Williams\Swing When You're Winning\22 Robbie Williams - My Way.mp3,1,1,285.388,2026-08-29 01:01:25,2026-08-29 01:01:25
4,RadioTEDU Pop,/radio,configured_stream,51105,Need Someone,Zara Larsson,,,,,,,177.361,H:\RadioTEDU Songs\Pop\Zara Larsson\Poster Girl\03 Zara Larsson - Need Someone.flac,1,1,178.586,2026-08-29 02:41:28,2026-08-29 02:41:28
4,RadioTEDU Pop,/radio,configured_stream,50761,Nightcrawler,,,,,,,,321.553,H:\RadioTEDU Songs\Pop\089 - Nightcrawler.mp3,1,1,323.876,2026-08-29 15:01:47,2026-08-29 15:01:47
4,RadioTEDU Pop,/radio,configured_stream,50889,No Surprises,Juliana Chahayed,,,,,,,120.962,H:\RadioTEDU Songs\Pop\Juliana Chahayed\No Surprises\01 No Surprises.flac,1,1,118.083,2026-08-29 10:06:06,2026-08-29 10:06:06
4,RadioTEDU Pop,/radio,configured_stream,50854,NOBLE,F3miii,,,,,,,185.806,H:\RadioTEDU Songs\Pop\F3miii\NOBLE\01 NOBLE.flac,1,1,184.637,2026-08-29 04:12:34,2026-08-29 04:12:34
4,RadioTEDU Pop,/radio,configured_stream,50970,Not Afraid,Lontalius,,,,,,,199.211,H:\RadioTEDU Songs\Pop\Lontalius\How Can We Lose When We’re So Sincere_!\13 Not Afraid.mp3,1,1,196.284,2026-08-29 03:22:37,2026-08-29 03:22:37
4,RadioTEDU Pop,/radio,configured_stream,50856,Not Enough,Futuristic,,,,,,,146.453,H:\RadioTEDU Songs\Pop\Futuristic\The Rise\05 Futuristic - Not Enough.mp3,1,1,145.129,2026-08-29 01:49:49,2026-08-29 01:49:49
4,RadioTEDU Pop,/radio,configured_stream,51082,Oh No Now My,This Is Lorelei,,,,,,,188.454,H:\RadioTEDU Songs\Pop\This Is Lorelei\Oh No Now My\01 Oh No Now My.flac,1,1,185.812,2026-08-29 04:01:18,2026-08-29 04:01:18
4,RadioTEDU Pop,/radio,configured_stream,50967,Old Town Road (remix),Lil Nas X feat. Billy Ray Cyrus,,,,,,,157.06,H:\RadioTEDU Songs\Pop\Lil Nas X\7\01 Lil Nas X feat. Billy Ray Cyrus - Old Town Road (remix).flac,1,1,156.896,2026-08-29 02:25:44,2026-08-29 02:25:44
4,RadioTEDU Pop,/radio,configured_stream,50968,Old Town Road (remix),Lil Nas X feat. Billy Ray Cyrus,,,,,,,157.067,H:\RadioTEDU Songs\Pop\Lil Nas X\7\01 Lil Nas X feat. Billy Ray Cyrus - Old Town Road (remix).mp3,1,1,157.035,2026-08-29 08:22:21,2026-08-29 08:22:21
4,RadioTEDU Pop,/radio,configured_stream,50874,On the Floor,Jennifer Lopez & Pitbull,,,,,,,284.967,H:\RadioTEDU Songs\Pop\Jennifer Lopez\Love_\01 Jennifer Lopez & Pitbull - On the Floor.flac,1,1,285.368,2026-08-29 14:10:40,2026-08-29 14:10:40
4,RadioTEDU Pop,/radio,configured_stream,50873,On the Floor (radio edit),Jennifer Lopez & Pitbull,,,,,,,230.907,H:\RadioTEDU Songs\Pop\Jennifer Lopez & Pitbull\On the Floor (radio edit).mp3,1,1,228.028,2026-08-29 04:26:45,2026-08-29 04:26:45
4,RadioTEDU Pop,/radio,configured_stream,52313,One for My Baby,Robbie Williams,,,,,,,257.993,H:\RadioTEDU Songs\Pop\Robbie Williams\Swing When You're Winning\11 Robbie Williams - One for My Baby.mp3,1,1,257.956,2026-08-29 08:57:55,2026-08-29 08:57:55
4,RadioTEDU Pop,/radio,configured_stream,51026,Only Girl (in the World),Rihanna,,,,,,,235.497,H:\RadioTEDU Songs\Pop\Rihanna\Loud\05 Rihanna - Only Girl (in the World).flac,1,1,236.197,2026-08-29 03:49:06,2026-08-29 03:49:06
4,RadioTEDU Pop,/radio,configured_stream,50882,Parallel,John Coldrain ft. Franco Carter & Dr. Luv,,,,,,,137.938,H:\RadioTEDU Songs\Pop\John Coldrain\Future Thoughts\04 John Coldrain ft. Franco Carter & Dr. Luv - Parallel.flac,1,1,136.681,2026-08-29 15:17:49,2026-08-29 15:17:49
4,RadioTEDU Pop,/radio,configured_stream,50864,Party Ppl,Henny,,,,,,,168.078,"H:\RadioTEDU Songs\Pop\Henny\Get 'em Drunk, Volume 1\05 Party Ppl.mp3",1,1,168.068,2026-08-29 16:42:27,2026-08-29 16:42:27
4,RadioTEDU Pop,/radio,configured_stream,47320,Plastic Love,Mariya Takeuchi,,,,,,,296.589,H:\RadioTEDU Songs\Pop\Mariya Takeuchi - Plastic Love.flac,1,1,294.144,2026-08-29 02:03:46,2026-08-29 02:03:46
4,RadioTEDU Pop,/radio,configured_stream,50763,Poker Face,,,,,,,,237.2,H:\RadioTEDU Songs\Pop\092 - Poker Face.mp3,1,1,234.54,2026-08-29 01:29:29,2026-08-29 01:29:29
4,RadioTEDU Pop,/radio,configured_stream,50879,Polar,John Coldrain ft. Franco Carter,,,,,,,176.006,H:\RadioTEDU Songs\Pop\John Coldrain\Future Thoughts\01 John Coldrain ft. Franco Carter - Polar.flac,1,1,173.254,2026-08-29 07:15:03,2026-08-29 07:15:03
4,RadioTEDU Pop,/radio,configured_stream,51054,Polaroid,Syndrome,,,,,,,132.139,H:\RadioTEDU Songs\Pop\Syndrome\Wish You Well\02 Polaroid.mp3,1,1,129.328,2026-08-29 09:26:34,2026-08-29 09:26:34
4,RadioTEDU Pop,/radio,configured_stream,50887,Powerless,Judah & the Lion,,,,,,,212.064,H:\RadioTEDU Songs\Pop\Judah & the Lion\I AM A PRISM\08 Powerless.flac,1,1,212.014,2026-08-29 11:46:52,2026-08-29 11:46:52
4,RadioTEDU Pop,/radio,configured_stream,50971,pretty little wreck,LØLØ,,,,,,,118.027,H:\RadioTEDU Songs\Pop\LØLØ\pretty little wreck\01 pretty little wreck.flac,1,1,115.29,2026-08-29 05:49:21,2026-08-29 05:49:21
4,RadioTEDU Pop,/radio,configured_stream,50876,Price Tag,Jessie J feat. B.o.B,,,,,,,221.24,H:\RadioTEDU Songs\Pop\Jessie J feat. B.o.B\Price Tag\01 Price Tag.flac,1,1,225.048,2026-08-29 01:12:36,2026-08-29 01:12:36
4,RadioTEDU Pop,/radio,configured_stream,50877,Price Tag,Jessie J feat. B.o.B,,,,,,,221.24,H:\RadioTEDU Songs\Pop\Jessie J feat. B.o.B\Price Tag\01 Price Tag.mp3,1,1,221.501,2026-08-29 04:42:13,2026-08-29 04:42:13
4,RadioTEDU Pop,/radio,configured_stream,50990,Promiscuous,Nelly Furtado,,,,,,,242.927,H:\RadioTEDU Songs\Pop\Nelly Furtado\Loose\04 Promiscuous.flac,1,1,242.795,2026-08-29 12:33:53,2026-08-29 12:33:53
4,RadioTEDU Pop,/radio,configured_stream,51012,Purple Rain,Prince and The Revolution,,,,,,,521.555,H:\RadioTEDU Songs\Pop\Prince and The Revolution\Purple Rain\09 Purple Rain.flac,1,1,519.671,2026-08-29 00:32:12,2026-08-29 00:32:12
4,RadioTEDU Pop,/radio,configured_stream,50735,Rasputin,Boney M.,,,,,,,351.573,H:\RadioTEDU Songs\Pop\009 - Rasputin.mp3,1,1,349.341,2026-08-29 18:39:35,2026-08-29 18:39:35
4,RadioTEDU Pop,/radio,configured_stream,50820,REDRED,CORTIS,,,,,,,163.002,H:\RadioTEDU Songs\Pop\CORTIS\REDRED.mp3,1,1,162.92,2026-08-29 06:08:42,2026-08-29 06:08:42
4,RadioTEDU Pop,/radio,configured_stream,50821,REDRED,CORTIS,,,,,,,163.002,H:\RadioTEDU Songs\Pop\CORTIS\REDRED\01 REDRED.flac,1,1,160.263,2026-08-29 11:58:56,2026-08-29 11:58:56
4,RadioTEDU Pop,/radio,configured_stream,50862,Rich Girl,Gwen Stefani featuring Eve,,,,,,,236.681,H:\RadioTEDU Songs\Pop\Gwen Stefani\Love. Angel. Music. Baby_\02 Gwen Stefani featuring Eve - Rich Girl.flac,1,1,236.999,2026-08-29 00:00:09,2026-08-29 00:00:09
4,RadioTEDU Pop,/radio,configured_stream,51016,Right Here Waiting,Richard Marx,,,,,,,264.333,H:\RadioTEDU Songs\Pop\Richard Marx\Repeat Offender\05 Right Here Waiting.flac,1,1,261.48,2026-08-29 16:29:19,2026-08-29 16:29:19
4,RadioTEDU Pop,/radio,configured_stream,50772,Right Now (Na Na Na),Akon,,,,,,,240.747,H:\RadioTEDU Songs\Pop\Akon\Freedom\01 Akon - Right Now (Na Na Na).flac,1,1,240.545,2026-08-29 01:47:15,2026-08-29 01:47:15
4,RadioTEDU Pop,/radio,configured_stream,50855,Right Round,Flo Rida feat. Ke$ha,,,,,,,209.874,H:\RadioTEDU Songs\Pop\Flo Rida\R.O.O.T.S_\05 Flo Rida feat. Ke$ha - Right Round.flac,1,1,209.369,2026-08-29 02:20:55,2026-08-29 02:20:55
4,RadioTEDU Pop,/radio,configured_stream,50776,Robin Hood (Sarcastic Sounds Remix),Anson Seabra & Sarcastic Sounds,,,,,,,127.06,H:\RadioTEDU Songs\Pop\Anson Seabra\Robin Hood (Sarcastic Sounds Remix)\01 Robin Hood (Sarcastic Sounds Remix).mp3,1,1,134.13,2026-08-29 06:52:11,2026-08-29 06:52:11
4,RadioTEDU Pop,/radio,configured_stream,51065,Rock That Body,The Black Eyed Peas,,,,,,,268.84,H:\RadioTEDU Songs\Pop\The Black Eyed Peas\The E•N•D\1-02 Rock That Body.flac,1,1,268.774,2026-08-29 16:21:46,2026-08-29 16:21:46
4,RadioTEDU Pop,/radio,configured_stream,50844,Rocket Man (I Think It’s Going to Be a Long Long Time),Elton John,,,,,,,281.613,H:\RadioTEDU Songs\Pop\Elton John\Honky Château\05 Rocket Man (I Think It’s Going to Be a Long Long Time).flac,1,1,279.034,2026-08-29 09:13:07,2026-08-29 09:13:07
4,RadioTEDU Pop,/radio,configured_stream,51079,Running Away,Thee Sacred Souls,,,,,,,195.087,H:\RadioTEDU Songs\Pop\Thee Sacred Souls\Running Away\01 Running Away.flac,1,1,194.769,2026-08-29 16:39:38,2026-08-29 16:39:38
4,RadioTEDU Pop,/radio,configured_stream,50765,Running Up That Hill (A Deal With God) (2018 Remaster),,,,,,,,300.84,H:\RadioTEDU Songs\Pop\095 - Running Up That Hill (A Deal With God) (2018 Remaster).mp3,1,1,299.127,2026-08-29 14:49:52,2026-08-29 14:49:52
4,RadioTEDU Pop,/radio,configured_stream,50991,Say It Right,Nelly Furtado,,,,,,,223.08,H:\RadioTEDU Songs\Pop\Nelly Furtado\Loose\10 Say It Right.flac,1,1,223.032,2026-08-29 00:40:59,2026-08-29 00:40:59
4,RadioTEDU Pop,/radio,configured_stream,50759,SexyBack,,,,,,,,242.8,H:\RadioTEDU Songs\Pop\087 - SexyBack.mp3,1,1,239.978,2026-08-29 17:24:26,2026-08-29 17:24:26
4,RadioTEDU Pop,/radio,configured_stream,50870,She Knows,J. Cole feat. Amber Coffman & Cults,,,,,,,297.041,H:\RadioTEDU Songs\Pop\J. Cole\Born Sinner\08 J. Cole feat. Amber Coffman & Cults - She Knows.flac,1,1,296.898,2026-08-29 01:25:27,2026-08-29 01:25:27
4,RadioTEDU Pop,/radio,configured_stream,50768,She Looks So Perfect,5 Seconds of Summer,,,,,,,202.496,H:\RadioTEDU Songs\Pop\5 Seconds of Summer\5 Seconds of Summer\01 She Looks So Perfect.flac,1,1,199.693,2026-08-29 09:57:05,2026-08-29 09:57:05
4,RadioTEDU Pop,/radio,configured_stream,50755,She's My Collar (feat. Kali Uchis),,,,,,,,209.56,H:\RadioTEDU Songs\Pop\083 - She's My Collar (feat. Kali Uchis).mp3,1,1,209.466,2026-08-29 11:13:57,2026-08-29 11:13:57
4,RadioTEDU Pop,/radio,configured_stream,50869,Somebody Else,Isac Elliot,,,,,,,161.643,H:\RadioTEDU Songs\Pop\Isac Elliot\Somebody Else\01 Somebody Else.mp3,1,1,159.146,2026-08-29 03:42:34,2026-08-29 03:42:34
4,RadioTEDU Pop,/radio,configured_stream,50859,Somebody That I Used to Know,Gotye feat. Kimbra,,,,,,,243.891,H:\RadioTEDU Songs\Pop\Gotye\Making Mirrors\03 Gotye feat. Kimbra - Somebody That I Used to Know.flac,1,1,241.231,2026-08-29 06:46:08,2026-08-29 06:46:08
4,RadioTEDU Pop,/radio,configured_stream,50751,Somebody's Watching Me,,,,,,,,237.96,H:\RadioTEDU Songs\Pop\075 - Somebody's Watching Me.mp3,1,1,235.201,2026-08-29 03:32:26,2026-08-29 03:32:26
4,RadioTEDU Pop,/radio,configured_stream,50791,Someone to You,BANNERS,,,,,,,221.576,H:\RadioTEDU Songs\Pop\BANNERS\Where the Shadow Ends\03 BANNERS - Someone to You.flac,1,1,218.855,2026-08-29 04:04:57,2026-08-29 04:04:57
4,RadioTEDU Pop,/radio,configured_stream,50837,Spooky,Dusty Springfield,,,,,,,164.173,H:\RadioTEDU Songs\Pop\Dusty Springfield\Dusty… Definitely\16 Spooky.flac,1,1,167.041,2026-08-29 09:53:46,2026-08-29 09:53:46
4,RadioTEDU Pop,/radio,configured_stream,50786,Spot a Fake,Ava Max,,,,,,,167.288,H:\RadioTEDU Songs\Pop\Ava Max\Spot a Fake.mp3,1,1,164.939,2026-08-29 07:35:36,2026-08-29 07:35:36
4,RadioTEDU Pop,/radio,configured_stream,50888,"sry, i like u",Julia Alexa & Oui Lele,,,,,,,111.653,"H:\RadioTEDU Songs\Pop\Julia Alexa & Oui Lele\sry, i like u\01 sry, i like u.mp3",1,1,108.915,2026-08-29 17:28:51,2026-08-29 17:28:51
4,RadioTEDU Pop,/radio,configured_stream,51069,Stargazing,The Neighbourhood,,,,,,,217.027,H:\RadioTEDU Songs\Pop\The Neighbourhood\Chip Chrome & The Mono‐Tones\1-01 Stargazing.flac,1,1,214.139,2026-08-29 00:56:40,2026-08-29 00:56:40
4,RadioTEDU Pop,/radio,configured_stream,50883,Stars Aligned,John Coldrain ft. Virtua,,,,,,,171.041,H:\RadioTEDU Songs\Pop\John Coldrain\Future Thoughts\05 John Coldrain ft. Virtua - Stars Aligned.flac,1,1,168.079,2026-08-29 08:00:06,2026-08-29 08:00:06
4,RadioTEDU Pop,/radio,configured_stream,51040,Stay Asleep,Seth Power,,,,,,,224.171,H:\RadioTEDU Songs\Pop\Seth Power\Souvenir\12 Stay Asleep.mp3,1,1,225.339,2026-08-29 04:30:30,2026-08-29 04:30:30
4,RadioTEDU Pop,/radio,configured_stream,51045,Stitches,Shawn Mendes,,,,,,,206.88,H:\RadioTEDU Songs\Pop\Shawn Mendes\Handwritten\02 Shawn Mendes - Stitches.flac,1,1,205.147,2026-08-29 18:27:19,2026-08-29 18:27:19
4,RadioTEDU Pop,/radio,configured_stream,52310,Straighten Up and Fly Right,Robbie Williams,,,,,,,156.351,H:\RadioTEDU Songs\Pop\Robbie Williams\Swing When You're Winning\07 Robbie Williams - Straighten Up and Fly Right.mp3,1,1,156.307,2026-08-29 09:29:10,2026-08-29 09:29:10
4,RadioTEDU Pop,/radio,configured_stream,51093,Stressed Out,twenty one pilots,,,,,,,202.339,H:\RadioTEDU Songs\Pop\twenty one pilots\Blurryface\02 Stressed Out (1).flac,1,1,199.438,2026-08-29 08:49:49,2026-08-29 08:49:49
4,RadioTEDU Pop,/radio,configured_stream,51096,Stressed Out,twenty one pilots,,,,,,,202.333,H:\RadioTEDU Songs\Pop\twenty one pilots\Stressed Out.mp3,1,1,202.626,2026-08-29 07:32:43,2026-08-29 07:32:43
4,RadioTEDU Pop,/radio,configured_stream,50905,Stronger (What Doesn’t Kill You),Kelly Clarkson,,,,,,,220.938,H:\RadioTEDU Songs\Pop\Kelly Clarkson\Stronger (What Doesn’t Kill You).mp3,1,1,218.247,2026-08-29 17:20:27,2026-08-29 17:20:27
4,RadioTEDU Pop,/radio,configured_stream,50996,stupid song,Olivia Rodrigo,,,,,,,209.68,H:\RadioTEDU Songs\Pop\Olivia Rodrigo\you seem pretty sad for a girl so in love\02 Olivia Rodrigo - stupid song.flac,1,1,207.882,2026-08-29 16:14:01,2026-08-29 16:14:01
4,RadioTEDU Pop,/radio,configured_stream,52320,Summertime,The Platters,,,,,,,151.272,H:\RadioTEDU Songs\Pop\The Platters\Encore of Broadway Golden Hits\01 Summertime.mp3,1,1,148.522,2026-08-29 05:13:42,2026-08-29 05:13:42
4,RadioTEDU Pop,/radio,configured_stream,51009,Sunflower (Spider‐Man: Into the Spider‐Verse),Post Malone & Swae Lee,,,,,,,157.56,H:\RadioTEDU Songs\Pop\Post Malone\Hollywood’s Bleeding\12 Post Malone & Swae Lee - Sunflower (Spider‐Man_ Into the Spider‐Verse).flac,1,1,155.36,2026-08-29 05:30:25,2026-08-29 05:30:25
4,RadioTEDU Pop,/radio,configured_stream,50770,Super Trouper,ABBA,,,,,,,252.853,H:\RadioTEDU Songs\Pop\ABBA\Super Trouper\01 Super Trouper.flac,1,1,250.315,2026-08-29 13:11:03,2026-08-29 13:11:03
4,RadioTEDU Pop,/radio,configured_stream,51070,Sweater Weather,The Neighbourhood,,,,,,,240.4,H:\RadioTEDU Songs\Pop\The Neighbourhood\I Love You_\04 Sweater Weather.flac,1,1,240.325,2026-08-29 15:21:51,2026-08-29 15:21:51
4,RadioTEDU Pop,/radio,configured_stream,50730,Sweet Dreams (Are Made of This),Eurythmics,,,,,,,216.933,H:\RadioTEDU Songs\Pop\003 - Sweet Dreams (Are Made of This) (2005 Remaster).mp3,1,1,216.8,2026-08-29 14:00:08,2026-08-29 14:00:08
4,RadioTEDU Pop,/radio,configured_stream,50754,São Paulo,,,,,,,,301.623,H:\RadioTEDU Songs\Pop\082 - São Paulo.mp3,1,1,299.878,2026-08-29 09:44:14,2026-08-29 09:44:14
4,RadioTEDU Pop,/radio,configured_stream,51074,São Paulo,The Weeknd feat. Anitta,,,,,,,301.976,H:\RadioTEDU Songs\Pop\The Weeknd & Anitta\São Paulo\01 São Paulo.flac,1,1,302.43,2026-08-29 00:37:16,2026-08-29 00:37:16
4,RadioTEDU Pop,/radio,configured_stream,51075,São Paulo,The Weeknd feat. Anitta,,,,,,,301.976,H:\RadioTEDU Songs\Pop\The Weeknd & Anitta\São Paulo\01 São Paulo.mp3,1,1,299.184,2026-08-29 06:37:41,2026-08-29 06:37:41
4,RadioTEDU Pop,/radio,configured_stream,50741,Take On Me,a-ha,,,,,,,225.28,H:\RadioTEDU Songs\Pop\023 - Take on Me.mp3,1,1,229.202,2026-08-29 18:23:54,2026-08-29 18:23:54
4,RadioTEDU Pop,/radio,configured_stream,50787,Take On Me,a‐ha,,,,,,,225.28,H:\RadioTEDU Songs\Pop\a‐ha\Hunting High and Low\01 Take On Me.flac,1,1,224.435,2026-08-29 02:55:26,2026-08-29 02:55:26
4,RadioTEDU Pop,/radio,configured_stream,50838,Talk It Out,dwsdmusic,,,,,,,170.922,H:\RadioTEDU Songs\Pop\dwsdmusic\Talk It Out\01 Talk It Out.mp3,1,1,168.091,2026-08-29 14:30:50,2026-08-29 14:30:50
4,RadioTEDU Pop,/radio,configured_stream,51047,Teach Me How to Love,Shawn Mendes,,,,,,,202.357,H:\RadioTEDU Songs\Pop\Shawn Mendes\Wonder\05 Shawn Mendes - Teach Me How to Love.flac,1,1,200.763,2026-08-29 08:29:36,2026-08-29 08:29:36
4,RadioTEDU Pop,/radio,configured_stream,51095,Tear in My Heart,twenty one pilots,,,,,,,188.493,H:\RadioTEDU Songs\Pop\twenty one pilots\Blurryface\05 Tear in My Heart.flac,1,1,185.57,2026-08-29 16:24:58,2026-08-29 16:24:58
4,RadioTEDU Pop,/radio,configured_stream,51029,Tears,Sabrina Carpenter,,,,,,,160.184,H:\RadioTEDU Songs\Pop\Sabrina Carpenter\Man's Best Friend\02 Tears.mp3,1,1,160.524,2026-08-29 06:29:43,2026-08-29 06:29:43
4,RadioTEDU Pop,/radio,configured_stream,50769,Teeth,5 Seconds of Summer,,,,,,,205.503,H:\RadioTEDU Songs\Pop\5 Seconds of Summer\CALM\05 Teeth.mp3,1,1,203.221,2026-08-29 04:16:05,2026-08-29 04:16:05
4,RadioTEDU Pop,/radio,configured_stream,50764,Telephone,,,,,,,,220.627,H:\RadioTEDU Songs\Pop\093 - Telephone.mp3,1,1,217.771,2026-08-29 09:04:18,2026-08-29 09:04:18
4,RadioTEDU Pop,/radio,configured_stream,50966,Tell Me If You Love Me,Levi Ransom,,,,,,,180.001,H:\RadioTEDU Songs\Pop\Levi Ransom\True Intentions\06 Tell Me If You Love Me.mp3,1,1,179.922,2026-08-29 04:19:04,2026-08-29 04:19:04
4,RadioTEDU Pop,/radio,configured_stream,51037,Temperature,Sean Paul,,,,,,,216.32,H:\RadioTEDU Songs\Pop\Sean Paul\The Trinity\11 Sean Paul - Temperature.flac,1,1,216.441,2026-08-29 05:47:14,2026-08-29 05:47:14
4,RadioTEDU Pop,/radio,configured_stream,50811,That's What I Like,Bruno Mars,,,,,,,206.693,H:\RadioTEDU Songs\Pop\Bruno Mars\24K Magic\04 That's What I Like.flac,1,1,212.596,2026-08-29 10:40:55,2026-08-29 10:40:55
4,RadioTEDU Pop,/radio,configured_stream,50860,That’s So True,Gracie Abrams,,,,,,,166.777,H:\RadioTEDU Songs\Pop\Gracie Abrams\The Secret of Us (deluxe)\15 Gracie Abrams - That’s So True.mp3,1,1,166.665,2026-08-29 09:39:01,2026-08-29 09:39:01
4,RadioTEDU Pop,/radio,configured_stream,51067,The Bar Is Set So Low,The Format,,,,,,,165.94,H:\RadioTEDU Songs\Pop\The Format\The Bar Is Set So Low\01 The Bar Is Set So Low.flac,1,1,165.739,2026-08-29 10:20:04,2026-08-29 10:20:04
4,RadioTEDU Pop,/radio,configured_stream,51084,The Best,Tina Turner,,,,,,,328.917,H:\RadioTEDU Songs\Pop\Tina Turner\Foreign Affair\1-02 The Best.flac,1,1,330.23,2026-08-29 15:40:27,2026-08-29 15:40:27
4,RadioTEDU Pop,/radio,configured_stream,50872,The Boss,James Brown,,,,,,,194.038,H:\RadioTEDU Songs\Pop\James Brown\Black Caesar\05 James Brown - The Boss.flac,1,1,192.977,2026-08-29 00:10:30,2026-08-29 00:10:30
4,RadioTEDU Pop,/radio,configured_stream,50737,The Dead Dance,Lady Gaga,,,,,,,228.577,H:\RadioTEDU Songs\Pop\011 - Lady Gaga - The Dead Dance (Lyrics).mp3,1,1,225.624,2026-08-29 04:22:57,2026-08-29 04:22:57
4,RadioTEDU Pop,/radio,configured_stream,51060,The Fate of Ophelia,Taylor Swift,,,,,,,226.074,H:\RadioTEDU Songs\Pop\Taylor Swift\The Life of a Showgirl\01 Taylor Swift - The Fate of Ophelia.mp3,1,1,226.214,2026-08-29 14:34:40,2026-08-29 14:34:40
4,RadioTEDU Pop,/radio,configured_stream,51058,The Fate of Ophelia (Loud Luxury remix),Taylor Swift,,,,,,,156.294,H:\RadioTEDU Songs\Pop\Taylor Swift\The Fate of Ophelia (Loud Luxury remix)\01 The Fate of Ophelia (Loud Luxury remix).flac,1,1,155.546,2026-08-29 18:16:09,2026-08-29 18:16:09
4,RadioTEDU Pop,/radio,configured_stream,51059,The Fate of Ophelia (Loud Luxury remix),Taylor Swift,,,,,,,156.302,H:\RadioTEDU Songs\Pop\Taylor Swift\The Fate of Ophelia (Loud Luxury remix)\01 The Fate of Ophelia (Loud Luxury remix).mp3,1,1,156.178,2026-08-29 07:53:23,2026-08-29 07:53:23
4,RadioTEDU Pop,/radio,configured_stream,51004,The Governor’s Waltz,Phoebe Bridgers,,,,,,,207.205,H:\RadioTEDU Songs\Pop\Phoebe Bridgers\Lost Weekend\04 The Governor’s Waltz.flac,1,1,209.906,2026-08-29 07:43:31,2026-08-29 07:43:31
4,RadioTEDU Pop,/radio,configured_stream,51049,The Greatest,Sia feat. Kendrick Lamar,,,,,,,210.233,H:\RadioTEDU Songs\Pop\Sia\This Is Acting\14 Sia feat. Kendrick Lamar - The Greatest.flac,1,1,210.496,2026-08-29 10:52:45,2026-08-29 10:52:45
4,RadioTEDU Pop,/radio,configured_stream,51050,The Greatest,Sia feat. Kendrick Lamar,,,,,,,210.227,H:\RadioTEDU Songs\Pop\Sia\This Is Acting\14 Sia feat. Kendrick Lamar - The Greatest.mp3,1,1,211.437,2026-08-29 02:58:57,2026-08-29 02:58:57
4,RadioTEDU Pop,/radio,configured_stream,52312,The Lady Is a Tramp,Robbie Williams,,,,,,,216.459,H:\RadioTEDU Songs\Pop\Robbie Williams\Swing When You're Winning\10 Robbie Williams - The Lady Is a Tramp.mp3,1,1,213.782,2026-08-29 05:03:24,2026-08-29 05:03:24
4,RadioTEDU Pop,/radio,configured_stream,50903,The One That Got Away,Katy Perry,,,,,,,227.333,H:\RadioTEDU Songs\Pop\Katy Perry\Teenage Dream\07 Katy Perry - The One That Got Away.flac,1,1,225.889,2026-08-29 08:53:34,2026-08-29 08:53:34
4,RadioTEDU Pop,/radio,configured_stream,51001,The Outside,Phoebe Bridgers,,,,,,,237.708,H:\RadioTEDU Songs\Pop\Phoebe Bridgers\Lost Weekend\01 The Outside.flac,1,1,235.016,2026-08-29 00:07:18,2026-08-29 00:07:18
4,RadioTEDU Pop,/radio,configured_stream,52306,The Well Swing Intro - Have You Met Miss Jones?,Robbie Williams,,,,,,,150.996,H:\RadioTEDU Songs\Pop\Robbie Williams\Swing When You're Winning\01 Robbie Williams - The Well Swing Intro - Have You Met Miss Jones_.mp3,1,1,148.219,2026-08-29 13:03:16,2026-08-29 13:03:16
4,RadioTEDU Pop,/radio,configured_stream,50863,The Wolf,half•alive,,,,,,,179.096,H:\RadioTEDU Songs\Pop\half•alive\The Wolf\01 The Wolf.flac,1,1,176.348,2026-08-29 11:49:48,2026-08-29 11:49:48
4,RadioTEDU Pop,/radio,configured_stream,51085,Thief,Tommy Lefroy,,,,,,,166.366,H:\RadioTEDU Songs\Pop\Tommy Lefroy\Thief\01 Thief.flac,1,1,165.53,2026-08-29 17:08:41,2026-08-29 17:08:41
4,RadioTEDU Pop,/radio,configured_stream,50986,This Will Be,Natalie Cole,,,,,,,171.96,H:\RadioTEDU Songs\Pop\Natalie Cole\Inseparable\05 This Will Be.flac,1,1,171.455,2026-08-29 13:24:22,2026-08-29 13:24:22
4,RadioTEDU Pop,/radio,configured_stream,50729,Thriller,Michael Jackson,,,,,,,357.8,H:\RadioTEDU Songs\Pop\002 - Thriller.mp3,1,1,355.043,2026-08-29 17:34:47,2026-08-29 17:34:47
4,RadioTEDU Pop,/radio,configured_stream,50866,Thunder,Imagine Dragons,,,,,,,187.147,H:\RadioTEDU Songs\Pop\Imagine Dragons\Thunder.mp3,1,1,187.178,2026-08-29 02:17:16,2026-08-29 02:17:16
4,RadioTEDU Pop,/radio,configured_stream,50904,TiK ToK,Ke$ha,,,,,,,199.693,H:\RadioTEDU Songs\Pop\Ke$ha\Animal\02 Ke$ha - TiK ToK.flac,1,1,199.398,2026-08-29 02:14:05,2026-08-29 02:14:05
4,RadioTEDU Pop,/radio,configured_stream,51007,Timber,Pitbull feat. Ke$ha,,,,,,,204.16,H:\RadioTEDU Songs\Pop\Pitbull\Global Warming_ Meltdown (Deluxe Version)\13 Pitbull feat. Ke$ha - Timber.flac,1,1,201.216,2026-08-29 11:10:28,2026-08-29 11:10:28
4,RadioTEDU Pop,/radio,configured_stream,51076,Timeless,The Weeknd & Playboi Carti,,,,,,,256.0,H:\RadioTEDU Songs\Pop\The Weeknd & Playboi Carti\Timeless.mp3,1,1,256.789,2026-08-29 06:41:57,2026-08-29 06:41:57
4,RadioTEDU Pop,/radio,configured_stream,50954,Today I Started Loving You Again,Kenny Rogers,,,,,,,184.366,H:\RadioTEDU Songs\Pop\Kenny Rogers\The Best Of\3-13 Today I Started Loving You Again.flac,1,1,181.782,2026-08-29 05:33:26,2026-08-29 05:33:26
4,RadioTEDU Pop,/radio,configured_stream,50760,Too Many Nights,,,,,,,,199.92,H:\RadioTEDU Songs\Pop\088 - Too Many Nights.mp3,1,1,200.055,2026-08-29 01:36:33,2026-08-29 01:36:33
4,RadioTEDU Pop,/radio,configured_stream,47302,Top Of The Stairs,D. H. Grey,,,,,,,246.5,H:\RadioTEDU Songs\Pop\D. H. Grey - Top Of The Stairs.flac,1,1,243.619,2026-08-29 13:21:31,2026-08-29 13:21:31
4,RadioTEDU Pop,/radio,configured_stream,50896,Touch,KATSEYE,,,,,,,129.883,H:\RadioTEDU Songs\Pop\KATSEYE\Touch.mp3,1,1,132.165,2026-08-29 14:02:28,2026-08-29 14:02:28
4,RadioTEDU Pop,/radio,configured_stream,50805,Toxic,Britney Spears,,,,,,,198.809,H:\RadioTEDU Songs\Pop\Britney Spears\In the Zone\06 Britney Spears - Toxic (1).flac,1,1,198.508,2026-08-29 17:01:32,2026-08-29 17:01:32
4,RadioTEDU Pop,/radio,configured_stream,50806,Toxic,Britney Spears,,,,,,,198.8,H:\RadioTEDU Songs\Pop\Britney Spears\In the Zone\06 Britney Spears - Toxic.flac,1,1,196.501,2026-08-29 07:29:19,2026-08-29 07:29:19
4,RadioTEDU Pop,/radio,configured_stream,50808,Toxic,Britney Spears,,,,,,,198.8,H:\RadioTEDU Songs\Pop\Britney Spears\Toxic.mp3,1,1,196.741,2026-08-29 14:41:43,2026-08-29 14:41:43
4,RadioTEDU Pop,/radio,configured_stream,50834,Training Season,Dua Lipa,,,,,,,210.419,H:\RadioTEDU Songs\Pop\Dua Lipa\Radical Optimism\03 Training Season (1).flac,1,1,207.672,2026-08-29 14:05:55,2026-08-29 14:05:55
4,RadioTEDU Pop,/radio,configured_stream,50835,Training Season,Dua Lipa,,,,,,,209.488,H:\RadioTEDU Songs\Pop\Dua Lipa\Radical Optimism\03 Training Season.flac,1,1,206.885,2026-08-29 11:36:05,2026-08-29 11:36:05
4,RadioTEDU Pop,/radio,configured_stream,50836,Training Season,Dua Lipa,,,,,,,209.488,H:\RadioTEDU Songs\Pop\Dua Lipa\Training Season.mp3,1,1,206.798,2026-08-29 09:24:20,2026-08-29 09:24:20
4,RadioTEDU Pop,/radio,configured_stream,50817,TRUTH OR DARE,CHRI$00,,,,,,,154.499,H:\RadioTEDU Songs\Pop\CHRI$00\TRUTH OR DARE\01 TRUTH OR DARE.flac,1,1,153.004,2026-08-29 15:47:04,2026-08-29 15:47:04
4,RadioTEDU Pop,/radio,configured_stream,51020,Umbrella,Rihanna feat. Jay‐Z,,,,,,,275.992,H:\RadioTEDU Songs\Pop\Rihanna\Good Girl Gone Bad_ Reloaded\01 Rihanna feat. Jay‐Z - Umbrella.flac,1,1,273.074,2026-08-29 02:30:25,2026-08-29 02:30:25
4,RadioTEDU Pop,/radio,configured_stream,51021,Umbrella,Rihanna feat. Jay‐Z,,,,,,,275.987,H:\RadioTEDU Songs\Pop\Rihanna\Good Girl Gone Bad_ Reloaded\01 Rihanna feat. Jay‐Z - Umbrella.mp3,1,1,276.015,2026-08-29 12:52:57,2026-08-29 12:52:57
4,RadioTEDU Pop,/radio,configured_stream,50975,Uptown Funk,Mark Ronson feat. Bruno Mars,,,,,,,270.396,H:\RadioTEDU Songs\Pop\Mark Ronson\Uptown Special\04 Mark Ronson feat. Bruno Mars - Uptown Funk.flac,1,1,268.003,2026-08-29 04:38:32,2026-08-29 04:38:32
4,RadioTEDU Pop,/radio,configured_stream,50732,Uptown Funk!,Mark Ronson feat. Bruno Mars,,,,,,,269.667,H:\RadioTEDU Songs\Pop\006 - Uptown Funk.mp3,1,1,273.025,2026-08-29 03:39:45,2026-08-29 03:39:45
4,RadioTEDU Pop,/radio,configured_stream,50894,Use This Gospel,Kanye West feat. Clipse & Kenny G,,,,,,,216.747,H:\RadioTEDU Songs\Pop\Kanye West\Jesus Is King\10 Kanye West feat. Clipse & Kenny G - Use This Gospel.flac,1,1,216.722,2026-08-29 11:03:39,2026-08-29 11:03:39
4,RadioTEDU Pop,/radio,configured_stream,50963,Valentine,Laufey,,,,,,,168.907,H:\RadioTEDU Songs\Pop\Laufey\Everything I Know About Love\03 Valentine.flac,1,1,166.202,2026-08-29 03:35:12,2026-08-29 03:35:12
4,RadioTEDU Pop,/radio,configured_stream,50747,Video Killed The Radio Star,,,,,,,,253.8,H:\RadioTEDU Songs\Pop\061 - Video Killed The Radio Star.mp3,1,1,253.764,2026-08-29 12:45:21,2026-08-29 12:45:21
4,RadioTEDU Pop,/radio,configured_stream,50799,Vienna,Billy Joel,,,,,,,214.24,H:\RadioTEDU Songs\Pop\Billy Joel\The Stranger\05 Vienna.flac,1,1,216.327,2026-08-29 03:28:16,2026-08-29 03:28:16
4,RadioTEDU Pop,/radio,configured_stream,50851,Walking On Clouds,Emperose & Esthie,,,,,,,187.327,H:\RadioTEDU Songs\Pop\Emperose & Esthie\Walking On Clouds\01 Walking On Clouds.mp3,1,1,184.669,2026-08-29 07:46:57,2026-08-29 07:46:57
4,RadioTEDU Pop,/radio,configured_stream,51052,Wasting My Time,Stefanie Heinzmann,,,,,,,202.768,H:\RadioTEDU Songs\Pop\Stefanie Heinzmann\Roots to Grow\14 Stefanie Heinzmann - Wasting My Time.mp3,1,1,199.931,2026-08-29 10:04:07,2026-08-29 10:04:07
4,RadioTEDU Pop,/radio,configured_stream,52321,Water,Tyla x Marshmello,,,,,,,191.734,H:\RadioTEDU Songs\Pop\Tyla x Marshmello\Water\01 Water.flac,1,1,194.894,2026-08-29 07:05:29,2026-08-29 07:05:29
4,RadioTEDU Pop,/radio,configured_stream,50974,We Belong Together,Mariah Carey,,,,,,,201.4,H:\RadioTEDU Songs\Pop\Mariah Carey\The Emancipation of Mimi\02 Mariah Carey - We Belong Together.flac,1,1,203.456,2026-08-29 01:56:17,2026-08-29 01:56:17
4,RadioTEDU Pop,/radio,configured_stream,50842,weren’t for the wind,Ella Langley,,,,,,,193.667,H:\RadioTEDU Songs\Pop\Ella Langley\still hungover\16 Ella Langley - weren’t for the wind.flac,1,1,196.042,2026-08-29 05:43:37,2026-08-29 05:43:37
4,RadioTEDU Pop,/radio,configured_stream,51015,What a Difference a Day Makes,RAYE,,,,,,,261.176,H:\RadioTEDU Songs\Pop\RAYE\What a Difference a Day Makes (from the Netflix Limited Series _Black Rabbit_)\01 What a Difference a Day Makes.flac,1,1,261.773,2026-08-29 12:57:19,2026-08-29 12:57:19
4,RadioTEDU Pop,/radio,configured_stream,50825,What It Is (solo version),Doechii,,,,,,,189.823,H:\RadioTEDU Songs\Pop\Doechii\Booty Drop\02 What It Is (solo version).flac,1,1,187.302,2026-08-29 01:43:14,2026-08-29 01:43:14
4,RadioTEDU Pop,/radio,configured_stream,50826,What It Is (solo version),Doechii,,,,,,,189.825,H:\RadioTEDU Songs\Pop\Doechii\What It Is (solo version).mp3,1,1,190.09,2026-08-29 05:36:37,2026-08-29 05:36:37
4,RadioTEDU Pop,/radio,configured_stream,50997,What Makes You Beautiful,One Direction,,,,,,,199.987,H:\RadioTEDU Songs\Pop\One Direction\Up All Night\01 What Makes You Beautiful.flac,1,1,200.154,2026-08-29 13:52:11,2026-08-29 13:52:11
4,RadioTEDU Pop,/radio,configured_stream,51011,When Doves Cry,Prince and The Revolution,,,,,,,354.929,H:\RadioTEDU Songs\Pop\Prince and The Revolution\Purple Rain\06 When Doves Cry.flac,1,1,360.319,2026-08-29 04:48:20,2026-08-29 04:48:20
4,RadioTEDU Pop,/radio,configured_stream,51044,"Whenever, Wherever",Shakira,,,,,,,196.16,"H:\RadioTEDU Songs\Pop\Shakira\Whenever, Wherever.mp3",1,1,193.333,2026-08-29 11:19:44,2026-08-29 11:19:44
4,RadioTEDU Pop,/radio,configured_stream,50750,WHERE IS MY HUSBAND!,,,,,,,,196.796,H:\RadioTEDU Songs\Pop\064 - WHERE IS MY HUSBAND!.mp3,1,1,193.862,2026-08-29 17:41:41,2026-08-29 17:41:41
4,RadioTEDU Pop,/radio,configured_stream,51081,Will I See You Again?,Thee Sacred Souls,,,,,,,240.653,H:\RadioTEDU Songs\Pop\Thee Sacred Souls\Will I See You Again_\01 Will I See You Again_.flac,1,1,238.144,2026-08-29 10:17:19,2026-08-29 10:17:19
4,RadioTEDU Pop,/radio,configured_stream,50803,Womanizer,Britney Spears,,,,,,,224.4,H:\RadioTEDU Songs\Pop\Britney Spears\Circus\1-01 Womanizer.flac,1,1,224.306,2026-08-29 01:33:13,2026-08-29 01:33:13
4,RadioTEDU Pop,/radio,configured_stream,50867,You and Me Against the World,India Ramey,,,,,,,217.28,H:\RadioTEDU Songs\Pop\India Ramey\Shallow Graves\06 You and Me Against the World.mp3,1,1,217.294,2026-08-29 17:16:41,2026-08-29 17:16:41
4,RadioTEDU Pop,/radio,configured_stream,51036,You Send Me,Sam Cooke,,,,,,,163.736,H:\RadioTEDU Songs\Pop\Sam Cooke\The Best of Sam Cooke\12 You Send Me.flac,1,1,162.693,2026-08-29 06:11:32,2026-08-29 06:11:32
4,RadioTEDU Pop,/radio,configured_stream,52303,You're the Inspiration,David Foster,,,,,,,235.0,H:\RadioTEDU Songs\Pop\David Foster\Rechordings\02 You're the Inspiration.flac,1,1,236.697,2026-08-29 09:08:14,2026-08-29 09:08:14
4,RadioTEDU Pop,/radio,configured_stream,51102,Yours Not Mine,Willowake,,,,,,,181.157,H:\RadioTEDU Songs\Pop\Willowake\This Wasn't What I Meant\03 Yours Not Mine.flac,1,1,178.479,2026-08-29 18:05:53,2026-08-29 18:05:53
4,RadioTEDU Pop,/radio,configured_stream,50802,You’re Everything I Need,Brenton Wood,,,,,,,198.008,H:\RadioTEDU Songs\Pop\Brenton Wood\Come Softly\06 You’re Everything I Need.mp3,1,1,199.512,2026-08-29 00:23:20,2026-08-29 00:23:20
4,RadioTEDU Pop,/radio,configured_stream,50809,…Baby One More Time,Britney Spears,,,,,,,211.067,H:\RadioTEDU Songs\Pop\Britney Spears\…Baby One More Time\01 Britney Spears - …Baby One More Time.flac,1,1,209.214,2026-08-29 17:45:11,2026-08-29 17:45:11
5,RadioTEDU Jazz,/cazz,configured_stream,51501,And I Love Her,"Harry Connick, Jr.",,,,,,,192.077,"H:\RadioTEDU Songs\Jazz\Harry Connick, Jr_\Your Songs\04 And I Love Her.mp3",2,2,384.439,2026-08-29 01:05:46,2026-08-29 02:31:12
5,RadioTEDU Jazz,/cazz,configured_stream,51415,Basin Street Blues,Ella Fitzgerald,,,,,,,187.824,H:\RadioTEDU Songs\Jazz\Ella Fitzgerald\Lullabies of Birdland\09 Basin Street Blues.mp3,2,2,372.431,2026-08-29 00:46:31,2026-08-29 02:11:58
5,RadioTEDU Jazz,/cazz,configured_stream,51329,Butterfly,Courtney Pine featuring Omar,,,,,,,236.813,H:\RadioTEDU Songs\Jazz\Courtney Pine\Black Notes From the Deep\09 Courtney Pine featuring Omar - Butterfly.mp3,2,2,475.778,2026-08-29 00:26:40,2026-08-29 01:52:01
5,RadioTEDU Jazz,/cazz,configured_stream,51379,In a Sentimental Mood,Duke Ellington & John Coltrane,,,,,,,257.437,H:\RadioTEDU Songs\Jazz\Duke Ellington & John Coltrane\Duke Ellington & John Coltrane\01 In a Sentimental Mood.flac,2,2,509.313,2026-08-29 00:20:27,2026-08-29 01:45:52
5,RadioTEDU Jazz,/cazz,configured_stream,51181,Laurie,Bill Evans Trio,,,,,,,408.443,H:\RadioTEDU Songs\Jazz\Bill Evans Trio\The Complete Balboa Jazz Club Performances\2-03 Laurie.mp3,2,2,826.621,2026-08-29 00:38:39,2026-08-29 02:04:05
5,RadioTEDU Jazz,/cazz,configured_stream,51481,Little Train,George Benson,,,,,,,345.796,H:\RadioTEDU Songs\Jazz\George Benson\White Rabbit\03 Little Train.mp3,2,2,689.192,2026-08-29 01:16:31,2026-08-29 02:42:03
5,RadioTEDU Jazz,/cazz,configured_stream,51133,Londonderry Air,Ben Webster,,,,,,,272.356,H:\RadioTEDU Songs\Jazz\Ben Webster\Stormy Weather\04 Londonderry Air.mp3,2,2,544.05,2026-08-29 00:43:24,2026-08-29 02:08:50
5,RadioTEDU Jazz,/cazz,configured_stream,51271,Love Is Blindness,Cassandra Wilson,,,,,,,293.133,H:\RadioTEDU Songs\Jazz\Cassandra Wilson\New Moon Daughter\02 Love Is Blindness.mp3,2,2,580.591,2026-08-29 01:10:48,2026-08-29 02:36:17
5,RadioTEDU Jazz,/cazz,configured_stream,51789,Luz negra,Stefano Bollani,,,,,,,303.773,H:\RadioTEDU Songs\Jazz\Stefano Bollani\BollaniCarioca\01 Luz negra.mp3,2,2,601.837,2026-08-29 01:27:58,2026-08-29 02:53:36
5,RadioTEDU Jazz,/cazz,configured_stream,51426,Mai Tai,"Erwin Do, Miguel Carne",,,,,,,151.274,"H:\RadioTEDU Songs\Jazz\Erwin Do, Miguel Carne\Cocktail Bar Jazz\06 Mai Tai.flac",2,2,301.822,2026-08-29 01:22:58,2026-08-29 02:48:32
5,RadioTEDU Jazz,/cazz,configured_stream,51309,My Funny Valentine,Chet Baker,,,,,,,136.168,H:\RadioTEDU Songs\Jazz\Chet Baker\Chet Baker Sings\10 My Funny Valentine.flac,2,2,269.042,2026-08-29 00:31:49,2026-08-29 01:57:09
5,RadioTEDU Jazz,/cazz,configured_stream,51223,My Romance (take 2),Bill Evans,,,,,,,433.973,H:\RadioTEDU Songs\Jazz\Bill Evans\The Complete Riverside Recordings\06-06 My Romance (take 2).mp3,2,2,867.997,2026-08-29 00:53:44,2026-08-29 02:19:12
5,RadioTEDU Jazz,/cazz,configured_stream,51158,Re: Person I Knew,Bill Evans Trio,,,,,,,304.333,H:\RadioTEDU Songs\Jazz\Bill Evans Trio\In Buenos Aires - Vol. 1\01 Re_ Person I Knew.mp3,2,2,603.137,2026-08-29 00:59:01,2026-08-29 02:24:26
5,RadioTEDU Jazz,/cazz,configured_stream,51585,Somethin’ Grand,Madeleine Peyroux,,,,,,,224.213,H:\RadioTEDU Songs\Jazz\Madeleine Peyroux\Bare Bones\11 Somethin’ Grand.mp3,2,2,448.616,2026-08-29 01:20:15,2026-08-29 02:45:49
5,RadioTEDU Jazz,/cazz,configured_stream,51622,Your Heart Is as Black as Night,Melody Gardot,,,,,,,161.715,H:\RadioTEDU Songs\Jazz\Melody Gardot\My One and Only Thrill\04 Melody Gardot - Your Heart Is as Black as Night (1).mp3,2,2,323.235,2026-08-29 01:30:39,2026-08-29 02:56:18
5,RadioTEDU Jazz,/cazz,configured_stream,51623,Your Heart Is as Black as Night,Melody Gardot,,,,,,,163.72,H:\RadioTEDU Songs\Jazz\Melody Gardot\My One and Only Thrill\04 Melody Gardot - Your Heart Is as Black as Night.mp3,2,2,324.955,2026-08-29 00:29:33,2026-08-29 01:54:55
5,RadioTEDU Jazz,/cazz,configured_stream,51506,Your Song,"Harry Connick, Jr.",,,,,,,216.691,"H:\RadioTEDU Songs\Jazz\Harry Connick, Jr_\Your Songs\09 Your Song.mp3",2,2,428.358,2026-08-29 01:02:35,2026-08-29 02:27:59
5,RadioTEDU Jazz,/cazz,configured_stream,52419,You’re All the World to Me,Tony Bennett,,,,,,,134.56,H:\RadioTEDU Songs\Jazz\Tony Bennett\MTV Unplugged\1-08 Tony Bennett - You’re All the World to Me.mp3,2,2,266.611,2026-08-29 00:22:41,2026-08-29 01:48:03
5,RadioTEDU Jazz,/cazz,configured_stream,51818,24,Walter Smith III,,,,,,,160.307,H:\RadioTEDU Songs\Jazz\Walter Smith III\three of us are from Houston and Reuben is not\03 24.flac,1,1,157.451,2026-08-29 04:56:49,2026-08-29 04:56:49
5,RadioTEDU Jazz,/cazz,configured_stream,51166,34 Skidoo,Bill Evans Trio,,,,,,,380.067,H:\RadioTEDU Songs\Jazz\Bill Evans Trio\In Buenos Aires - Vol. 1\09 34 Skidoo.mp3,1,1,377.445,2026-08-29 03:33:29,2026-08-29 03:33:29
5,RadioTEDU Jazz,/cazz,configured_stream,51786,A Nightingale Sang in Berkeley Square,Stan Getz / Bob Brookmeyer,,,,,,,419.627,H:\RadioTEDU Songs\Jazz\Stan Getz _ Bob Brookmeyer\Recorded Fall 1961\05 A Nightingale Sang in Berkeley Square.flac,1,1,416.88,2026-08-29 16:47:53,2026-08-29 16:47:53
5,RadioTEDU Jazz,/cazz,configured_stream,51150,A Sleepin’ Bee,Bill Evans Trio,,,,,,,365.195,H:\RadioTEDU Songs\Jazz\Bill Evans Trio\At the Montreux Jazz Festival\02 A Sleepin’ Bee.mp3,1,1,363.327,2026-08-29 05:17:28,2026-08-29 05:17:28
5,RadioTEDU Jazz,/cazz,configured_stream,51259,Ain't Misbehavin',Billie Holiday,,,,,,,280.214,H:\RadioTEDU Songs\Jazz\Billie Holiday\Stay With Me\02 Ain't Misbehavin'.flac,1,1,280.723,2026-08-29 18:36:21,2026-08-29 18:36:21
5,RadioTEDU Jazz,/cazz,configured_stream,51360,Ain’t That a Kick in the Head,Dean Martin,,,,,,,144.893,H:\RadioTEDU Songs\Jazz\Dean Martin\The Capitol Years\2-16 Dean Martin - Ain’t That a Kick in the Head.flac,1,1,143.415,2026-08-29 06:39:18,2026-08-29 06:39:18
5,RadioTEDU Jazz,/cazz,configured_stream,51814,All of You,Sammy Davis Jr.,,,,,,,164.64,H:\RadioTEDU Songs\Jazz\The Rat Pack\100 Hits Legends_ The Rat Pack\1-07 Sammy Davis Jr. - All of You.flac,1,1,161.752,2026-08-29 15:21:04,2026-08-29 15:21:04
5,RadioTEDU Jazz,/cazz,configured_stream,51487,American Patrol,Glenn Miller,,,,,,,207.313,H:\RadioTEDU Songs\Jazz\Glenn Miller\Jazz Moods - Hot\05 American Patrol.mp3,1,1,206.02,2026-08-29 08:06:12,2026-08-29 08:06:12
5,RadioTEDU Jazz,/cazz,configured_stream,51350,Aphrodite,Dave Pike,,,,,,,196.24,H:\RadioTEDU Songs\Jazz\Dave Pike\Manhattan Latin\06 Aphrodite.mp3,1,1,193.709,2026-08-29 16:40:56,2026-08-29 16:40:56
5,RadioTEDU Jazz,/cazz,configured_stream,51859,April in Paris,Yehudi Menuhin & Stéphane Grappelli,,,,,,,218.178,H:\RadioTEDU Songs\Jazz\Yehudi Menuhin & Stéphane Grappelli\Menuhin & Grappelli Play\1-18 April in Paris (1).mp3,1,1,215.339,2026-08-29 04:06:38,2026-08-29 04:06:38
5,RadioTEDU Jazz,/cazz,configured_stream,51860,April in Paris,Yehudi Menuhin & Stéphane Grappelli,,,,,,,218.178,H:\RadioTEDU Songs\Jazz\Yehudi Menuhin & Stéphane Grappelli\Menuhin & Grappelli Play\1-18 April in Paris.mp3,1,1,215.267,2026-08-29 18:26:55,2026-08-29 18:26:55
5,RadioTEDU Jazz,/cazz,configured_stream,51261,As Time Goes By,Billie Holiday,,,,,,,194.573,H:\RadioTEDU Songs\Jazz\Billie Holiday\The Complete Commodore Recordings\2-07 As Time Goes By.flac,1,1,192.715,2026-08-29 10:13:55,2026-08-29 10:13:55
5,RadioTEDU Jazz,/cazz,configured_stream,51861,Autumn Leaves,Yehudi Menuhin & Stéphane Grappelli,,,,,,,283.327,H:\RadioTEDU Songs\Jazz\Yehudi Menuhin & Stéphane Grappelli\Menuhin & Grappelli Play\1-19 Autumn Leaves (1).mp3,1,1,283.208,2026-08-29 03:52:29,2026-08-29 03:52:29
5,RadioTEDU Jazz,/cazz,configured_stream,51862,Autumn Leaves,Yehudi Menuhin & Stéphane Grappelli,,,,,,,283.327,H:\RadioTEDU Songs\Jazz\Yehudi Menuhin & Stéphane Grappelli\Menuhin & Grappelli Play\1-19 Autumn Leaves.mp3,1,1,283.271,2026-08-29 06:49:33,2026-08-29 06:49:33
5,RadioTEDU Jazz,/cazz,configured_stream,51518,Bach,Jeff Berlin,,,,,,,291.082,H:\RadioTEDU Songs\Jazz\Jeff Berlin\Pump It\04 Bach (1).mp3,1,1,288.316,2026-08-29 04:29:58,2026-08-29 04:29:58
5,RadioTEDU Jazz,/cazz,configured_stream,52358,Back From Where I Started,De‐Phazz,,,,,,,300.144,H:\RadioTEDU Songs\Jazz\De‐Phazz\Lala 2.0\16 Back From Where I Started.mp3,1,1,299.657,2026-08-29 12:12:46,2026-08-29 12:12:46
5,RadioTEDU Jazz,/cazz,configured_stream,51686,Back to Manhattan,Norah Jones,,,,,,,249.933,H:\RadioTEDU Songs\Jazz\Norah Jones\The Fall\1-09 Back to Manhattan.mp3,1,1,250.137,2026-08-29 11:09:02,2026-08-29 11:09:02
5,RadioTEDU Jazz,/cazz,configured_stream,51560,Bedroom Blues,Leonard Feather and Dan Burley,,,,,,,144.576,H:\RadioTEDU Songs\Jazz\Leonard Feather\The Chronological Classics_ Leonard Feather 1937-1945\19 Leonard Feather and Dan Burley - Bedroom Blues.mp3,1,1,157.079,2026-08-29 15:30:29,2026-08-29 15:30:29
5,RadioTEDU Jazz,/cazz,configured_stream,51203,Bill's Hit Tune,Bill Evans,,,,,,,448.029,H:\RadioTEDU Songs\Jazz\Bill Evans\His Last Concert in Germany\04 Bill's Hit Tune.mp3,1,1,448.631,2026-08-29 07:29:42,2026-08-29 07:29:42
5,RadioTEDU Jazz,/cazz,configured_stream,51728,Black Coffee,Sarah Vaughan,,,,,,,200.44,H:\RadioTEDU Songs\Jazz\Sarah Vaughan\After Hours With Sarah Vaughan\07 Black Coffee.flac,1,1,201.651,2026-08-29 14:19:57,2026-08-29 14:19:57
5,RadioTEDU Jazz,/cazz,configured_stream,51641,Blue In Green,Miles Davis,,,,,,,338.651,H:\RadioTEDU Songs\Jazz\Miles Davis & John Coltrane\Miles Davis & John Coltrane_ The Complete Columbia Recordings 1955-1961\4-05 Blue In Green.flac,1,1,337.153,2026-08-29 15:52:07,2026-08-29 15:52:07
5,RadioTEDU Jazz,/cazz,configured_stream,51358,Blue Moon,Dean Martin,,,,,,,184.453,H:\RadioTEDU Songs\Jazz\Dean Martin\Dream With Dean_ The Intimate Dean Martin\05 Blue Moon.flac,1,1,181.596,2026-08-29 11:48:25,2026-08-29 11:48:25
5,RadioTEDU Jazz,/cazz,configured_stream,51533,Blue Moon,Julie London,,,,,,,153.253,"H:\RadioTEDU Songs\Jazz\Julie London\Julie Is Her Name, Volume Two\01 Blue Moon.flac",1,1,153.234,2026-08-29 07:00:17,2026-08-29 07:00:17
5,RadioTEDU Jazz,/cazz,configured_stream,51407,Blue Skies,Ella Fitzgerald,,,,,,,226.36,H:\RadioTEDU Songs\Jazz\Ella Fitzgerald\Get Happy!\08 Blue Skies.flac,1,1,223.968,2026-08-29 16:33:22,2026-08-29 16:33:22
5,RadioTEDU Jazz,/cazz,configured_stream,52368,Bossa Antigua,Kenny G,,,,,,,228.6,H:\RadioTEDU Songs\Jazz\Kenny G\Brazilian Nights\01 Bossa Antigua.flac,1,1,228.082,2026-08-29 11:12:59,2026-08-29 11:12:59
5,RadioTEDU Jazz,/cazz,configured_stream,51479,Breezin',George Benson,,,,,,,341.733,H:\RadioTEDU Songs\Jazz\George Benson\Breezin'\01 Breezin'.flac,1,1,341.735,2026-08-29 00:16:00,2026-08-29 00:16:00
5,RadioTEDU Jazz,/cazz,configured_stream,51127,Brightlight,Avishai Cohen,,,,,,,208.552,H:\RadioTEDU Songs\Jazz\Avishai Cohen\Brightlight\02 Brightlight.flac,1,1,205.718,2026-08-29 09:38:14,2026-08-29 09:38:14
5,RadioTEDU Jazz,/cazz,configured_stream,51496,Bugle Call Rag,Glenn Miller,,,,,,,174.974,H:\RadioTEDU Songs\Jazz\Glenn Miller\Jazz Moods - Hot\14 Bugle Call Rag.mp3,1,1,172.408,2026-08-29 07:06:09,2026-08-29 07:06:09
5,RadioTEDU Jazz,/cazz,configured_stream,52336,Cadê você?,Bebel Gilberto,,,,,,,210.602,H:\RadioTEDU Songs\Jazz\Bebel Gilberto\Momento\10 Bebel Gilberto - Cadê você_ (1).mp3,1,1,210.732,2026-08-29 09:34:38,2026-08-29 09:34:38
5,RadioTEDU Jazz,/cazz,configured_stream,52337,Cadê você?,Bebel Gilberto,,,,,,,210.602,H:\RadioTEDU Songs\Jazz\Bebel Gilberto\Momento\10 Bebel Gilberto - Cadê você_.mp3,1,1,207.87,2026-08-29 12:40:38,2026-08-29 12:40:38
5,RadioTEDU Jazz,/cazz,configured_stream,52330,Caçada,Bebel Gilberto,,,,,,,272.878,H:\RadioTEDU Songs\Jazz\Bebel Gilberto\Momento\06 Bebel Gilberto - Caçada (1).mp3,1,1,274.353,2026-08-29 05:53:56,2026-08-29 05:53:56
5,RadioTEDU Jazz,/cazz,configured_stream,51511,Chameleon,Herbie Hancock,,,,,,,944.617,H:\RadioTEDU Songs\Jazz\Herbie Hancock\Head Hunters\01 Chameleon.flac,1,1,945.12,2026-08-29 17:44:17,2026-08-29 17:44:17
5,RadioTEDU Jazz,/cazz,configured_stream,51491,Chattanooga Choo-Choo,Glenn Miller,,,,,,,209.403,H:\RadioTEDU Songs\Jazz\Glenn Miller\Jazz Moods - Hot\09 Chattanooga Choo-Choo.mp3,1,1,210.447,2026-08-29 13:28:16,2026-08-29 13:28:16
5,RadioTEDU Jazz,/cazz,configured_stream,51326,Cinema Paradiso,Chris Botti,,,,,,,496.536,H:\RadioTEDU Songs\Jazz\Chris Botti\In Boston\2-09 Cinema Paradiso (1).mp3,1,1,494.617,2026-08-29 08:49:09,2026-08-29 08:49:09
5,RadioTEDU Jazz,/cazz,configured_stream,51327,Cinema Paradiso,Chris Botti,,,,,,,496.536,H:\RadioTEDU Songs\Jazz\Chris Botti\In Boston\2-09 Cinema Paradiso.mp3,1,1,494.812,2026-08-29 11:36:36,2026-08-29 11:36:36
5,RadioTEDU Jazz,/cazz,configured_stream,52324,Close to You,Bebel Gilberto,,,,,,,198.769,H:\RadioTEDU Songs\Jazz\Bebel Gilberto\Momento\03 Bebel Gilberto - Close to You (1).mp3,1,1,195.94,2026-08-29 15:46:29,2026-08-29 15:46:29
5,RadioTEDU Jazz,/cazz,configured_stream,51320,Come Rain or Come Shine,Chet Baker,,,,,,,127.086,H:\RadioTEDU Songs\Jazz\Chet Baker\Embraceable You\10 Come Rain or Come Shine.mp3,1,1,128.47,2026-08-29 17:19:03,2026-08-29 17:19:03
5,RadioTEDU Jazz,/cazz,configured_stream,51773,Comes Love,Stacey Kent,,,,,,,244.25,H:\RadioTEDU Songs\Jazz\Stacey Kent\The Tender Trap\03 Comes Love (1).mp3,1,1,244.687,2026-08-29 16:37:27,2026-08-29 16:37:27
5,RadioTEDU Jazz,/cazz,configured_stream,51774,Comes Love,Stacey Kent,,,,,,,244.592,H:\RadioTEDU Songs\Jazz\Stacey Kent\The Tender Trap\03 Comes Love.mp3,1,1,241.728,2026-08-29 18:23:20,2026-08-29 18:23:20
5,RadioTEDU Jazz,/cazz,configured_stream,51604,Detour Ahead,Marilyn Scott,,,,,,,269.793,H:\RadioTEDU Songs\Jazz\Marilyn Scott\Every Time We Say Goodbye\04 Detour Ahead.mp3,1,1,266.919,2026-08-29 07:19:17,2026-08-29 07:19:17
5,RadioTEDU Jazz,/cazz,configured_stream,51781,Don't Be That Way,Stacey Kent,,,,,,,262.225,H:\RadioTEDU Songs\Jazz\Stacey Kent\The Tender Trap\09 Don't Be That Way.mp3,1,1,259.537,2026-08-29 06:32:03,2026-08-29 06:32:03
5,RadioTEDU Jazz,/cazz,configured_stream,51636,Don't You Worry Baby,Melody Gardot,,,,,,,248.613,H:\RadioTEDU Songs\Jazz\Melody Gardot\Some Lessons\04 Don't You Worry Baby.flac,1,1,246.035,2026-08-29 07:33:54,2026-08-29 07:33:54
5,RadioTEDU Jazz,/cazz,configured_stream,51635,Down My Avenue,Melody Gardot,,,,,,,277.867,H:\RadioTEDU Songs\Jazz\Melody Gardot\Some Lessons\03 Down My Avenue.flac,1,1,276.308,2026-08-29 03:58:10,2026-08-29 03:58:10
5,RadioTEDU Jazz,/cazz,configured_stream,52346,Duck & Cover,De‐Phazz,,,,,,,209.678,H:\RadioTEDU Songs\Jazz\De‐Phazz\Lala 2.0\04 Duck & Cover.mp3,1,1,209.493,2026-08-29 04:25:00,2026-08-29 04:25:00
5,RadioTEDU Jazz,/cazz,configured_stream,51418,Early Days,Emile Londonien,,,,,,,193.192,H:\RadioTEDU Songs\Jazz\Emile Londonien\Inwards\02 Emile Londonien - Early Days.flac,1,1,192.642,2026-08-29 03:44:27,2026-08-29 03:44:27
5,RadioTEDU Jazz,/cazz,configured_stream,51762,Easy to Remember,Stacey Kent,,,,,,,297.9,H:\RadioTEDU Songs\Jazz\Stacey Kent\In Love Again_ The Music of Richard Rodgers\11 Easy to Remember.mp3,1,1,295.079,2026-08-29 16:02:11,2026-08-29 16:02:11
5,RadioTEDU Jazz,/cazz,configured_stream,51549,Eleanor Rigby,Katie Noonan,,,,,,,307.987,H:\RadioTEDU Songs\Jazz\Katie Noonan\Blackbird_ The Music of Lennon & McCartney\09 Eleanor Rigby.mp3,1,1,305.104,2026-08-29 17:49:34,2026-08-29 17:49:34
5,RadioTEDU Jazz,/cazz,configured_stream,51836,Embraceable You,Yehudi Menuhin & Stéphane Grappelli,,,,,,,194.694,H:\RadioTEDU Songs\Jazz\Yehudi Menuhin & Stéphane Grappelli\Menuhin & Grappelli Play\1-04 Embraceable You.mp3,1,1,194.517,2026-08-29 09:09:10,2026-08-29 09:09:10
5,RadioTEDU Jazz,/cazz,configured_stream,51159,Emily,Bill Evans Trio,,,,,,,413.4,H:\RadioTEDU Songs\Jazz\Bill Evans Trio\In Buenos Aires - Vol. 1\02 Emily.mp3,1,1,410.721,2026-08-29 09:05:56,2026-08-29 09:05:56
5,RadioTEDU Jazz,/cazz,configured_stream,51357,Everybody Loves Somebody,Dean Martin,,,,,,,166.204,H:\RadioTEDU Songs\Jazz\Dean Martin\Dino_ The Essential Dean Martin\24 Everybody Loves Somebody.mp3,1,1,166.16,2026-08-29 15:16:31,2026-08-29 15:16:31
5,RadioTEDU Jazz,/cazz,configured_stream,51297,First Song,Charlie Haden / Egberto Gismonti,,,,,,,388.235,H:\RadioTEDU Songs\Jazz\Charlie Haden _ Egberto Gismonti\In Montreal\03 First Song.mp3,1,1,388.252,2026-08-29 14:14:16,2026-08-29 14:14:16
5,RadioTEDU Jazz,/cazz,configured_stream,51440,Fly Me To The Moon,Frank Sinatra,,,,,,,151.541,H:\RadioTEDU Songs\Jazz\Frank Sinatra\Greatest Hits\2-12 Fly Me To The Moon.mp3,1,1,151.581,2026-08-29 14:22:29,2026-08-29 14:22:29
5,RadioTEDU Jazz,/cazz,configured_stream,51554,Fool on the Hill,Katie Noonan,,,,,,,469.427,H:\RadioTEDU Songs\Jazz\Katie Noonan\Blackbird_ The Music of Lennon & McCartney\14 Fool on the Hill.mp3,1,1,470.088,2026-08-29 10:32:23,2026-08-29 10:32:23
5,RadioTEDU Jazz,/cazz,configured_stream,51301,Frevo,Charlie Haden / Egberto Gismonti,,,,,,,403.151,H:\RadioTEDU Songs\Jazz\Charlie Haden _ Egberto Gismonti\In Montreal\08 Frevo.mp3,1,1,402.87,2026-08-29 05:49:21,2026-08-29 05:49:21
5,RadioTEDU Jazz,/cazz,configured_stream,51136,Friskin' the Frog,Ben Webster,,,,,,,436.692,H:\RadioTEDU Songs\Jazz\Ben Webster\Stormy Weather\08 Friskin' the Frog.mp3,1,1,437.534,2026-08-29 11:23:33,2026-08-29 11:23:33
5,RadioTEDU Jazz,/cazz,configured_stream,51695,Gabaldon’s Glide,Out Of/Into,,,,,,,243.147,H:\RadioTEDU Songs\Jazz\Out Of_Into\Motion I\02 Gabaldon’s Glide.flac,1,1,240.539,2026-08-29 06:02:26,2026-08-29 06:02:26
5,RadioTEDU Jazz,/cazz,configured_stream,51490,Glen Island Special,Glenn Miller,,,,,,,181.791,H:\RadioTEDU Songs\Jazz\Glenn Miller\Jazz Moods - Hot\08 Glen Island Special.mp3,1,1,182.809,2026-08-29 08:17:06,2026-08-29 08:17:06
5,RadioTEDU Jazz,/cazz,configured_stream,51846,He Loves and She Loves,Yehudi Menuhin & Stéphane Grappelli,,,,,,,178.759,H:\RadioTEDU Songs\Jazz\Yehudi Menuhin & Stéphane Grappelli\Menuhin & Grappelli Play\1-10 He Loves and She Loves.mp3,1,1,176.107,2026-08-29 09:15:11,2026-08-29 09:15:11
5,RadioTEDU Jazz,/cazz,configured_stream,51497,Hey Laura,Gregory Porter,,,,,,,199.054,H:\RadioTEDU Songs\Jazz\Gregory Porter\Liquid Spirit\05 Hey Laura.flac,1,1,196.225,2026-08-29 11:16:16,2026-08-29 11:16:16
5,RadioTEDU Jazz,/cazz,configured_stream,51122,I Could Write a Book,Anita O’Day & Billy May,,,,,,,129.267,H:\RadioTEDU Songs\Jazz\Anita O’Day & Billy May\Anita O'Day and Billy May Swing Rodgers and Hart\05 I Could Write a Book.flac,1,1,129.071,2026-08-29 04:32:07,2026-08-29 04:32:07
5,RadioTEDU Jazz,/cazz,configured_stream,51603,I Got Lost in His Arms,Marilyn Scott,,,,,,,245.264,H:\RadioTEDU Songs\Jazz\Marilyn Scott\Every Time We Say Goodbye\02 I Got Lost in His Arms.mp3,1,1,242.431,2026-08-29 05:31:53,2026-08-29 05:31:53
5,RadioTEDU Jazz,/cazz,configured_stream,51377,I Had the Craziest Dream,Dizzy Reece,,,,,,,185.84,H:\RadioTEDU Songs\Jazz\Dizzy Reece\Blues in Trinity\02 I Had the Craziest Dream.flac,1,1,183.173,2026-08-29 13:45:06,2026-08-29 13:45:06
5,RadioTEDU Jazz,/cazz,configured_stream,51141,I Hear a Rhapsody,Bill Evans & Jim Hall,,,,,,,278.293,H:\RadioTEDU Songs\Jazz\Bill Evans & Jim Hall\Undercurrent\02 I Hear a Rhapsody.mp3,1,1,279.958,2026-08-29 04:02:52,2026-08-29 04:02:52
5,RadioTEDU Jazz,/cazz,configured_stream,51593,I Loves You Porgy,Marcus Miller,,,,,,,565.868,H:\RadioTEDU Songs\Jazz\Marcus Miller\The Ozell Tapes_ The Official Bootleg\1-07 Marcus Miller - I Loves You Porgy.mp3,1,1,563.62,2026-08-29 08:34:59,2026-08-29 08:34:59
5,RadioTEDU Jazz,/cazz,configured_stream,52389,I'm in the Mood for Love,Kenny G,,,,,,,242.027,H:\RadioTEDU Songs\Jazz\Kenny G\I'm in the Mood for Love... The Most Romantic Melodies of All Time\04 I'm in the Mood for Love.flac,1,1,244.513,2026-08-29 07:10:13,2026-08-29 07:10:13
5,RadioTEDU Jazz,/cazz,configured_stream,51619,If the Stars Were Mine,Melody Gardot,,,,,,,170.347,H:\RadioTEDU Songs\Jazz\Melody Gardot\My One and Only Thrill\02 Melody Gardot - If the Stars Were Mine.mp3,1,1,170.331,2026-08-29 14:47:45,2026-08-29 14:47:45
5,RadioTEDU Jazz,/cazz,configured_stream,51288,If You Want to Write Me,Charlie Haden & Carla Bley,,,,,,,235.773,H:\RadioTEDU Songs\Jazz\Charlie Haden & Carla Bley\The Ballad of the Fallen\03 If You Want to Write Me.mp3,1,1,233.061,2026-08-29 16:19:39,2026-08-29 16:19:39
5,RadioTEDU Jazz,/cazz,configured_stream,51451,In the Wee Small Hours of the Morning,Frank Sinatra,,,,,,,180.933,H:\RadioTEDU Songs\Jazz\Frank Sinatra\In the Wee Small Hours\01 In the Wee Small Hours of the Morning.flac,1,1,181.033,2026-08-29 04:12:47,2026-08-29 04:12:47
5,RadioTEDU Jazz,/cazz,configured_stream,51824,In Your Own Sweet Way,Wes Montgomery,,,,,,,295.531,H:\RadioTEDU Songs\Jazz\Wes Montgomery\The Incredible Jazz Guitar of Wes Montgomery\06 In Your Own Sweet Way.mp3,1,1,294.538,2026-08-29 17:16:54,2026-08-29 17:16:54
5,RadioTEDU Jazz,/cazz,configured_stream,51793,Introduction of the Band,Sting & Gil Evans,,,,,,,133.333,H:\RadioTEDU Songs\Jazz\Sting & Gil Evans\Last Session\06 Introduction of the Band.mp3,1,1,130.605,2026-08-29 14:16:36,2026-08-29 14:16:36
5,RadioTEDU Jazz,/cazz,configured_stream,51290,Introduction to People,Charlie Haden & Carla Bley,,,,,,,235.0,H:\RadioTEDU Songs\Jazz\Charlie Haden & Carla Bley\The Ballad of the Fallen\05 Introduction to People.mp3,1,1,232.39,2026-08-29 06:53:35,2026-08-29 06:53:35
5,RadioTEDU Jazz,/cazz,configured_stream,51766,Isn’t This a Lovely Day?,Stacey Kent,,,,,,,237.733,H:\RadioTEDU Songs\Jazz\Stacey Kent\Let Yourself Go_ Celebrating Fred Astaire\04 Isn’t This a Lovely Day_ (1).mp3,1,1,238.379,2026-08-29 10:17:54,2026-08-29 10:17:54
5,RadioTEDU Jazz,/cazz,configured_stream,51767,Isn’t This a Lovely Day?,Stacey Kent,,,,,,,239.156,H:\RadioTEDU Songs\Jazz\Stacey Kent\Let Yourself Go_ Celebrating Fred Astaire\04 Isn’t This a Lovely Day_ (2).mp3,1,1,239.219,2026-08-29 11:52:24,2026-08-29 11:52:24
5,RadioTEDU Jazz,/cazz,configured_stream,51768,Isn’t This a Lovely Day?,Stacey Kent,,,,,,,237.733,H:\RadioTEDU Songs\Jazz\Stacey Kent\Let Yourself Go_ Celebrating Fred Astaire\04 Isn’t This a Lovely Day_.mp3,1,1,237.635,2026-08-29 11:40:34,2026-08-29 11:40:34
5,RadioTEDU Jazz,/cazz,configured_stream,51404,It’s a Lovely Day Today,Ella Fitzgerald,,,,,,,148.148,H:\RadioTEDU Songs\Jazz\Ella Fitzgerald\Ella Fitzgerald Sings the Irving Berlin Songbook\2-12 It’s a Lovely Day Today.flac,1,1,148.701,2026-08-29 15:05:28,2026-08-29 15:05:28
5,RadioTEDU Jazz,/cazz,configured_stream,51276,I’m So Lonesome I Could Cry,Cassandra Wilson,,,,,,,291.44,H:\RadioTEDU Songs\Jazz\Cassandra Wilson\New Moon Daughter\07 I’m So Lonesome I Could Cry.mp3,1,1,289.782,2026-08-29 04:21:30,2026-08-29 04:21:30
5,RadioTEDU Jazz,/cazz,configured_stream,51706,I’ve Got a Woman,Ray Charles,,,,,,,175.373,H:\RadioTEDU Songs\Jazz\Ray Charles\Ultimate Hits Collection\1-02 Ray Charles - I’ve Got a Woman.mp3,1,1,176.067,2026-08-29 17:11:50,2026-08-29 17:11:50
5,RadioTEDU Jazz,/cazz,configured_stream,51396,I’ve Got My Love to Keep Me Warm,Ella Fitzgerald & Louis Armstrong,,,,,,,188.572,H:\RadioTEDU Songs\Jazz\Ella Fitzgerald & Louis Armstrong\Ella and Louis Again\12 I’ve Got My Love to Keep Me Warm.flac,1,1,186.346,2026-08-29 03:36:35,2026-08-29 03:36:35
5,RadioTEDU Jazz,/cazz,configured_stream,52414,Jasmine Flower,Kenny G,,,,,,,276.813,H:\RadioTEDU Songs\Jazz\Kenny G\Ultimate Kenny G\12 Kenny G - Jasmine Flower.flac,1,1,277.788,2026-08-29 07:38:31,2026-08-29 07:38:31
5,RadioTEDU Jazz,/cazz,configured_stream,51128,Jazz Carnival,Azymuth,,,,,,,569.607,H:\RadioTEDU Songs\Jazz\Azymuth\Light as a Feather\06 Jazz Carnival.mp3,1,1,568.094,2026-08-29 15:40:00,2026-08-29 15:40:00
5,RadioTEDU Jazz,/cazz,configured_stream,51447,Kachucha,Roberto Fonseca,,,,,,,251.446,H:\RadioTEDU Songs\Jazz\Frank Sinatra\Hi-Res Masters_ 50 Jazz Tracks to Test Your Speakers\28 Roberto Fonseca - Kachucha (1).flac,1,1,251.642,2026-08-29 12:50:05,2026-08-29 12:50:05
5,RadioTEDU Jazz,/cazz,configured_stream,51448,Kachucha,Roberto Fonseca,,,,,,,251.446,H:\RadioTEDU Songs\Jazz\Frank Sinatra\Hi-Res Masters_ 50 Jazz Tracks to Test Your Speakers\28 Roberto Fonseca - Kachucha.flac,1,1,248.626,2026-08-29 11:04:52,2026-08-29 11:04:52
5,RadioTEDU Jazz,/cazz,configured_stream,51599,Killing Me Softly,Marcus Miller,,,,,,,402.577,H:\RadioTEDU Songs\Jazz\Marcus Miller\The Ozell Tapes_ The Official Bootleg\2-07 Marcus Miller - Killing Me Softly.mp3,1,1,399.802,2026-08-29 03:22:02,2026-08-29 03:22:02
5,RadioTEDU Jazz,/cazz,configured_stream,51293,La Pasionaria,Charlie Haden & Carla Bley,,,,,,,626.267,H:\RadioTEDU Songs\Jazz\Charlie Haden & Carla Bley\The Ballad of the Fallen\09 La Pasionaria.mp3,1,1,623.467,2026-08-29 13:05:08,2026-08-29 13:05:08
5,RadioTEDU Jazz,/cazz,configured_stream,51351,La Playa,Dave Pike,,,,,,,186.013,H:\RadioTEDU Songs\Jazz\Dave Pike\Manhattan Latin\07 La Playa.mp3,1,1,183.295,2026-08-29 10:35:39,2026-08-29 10:35:39
5,RadioTEDU Jazz,/cazz,configured_stream,51566,La Vie en Rose,Louis Armstrong,,,,,,,205.73,H:\RadioTEDU Songs\Jazz\Louis Armstrong\Highlights From His Decca Years\2-08 La Vie en Rose.flac,1,1,212.718,2026-08-29 01:38:51,2026-08-29 01:38:51
5,RadioTEDU Jazz,/cazz,configured_stream,51412,Later,Ella Fitzgerald,,,,,,,152.793,H:\RadioTEDU Songs\Jazz\Ella Fitzgerald\Lullabies of Birdland\06 Later.mp3,1,1,153.133,2026-08-29 10:52:59,2026-08-29 10:52:59
5,RadioTEDU Jazz,/cazz,configured_stream,51657,Libations: Uxolo,Nduduzo Makhathini,,,,,,,261.827,H:\RadioTEDU Songs\Jazz\Nduduzo Makhathini\uNomkhubulwane\02 Libations_ Uxolo.flac,1,1,260.036,2026-08-29 09:28:06,2026-08-29 09:28:06
5,RadioTEDU Jazz,/cazz,configured_stream,51419,Lion Song,Emmet Cohen,,,,,,,295.502,H:\RadioTEDU Songs\Jazz\Emmet Cohen\Vibe Provider\01 Lion Song.flac,1,1,295.422,2026-08-29 08:54:05,2026-08-29 08:54:05
5,RadioTEDU Jazz,/cazz,configured_stream,51489,Little Brown Jug,Glenn Miller,,,,,,,172.126,H:\RadioTEDU Songs\Jazz\Glenn Miller\Jazz Moods - Hot\07 Little Brown Jug.mp3,1,1,172.444,2026-08-29 12:07:37,2026-08-29 12:07:37
5,RadioTEDU Jazz,/cazz,configured_stream,51312,Little Girl Blue (instrumental version),Chet Baker,,,,,,,273.685,H:\RadioTEDU Songs\Jazz\Chet Baker\Embraceable You\02 Little Girl Blue (instrumental version).mp3,1,1,271.187,2026-08-29 14:02:09,2026-08-29 14:02:09
5,RadioTEDU Jazz,/cazz,configured_stream,51322,Little Girl Blue (vocal version),Chet Baker,,,,,,,270.132,H:\RadioTEDU Songs\Jazz\Chet Baker\Embraceable You\12 Little Girl Blue (vocal version).mp3,1,1,269.596,2026-08-29 01:35:18,2026-08-29 01:35:18
5,RadioTEDU Jazz,/cazz,configured_stream,51459,Love Is Here to Stay,Frank Sinatra,,,,,,,162.84,H:\RadioTEDU Songs\Jazz\Frank Sinatra\Songs for Swingin’ Lovers!\08 Love Is Here to Stay.flac,1,1,160.229,2026-08-29 04:43:38,2026-08-29 04:43:38
5,RadioTEDU Jazz,/cazz,configured_stream,51624,Lover Undercover,Melody Gardot,,,,,,,266.933,H:\RadioTEDU Songs\Jazz\Melody Gardot\My One and Only Thrill\05 Melody Gardot - Lover Undercover.mp3,1,1,266.963,2026-08-29 16:09:40,2026-08-29 16:09:40
5,RadioTEDU Jazz,/cazz,configured_stream,51300,Lôro,Charlie Haden / Egberto Gismonti,,,,,,,451.895,H:\RadioTEDU Songs\Jazz\Charlie Haden _ Egberto Gismonti\In Montreal\07 Lôro.mp3,1,1,449.023,2026-08-29 11:00:44,2026-08-29 11:00:44
5,RadioTEDU Jazz,/cazz,configured_stream,51267,Mack the Knife,Bobby Darin,,,,,,,183.203,H:\RadioTEDU Songs\Jazz\Bobby Darin\That's All\01 Mack the Knife.flac,1,1,182.121,2026-08-29 09:31:08,2026-08-29 09:31:08
5,RadioTEDU Jazz,/cazz,configured_stream,51348,Mambo Dinero,Dave Pike,,,,,,,159.867,H:\RadioTEDU Songs\Jazz\Dave Pike\Manhattan Latin\04 Mambo Dinero.mp3,1,1,158.009,2026-08-29 07:03:17,2026-08-29 07:03:17
5,RadioTEDU Jazz,/cazz,configured_stream,51422,Margarita,"Erwin Do, Miguel Carne",,,,,,,132.18,"H:\RadioTEDU Songs\Jazz\Erwin Do, Miguel Carne\Cocktail Bar Jazz\02 Margarita.flac",1,1,138.973,2026-08-29 01:41:09,2026-08-29 01:41:09
5,RadioTEDU Jazz,/cazz,configured_stream,51247,Miss Brown to You,Billie Holiday,,,,,,,181.06,H:\RadioTEDU Songs\Jazz\Billie Holiday\Greatest Hits\01 Miss Brown to You.mp3,1,1,179.46,2026-08-29 16:05:10,2026-08-29 16:05:10
5,RadioTEDU Jazz,/cazz,configured_stream,51536,Miss Understanding,Kamasi Washington,,,,,,,526.109,H:\RadioTEDU Songs\Jazz\Kamasi Washington\The Epic\2-04 Miss Understanding (1).flac,1,1,524.036,2026-08-29 06:27:40,2026-08-29 06:27:40
5,RadioTEDU Jazz,/cazz,configured_stream,51344,Misty,Dave Koz,,,,,,,200.096,H:\RadioTEDU Songs\Jazz\Dave Koz\Lucky Man\14 Dave Koz - Misty.mp3,1,1,197.183,2026-08-29 03:47:46,2026-08-29 03:47:46
5,RadioTEDU Jazz,/cazz,configured_stream,51521,Mode for Joe,Joe Henderson,,,,,,,480.92,H:\RadioTEDU Songs\Jazz\Joe Henderson\Mode for Joe\02 Mode for Joe.mp3,1,1,481.235,2026-08-29 07:58:28,2026-08-29 07:58:28
5,RadioTEDU Jazz,/cazz,configured_stream,51425,Mojito,"Erwin Do, Miguel Carne",,,,,,,203.485,"H:\RadioTEDU Songs\Jazz\Erwin Do, Miguel Carne\Cocktail Bar Jazz\05 Mojito.flac",1,1,203.275,2026-08-29 17:22:26,2026-08-29 17:22:26
5,RadioTEDU Jazz,/cazz,configured_stream,52322,Momento,Bebel Gilberto,,,,,,,314.726,H:\RadioTEDU Songs\Jazz\Bebel Gilberto\Momento\01 Bebel Gilberto - Momento (1).mp3,1,1,311.881,2026-08-29 10:47:34,2026-08-29 10:47:34
5,RadioTEDU Jazz,/cazz,configured_stream,52323,Momento,Bebel Gilberto,,,,,,,314.726,H:\RadioTEDU Songs\Jazz\Bebel Gilberto\Momento\01 Bebel Gilberto - Momento.mp3,1,1,311.837,2026-08-29 12:45:50,2026-08-29 12:45:50
5,RadioTEDU Jazz,/cazz,configured_stream,51637,Momma,Melody Gardot,,,,,,,258.28,H:\RadioTEDU Songs\Jazz\Melody Gardot\Some Lessons\05 Momma.flac,1,1,258.498,2026-08-29 05:58:26,2026-08-29 05:58:26
5,RadioTEDU Jazz,/cazz,configured_stream,51390,Mood Indigo,Duke Ellington and His Orchestra,,,,,,,310.628,H:\RadioTEDU Songs\Jazz\Duke Ellington and His Orchestra\The Popular Duke Ellington\04 Mood Indigo.flac,1,1,308.459,2026-08-29 15:13:45,2026-08-29 15:13:45
5,RadioTEDU Jazz,/cazz,configured_stream,51565,Moon River,Louis Armstrong,,,,,,,179.867,"H:\RadioTEDU Songs\Jazz\Louis Armstrong\Hello, Dolly!\08 Moon River.flac",1,1,177.853,2026-08-29 08:40:54,2026-08-29 08:40:54
5,RadioTEDU Jazz,/cazz,configured_stream,51258,Moonglow,Billie Holiday,,,,,,,179.44,H:\RadioTEDU Songs\Jazz\Billie Holiday\Solitude\11 Moonglow.flac,1,1,176.711,2026-08-29 13:18:05,2026-08-29 13:18:05
5,RadioTEDU Jazz,/cazz,configured_stream,51616,Morning Sun,Melody Gardot,,,,,,,305.266,H:\RadioTEDU Songs\Jazz\Melody Gardot\Currency of Man\03 Morning Sun.flac,1,1,302.424,2026-08-29 12:30:04,2026-08-29 12:30:04
5,RadioTEDU Jazz,/cazz,configured_stream,51661,My Baby Just Cares for Me,Nina Simone,,,,,,,215.747,H:\RadioTEDU Songs\Jazz\Nina Simone\Little Girl Blue\06 My Baby Just Cares for Me.flac,1,1,216.999,2026-08-29 14:39:39,2026-08-29 14:39:39
5,RadioTEDU Jazz,/cazz,configured_stream,51530,My Favorite Things (Part II),John Coltrane,,,,,,,182.286,H:\RadioTEDU Songs\Jazz\John Coltrane\My Favorite Things\02 My Favorite Things (Part II).mp3,1,1,182.159,2026-08-29 15:43:02,2026-08-29 15:43:02
5,RadioTEDU Jazz,/cazz,configured_stream,51139,My Funny Valentine (alternate take),Bill Evans & Jim Hall,,,,,,,416.0,H:\RadioTEDU Songs\Jazz\Bill Evans & Jim Hall\Undercurrent\01 My Funny Valentine (alternate take).mp3,1,1,415.932,2026-08-29 12:36:59,2026-08-29 12:36:59
5,RadioTEDU Jazz,/cazz,configured_stream,51170,My Man’s Gone Now,Bill Evans Trio,,,,,,,389.047,H:\RadioTEDU Songs\Jazz\Bill Evans Trio\The Complete Balboa Jazz Club Performances\1-03 My Man’s Gone Now.mp3,1,1,390.395,2026-08-29 13:24:35,2026-08-29 13:24:35
5,RadioTEDU Jazz,/cazz,configured_stream,51737,My Queen Is Harriet Tubman,Sons of Kemet,,,,,,,340.053,H:\RadioTEDU Songs\Jazz\Sons of Kemet\Your Queen Is a Reptile\03 My Queen Is Harriet Tubman.flac,1,1,337.262,2026-08-29 14:07:46,2026-08-29 14:07:46
5,RadioTEDU Jazz,/cazz,configured_stream,51152,Nardis,Bill Evans Trio,,,,,,,502.495,H:\RadioTEDU Songs\Jazz\Bill Evans Trio\At the Montreux Jazz Festival\04 Nardis.mp3,1,1,502.388,2026-08-29 09:23:33,2026-08-29 09:23:33
5,RadioTEDU Jazz,/cazz,configured_stream,51678,Not Too Late,Norah Jones,,,,,,,211.467,H:\RadioTEDU Songs\Jazz\Norah Jones\Not Too Late\13 Not Too Late.mp3,1,1,208.953,2026-08-29 05:42:35,2026-08-29 05:42:35
5,RadioTEDU Jazz,/cazz,configured_stream,51186,One for Helen,Bill Evans,,,,,,,263.997,H:\RadioTEDU Songs\Jazz\Bill Evans\At the Montreux Jazz Festival\02 One for Helen.mp3,1,1,263.809,2026-08-29 03:40:59,2026-08-29 03:40:59
5,RadioTEDU Jazz,/cazz,configured_stream,51654,Orange Colored Sky,Nat King Cole,,,,,,,152.933,H:\RadioTEDU Songs\Jazz\Nat King Cole\The Extraordinary\19 Nat King Cole - Orange Colored Sky.flac,1,1,150.326,2026-08-29 13:30:46,2026-08-29 13:30:46
5,RadioTEDU Jazz,/cazz,configured_stream,51625,Our Love Is Easy,Melody Gardot,,,,,,,329.373,H:\RadioTEDU Songs\Jazz\Melody Gardot\My One and Only Thrill\06 Melody Gardot - Our Love Is Easy.mp3,1,1,329.523,2026-08-29 12:22:32,2026-08-29 12:22:32
5,RadioTEDU Jazz,/cazz,configured_stream,51851,Our Love is Here to Stay,Yehudi Menuhin & Stéphane Grappelli,,,,,,,241.845,H:\RadioTEDU Songs\Jazz\Yehudi Menuhin & Stéphane Grappelli\Menuhin & Grappelli Play\1-14 Our Love is Here to Stay (1).mp3,1,1,239.02,2026-08-29 06:11:12,2026-08-29 06:11:12
5,RadioTEDU Jazz,/cazz,configured_stream,51632,Over the Rainbow,Melody Gardot,,,,,,,274.707,H:\RadioTEDU Songs\Jazz\Melody Gardot\My One and Only Thrill\11 Melody Gardot - Over the Rainbow.mp3,1,1,275.989,2026-08-29 11:28:19,2026-08-29 11:28:19
5,RadioTEDU Jazz,/cazz,configured_stream,51594,Panther,Marcus Miller,,,,,,,681.251,H:\RadioTEDU Songs\Jazz\Marcus Miller\The Ozell Tapes_ The Official Bootleg\1-08 Marcus Miller - Panther.mp3,1,1,685.869,2026-08-29 14:59:20,2026-08-29 14:59:20
5,RadioTEDU Jazz,/cazz,configured_stream,51785,Para machuchar meu coração,Stan Getz & João Gilberto feat. Antonio Carlos Jobim,,,,,,,305.0,H:\RadioTEDU Songs\Jazz\Stan Getz & João Gilberto feat. Antonio Carlos Jobim\Getz_Gilberto\03 Para machuchar meu coração.flac,1,1,302.276,2026-08-29 11:57:42,2026-08-29 11:57:42
5,RadioTEDU Jazz,/cazz,configured_stream,51446,Parisienne Girl (Live),Incognito,,,,,,,827.987,H:\RadioTEDU Songs\Jazz\Frank Sinatra\Hi-Res Masters_ 50 Jazz Tracks to Test Your Speakers\22 Incognito - Parisienne Girl (Live).flac,1,1,825.528,2026-08-29 17:08:54,2026-08-29 17:08:54
5,RadioTEDU Jazz,/cazz,configured_stream,51724,Peace of Mind / Dreams Come True,Samara Joy,,,,,,,426.0,H:\RadioTEDU Songs\Jazz\Samara Joy\Portrait\04 Peace of Mind _ Dreams Come True.flac,1,1,423.037,2026-08-29 12:04:45,2026-08-29 12:04:45
5,RadioTEDU Jazz,/cazz,configured_stream,51598,People Make the World Go 'Round,Marcus Miller,,,,,,,667.119,H:\RadioTEDU Songs\Jazz\Marcus Miller\The Ozell Tapes_ The Official Bootleg\2-06 Marcus Miller - People Make the World Go 'Round.mp3,1,1,667.209,2026-08-29 13:41:53,2026-08-29 13:41:53
5,RadioTEDU Jazz,/cazz,configured_stream,45318,Perfect (Saxophone Instrumental),Samuel Solís,,,,,,,263.75,H:\RadioTEDU Songs\Jazz\Samuel Solís - Perfect (Saxophone Instrumental).flac,1,1,266.518,2026-08-29 06:06:55,2026-08-29 06:06:55
5,RadioTEDU Jazz,/cazz,configured_stream,51588,Power,Marcus Miller,,,,,,,363.132,H:\RadioTEDU Songs\Jazz\Marcus Miller\The Ozell Tapes_ The Official Bootleg\1-02 Marcus Miller - Power.mp3,1,1,360.443,2026-08-29 05:11:25,2026-08-29 05:11:25
5,RadioTEDU Jazz,/cazz,configured_stream,51187,Quiet Now,Bill Evans,,,,,,,373.946,H:\RadioTEDU Songs\Jazz\Bill Evans\At the Montreux Jazz Festival\10 Quiet Now.mp3,1,1,371.36,2026-08-29 14:31:33,2026-08-29 14:31:33
5,RadioTEDU Jazz,/cazz,configured_stream,51817,Ran Kan Kan,Tito Puente,,,,,,,315.203,H:\RadioTEDU Songs\Jazz\Tito Puente\Party with Puente!\05 Ran Kan Kan.mp3,1,1,315.221,2026-08-29 03:10:51,2026-08-29 03:10:51
5,RadioTEDU Jazz,/cazz,configured_stream,51143,Romain,Bill Evans & Jim Hall,,,,,,,321.533,H:\RadioTEDU Songs\Jazz\Bill Evans & Jim Hall\Undercurrent\04 Romain.mp3,1,1,321.524,2026-08-29 13:10:29,2026-08-29 13:10:29
5,RadioTEDU Jazz,/cazz,configured_stream,51795,Roxanne,Sting & Gil Evans,,,,,,,316.429,H:\RadioTEDU Songs\Jazz\Sting & Gil Evans\Last Session\09 Roxanne.mp3,1,1,315.696,2026-08-29 14:44:55,2026-08-29 14:44:55
5,RadioTEDU Jazz,/cazz,configured_stream,51723,Rumba Roy,Roy Hargrove,,,,,,,412.627,H:\RadioTEDU Songs\Jazz\Roy Hargrove\Grande-Terre\01 Rumba Roy.flac,1,1,413.082,2026-08-29 04:53:55,2026-08-29 04:53:55
5,RadioTEDU Jazz,/cazz,configured_stream,51241,Santa Claus Is Coming to Town,Bill Evans,,,,,,,265.329,H:\RadioTEDU Songs\Jazz\Bill Evans\Trio 64\04 Santa Claus Is Coming to Town.mp3,1,1,262.86,2026-08-29 08:25:34,2026-08-29 08:25:34
5,RadioTEDU Jazz,/cazz,configured_stream,51444,September Second (Live),Michel Petrucciani,,,,,,,319.303,H:\RadioTEDU Songs\Jazz\Frank Sinatra\Hi-Res Masters_ 50 Jazz Tracks to Test Your Speakers\17 Michel Petrucciani - September Second (Live).flac,1,1,320.922,2026-08-29 00:03:17,2026-08-29 00:03:17
5,RadioTEDU Jazz,/cazz,configured_stream,51274,Skylark,Cassandra Wilson,,,,,,,248.693,H:\RadioTEDU Songs\Jazz\Cassandra Wilson\New Moon Daughter\05 Skylark.mp3,1,1,246.013,2026-08-29 08:02:46,2026-08-29 08:02:46
5,RadioTEDU Jazz,/cazz,configured_stream,52349,Slums of Monte Carlo,De‐Phazz,,,,,,,200.824,H:\RadioTEDU Songs\Jazz\De‐Phazz\Lala 2.0\07 Slums of Monte Carlo.mp3,1,1,198.622,2026-08-29 10:38:57,2026-08-29 10:38:57
5,RadioTEDU Jazz,/cazz,configured_stream,51589,So What,Marcus Miller,,,,,,,531.282,H:\RadioTEDU Songs\Jazz\Marcus Miller\The Ozell Tapes_ The Official Bootleg\1-03 Marcus Miller - So What.mp3,1,1,532.068,2026-08-29 13:57:18,2026-08-29 13:57:18
5,RadioTEDU Jazz,/cazz,configured_stream,51306,Solar,Chet Baker,,,,,,,351.403,H:\RadioTEDU Songs\Jazz\Chet Baker\Chet Baker in New York\04 Solar.mp3,1,1,348.782,2026-08-29 16:15:39,2026-08-29 16:15:39
5,RadioTEDU Jazz,/cazz,configured_stream,51251,Solitude,Billie Holiday,,,,,,,195.166,H:\RadioTEDU Songs\Jazz\Billie Holiday\Greatest Hits\09 Solitude.mp3,1,1,192.393,2026-08-29 17:52:46,2026-08-29 17:52:46
5,RadioTEDU Jazz,/cazz,configured_stream,51507,Some Enchanted Evening,"Harry Connick, Jr.",,,,,,,246.669,"H:\RadioTEDU Songs\Jazz\Harry Connick, Jr_\Your Songs\10 Some Enchanted Evening.mp3",1,1,247.538,2026-08-29 06:57:43,2026-08-29 06:57:43
5,RadioTEDU Jazz,/cazz,configured_stream,51494,Song of the Volga Boatmen,Glenn Miller,,,,,,,206.843,H:\RadioTEDU Songs\Jazz\Glenn Miller\Jazz Moods - Hot\12 Song of the Volga Boatmen.mp3,1,1,204.272,2026-08-29 04:47:02,2026-08-29 04:47:02
5,RadioTEDU Jazz,/cazz,configured_stream,51120,Sonho ancestral,Amaro Freitas,,,,,,,292.947,H:\RadioTEDU Songs\Jazz\Amaro Freitas\Y’Y\05 Sonho ancestral.flac,1,1,293.007,2026-08-29 07:43:35,2026-08-29 07:43:35
5,RadioTEDU Jazz,/cazz,configured_stream,51832,Soon,Yehudi Menuhin & Stéphane Grappelli,,,,,,,232.101,H:\RadioTEDU Songs\Jazz\Yehudi Menuhin & Stéphane Grappelli\Menuhin & Grappelli Play\1-02 Soon (1).mp3,1,1,231.975,2026-08-29 08:21:01,2026-08-29 08:21:01
5,RadioTEDU Jazz,/cazz,configured_stream,51449,Source,Nubya Garcia,,,,,,,728.339,H:\RadioTEDU Songs\Jazz\Frank Sinatra\Hi-Res Masters_ 50 Jazz Tracks to Test Your Speakers\30 Nubya Garcia - Source.flac,1,1,725.467,2026-08-29 18:10:39,2026-08-29 18:10:39
5,RadioTEDU Jazz,/cazz,configured_stream,51353,South Seas,Dave Pike,,,,,,,158.907,H:\RadioTEDU Songs\Jazz\Dave Pike\Manhattan Latin\09 South Seas.mp3,1,1,159.178,2026-08-29 08:37:39,2026-08-29 08:37:39
5,RadioTEDU Jazz,/cazz,configured_stream,51185,Spoken Introduction,Bill Evans,,,,,,,57.473,H:\RadioTEDU Songs\Jazz\Bill Evans\At the Montreux Jazz Festival\01 Spoken Introduction.mp3,1,1,54.851,2026-08-29 03:53:33,2026-08-29 03:53:33
5,RadioTEDU Jazz,/cazz,configured_stream,51382,Squeeze Me,Duke Ellington & Johnny Hodges,,,,,,,278.521,H:\RadioTEDU Songs\Jazz\Duke Ellington & Johnny Hodges\Side by Side\02 Squeeze Me.mp3,1,1,278.859,2026-08-29 16:55:08,2026-08-29 16:55:08
5,RadioTEDU Jazz,/cazz,configured_stream,51733,St. Thomas,"Sonny Rollins feat. Tommy Flanagan, Doug Watkins, Max Roach",,,,,,,406.922,"H:\RadioTEDU Songs\Jazz\Sonny Rollins feat. Tommy Flanagan, Doug Watkins, Max Roach\Saxophone Colossus (Rudy van Gelder remaster)\01 St. Thomas.mp3",1,1,406.749,2026-08-29 05:24:14,2026-08-29 05:24:14
5,RadioTEDU Jazz,/cazz,configured_stream,52340,Stompin' at the Savoy,Benny Goodman and His Orchestra,,,,,,,195.533,H:\RadioTEDU Songs\Jazz\Benny Goodman\B.G. in Hi-Fi\11 Benny Goodman and His Orchestra - Stompin' at the Savoy.flac,1,1,195.496,2026-08-29 16:22:54,2026-08-29 16:22:54
5,RadioTEDU Jazz,/cazz,configured_stream,51381,Stompy Jones,Duke Ellington & Johnny Hodges,,,,,,,401.035,H:\RadioTEDU Songs\Jazz\Duke Ellington & Johnny Hodges\Side by Side\01 Stompy Jones.mp3,1,1,398.62,2026-08-29 07:50:15,2026-08-29 07:50:15
5,RadioTEDU Jazz,/cazz,configured_stream,51137,Stormy Weather,Ben Webster,,,,,,,441.786,H:\RadioTEDU Songs\Jazz\Ben Webster\Stormy Weather\09 Stormy Weather.mp3,1,1,441.418,2026-08-29 09:45:35,2026-08-29 09:45:35
5,RadioTEDU Jazz,/cazz,configured_stream,51394,Summertime,Ella Fitzgerald & Louis Armstrong,,,,,,,298.994,H:\RadioTEDU Songs\Jazz\Ella Fitzgerald & Louis Armstrong\Ella & Louis\2-15 Summertime.mp3,1,1,298.834,2026-08-29 15:57:05,2026-08-29 15:57:05
5,RadioTEDU Jazz,/cazz,configured_stream,51834,Summertime,Yehudi Menuhin & Stéphane Grappelli,,,,,,,267.706,H:\RadioTEDU Songs\Jazz\Yehudi Menuhin & Stéphane Grappelli\Menuhin & Grappelli Play\1-03 Summertime.mp3,1,1,264.977,2026-08-29 07:14:50,2026-08-29 07:14:50
5,RadioTEDU Jazz,/cazz,configured_stream,51361,Sway (Quien sera),Dean Martin,,,,,,,164.232,H:\RadioTEDU Songs\Jazz\Dean Martin\The Very Best of Dean Martin\06 Sway (Quien sera).mp3,1,1,161.482,2026-08-29 14:25:22,2026-08-29 14:25:22
5,RadioTEDU Jazz,/cazz,configured_stream,51539,Tainted Love,Karen Souza & The Stella Starling Trio,,,,,,,193.938,H:\RadioTEDU Songs\Jazz\Karen Souza\Essentials\04 Karen Souza & The Stella Starling Trio - Tainted Love.mp3,1,1,191.08,2026-08-29 17:25:47,2026-08-29 17:25:47
5,RadioTEDU Jazz,/cazz,configured_stream,51796,Tea in the Sahara,Sting & Gil Evans,,,,,,,521.229,H:\RadioTEDU Songs\Jazz\Sting & Gil Evans\Last Session\10 Tea in the Sahara.mp3,1,1,521.108,2026-08-29 04:40:48,2026-08-29 04:40:48
5,RadioTEDU Jazz,/cazz,configured_stream,51138,Teach Me Tonight,Ben Webster,,,,,,,169.172,H:\RadioTEDU Songs\Jazz\Ben Webster\Stormy Weather\10 Teach Me Tonight.mp3,1,1,167.845,2026-08-29 15:08:32,2026-08-29 15:08:32
5,RadioTEDU Jazz,/cazz,configured_stream,51429,Technically Acceptable,Ethan Iverson,,,,,,,258.508,H:\RadioTEDU Songs\Jazz\Ethan Iverson\Technically Acceptable\03 Technically Acceptable.flac,1,1,260.706,2026-08-29 12:54:44,2026-08-29 12:54:44
5,RadioTEDU Jazz,/cazz,configured_stream,51365,The Boy From Ipanema,Diana Krall,,,,,,,294.507,H:\RadioTEDU Songs\Jazz\Diana Krall\Quiet Nights\04 The Boy From Ipanema.mp3,1,1,299.682,2026-08-29 06:18:28,2026-08-29 06:18:28
5,RadioTEDU Jazz,/cazz,configured_stream,51193,The Dolphin - After,Bill Evans,,,,,,,191.467,H:\RadioTEDU Songs\Jazz\Bill Evans\From Left to Right\06 The Dolphin - After.mp3,1,1,192.167,2026-08-29 10:42:10,2026-08-29 10:42:10
5,RadioTEDU Jazz,/cazz,configured_stream,52375,The Girl From Ipanema,Kenny G feat. Bebel Gilberto,,,,,,,242.184,H:\RadioTEDU Songs\Jazz\Kenny G\Classics in the Key of G\06 Kenny G feat. Bebel Gilberto - The Girl From Ipanema.flac,1,1,279.14,2026-08-29 06:43:58,2026-08-29 06:43:58
5,RadioTEDU Jazz,/cazz,configured_stream,52370,The Joy of Life,Kenny G,,,,,,,260.76,H:\RadioTEDU Songs\Jazz\Kenny G\Breathless\01 Kenny G - The Joy of Life.flac,1,1,260.7,2026-08-29 14:35:53,2026-08-29 14:35:53
5,RadioTEDU Jazz,/cazz,configured_stream,51842,The Man I Love,Yehudi Menuhin & Stéphane Grappelli,,,,,,,280.976,H:\RadioTEDU Songs\Jazz\Yehudi Menuhin & Stéphane Grappelli\Menuhin & Grappelli Play\1-08 The Man I Love.mp3,1,1,278.257,2026-08-29 03:05:36,2026-08-29 03:05:36
5,RadioTEDU Jazz,/cazz,configured_stream,52379,The Moment,Kenny G,,,,,,,283.16,H:\RadioTEDU Songs\Jazz\Kenny G\Greatest Hits\1-06 Kenny G - The Moment.flac,1,1,280.368,2026-08-29 11:45:24,2026-08-29 11:45:24
5,RadioTEDU Jazz,/cazz,configured_stream,51402,The Nearness of You,Ella Fitzgerald and Louis Armstrong,,,,,,,337.25,H:\RadioTEDU Songs\Jazz\Ella Fitzgerald and Louis Armstrong\Ella and Louis\10 The Nearness of You.flac,1,1,337.617,2026-08-29 17:58:23,2026-08-29 17:58:23
5,RadioTEDU Jazz,/cazz,configured_stream,51556,The Nearness of You,Kenny Barron,,,,,,,394.653,H:\RadioTEDU Songs\Jazz\Kenny Barron\Beyond This Place\01 The Nearness of You.flac,1,1,392.236,2026-08-29 16:29:36,2026-08-29 16:29:36
5,RadioTEDU Jazz,/cazz,configured_stream,51311,The Night We Called It a Day,Chet Baker,,,,,,,142.602,H:\RadioTEDU Songs\Jazz\Chet Baker\Embraceable You\01 The Night We Called It a Day.mp3,1,1,144.274,2026-08-29 16:50:18,2026-08-29 16:50:18
5,RadioTEDU Jazz,/cazz,configured_stream,51291,The People United Will Never Be Defeated,Charlie Haden & Carla Bley,,,,,,,100.067,H:\RadioTEDU Songs\Jazz\Charlie Haden & Carla Bley\The Ballad of the Fallen\06 The People United Will Never Be Defeated.mp3,1,1,97.226,2026-08-29 15:18:23,2026-08-29 15:18:23
5,RadioTEDU Jazz,/cazz,configured_stream,51493,The Rhumba Jumps,Glenn Miller,,,,,,,170.768,H:\RadioTEDU Songs\Jazz\Glenn Miller\Jazz Moods - Hot\11 The Rhumba Jumps.mp3,1,1,175.199,2026-08-29 09:12:15,2026-08-29 09:12:15
5,RadioTEDU Jazz,/cazz,configured_stream,51126,The Seventh,Avishai Cohen,,,,,,,198.118,H:\RadioTEDU Songs\Jazz\Avishai Cohen\Ashes to Gold\07 The Seventh.flac,1,1,195.802,2026-08-29 10:21:32,2026-08-29 10:21:32
5,RadioTEDU Jazz,/cazz,configured_stream,51771,The Tender Trap,Stacey Kent,,,,,,,282.209,H:\RadioTEDU Songs\Jazz\Stacey Kent\The Tender Trap\01 The Tender Trap.mp3,1,1,282.167,2026-08-29 06:36:45,2026-08-29 06:36:45
5,RadioTEDU Jazz,/cazz,configured_stream,51253,The Very Thought of You,Billie Holiday,,,,,,,167.476,H:\RadioTEDU Songs\Jazz\Billie Holiday\Greatest Hits\12 The Very Thought of You.mp3,1,1,164.718,2026-08-29 17:28:31,2026-08-29 17:28:31
5,RadioTEDU Jazz,/cazz,configured_stream,51439,The Way You Look Tonight,Frank Sinatra,,,,,,,201.677,"H:\RadioTEDU Songs\Jazz\Frank Sinatra\Frank Sinatra Sings Days of Wine and Roses, Moon River and Other Academy Award Winners\03 The Way You Look Tonight.flac",1,1,199.001,2026-08-29 13:48:25,2026-08-29 13:48:25
5,RadioTEDU Jazz,/cazz,configured_stream,51829,The Way You Look Tonight,Yehudi Menuhin & Stéphane Grappelli,,,,,,,222.227,H:\RadioTEDU Songs\Jazz\Yehudi Menuhin & Stéphane Grappelli - Arranged And Conducted By Nelson Riddle\Top Hat (Songs Made Famous By Fred Astaire)\02 The Way You Look Tonight.mp3,1,1,227.539,2026-08-29 09:49:23,2026-08-29 09:49:23
5,RadioTEDU Jazz,/cazz,configured_stream,51172,Theme From Mash,Bill Evans Trio,,,,,,,268.805,H:\RadioTEDU Songs\Jazz\Bill Evans Trio\The Complete Balboa Jazz Club Performances\1-04 Theme From Mash.mp3,1,1,266.194,2026-08-29 03:00:58,2026-08-29 03:00:58
5,RadioTEDU Jazz,/cazz,configured_stream,51797,There Comes a Time,Sting & Gil Evans,,,,,,,277.947,H:\RadioTEDU Songs\Jazz\Sting & Gil Evans\Strange Fruit\08 There Comes a Time.mp3,1,1,281.839,2026-08-29 10:10:40,2026-08-29 10:10:40
5,RadioTEDU Jazz,/cazz,configured_stream,51855,These Foolish Things,Yehudi Menuhin & Stéphane Grappelli,,,,,,,265.355,H:\RadioTEDU Songs\Jazz\Yehudi Menuhin & Stéphane Grappelli\Menuhin & Grappelli Play\1-16 These Foolish Things (1).mp3,1,1,262.484,2026-08-29 03:15:23,2026-08-29 03:15:23
5,RadioTEDU Jazz,/cazz,configured_stream,51769,They All Laughed,Stacey Kent,,,,,,,270.059,H:\RadioTEDU Songs\Jazz\Stacey Kent\Let Yourself Go_ Celebrating Fred Astaire\05 They All Laughed.mp3,1,1,267.996,2026-08-29 13:15:06,2026-08-29 13:15:06
5,RadioTEDU Jazz,/cazz,configured_stream,51848,They Can't Take That Away From Me,Yehudi Menuhin & Stéphane Grappelli,,,,,,,292.862,H:\RadioTEDU Songs\Jazz\Yehudi Menuhin & Stéphane Grappelli\Menuhin & Grappelli Play\1-11 They Can't Take That Away From Me.mp3,1,1,289.95,2026-08-29 08:59:05,2026-08-29 08:59:05
5,RadioTEDU Jazz,/cazz,configured_stream,51780,They Say It's Wonderful,Stacey Kent,,,,,,,297.36,H:\RadioTEDU Songs\Jazz\Stacey Kent\The Tender Trap\08 They Say It's Wonderful.mp3,1,1,294.754,2026-08-29 05:01:43,2026-08-29 05:01:43
5,RadioTEDU Jazz,/cazz,configured_stream,51524,They Say It’s Wonderful,John Coltrane Quartet,,,,,,,182.627,H:\RadioTEDU Songs\Jazz\John Coltrane Quartet\Ballads\2-01 They Say It’s Wonderful.flac,1,1,179.77,2026-08-29 10:24:32,2026-08-29 10:24:32
5,RadioTEDU Jazz,/cazz,configured_stream,51671,Thinking About You,Norah Jones,,,,,,,200.6,H:\RadioTEDU Songs\Jazz\Norah Jones\Not Too Late\06 Thinking About You.mp3,1,1,217.041,2026-08-29 15:03:00,2026-08-29 15:03:00
5,RadioTEDU Jazz,/cazz,configured_stream,51513,Transfiguration,James Brandon Lewis Quartet,,,,,,,424.066,H:\RadioTEDU Songs\Jazz\James Brandon Lewis Quartet\Transfiguration\01 Transfiguration.flac,1,1,421.423,2026-08-29 00:10:19,2026-08-29 00:10:19
5,RadioTEDU Jazz,/cazz,configured_stream,51492,Tuxedo Junction,Glenn Miller,,,,,,,209.22,H:\RadioTEDU Songs\Jazz\Glenn Miller\Jazz Moods - Hot\10 Tuxedo Junction.mp3,1,1,209.228,2026-08-29 05:05:15,2026-08-29 05:05:15
5,RadioTEDU Jazz,/cazz,configured_stream,51278,Until,Cassandra Wilson,,,,,,,390.333,H:\RadioTEDU Songs\Jazz\Cassandra Wilson\New Moon Daughter\09 Until.mp3,1,1,394.164,2026-08-29 15:27:38,2026-08-29 15:27:38
5,RadioTEDU Jazz,/cazz,configured_stream,51356,Vikki,Dave Pike,,,,,,,326.227,H:\RadioTEDU Songs\Jazz\Dave Pike\Manhattan Latin\12 Vikki.mp3,1,1,325.39,2026-08-29 18:16:04,2026-08-29 18:16:04
5,RadioTEDU Jazz,/cazz,configured_stream,51366,Walk On By,Diana Krall,,,,,,,303.013,H:\RadioTEDU Songs\Jazz\Diana Krall\Quiet Nights\05 Walk On By.mp3,1,1,302.892,2026-08-29 10:05:49,2026-08-29 10:05:49
5,RadioTEDU Jazz,/cazz,configured_stream,52355,Walk With Love,De‐Phazz,,,,,,,198.678,H:\RadioTEDU Songs\Jazz\De‐Phazz\Lala 2.0\13 Walk With Love.mp3,1,1,198.643,2026-08-29 10:00:47,2026-08-29 10:00:47
5,RadioTEDU Jazz,/cazz,configured_stream,51227,Walking Up,Bill Evans,,,,,,,299.627,H:\RadioTEDU Songs\Jazz\Bill Evans\The Complete Riverside Recordings\07-13 Walking Up.mp3,1,1,299.538,2026-08-29 03:27:02,2026-08-29 03:27:02
5,RadioTEDU Jazz,/cazz,configured_stream,51820,While We're Young,Wes Montgomery,,,,,,,138.0,H:\RadioTEDU Songs\Jazz\Wes Montgomery\So Much Guitar!\07 While We're Young.flac,1,1,137.989,2026-08-29 08:08:29,2026-08-29 08:08:29
5,RadioTEDU Jazz,/cazz,configured_stream,51160,Who Can I Turn To?,Bill Evans Trio,,,,,,,479.267,H:\RadioTEDU Songs\Jazz\Bill Evans Trio\In Buenos Aires - Vol. 1\03 Who Can I Turn To_.mp3,1,1,476.331,2026-08-29 09:57:29,2026-08-29 09:57:29
5,RadioTEDU Jazz,/cazz,configured_stream,51535,Why Don't You Do Right,Julie London,,,,,,,140.027,H:\RadioTEDU Songs\Jazz\Julie London\Whatever Julie Wants\01 Why Don't You Do Right.flac,1,1,137.328,2026-08-29 06:13:29,2026-08-29 06:13:29
5,RadioTEDU Jazz,/cazz,configured_stream,51633,Wicked Ride,Melody Gardot,,,,,,,204.08,H:\RadioTEDU Songs\Jazz\Melody Gardot\Some Lessons\01 Wicked Ride.flac,1,1,201.979,2026-08-29 05:27:45,2026-08-29 05:27:45
5,RadioTEDU Jazz,/cazz,configured_stream,51727,Words Can't Describe,Sarah Vaughan and Her Trio,,,,,,,275.6,H:\RadioTEDU Songs\Jazz\Sarah Vaughan and Her Trio\Swingin' Easy\06 Words Can't Describe.flac,1,1,275.752,2026-08-29 18:31:30,2026-08-29 18:31:30
5,RadioTEDU Jazz,/cazz,configured_stream,51210,You and the Night and the Music,Bill Evans,,,,,,,424.589,H:\RadioTEDU Songs\Jazz\Bill Evans\Interplay\01 You and the Night and the Music.mp3,1,1,424.563,2026-08-29 05:38:57,2026-08-29 05:38:57
5,RadioTEDU Jazz,/cazz,configured_stream,51116,You Don’t See Me,Al Jarreau,,,,,,,326.896,H:\RadioTEDU Songs\Jazz\Al Jarreau\Tenderness\09 Al Jarreau - You Don’t See Me.mp3,1,1,324.13,2026-08-29 08:14:04,2026-08-29 08:14:04
5,RadioTEDU Jazz,/cazz,configured_stream,51458,You Make Me Feel So Young,Frank Sinatra,,,,,,,177.4,H:\RadioTEDU Songs\Jazz\Frank Sinatra\Songs for Swingin’ Lovers!\01 You Make Me Feel So Young.flac,1,1,177.326,2026-08-29 18:19:04,2026-08-29 18:19:04
5,RadioTEDU Jazz,/cazz,configured_stream,51338,You Make Me Smile,Dave Koz,,,,,,,257.599,H:\RadioTEDU Songs\Jazz\Dave Koz\Lucky Man\02 Dave Koz - You Make Me Smile.mp3,1,1,255.127,2026-08-29 12:17:03,2026-08-29 12:17:03
5,RadioTEDU Jazz,/cazz,configured_stream,51864,Young & Holtful,Young–Holt Unlimited,,,,,,,173.147,H:\RadioTEDU Songs\Jazz\Young–Holt Unlimited\Definitive Young-Holt Unlimited\19 Young & Holtful.flac,1,1,170.629,2026-08-29 10:50:25,2026-08-29 10:50:25
5,RadioTEDU Jazz,/cazz,configured_stream,51682,You’ve Ruined Me,Norah Jones,,,,,,,165.427,H:\RadioTEDU Songs\Jazz\Norah Jones\The Fall\08 You’ve Ruined Me.mp3,1,1,166.204,2026-08-29 07:22:04,2026-08-29 07:22:04
5,RadioTEDU Jazz,/cazz,configured_stream,51125,Água de beber,Astrud Gilberto,,,,,,,140.533,H:\RadioTEDU Songs\Jazz\Astrud Gilberto\The Astrud Gilberto Album\02 Água de beber.flac,1,1,137.78,2026-08-29 12:25:02,2026-08-29 12:25:02
5,RadioTEDU Jazz,/cazz,configured_stream,51815,’Round Midnight,Thelonious Monk,,,,,,,189.857,"H:\RadioTEDU Songs\Jazz\Thelonious Monk\Genius of Modern Music, Volume One\01 ’Round Midnight.flac",1,1,187.409,2026-08-29 04:09:45,2026-08-29 04:09:45
5,RadioTEDU Jazz,/cazz,configured_stream,51652,’Tis Autumn,Nat King Cole,,,,,,,190.137,H:\RadioTEDU Songs\Jazz\Nat King Cole\Collectors Edition\1-10 ’Tis Autumn.flac,1,1,193.692,2026-08-29 04:16:40,2026-08-29 04:16:40
8,RadioTEDU Rock,/rock,configured_stream,52195,Baba O’Riley,The Who,,,,,,,300.4,H:\RadioTEDU Songs\Rock\The Who\Who’s Next\01 Baba O’Riley.flac,2,2,598.083,2026-08-29 03:47:42,2026-08-29 15:14:25
8,RadioTEDU Rock,/rock,configured_stream,52095,Baby Kool (Evelyn),Nothing But Thieves,,,,,,,224.2,H:\RadioTEDU Songs\Rock\Nothing But Thieves\Baby Kool (Evelyn)\01 Baby Kool (Evelyn).flac,2,2,447.793,2026-08-29 03:05:57,2026-08-29 13:19:27
8,RadioTEDU Rock,/rock,configured_stream,51886,Cinnamon Girl,,,,,,,,248.333,H:\RadioTEDU Songs\Rock\037 - Cinnamon Girl.mp3,2,2,494.109,2026-08-29 07:04:19,2026-08-29 09:42:10
8,RadioTEDU Rock,/rock,configured_stream,52093,Come as You Are,Nirvana,,,,,,,224.189,H:\RadioTEDU Songs\Rock\Nirvana\Nevermind\03 Come as You Are.flac,2,2,442.605,2026-08-29 03:09:38,2026-08-29 13:46:21
8,RadioTEDU Rock,/rock,configured_stream,52077,Counting Stars,Michelle Malone and Drag the River,,,,,,,283.04,H:\RadioTEDU Songs\Rock\Michelle Malone and Drag the River\Relentless\11 Counting Stars.mp3,2,2,566.258,2026-08-29 03:14:23,2026-08-29 14:04:08
8,RadioTEDU Rock,/rock,configured_stream,52026,Don’t Stop Believin’,Journey,,,,,,,248.2,H:\RadioTEDU Songs\Rock\Journey\Escape\01 Don’t Stop Believin’.flac,2,2,490.965,2026-08-29 03:23:39,2026-08-29 14:17:04
8,RadioTEDU Rock,/rock,configured_stream,51907,I Don't Wanna Be Me,,,,,,,,308.827,H:\RadioTEDU Songs\Rock\066 - I Don't Wanna Be Me.mp3,2,2,617.348,2026-08-29 07:00:11,2026-08-29 09:31:56
8,RadioTEDU Rock,/rock,configured_stream,52024,I Hate Myself for Loving You,Joan Jett and the Blackhearts,,,,,,,246.8,H:\RadioTEDU Songs\Rock\Joan Jett and the Blackhearts\Up Your Alley\01 I Hate Myself for Loving You.flac,2,2,491.525,2026-08-29 03:02:00,2026-08-29 13:15:42
8,RadioTEDU Rock,/rock,configured_stream,52051,In the End,Linkin Park,,,,,,,216.933,H:\RadioTEDU Songs\Rock\Linkin Park\Hybrid Theory\08 In the End.flac,2,2,436.487,2026-08-29 03:42:24,2026-08-29 15:04:34
8,RadioTEDU Rock,/rock,configured_stream,52052,In the End,Linkin Park,,,,,,,216.933,H:\RadioTEDU Songs\Rock\Linkin Park\In the End.mp3,2,2,436.007,2026-08-29 03:51:16,2026-08-29 15:55:14
8,RadioTEDU Rock,/rock,configured_stream,51969,Layla,Derek and the Dominos,,,,,,,423.84,H:\RadioTEDU Songs\Rock\Derek and the Dominos\Layla and Other Assorted Love Songs\13 Layla.flac,2,2,845.929,2026-08-29 03:38:47,2026-08-29 14:55:32
8,RadioTEDU Rock,/rock,configured_stream,52074,Master of Puppets,Metallica,,,,,,,515.387,H:\RadioTEDU Songs\Rock\Metallica\Master of Puppets\02 Master of Puppets.flac,2,2,1030.76,2026-08-29 09:01:55,2026-08-29 12:44:47
8,RadioTEDU Rock,/rock,configured_stream,51956,One Last Breath,Creed,,,,,,,239.456,H:\RadioTEDU Songs\Rock\Creed\One Last Breath.mp3,2,2,473.431,2026-08-29 03:31:45,2026-08-29 14:37:08
8,RadioTEDU Rock,/rock,configured_stream,52028,Painkiller,Judas Priest,,,,,,,368.431,H:\RadioTEDU Songs\Rock\Judas Priest\Metalogy_ Box Set Sampler\10 Painkiller.flac,2,2,738.783,2026-08-29 08:41:57,2026-08-29 12:33:29
8,RadioTEDU Rock,/rock,configured_stream,51901,Pumpkinhead,,,,,,,,136.04,H:\RadioTEDU Songs\Rock\055 - Pumpkinhead.mp3,2,2,266.364,2026-08-29 08:53:20,2026-08-29 12:36:12
8,RadioTEDU Rock,/rock,configured_stream,52062,Scavenger Hunt,Louie Zong,,,,,,,10.083,H:\RadioTEDU Songs\Rock\Louie Zong\Light\04 Scavenger Hunt (2).mp3,2,2,19.544,2026-08-29 08:42:16,2026-08-29 12:33:39
8,RadioTEDU Rock,/rock,configured_stream,52065,Scavenger Hunt,Louie Zong,,,,,,,10.083,H:\RadioTEDU Songs\Rock\Louie Zong\Light\04 Scavenger Hunt (5).mp3,2,2,20.05,2026-08-29 08:42:29,2026-08-29 12:33:57
8,RadioTEDU Rock,/rock,configured_stream,52089,Smells Like Teen Spirit,Nirvana,,,,,,,301.929,H:\RadioTEDU Songs\Rock\Nirvana\Gold\01 Smells Like Teen Spirit.flac,2,2,602.964,2026-08-29 03:19:34,2026-08-29 14:09:12
8,RadioTEDU Rock,/rock,configured_stream,52191,Start Me Up,The Rolling Stones,,,,,,,213.124,H:\RadioTEDU Songs\Rock\The Rolling Stones\Tattoo You\01 Start Me Up.flac,2,2,422.997,2026-08-29 02:57:52,2026-08-29 13:04:46
8,RadioTEDU Rock,/rock,configured_stream,45550,Terminal Crew of Dudes,Whitmer Thomas,,,,,,,232.88,H:\RadioTEDU Songs\Rock\Whitmer Thomas - Terminal Crew of Dudes.flac,2,2,467.262,2026-08-29 03:27:32,2026-08-29 14:20:57
8,RadioTEDU Rock,/rock,configured_stream,52132,Tom Sawyer,Rush,,,,,,,276.88,H:\RadioTEDU Songs\Rock\Rush\Moving Pictures\01 Tom Sawyer.flac,2,2,556.513,2026-08-29 02:48:55,2026-08-29 06:43:13
8,RadioTEDU Rock,/rock,configured_stream,52103,Walk,Pantera,,,,,,,315.861,H:\RadioTEDU Songs\Rock\Pantera\Vulgar Display of Power\03 Walk.flac,2,2,630.035,2026-08-29 02:54:20,2026-08-29 12:50:11
8,RadioTEDU Rock,/rock,configured_stream,52127,"""Scar Tissue""",Red Hot Chili Peppers,,,,,,,215.907,H:\RadioTEDU Songs\Rock\Red Hot Chili Peppers\Californication\03 _Scar Tissue_.flac,1,1,213.154,2026-08-29 01:44:15,2026-08-29 01:44:15
8,RadioTEDU Rock,/rock,configured_stream,52193,1979,The Smashing Pumpkins,,,,,,,265.996,H:\RadioTEDU Songs\Rock\The Smashing Pumpkins\Mellon Collie and the Infinite Sadness\2-05 1979.flac,1,1,263.202,2026-08-29 17:18:08,2026-08-29 17:18:08
8,RadioTEDU Rock,/rock,configured_stream,47100,4.3 Forty,Knox,,,,,,,182.438,H:\RadioTEDU Songs\Rock\Knox - 4.3 Forty.flac,1,1,179.54,2026-08-29 17:45:36,2026-08-29 17:45:36
8,RadioTEDU Rock,/rock,configured_stream,51934,505,Arctic Monkeys,,,,,,,253.587,H:\RadioTEDU Songs\Rock\Arctic Monkeys\Favourite Worst Nightmare\12 505.flac,1,1,250.797,2026-08-29 06:20:55,2026-08-29 06:20:55
8,RadioTEDU Rock,/rock,configured_stream,51989,7563,Florence Road,,,,,,,243.303,H:\RadioTEDU Songs\Rock\Florence Road\7563\01 7563.flac,1,1,241.762,2026-08-29 00:26:27,2026-08-29 00:26:27
8,RadioTEDU Rock,/rock,configured_stream,51931,A Horse With No Name,America,,,,,,,226.0,H:\RadioTEDU Songs\Rock\America\Horse With No Name\04 A Horse With No Name.flac,1,1,226.749,2026-08-29 06:34:03,2026-08-29 06:34:03
8,RadioTEDU Rock,/rock,configured_stream,47386,A Little Love,Biffy Clyro,,,,,,,213.693,H:\RadioTEDU Songs\Rock\Biffy Clyro - A Little Love.flac,1,1,214.03,2026-08-29 02:07:29,2026-08-29 02:07:29
8,RadioTEDU Rock,/rock,configured_stream,52203,Africa,Toto,,,,,,,295.893,H:\RadioTEDU Songs\Rock\Toto\Toto IV\10 Africa.flac,1,1,293.089,2026-08-29 00:18:20,2026-08-29 00:18:20
8,RadioTEDU Rock,/rock,configured_stream,45424,After,Just Penelope,,,,,,,174.507,H:\RadioTEDU Songs\Rock\Just Penelope - After.flac,1,1,171.866,2026-08-29 16:09:28,2026-08-29 16:09:28
8,RadioTEDU Rock,/rock,configured_stream,52178,All Along the Watchtower,The Jimi Hendrix Experience,,,,,,,244.564,H:\RadioTEDU Songs\Rock\The Jimi Hendrix Experience\Electric Ladyland\15 All Along the Watchtower.flac,1,1,245.563,2026-08-29 11:52:31,2026-08-29 11:52:31
8,RadioTEDU Rock,/rock,configured_stream,52182,All Day and All of the Night,The Kinks,,,,,,,142.227,H:\RadioTEDU Songs\Rock\The Kinks\The Best of the Kinks\02 All Day and All of the Night.flac,1,1,141.479,2026-08-29 17:57:00,2026-08-29 17:57:00
8,RadioTEDU Rock,/rock,configured_stream,45382,ALL WE HAVE IS US,Crawlers,,,,,,,236.239,H:\RadioTEDU Songs\Rock\Crawlers - ALL WE HAVE IS US.flac,1,1,235.283,2026-08-29 08:51:05,2026-08-29 08:51:05
8,RadioTEDU Rock,/rock,configured_stream,51939,ALWAYS LET YOU DOWN,Bilmuri feat. A Day to Remember,,,,,,,179.136,H:\RadioTEDU Songs\Rock\Bilmuri\KINDA HARD\10 Bilmuri feat. A Day to Remember - ALWAYS LET YOU DOWN.mp3,1,1,178.959,2026-08-29 08:08:58,2026-08-29 08:08:58
8,RadioTEDU Rock,/rock,configured_stream,51977,American Pie,Don McLean,,,,,,,516.893,H:\RadioTEDU Songs\Rock\Don McLean\American Pie\01 American Pie.flac,1,1,518.7,2026-08-29 15:42:46,2026-08-29 15:42:46
8,RadioTEDU Rock,/rock,configured_stream,52174,"American Woman (7"" Single Version)",The Guess Who,,,,,,,231.64,H:\RadioTEDU Songs\Rock\The Guess Who\American Woman\10 American Woman (7_ Single Version).flac,1,1,232.483,2026-08-29 00:22:12,2026-08-29 00:22:12
8,RadioTEDU Rock,/rock,configured_stream,52111,Andy's Gotta Bang,Petey USA,,,,,,,322.333,H:\RadioTEDU Songs\Rock\Petey USA\oooo\04 Andy's Gotta Bang.flac,1,1,322.562,2026-08-29 06:30:17,2026-08-29 06:30:17
8,RadioTEDU Rock,/rock,configured_stream,52112,Another Brick in the Wall (Part 2),Pink Floyd,,,,,,,238.747,H:\RadioTEDU Songs\Rock\Pink Floyd\The Wall\1-05 Another Brick in the Wall (Part 2).flac,1,1,239.786,2026-08-29 10:17:07,2026-08-29 10:17:07
8,RadioTEDU Rock,/rock,configured_stream,52118,Another One Bites the Dust,Queen,,,,,,,214.653,H:\RadioTEDU Songs\Rock\Queen\The Game\03 Another One Bites the Dust (1).flac,1,1,213.399,2026-08-29 09:05:43,2026-08-29 09:05:43
8,RadioTEDU Rock,/rock,configured_stream,52119,Another One Bites the Dust,Queen,,,,,,,214.653,H:\RadioTEDU Songs\Rock\Queen\The Game\03 Another One Bites the Dust.flac,1,1,214.735,2026-08-29 10:52:15,2026-08-29 10:52:15
8,RadioTEDU Rock,/rock,configured_stream,52041,Are You Gonna Go My Way,Lenny Kravitz,,,,,,,211.933,H:\RadioTEDU Songs\Rock\Lenny Kravitz\Are You Gonna Go My Way\1-01 Are You Gonna Go My Way.flac,1,1,209.19,2026-08-29 13:23:14,2026-08-29 13:23:14
8,RadioTEDU Rock,/rock,configured_stream,52186,August,The Plugs,,,,,,,213.0,H:\RadioTEDU Songs\Rock\The Plugs\August\01 August.flac,1,1,210.506,2026-08-29 07:12:14,2026-08-29 07:12:14
8,RadioTEDU Rock,/rock,configured_stream,52114,Back on the Chain Gang,Pretenders,,,,,,,230.893,H:\RadioTEDU Songs\Rock\Pretenders\Learning to Crawl\02 Back on the Chain Gang.flac,1,1,231.038,2026-08-29 00:48:44,2026-08-29 00:48:44
8,RadioTEDU Rock,/rock,configured_stream,51958,Bad Moon Rising,Creedence Clearwater Revival,,,,,,,141.6,H:\RadioTEDU Songs\Rock\Creedence Clearwater Revival\Green River\05 Bad Moon Rising.flac,1,1,138.7,2026-08-29 02:16:57,2026-08-29 02:16:57
8,RadioTEDU Rock,/rock,configured_stream,47096,Bang Bang,Dear Youth,,,,,,,164.241,H:\RadioTEDU Songs\Rock\Dear Youth - Bang Bang.flac,1,1,161.471,2026-08-29 17:26:55,2026-08-29 17:26:55
8,RadioTEDU Rock,/rock,configured_stream,52006,Barracuda,Heart,,,,,,,261.933,H:\RadioTEDU Songs\Rock\Heart\Little Queen\01 Barracuda.flac,1,1,259.753,2026-08-29 13:50:40,2026-08-29 13:50:40
8,RadioTEDU Rock,/rock,configured_stream,45540,Beaver Pond,Trask,,,,,,,162.111,H:\RadioTEDU Songs\Rock\Trask - Beaver Pond.flac,1,1,161.095,2026-08-29 12:52:56,2026-08-29 12:52:56
8,RadioTEDU Rock,/rock,configured_stream,52196,Behind Blue Eyes,The Who,,,,,,,221.427,H:\RadioTEDU Songs\Rock\The Who\Who’s Next\08 Behind Blue Eyes.flac,1,1,220.584,2026-08-29 06:16:45,2026-08-29 06:16:45
8,RadioTEDU Rock,/rock,configured_stream,52424,Bitter Sweet Symphony,The Verve,,,,,,,357.267,H:\RadioTEDU Songs\Rock\The Verve\Urban Hymns\01 Bitter Sweet Symphony.flac,1,1,359.764,2026-08-29 01:03:34,2026-08-29 01:03:34
8,RadioTEDU Rock,/rock,configured_stream,52036,Black Dog,Led Zeppelin,,,,,,,295.648,H:\RadioTEDU Songs\Rock\Led Zeppelin\[Led Zeppelin IV]\01 Black Dog.flac,1,1,295.646,2026-08-29 16:42:26,2026-08-29 16:42:26
8,RadioTEDU Rock,/rock,configured_stream,52140,Black Hole Sun,Soundgarden,,,,,,,318.587,H:\RadioTEDU Songs\Rock\Soundgarden\Superunknown\07 Black Hole Sun.flac,1,1,318.48,2026-08-29 11:14:45,2026-08-29 11:14:45
8,RadioTEDU Rock,/rock,configured_stream,52421,Black Magic Woman,Santana,,,,,,,196.467,H:\RadioTEDU Songs\Rock\Santana\Santana’s Greatest Hits\06 Black Magic Woman.flac,1,1,197.757,2026-08-29 05:46:23,2026-08-29 05:46:23
8,RadioTEDU Rock,/rock,configured_stream,51951,Born in the U.S.A.,Bruce Springsteen,,,,,,,278.827,H:\RadioTEDU Songs\Rock\Bruce Springsteen\Born in the U.S.A_\01 Born in the U.S.A..flac,1,1,276.185,2026-08-29 05:29:56,2026-08-29 05:29:56
8,RadioTEDU Rock,/rock,configured_stream,52144,Born to Be Wild,Steppenwolf,,,,,,,210.373,H:\RadioTEDU Songs\Rock\Steppenwolf\Steppenwolf\05 Born to Be Wild.flac,1,1,210.389,2026-08-29 05:33:26,2026-08-29 05:33:26
8,RadioTEDU Rock,/rock,configured_stream,52171,Break On Through (to the Other Side),The Doors,,,,,,,145.867,H:\RadioTEDU Songs\Rock\The Doors\The Doors\01 Break On Through (to the Other Side).flac,1,1,143.041,2026-08-29 00:13:27,2026-08-29 00:13:27
8,RadioTEDU Rock,/rock,configured_stream,52027,Breaking the Law,Judas Priest,,,,,,,153.84,H:\RadioTEDU Songs\Rock\Judas Priest\British Steel\03 Breaking the Law.flac,1,1,151.214,2026-08-29 16:20:54,2026-08-29 16:20:54
8,RadioTEDU Rock,/rock,configured_stream,47107,Bright Shadow,Mr. Bison,,,,,,,433.333,H:\RadioTEDU Songs\Rock\Mr. Bison - Bright Shadow.flac,1,1,430.548,2026-08-29 04:39:03,2026-08-29 04:39:03
8,RadioTEDU Rock,/rock,configured_stream,51918,Bring Me To Life,,,,,,,,235.893,H:\RadioTEDU Songs\Rock\079 - Bring Me To Life.mp3,1,1,235.532,2026-08-29 01:07:41,2026-08-29 01:07:41
8,RadioTEDU Rock,/rock,configured_stream,51982,Bring Me to Life,Evanescence,,,,,,,235.893,H:\RadioTEDU Songs\Rock\Evanescence\Bring Me to Life.mp3,1,1,232.942,2026-08-29 01:48:07,2026-08-29 01:48:07
8,RadioTEDU Rock,/rock,configured_stream,52214,Broken Window Serenade,Whiskey Myers,,,,,,,346.333,H:\RadioTEDU Songs\Rock\Whiskey Myers\Firewater\05 Broken Window Serenade.flac,1,1,343.352,2026-08-29 00:05:36,2026-08-29 00:05:36
8,RadioTEDU Rock,/rock,configured_stream,52043,Can You Hear My Voice,Let's Panic,,,,,,,150.656,H:\RadioTEDU Songs\Rock\Let's Panic\Let's Panic\02 Can You Hear My Voice.mp3,1,1,147.706,2026-08-29 02:44:19,2026-08-29 02:44:19
8,RadioTEDU Rock,/rock,configured_stream,52068,Canyons,Man/Woman/Chainsaw,,,,,,,173.988,H:\RadioTEDU Songs\Rock\Man_Woman_Chainsaw\Cannonball\02 Canyons.flac,1,1,172.774,2026-08-29 03:57:59,2026-08-29 03:57:59
8,RadioTEDU Rock,/rock,configured_stream,47105,Clear,JonoJono,,,,,,,210.5,H:\RadioTEDU Songs\Rock\JonoJono - Clear.flac,1,1,209.862,2026-08-29 18:37:16,2026-08-29 18:37:16
8,RadioTEDU Rock,/rock,configured_stream,52147,Coalesce,Stereo Wildlife feat. Izzy Chase,,,,,,,123.708,H:\RadioTEDU Songs\Rock\Stereo Wildlife\The Lighthouse\03 Stereo Wildlife feat. Izzy Chase - Coalesce.flac,1,1,120.968,2026-08-29 10:24:58,2026-08-29 10:24:58
8,RadioTEDU Rock,/rock,configured_stream,52092,Come as You Are,Nirvana,,,,,,,218.92,H:\RadioTEDU Songs\Rock\Nirvana\Nevermind\03 Come as You Are (1).flac,1,1,220.872,2026-08-29 03:54:56,2026-08-29 03:54:56
8,RadioTEDU Rock,/rock,configured_stream,52048,Crawling,Linkin Park,,,,,,,216.758,H:\RadioTEDU Songs\Rock\Linkin Park\Crawling.mp3,1,1,214.518,2026-08-29 11:22:06,2026-08-29 11:22:06
8,RadioTEDU Rock,/rock,configured_stream,52050,Crawling,Linkin Park,,,,,,,216.758,H:\RadioTEDU Songs\Rock\Linkin Park\Greatest Hits\1-17 Linkin Park - Crawling.flac,1,1,213.878,2026-08-29 10:44:35,2026-08-29 10:44:35
8,RadioTEDU Rock,/rock,configured_stream,52005,Crazy on You,Heart,,,,,,,293.44,H:\RadioTEDU Songs\Rock\Heart\Dreamboat Annie\03 Crazy on You.flac,1,1,290.548,2026-08-29 15:09:25,2026-08-29 15:09:25
8,RadioTEDU Rock,/rock,configured_stream,51906,Crazy Train,,,,,,,,293.183,H:\RadioTEDU Songs\Rock\065 - Crazy Train.mp3,1,1,293.655,2026-08-29 05:59:14,2026-08-29 05:59:14
8,RadioTEDU Rock,/rock,configured_stream,52100,Crazy Train,Ozzy Osbourne,,,,,,,293.183,H:\RadioTEDU Songs\Rock\Ozzy Osbourne\The Essential Ozzy Osbourne\1-01 Ozzy Osbourne - Crazy Train.flac,1,1,290.722,2026-08-29 06:07:50,2026-08-29 06:07:50
8,RadioTEDU Rock,/rock,configured_stream,52059,Cult of Personality,Living Colour,,,,,,,294.533,H:\RadioTEDU Songs\Rock\Living Colour\Vivid\01 Cult of Personality.flac,1,1,293.598,2026-08-29 00:39:40,2026-08-29 00:39:40
8,RadioTEDU Rock,/rock,configured_stream,45418,Cup,Jawdropped,,,,,,,247.533,H:\RadioTEDU Songs\Rock\Jawdropped - Cup.flac,1,1,254.916,2026-08-29 18:27:10,2026-08-29 18:27:10
8,RadioTEDU Rock,/rock,configured_stream,51879,Dig Up Her Bones,Misfits,,,,,,,177.354,H:\RadioTEDU Songs\Rock\030 - Misfits - Dig Up Her Bones.mp3,1,1,175.17,2026-08-29 09:56:15,2026-08-29 09:56:15
8,RadioTEDU Rock,/rock,configured_stream,52078,Dig Up Her Bones (album version),Misfits,,,,,,,177.4,H:\RadioTEDU Songs\Rock\Misfits\American Psycho\07 Dig Up Her Bones (album version).flac,1,1,174.519,2026-08-29 10:20:03,2026-08-29 10:20:03
8,RadioTEDU Rock,/rock,configured_stream,52079,Dig Up Her Bones (album version),Misfits,,,,,,,177.354,H:\RadioTEDU Songs\Rock\Misfits\American Psycho\07 Dig Up Her Bones (album version).mp3,1,1,177.652,2026-08-29 12:07:19,2026-08-29 12:07:19
8,RadioTEDU Rock,/rock,configured_stream,45404,Divine Machine,Forest,,,,,,,170.884,H:\RadioTEDU Songs\Rock\Forest - Divine Machine.flac,1,1,167.962,2026-08-29 17:24:13,2026-08-29 17:24:13
8,RadioTEDU Rock,/rock,configured_stream,47112,Dog Leash,Megasound;Bad Bad Hats;Party Nails,,,,,,,267.4,H:\RadioTEDU Songs\Rock\Megasound - Dog Leash.flac,1,1,267.277,2026-08-29 08:47:00,2026-08-29 08:47:00
8,RadioTEDU Rock,/rock,configured_stream,51888,Don't Fear The Reaper,,,,,,,,384.16,H:\RadioTEDU Songs\Rock\039 - Don't Fear The Reaper.mp3,1,1,383.998,2026-08-29 09:16:09,2026-08-29 09:16:09
8,RadioTEDU Rock,/rock,configured_stream,52004,Don’t Cry,Guns N’ Roses,,,,,,,283.733,H:\RadioTEDU Songs\Rock\Guns N’ Roses\Use Your Illusion I\04 Don’t Cry.flac,1,1,280.785,2026-08-29 15:47:37,2026-08-29 15:47:37
8,RadioTEDU Rock,/rock,configured_stream,51973,Down With the Sickness,Disturbed,,,,,,,217.559,H:\RadioTEDU Songs\Rock\Disturbed\Disturbed\01 Down With the Sickness.flac,1,1,214.728,2026-08-29 01:11:17,2026-08-29 01:11:17
8,RadioTEDU Rock,/rock,configured_stream,52155,Edge of Seventeen,Stevie Nicks,,,,,,,329.413,H:\RadioTEDU Songs\Rock\Stevie Nicks\Bella Donna\1-06 Stevie Nicks - Edge of Seventeen.flac,1,1,329.463,2026-08-29 11:00:47,2026-08-29 11:00:47
8,RadioTEDU Rock,/rock,configured_stream,52145,Everything Illuminated,Stereo Wildlife,,,,,,,125.999,H:\RadioTEDU Songs\Rock\Stereo Wildlife\The Lighthouse\01 Stereo Wildlife - Everything Illuminated.flac,1,1,123.124,2026-08-29 08:21:15,2026-08-29 08:21:15
8,RadioTEDU Rock,/rock,configured_stream,52141,Fake Friends,Sounds Like Color,,,,,,,219.231,H:\RadioTEDU Songs\Rock\Sounds Like Color\Fake Friends\01 Fake Friends.flac,1,1,219.189,2026-08-29 11:59:55,2026-08-29 11:59:55
8,RadioTEDU Rock,/rock,configured_stream,51912,Falling Away from Me,,,,,,,,270.92,H:\RadioTEDU Songs\Rock\071 - Falling Away from Me.mp3,1,1,274.572,2026-08-29 09:24:06,2026-08-29 09:24:06
8,RadioTEDU Rock,/rock,configured_stream,51935,Feel Like Makin’ Love,Bad Company,,,,,,,314.6,H:\RadioTEDU Songs\Rock\Bad Company\Straight Shooter\02 Feel Like Makin’ Love.flac,1,1,312.312,2026-08-29 00:54:09,2026-08-29 00:54:09
8,RadioTEDU Rock,/rock,configured_stream,52040,Fly Away,Lenny Kravitz,,,,,,,221.333,H:\RadioTEDU Songs\Rock\Lenny Kravitz\5\08 Fly Away.flac,1,1,218.518,2026-08-29 10:36:21,2026-08-29 10:36:21
8,RadioTEDU Rock,/rock,configured_stream,51932,For You,Anti-Nowhere League,,,,,,,208.724,H:\RadioTEDU Songs\Rock\Anti-Nowhere League\For You\11 For You.mp3,1,1,206.286,2026-08-29 11:56:08,2026-08-29 11:56:08
8,RadioTEDU Rock,/rock,configured_stream,51970,Freakin’ Out,Dexter and The Moonrocks,,,,,,,217.898,H:\RadioTEDU Songs\Rock\Dexter and The Moonrocks\Freakin’ Out\01 Freakin’ Out.flac,1,1,217.797,2026-08-29 17:42:27,2026-08-29 17:42:27
8,RadioTEDU Rock,/rock,configured_stream,52137,FREEZE ME UP,SiM,,,,,,,216.535,H:\RadioTEDU Songs\Rock\SiM\FREEZE ME UP\01 FREEZE ME UP.flac,1,1,213.611,2026-08-29 02:00:48,2026-08-29 02:00:48
8,RadioTEDU Rock,/rock,configured_stream,52020,Funk #49,James Gang,,,,,,,235.462,H:\RadioTEDU Songs\Rock\James Gang\James Gang Rides Again\01 Funk #49.flac,1,1,232.914,2026-08-29 01:57:09,2026-08-29 01:57:09
8,RadioTEDU Rock,/rock,configured_stream,51887,Gallowdance,,,,,,,,231.912,H:\RadioTEDU Songs\Rock\038 - Gallowdance.mp3,1,1,229.273,2026-08-29 14:40:57,2026-08-29 14:40:57
8,RadioTEDU Rock,/rock,configured_stream,51927,Garden,Alabama Shakes,,,,,,,299.042,H:\RadioTEDU Songs\Rock\Alabama Shakes\Garden\01 Garden.flac,1,1,302.825,2026-08-29 11:27:09,2026-08-29 11:27:09
8,RadioTEDU Rock,/rock,configured_stream,52158,Get It On,T. Rex,,,,,,,262.613,H:\RadioTEDU Songs\Rock\T. Rex\Electric Warrior\1-06 Get It On.flac,1,1,262.461,2026-08-29 08:19:02,2026-08-29 08:19:02
8,RadioTEDU Rock,/rock,configured_stream,52160,Get Set,Taxiride,,,,,,,193.893,H:\RadioTEDU Songs\Rock\Taxiride\Imaginate\02 Get Set.flac,1,1,191.217,2026-08-29 02:10:45,2026-08-29 02:10:45
8,RadioTEDU Rock,/rock,configured_stream,52189,Gimme Shelter,The Rolling Stones,,,,,,,270.773,H:\RadioTEDU Songs\Rock\The Rolling Stones\Let It Bleed\01 Gimme Shelter.flac,1,1,267.869,2026-08-29 04:26:57,2026-08-29 04:26:57
8,RadioTEDU Rock,/rock,configured_stream,52084,"Girls, Girls, Girls",Mötley Crüe,,,,,,,270.533,"H:\RadioTEDU Songs\Rock\Mötley Crüe\Girls, Girls, Girls\02 Girls, Girls, Girls.flac",1,1,268.351,2026-08-29 17:01:01,2026-08-29 17:01:01
8,RadioTEDU Rock,/rock,configured_stream,51985,Going Under,Evanescence,,,,,,,218.093,H:\RadioTEDU Songs\Rock\Evanescence\Going Under.mp3,1,1,215.551,2026-08-29 02:41:52,2026-08-29 02:41:52
8,RadioTEDU Rock,/rock,configured_stream,51868,Goo Goo Muck,The Cramps,,,,,,,186.178,H:\RadioTEDU Songs\Rock\001 - The Cramps - Goo Goo Muck (Lyric Video).mp3,1,1,193.439,2026-08-29 05:17:41,2026-08-29 05:17:41
8,RadioTEDU Rock,/rock,configured_stream,52167,Good Times Roll,The Cars,,,,,,,225.227,H:\RadioTEDU Songs\Rock\The Cars\The Elektra Years_ 1978–1987\1-01 Good Times Roll.flac,1,1,222.382,2026-08-29 11:04:39,2026-08-29 11:04:39
8,RadioTEDU Rock,/rock,configured_stream,45546,Grandpa Sweaters,Upon Your Dead Body,,,,,,,210.462,H:\RadioTEDU Songs\Rock\Upon Your Dead Body - Grandpa Sweaters.flac,1,1,207.547,2026-08-29 08:31:25,2026-08-29 08:31:25
8,RadioTEDU Rock,/rock,configured_stream,52025,Gravity,Jon Toogood,,,,,,,214.624,H:\RadioTEDU Songs\Rock\Jon Toogood\Last Of The Lonely Gods\04 Gravity.flac,1,1,214.568,2026-08-29 14:12:59,2026-08-29 14:12:59
8,RadioTEDU Rock,/rock,configured_stream,47110,Gummy Bear,Le Shiv,,,,,,,164.758,H:\RadioTEDU Songs\Rock\Le Shiv - Gummy Bear.flac,1,1,162.107,2026-08-29 10:55:09,2026-08-29 10:55:09
8,RadioTEDU Rock,/rock,configured_stream,47097,Gut,Gliiico,,,,,,,145.267,H:\RadioTEDU Songs\Rock\Gliiico - Gut.flac,1,1,142.357,2026-08-29 05:14:28,2026-08-29 05:14:28
8,RadioTEDU Rock,/rock,configured_stream,51881,Hangman Hangten,,,,,,,,149.76,H:\RadioTEDU Songs\Rock\032 - Hangman Hangten.mp3,1,1,149.683,2026-08-29 10:22:32,2026-08-29 10:22:32
8,RadioTEDU Rock,/rock,configured_stream,45434,Happy,Letdown.,,,,,,,169.233,H:\RadioTEDU Songs\Rock\Letdown. - Happy.flac,1,1,169.138,2026-08-29 02:03:37,2026-08-29 02:03:37
8,RadioTEDU Rock,/rock,configured_stream,51875,Hard Times for Dracula,,,,,,,,155.008,H:\RadioTEDU Songs\Rock\026 - Hard Times for Dracula.mp3,1,1,153.328,2026-08-29 18:33:45,2026-08-29 18:33:45
8,RadioTEDU Rock,/rock,configured_stream,52164,Hard to Handle,The Black Crowes,,,,,,,188.067,H:\RadioTEDU Songs\Rock\The Black Crowes\Shake Your Money Maker\06 Hard to Handle.flac,1,1,191.608,2026-08-29 13:07:58,2026-08-29 13:07:58
8,RadioTEDU Rock,/rock,configured_stream,51959,Have You Ever Seen the Rain,Creedence Clearwater Revival,,,,,,,160.133,H:\RadioTEDU Songs\Rock\Creedence Clearwater Revival\Pendulum\04 Have You Ever Seen the Rain.flac,1,1,157.998,2026-08-29 05:03:06,2026-08-29 05:03:06
8,RadioTEDU Rock,/rock,configured_stream,52080,Hay Loft,Mother Mother,,,,,,,181.68,H:\RadioTEDU Songs\Rock\Mother Mother\O My ♥️\08 Hay Loft.flac,1,1,178.948,2026-08-29 08:24:13,2026-08-29 08:24:13
8,RadioTEDU Rock,/rock,configured_stream,51899,Helena,,,,,,,,199.945,H:\RadioTEDU Songs\Rock\053 - Helena.mp3,1,1,200.216,2026-08-29 10:12:55,2026-08-29 10:12:55
8,RadioTEDU Rock,/rock,configured_stream,52176,Hey Joe,The Jimi Hendrix Experience,,,,,,,209.72,H:\RadioTEDU Songs\Rock\The Jimi Hendrix Experience\Are You Experienced\03 Hey Joe.flac,1,1,212.394,2026-08-29 01:37:03,2026-08-29 01:37:03
8,RadioTEDU Rock,/rock,configured_stream,51922,Highway to Hell,AC/DC,,,,,,,208.4,H:\RadioTEDU Songs\Rock\AC_DC\Highway to Hell\01 Highway to Hell.flac,1,1,206.319,2026-08-29 04:13:54,2026-08-29 04:13:54
8,RadioTEDU Rock,/rock,configured_stream,52188,Honky Tonk Women,The Rolling Stones,,,,,,,178.77,H:\RadioTEDU Songs\Rock\The Rolling Stones\Hot Rocks 1964–1971\2-04 Honky Tonk Women.flac,1,1,177.252,2026-08-29 04:01:00,2026-08-29 04:01:00
8,RadioTEDU Rock,/rock,configured_stream,45378,How Much Love Have I Got Left,CHEEKY LEASH,,,,,,,237.542,H:\RadioTEDU Songs\Rock\CHEEKY LEASH - How Much Love Have I Got Left.flac,1,1,234.817,2026-08-29 18:09:01,2026-08-29 18:09:01
8,RadioTEDU Rock,/rock,configured_stream,52135,How to Live,Seeland,,,,,,,146.855,H:\RadioTEDU Songs\Rock\Seeland\How to Live\06 How to Live.mp3,1,1,146.915,2026-08-29 17:03:34,2026-08-29 17:03:34
8,RadioTEDU Rock,/rock,configured_stream,52088,How You Remind Me,Nickelback,,,,,,,223.84,H:\RadioTEDU Songs\Rock\Nickelback\Silver Side Up\02 How You Remind Me.flac,1,1,224.273,2026-08-29 02:14:29,2026-08-29 02:14:29
8,RadioTEDU Rock,/rock,configured_stream,51978,Hungry Like the Wolf,Duran Duran,,,,,,,220.627,H:\RadioTEDU Songs\Rock\Duran Duran\Rio\04 Hungry Like the Wolf.flac,1,1,217.71,2026-08-29 17:34:59,2026-08-29 17:34:59
8,RadioTEDU Rock,/rock,configured_stream,52138,I Don’t Need Anything from You,Slow Joy,,,,,,,133.851,H:\RadioTEDU Songs\Rock\Slow Joy\Esteban Flores\11 Slow Joy - I Don’t Need Anything from You.flac,1,1,131.693,2026-08-29 13:34:08,2026-08-29 13:34:08
8,RadioTEDU Rock,/rock,configured_stream,52130,I See You Now,Roger Taylor,,,,,,,196.973,H:\RadioTEDU Songs\Rock\Roger Taylor\I See You Now\01 I See You Now.flac,1,1,194.004,2026-08-29 10:06:56,2026-08-29 10:06:56
8,RadioTEDU Rock,/rock,configured_stream,52205,I Wanna Rock,Twisted Sister,,,,,,,183.391,H:\RadioTEDU Songs\Rock\Twisted Sister\Stay Hungry\05 I Wanna Rock.flac,1,1,182.856,2026-08-29 09:59:17,2026-08-29 09:59:17
8,RadioTEDU Rock,/rock,configured_stream,52106,I'll Be Okay,Paperback Tragedy,,,,,,,131.691,H:\RadioTEDU Songs\Rock\Paperback Tragedy\Threeshe!\08 I'll Be Okay.mp3,1,1,131.655,2026-08-29 11:35:37,2026-08-29 11:35:37
8,RadioTEDU Rock,/rock,configured_stream,52019,I'll Give You The Moon,Jad Fair & Kramer,,,,,,,156.053,H:\RadioTEDU Songs\Rock\Jad Fair & Kramer\The History Of Crying\05 I'll Give You The Moon.mp3,1,1,154.339,2026-08-29 08:06:00,2026-08-29 08:06:00
8,RadioTEDU Rock,/rock,configured_stream,51962,I'm Lost Without You,Crosstown Bus,,,,,,,600.491,H:\RadioTEDU Songs\Rock\Crosstown Bus\High Grass\10 I'm Lost Without You.mp3,1,1,597.909,2026-08-29 17:13:44,2026-08-29 17:13:44
8,RadioTEDU Rock,/rock,configured_stream,52039,Immigrant Song,Led Zeppelin,,,,,,,146.25,H:\RadioTEDU Songs\Rock\Led Zeppelin\Led Zeppelin III\01 Immigrant Song.flac,1,1,146.808,2026-08-29 09:26:33,2026-08-29 09:26:33
8,RadioTEDU Rock,/rock,configured_stream,52156,Interstate Love Song,Stone Temple Pilots,,,,,,,193.613,H:\RadioTEDU Songs\Rock\Stone Temple Pilots\Purple\04 Stone Temple Pilots - Interstate Love Song.flac,1,1,190.736,2026-08-29 12:20:33,2026-08-29 12:20:33
8,RadioTEDU Rock,/rock,configured_stream,52173,Iris,The Goo Goo Dolls,,,,,,,289.533,H:\RadioTEDU Songs\Rock\The Goo Goo Dolls\Dizzy Up the Girl\11 Iris.flac,1,1,295.956,2026-08-29 09:53:05,2026-08-29 09:53:05
8,RadioTEDU Rock,/rock,configured_stream,52210,Jump,Van Halen,,,,,,,241.871,H:\RadioTEDU Songs\Rock\Van Halen\The Collection\6-02 Jump.flac,1,1,239.487,2026-08-29 14:48:29,2026-08-29 14:48:29
8,RadioTEDU Rock,/rock,configured_stream,52129,Katy Bar the Door,Rise Against,,,,,,,205.203,H:\RadioTEDU Songs\Rock\Rise Against\Katy Bar the Door _ Living Undercover\01 Katy Bar the Door.flac,1,1,202.425,2026-08-29 07:34:26,2026-08-29 07:34:26
8,RadioTEDU Rock,/rock,configured_stream,52083,Kickstart My Heart,Mötley Crüe,,,,,,,282.653,H:\RadioTEDU Songs\Rock\Mötley Crüe\Dr. Feelgood\05 Kickstart My Heart.flac,1,1,280.824,2026-08-29 01:20:43,2026-08-29 01:20:43
8,RadioTEDU Rock,/rock,configured_stream,52086,Kickstart My Heart,Mötley Crüe,,,,,,,311.414,H:\RadioTEDU Songs\Rock\Mötley Crüe\Greatest Video Hits\01 Kickstart My Heart.mp3,1,1,310.529,2026-08-29 00:44:53,2026-08-29 00:44:53
8,RadioTEDU Rock,/rock,configured_stream,52122,Killing in the Name,Rage Against the Machine,,,,,,,313.818,H:\RadioTEDU Songs\Rock\Rage Against the Machine\Killing in the Name.mp3,1,1,316.033,2026-08-29 00:10:52,2026-08-29 00:10:52
8,RadioTEDU Rock,/rock,configured_stream,51941,Kingdom Come,Black Lips,,,,,,,207.24,H:\RadioTEDU Songs\Rock\Black Lips\Kingdom Come\01 Kingdom Come.flac,1,1,207.114,2026-08-29 01:40:31,2026-08-29 01:40:31
8,RadioTEDU Rock,/rock,configured_stream,47108,knee/touch,Nautics,,,,,,,246.08,H:\RadioTEDU Songs\Rock\Nautics - kneetouch.flac,1,1,244.98,2026-08-29 10:48:40,2026-08-29 10:48:40
8,RadioTEDU Rock,/rock,configured_stream,52217,La Grange,ZZ Top,,,,,,,230.48,H:\RadioTEDU Songs\Rock\ZZ Top\Tres hombres\08 La Grange.flac,1,1,230.156,2026-08-29 17:38:50,2026-08-29 17:38:50
8,RadioTEDU Rock,/rock,configured_stream,52194,Last Nite,The Strokes,,,,,,,193.507,H:\RadioTEDU Songs\Rock\The Strokes\Is This It\07 Last Nite.flac,1,1,190.942,2026-08-29 11:33:25,2026-08-29 11:33:25
8,RadioTEDU Rock,/rock,configured_stream,51994,Learn to Fly,Foo Fighters,,,,,,,235.293,H:\RadioTEDU Songs\Rock\Foo Fighters\There Is Nothing Left to Lose\03 Learn to Fly.flac,1,1,234.898,2026-08-29 15:51:31,2026-08-29 15:51:31
8,RadioTEDU Rock,/rock,configured_stream,52069,Let It Go,MASS OF THE FERMENTING DREGS,,,,,,,169.333,H:\RadioTEDU Songs\Rock\MASS OF THE FERMENTING DREGS\Iwaou\02 Let It Go.flac,1,1,166.483,2026-08-29 08:11:55,2026-08-29 08:11:55
8,RadioTEDU Rock,/rock,configured_stream,51995,Libra,French Police,,,,,,,167.279,H:\RadioTEDU Songs\Rock\French Police\Libra\01 Libra.flac,1,1,165.304,2026-08-29 07:57:15,2026-08-29 07:57:15
8,RadioTEDU Rock,/rock,configured_stream,51979,Life in the Fast Lane,Eagles,,,,,,,285.803,H:\RadioTEDU Songs\Rock\Eagles\Hotel California\03 Life in the Fast Lane.flac,1,1,287.801,2026-08-29 11:09:26,2026-08-29 11:09:26
8,RadioTEDU Rock,/rock,configured_stream,52172,Light My Fire,The Doors,,,,,,,429.76,H:\RadioTEDU Songs\Rock\The Doors\The Doors\06 Light My Fire.flac,1,1,426.949,2026-08-29 05:40:43,2026-08-29 05:40:43
8,RadioTEDU Rock,/rock,configured_stream,45497,Lilith,Stanley Simmons,,,,,,,242.626,H:\RadioTEDU Songs\Rock\Stanley Simmons - Lilith.flac,1,1,239.815,2026-08-29 00:30:29,2026-08-29 00:30:29
8,RadioTEDU Rock,/rock,configured_stream,52170,Listen to the Music,The Doobie Brothers,,,,,,,227.267,H:\RadioTEDU Songs\Rock\The Doobie Brothers\Toulouse Street\01 Listen to the Music.flac,1,1,224.586,2026-08-29 10:32:42,2026-08-29 10:32:42
8,RadioTEDU Rock,/rock,configured_stream,52007,Little Tea,HONEYMOAN,,,,,,,228.694,H:\RadioTEDU Songs\Rock\HONEYMOAN\LOVE DESTROY ME\03 HONEYMOAN - Little Tea.flac,1,1,230.218,2026-08-29 07:44:02,2026-08-29 07:44:02
8,RadioTEDU Rock,/rock,configured_stream,51949,Livin’ on a Prayer,Bon Jovi,,,,,,,249.293,H:\RadioTEDU Songs\Rock\Bon Jovi\Slippery When Wet\03 Livin’ on a Prayer.flac,1,1,249.468,2026-08-29 18:15:47,2026-08-29 18:15:47
8,RadioTEDU Rock,/rock,configured_stream,51936,Loser,Beck,,,,,,,232.234,H:\RadioTEDU Songs\Rock\Beck\Mellow Gold\01 Loser.flac,1,1,229.289,2026-08-29 16:46:25,2026-08-29 16:46:25
8,RadioTEDU Rock,/rock,configured_stream,52121,Losing My Religion 2 (demo),R.E.M.,,,,,,,273.968,H:\RadioTEDU Songs\Rock\R.E.M_\Out of Time\2-11 Losing My Religion 2 (demo).flac,1,1,274.23,2026-08-29 06:47:48,2026-08-29 06:47:48
8,RadioTEDU Rock,/rock,configured_stream,52202,Love Is a Long Road,Tom Petty,,,,,,,247.6,H:\RadioTEDU Songs\Rock\Tom Petty\Full Moon Fever\03 Love Is a Long Road.flac,1,1,249.015,2026-08-29 04:43:12,2026-08-29 04:43:12
8,RadioTEDU Rock,/rock,configured_stream,52067,Lullaby,Low,,,,,,,589.107,H:\RadioTEDU Songs\Rock\Low\I Could Live in Hope\06 Lullaby.flac,1,1,590.474,2026-08-29 12:17:20,2026-08-29 12:17:20
8,RadioTEDU Rock,/rock,configured_stream,52009,Lust for Life,Iggy Pop,,,,,,,313.926,H:\RadioTEDU Songs\Rock\Iggy Pop\Lust for Life\01 Lust for Life.flac,1,1,314.101,2026-08-29 02:38:01,2026-08-29 02:38:01
8,RadioTEDU Rock,/rock,configured_stream,45530,Makes no Difference,The Rose Hips,,,,,,,252.209,H:\RadioTEDU Songs\Rock\The Rose Hips - Makes no Difference.flac,1,1,252.089,2026-08-29 15:26:44,2026-08-29 15:26:44
8,RadioTEDU Rock,/rock,configured_stream,52099,"Mama, I’m Coming Home",Ozzy Osbourne,,,,,,,251.867,"H:\RadioTEDU Songs\Rock\Ozzy Osbourne\No More Tears\03 Mama, I’m Coming Home.flac",1,1,251.88,2026-08-29 05:11:55,2026-08-29 05:11:55
8,RadioTEDU Rock,/rock,configured_stream,52201,Mary Jane’s Last Dance,Tom Petty & the Heartbreakers,,,,,,,273.6,H:\RadioTEDU Songs\Rock\Tom Petty and the Heartbreakers\Greatest Hits\17 Tom Petty & the Heartbreakers - Mary Jane’s Last Dance.flac,1,1,275.626,2026-08-29 16:00:04,2026-08-29 16:00:04
8,RadioTEDU Rock,/rock,configured_stream,51870,Mary On A Cross,Ghost,,,,,,,244.785,H:\RadioTEDU Songs\Rock\015 - Ghost - Mary On A Cross (Official Audio).mp3,1,1,245.257,2026-08-29 17:54:23,2026-08-29 17:54:23
8,RadioTEDU Rock,/rock,configured_stream,45409,Mechanical Bull,Hannah Cole,,,,,,,214.147,H:\RadioTEDU Songs\Rock\Hannah Cole - Mechanical Bull.flac,1,1,211.729,2026-08-29 02:20:32,2026-08-29 02:20:32
8,RadioTEDU Rock,/rock,configured_stream,52098,Medicine,Out in Front,,,,,,,232.5,H:\RadioTEDU Songs\Rock\Out in Front\Medicine\01 Medicine.flac,1,1,232.579,2026-08-29 01:29:12,2026-08-29 01:29:12
8,RadioTEDU Rock,/rock,configured_stream,52018,Mr Brightside,It’s a Cover Up,,,,,,,222.973,"H:\RadioTEDU Songs\Rock\It’s a Cover Up\Most Requested Party Songs, Vol. 1\08 Mr Brightside.mp3",1,1,220.3,2026-08-29 05:50:23,2026-08-29 05:50:23
8,RadioTEDU Rock,/rock,configured_stream,52179,Mr. Brightside,The Killers,,,,,,,222.973,H:\RadioTEDU Songs\Rock\The Killers\Hot Fuss\02 Mr. Brightside (1).flac,1,1,223.964,2026-08-29 12:56:39,2026-08-29 12:56:39
8,RadioTEDU Rock,/rock,configured_stream,52180,Mr. Brightside,The Killers,,,,,,,222.973,H:\RadioTEDU Songs\Rock\The Killers\Hot Fuss\02 Mr. Brightside.flac,1,1,222.846,2026-08-29 13:31:46,2026-08-29 13:31:46
8,RadioTEDU Rock,/rock,configured_stream,51896,My Girlfriend's Girlfriend,,,,,,,,228.827,H:\RadioTEDU Songs\Rock\050 - My Girlfriend's Girlfriend.mp3,1,1,229.745,2026-08-29 06:24:44,2026-08-29 06:24:44
8,RadioTEDU Rock,/rock,configured_stream,51944,No Rain,Blind Melon,,,,,,,217.107,H:\RadioTEDU Songs\Rock\Blind Melon\Blind Melon\07 No Rain.flac,1,1,214.747,2026-08-29 06:02:59,2026-08-29 06:02:59
8,RadioTEDU Rock,/rock,configured_stream,52031,NOTHING BETTER THAN THIS,Kasabian,,,,,,,158.244,H:\RadioTEDU Songs\Rock\Kasabian\NOTHING BETTER THAN THIS\01 NOTHING BETTER THAN THIS.flac,1,1,155.447,2026-08-29 18:11:37,2026-08-29 18:11:37
8,RadioTEDU Rock,/rock,configured_stream,52159,Once in a Lifetime,Talking Heads,,,,,,,259.907,H:\RadioTEDU Songs\Rock\Talking Heads\Remain in Light\1-04 Once in a Lifetime.flac,1,1,260.812,2026-08-29 06:38:23,2026-08-29 06:38:23
8,RadioTEDU Rock,/rock,configured_stream,51957,One Last Breath,Creed,,,,,,,239.456,H:\RadioTEDU Songs\Rock\Creed\Weathered\05 One Last Breath.flac,1,1,238.14,2026-08-29 05:54:21,2026-08-29 05:54:21
8,RadioTEDU Rock,/rock,configured_stream,52148,One of These Days,Stereo Wildlife feat. Kid Alaska & Izzy Chase,,,,,,,141.606,H:\RadioTEDU Songs\Rock\Stereo Wildlife\The Lighthouse\04 Stereo Wildlife feat. Kid Alaska & Izzy Chase - One of These Days (1).flac,1,1,139.838,2026-08-29 08:03:25,2026-08-29 08:03:25
8,RadioTEDU Rock,/rock,configured_stream,52149,One of These Days,Stereo Wildlife feat. Kid Alaska & Izzy Chase,,,,,,,131.955,H:\RadioTEDU Songs\Rock\Stereo Wildlife\The Lighthouse\04 Stereo Wildlife feat. Kid Alaska & Izzy Chase - One of These Days (2).flac,1,1,132.141,2026-08-29 02:32:46,2026-08-29 02:32:46
8,RadioTEDU Rock,/rock,configured_stream,51889,Out Of Control,,,,,,,,217.293,H:\RadioTEDU Songs\Rock\040 - Out Of Control.mp3,1,1,216.385,2026-08-29 11:18:31,2026-08-29 11:18:31
8,RadioTEDU Rock,/rock,configured_stream,52029,Painkiller,Judas Priest,,,,,,,368.373,H:\RadioTEDU Songs\Rock\Judas Priest\Painkiller.mp3,1,1,365.546,2026-08-29 11:48:26,2026-08-29 11:48:26
8,RadioTEDU Rock,/rock,configured_stream,45542,Paint a Picture,Trueblood,,,,,,,198.098,H:\RadioTEDU Songs\Rock\Trueblood - Paint a Picture.flac,1,1,198.679,2026-08-29 16:53:26,2026-08-29 16:53:26
8,RadioTEDU Rock,/rock,configured_stream,51872,Paint It Black,,,,,,,,145.333,H:\RadioTEDU Songs\Rock\018 - Paint It Black.mp3,1,1,142.534,2026-08-29 05:43:06,2026-08-29 05:43:06
8,RadioTEDU Rock,/rock,configured_stream,52187,Paint It Black,The Rolling Stones,,,,,,,202.267,H:\RadioTEDU Songs\Rock\The Rolling Stones\Aftermath\01 Paint It Black.flac,1,1,199.35,2026-08-29 16:03:27,2026-08-29 16:03:27
8,RadioTEDU Rock,/rock,configured_stream,52034,Painting After Painting,Kiwi Jr.,,,,,,,228.584,H:\RadioTEDU Songs\Rock\Kiwi Jr_\Blowin’ Up\08 Painting After Painting.flac,1,1,225.843,2026-08-29 14:29:27,2026-08-29 14:29:27
8,RadioTEDU Rock,/rock,configured_stream,52209,Panama,Van Halen,,,,,,,210.21,H:\RadioTEDU Songs\Rock\Van Halen\1984\03 Panama.flac,1,1,209.74,2026-08-29 15:30:27,2026-08-29 15:30:27
8,RadioTEDU Rock,/rock,configured_stream,51937,Piece of My Heart,Big Brother & the Holding Company,,,,,,,253.333,H:\RadioTEDU Songs\Rock\Big Brother & the Holding Company\Cheap Thrills\04 Piece of My Heart.flac,1,1,253.489,2026-08-29 02:24:46,2026-08-29 02:24:46
8,RadioTEDU Rock,/rock,configured_stream,47113,Poles,Special Features,,,,,,,218.856,H:\RadioTEDU Songs\Rock\Special Features - Poles.flac,1,1,218.748,2026-08-29 08:00:56,2026-08-29 08:00:56
8,RadioTEDU Rock,/rock,configured_stream,51967,Pour Some Sugar on Me (promo video),Def Leppard,,,,,,,295.544,H:\RadioTEDU Songs\Rock\Def Leppard\Hysteria\6-07 Def Leppard - Pour Some Sugar on Me (promo video).flac,1,1,295.828,2026-08-29 01:53:03,2026-08-29 01:53:03
8,RadioTEDU Rock,/rock,configured_stream,52008,Prey for Me,If Not for Me,,,,,,,205.888,H:\RadioTEDU Songs\Rock\If Not For Me\Where the Light Begins to Fade\06 If Not for Me - Prey for Me.flac,1,1,205.685,2026-08-29 05:00:19,2026-08-29 05:00:19
8,RadioTEDU Rock,/rock,configured_stream,52177,Purple Haze,The Jimi Hendrix Experience,,,,,,,180.489,H:\RadioTEDU Songs\Rock\The Jimi Hendrix Experience\Are You Experienced\1-14 Purple Haze.flac,1,1,179.883,2026-08-29 12:27:22,2026-08-29 12:27:22
8,RadioTEDU Rock,/rock,configured_stream,51950,Rebel Rebel,Bowie,,,,,,,274.747,H:\RadioTEDU Songs\Rock\Bowie\Diamond Dogs\06 Rebel Rebel.flac,1,1,273.26,2026-08-29 05:07:40,2026-08-29 05:07:40
8,RadioTEDU Rock,/rock,configured_stream,51910,Red Flags And Long Nights,,,,,,,,308.987,H:\RadioTEDU Songs\Rock\069 - Red Flags And Long Nights.mp3,1,1,308.793,2026-08-29 15:00:44,2026-08-29 15:00:44
8,RadioTEDU Rock,/rock,configured_stream,45380,Robot,Clutter,,,,,,,178.75,H:\RadioTEDU Songs\Rock\Clutter - Robot.flac,1,1,176.235,2026-08-29 16:56:33,2026-08-29 16:56:33
8,RadioTEDU Rock,/rock,configured_stream,45457,Rock N Roll Ruined My Life,Ok Cowgirl,,,,,,,255.547,H:\RadioTEDU Songs\Rock\Ok Cowgirl - Rock N Roll Ruined My Life.flac,1,1,258.617,2026-08-29 04:18:13,2026-08-29 04:18:13
8,RadioTEDU Rock,/rock,configured_stream,52134,Rock You Like a Hurricane,Scorpions,,,,,,,253.667,H:\RadioTEDU Songs\Rock\Scorpions\Love at First Sting\02 Rock You Like a Hurricane.flac,1,1,252.57,2026-08-29 13:01:14,2026-08-29 13:01:14
8,RadioTEDU Rock,/rock,configured_stream,51954,Run to Paradise,Choirboys,,,,,,,248.56,H:\RadioTEDU Songs\Rock\Choirboys\Big Bad Noise\01 Run to Paradise.flac,1,1,245.817,2026-08-29 01:33:30,2026-08-29 01:33:30
8,RadioTEDU Rock,/rock,configured_stream,52015,Run to the Hills,Iron Maiden,,,,,,,233.507,H:\RadioTEDU Songs\Rock\Iron Maiden\The Number Of The Beast\06 Run to the Hills.flac,1,1,230.768,2026-08-29 16:24:46,2026-08-29 16:24:46
8,RadioTEDU Rock,/rock,configured_stream,52422,Samba de Sausalito,Santana,,,,,,,188.257,H:\RadioTEDU Songs\Rock\Santana\Welcome\03 Samba de Sausalito.mp3,1,1,188.334,2026-08-29 17:21:16,2026-08-29 17:21:16
8,RadioTEDU Rock,/rock,configured_stream,52190,Satisfaction,The Rolling Stones,,,,,,,222.813,H:\RadioTEDU Songs\Rock\The Rolling Stones\Out of Our Heads\07 Satisfaction.flac,1,1,223.333,2026-08-29 13:42:15,2026-08-29 13:42:15
8,RadioTEDU Rock,/rock,configured_stream,52213,Say It Ain't So,Weezer,,,,,,,258.827,H:\RadioTEDU Songs\Rock\Weezer\Weezer\07 Say It Ain't So.flac,1,1,258.838,2026-08-29 08:35:43,2026-08-29 08:35:43
8,RadioTEDU Rock,/rock,configured_stream,52061,Scavenger Hunt,Louie Zong,,,,,,,10.083,H:\RadioTEDU Songs\Rock\Louie Zong\Light\04 Scavenger Hunt (1).mp3,1,1,9.791,2026-08-29 10:55:18,2026-08-29 10:55:18
8,RadioTEDU Rock,/rock,configured_stream,52063,Scavenger Hunt,Louie Zong,,,,,,,10.083,H:\RadioTEDU Songs\Rock\Louie Zong\Light\04 Scavenger Hunt (3).mp3,1,1,8.075,2026-08-29 11:56:16,2026-08-29 11:56:16
8,RadioTEDU Rock,/rock,configured_stream,52064,Scavenger Hunt,Louie Zong,,,,,,,10.083,H:\RadioTEDU Songs\Rock\Louie Zong\Light\04 Scavenger Hunt (4).mp3,1,1,7.18,2026-08-29 12:00:12,2026-08-29 12:00:12
8,RadioTEDU Rock,/rock,configured_stream,52066,Scavenger Hunt,Louie Zong,,,,,,,10.083,H:\RadioTEDU Songs\Rock\Louie Zong\Light\04 Scavenger Hunt.mp3,1,1,7.923,2026-08-29 10:22:54,2026-08-29 10:22:54
8,RadioTEDU Rock,/rock,configured_stream,51928,School’s Out,Alice Cooper,,,,,,,210.493,H:\RadioTEDU Songs\Rock\Alice Cooper\School’s Out\01 School’s Out.flac,1,1,210.335,2026-08-29 05:21:12,2026-08-29 05:21:12
8,RadioTEDU Rock,/rock,configured_stream,52204,SEEIN’ STARS,Turnstile,,,,,,,186.277,H:\RadioTEDU Songs\Rock\Turnstile\NEVER ENOUGH\10 SEEIN’ STARS.flac,1,1,183.828,2026-08-29 18:00:04,2026-08-29 18:00:04
8,RadioTEDU Rock,/rock,configured_stream,52073,Seek & Destroy,Metallica,,,,,,,414.72,H:\RadioTEDU Songs\Rock\Metallica\Kill ’Em All\09 Seek & Destroy.flac,1,1,412.045,2026-08-29 18:22:56,2026-08-29 18:22:56
8,RadioTEDU Rock,/rock,configured_stream,52161,Self Aware,Temper City,,,,,,,180.741,H:\RadioTEDU Songs\Rock\Temper City\Self Aware\01 Self Aware.flac,1,1,180.573,2026-08-29 16:06:27,2026-08-29 16:06:27
8,RadioTEDU Rock,/rock,configured_stream,52198,Semi-Charmed Life,Third Eye Blind,,,,,,,268.36,H:\RadioTEDU Songs\Rock\Third Eye Blind\Third Eye Blind\03 Semi-Charmed Life.flac,1,1,266.979,2026-08-29 14:25:41,2026-08-29 14:25:41
8,RadioTEDU Rock,/rock,configured_stream,51891,Sextape,,,,,,,,241.533,H:\RadioTEDU Songs\Rock\045 - Sextape.mp3,1,1,243.174,2026-08-29 00:34:33,2026-08-29 00:34:33
8,RadioTEDU Rock,/rock,configured_stream,52168,Should I Stay or Should I Go,The Clash,,,,,,,188.987,H:\RadioTEDU Songs\Rock\The Clash\Combat Rock\03 Should I Stay or Should I Go.flac,1,1,186.122,2026-08-29 04:51:55,2026-08-29 04:51:55
8,RadioTEDU Rock,/rock,configured_stream,51991,Slow Ride,Foghat,,,,,,,232.533,H:\RadioTEDU Songs\Rock\Foghat\Slow Ride\01 Slow Ride.flac,1,1,238.355,2026-08-29 04:22:27,2026-08-29 04:22:27
8,RadioTEDU Rock,/rock,configured_stream,52090,Smells Like Teen Spirit,Nirvana,,,,,,,301.92,H:\RadioTEDU Songs\Rock\Nirvana\Nevermind\01 Smells Like Teen Spirit (1).flac,1,1,299.103,2026-08-29 04:56:54,2026-08-29 04:56:54
8,RadioTEDU Rock,/rock,configured_stream,52091,Smells Like Teen Spirit,Nirvana,,,,,,,301.92,H:\RadioTEDU Songs\Rock\Nirvana\Nevermind\01 Smells Like Teen Spirit.flac,1,1,301.763,2026-08-29 06:12:52,2026-08-29 06:12:52
8,RadioTEDU Rock,/rock,configured_stream,52094,Smells Like Teen Spirit,Nirvana,,,,,,,301.92,H:\RadioTEDU Songs\Rock\Nirvana\Smells Like Teen Spirit.mp3,1,1,300.284,2026-08-29 04:10:21,2026-08-29 04:10:21
8,RadioTEDU Rock,/rock,configured_stream,51997,Solid Rock,Goanna,,,,,,,275.227,H:\RadioTEDU Songs\Rock\Goanna\Spirit of Place\02 Solid Rock.flac,1,1,272.467,2026-08-29 01:25:20,2026-08-29 01:25:20
8,RadioTEDU Rock,/rock,configured_stream,52110,Solsbury Hill,Peter Gabriel,,,,,,,261.56,H:\RadioTEDU Songs\Rock\Peter Gabriel\Peter Gabriel\02 Solsbury Hill.flac,1,1,258.755,2026-08-29 07:54:29,2026-08-29 07:54:29
8,RadioTEDU Rock,/rock,configured_stream,52053,Somewhere I Belong,Linkin Park,,,,,,,225.768,H:\RadioTEDU Songs\Rock\Linkin Park\Meteora\03 Somewhere I Belong.flac,1,1,227.201,2026-08-29 16:18:05,2026-08-29 16:18:05
8,RadioTEDU Rock,/rock,configured_stream,52054,Somewhere I Belong,Linkin Park,,,,,,,225.768,H:\RadioTEDU Songs\Rock\Linkin Park\Meteora\03 Somewhere I Belong.mp3,1,1,222.974,2026-08-29 16:50:07,2026-08-29 16:50:07
8,RadioTEDU Rock,/rock,configured_stream,51947,Song 2,Blur,,,,,,,121.208,H:\RadioTEDU Songs\Rock\Blur\Blur\02 Song 2.flac,1,1,118.36,2026-08-29 15:22:32,2026-08-29 15:22:32
8,RadioTEDU Rock,/rock,configured_stream,51917,Sonne,,,,,,,,245.853,H:\RadioTEDU Songs\Rock\078 - Sonne.mp3,1,1,243.281,2026-08-29 09:09:46,2026-08-29 09:09:46
8,RadioTEDU Rock,/rock,configured_stream,51961,Southern Cross,"Crosby, Stills & Nash",,,,,,,281.0,"H:\RadioTEDU Songs\Rock\Crosby, Stills & Nash\Daylight Again\03 Southern Cross.flac",1,1,282.526,2026-08-29 17:50:18,2026-08-29 17:50:18
8,RadioTEDU Rock,/rock,configured_stream,51895,Spellbound,,,,,,,,197.013,H:\RadioTEDU Songs\Rock\049 - Spellbound.mp3,1,1,197.538,2026-08-29 14:44:14,2026-08-29 14:44:14
8,RadioTEDU Rock,/rock,configured_stream,51964,Starman,David Bowie,,,,,,,254.421,H:\RadioTEDU Songs\Rock\David Bowie\The Rise and Fall of Ziggy Stardust and the Spiders From Mars\04 Starman.flac,1,1,252.143,2026-08-29 07:08:44,2026-08-29 07:08:44
8,RadioTEDU Rock,/rock,configured_stream,52208,Sunday Bloody Sunday,U2,,,,,,,279.44,H:\RadioTEDU Songs\Rock\U2\War\01 Sunday Bloody Sunday.flac,1,1,276.776,2026-08-29 07:31:04,2026-08-29 07:31:04
8,RadioTEDU Rock,/rock,configured_stream,51955,Sunshine of Your Love,Cream,,,,,,,250.0,H:\RadioTEDU Songs\Rock\Cream\Disraeli Gears\02 Sunshine of Your Love.flac,1,1,249.862,2026-08-29 04:05:09,2026-08-29 04:05:09
8,RadioTEDU Rock,/rock,configured_stream,51916,Supermassive Black Hole,Muse,,,,,,,209.049,H:\RadioTEDU Songs\Rock\076 - Muse - Supermassive Black Hole (Audio).mp3,1,1,206.363,2026-08-29 00:57:35,2026-08-29 00:57:35
8,RadioTEDU Rock,/rock,configured_stream,52001,Sweet Child o’ Mine,Guns N’ Roses,,,,,,,356.067,H:\RadioTEDU Songs\Rock\Guns N’ Roses\Appetite for Destruction\09 Sweet Child o’ Mine.flac,1,1,353.322,2026-08-29 15:20:33,2026-08-29 15:20:33
8,RadioTEDU Rock,/rock,configured_stream,51921,T.N.T.,AC/DC,,,,,,,216.631,H:\RadioTEDU Songs\Rock\AC_DC\High Voltage\05 T.N.T..flac,1,1,214.84,2026-08-29 06:55:03,2026-08-29 06:55:03
8,RadioTEDU Rock,/rock,configured_stream,51923,T.N.T.,AC/DC,,,,,,,216.631,H:\RadioTEDU Songs\Rock\AC_DC\T.N.T..mp3,1,1,214.69,2026-08-29 15:34:07,2026-08-29 15:34:07
8,RadioTEDU Rock,/rock,configured_stream,52035,Take Me Away,Lash,,,,,,,213.8,H:\RadioTEDU Songs\Rock\Lash\The Beautiful and the Damned\01 Take Me Away.flac,1,1,214.363,2026-08-29 18:30:57,2026-08-29 18:30:57
8,RadioTEDU Rock,/rock,configured_stream,51981,Take Me Home Tonight,Eddie Money feat. Ronnie Spector,,,,,,,211.16,H:\RadioTEDU Songs\Rock\Eddie Money\Can’t Hold Back\01 Eddie Money feat. Ronnie Spector - Take Me Home Tonight.flac,1,1,211.134,2026-08-29 14:32:59,2026-08-29 14:32:59
8,RadioTEDU Rock,/rock,configured_stream,52082,Teenagers,My Chemical Romance,,,,,,,161.92,H:\RadioTEDU Songs\Rock\My Chemical Romance\The Black Parade\11 Teenagers.flac,1,1,158.947,2026-08-29 10:09:34,2026-08-29 10:09:34
8,RadioTEDU Rock,/rock,configured_stream,51988,The Chain,Fleetwood Mac,,,,,,,269.813,H:\RadioTEDU Songs\Rock\Fleetwood Mac\Rumours\07 The Chain.flac,1,1,269.79,2026-08-29 01:15:46,2026-08-29 01:15:46
8,RadioTEDU Rock,/rock,configured_stream,51971,The Fountain,DIIV,,,,,,,205.0,H:\RadioTEDU Songs\Rock\DIIV\The Fountain\01 The Fountain.flac,1,1,205.044,2026-08-29 13:54:11,2026-08-29 13:54:11
8,RadioTEDU Rock,/rock,configured_stream,51908,The Kids Aren't Alright,,,,,,,,180.16,H:\RadioTEDU Songs\Rock\067 - The Kids Aren't Alright.mp3,1,1,180.062,2026-08-29 07:15:14,2026-08-29 07:15:14
8,RadioTEDU Rock,/rock,configured_stream,52183,The Kids Aren't Alright,The Offspring,,,,,,,179.56,H:\RadioTEDU Songs\Rock\The Offspring\Americana\05 The Kids Aren't Alright.flac,1,1,177.242,2026-08-29 07:47:00,2026-08-29 07:47:00
8,RadioTEDU Rock,/rock,configured_stream,52184,The Kids Aren’t Alright,The Offspring,,,,,,,179.56,H:\RadioTEDU Songs\Rock\The Offspring\The Kids Aren’t Alright.mp3,1,1,180.327,2026-08-29 07:50:00,2026-08-29 07:50:00
8,RadioTEDU Rock,/rock,configured_stream,45357,The Martyr,Ally Evenson,,,,,,,195.398,H:\RadioTEDU Songs\Rock\Ally Evenson - The Martyr.flac,1,1,193.011,2026-08-29 16:33:06,2026-08-29 16:33:06
8,RadioTEDU Rock,/rock,configured_stream,52014,The Number of the Beast,Iron Maiden,,,,,,,291.051,H:\RadioTEDU Songs\Rock\Iron Maiden\The Number of the Beast.mp3,1,1,288.159,2026-08-29 16:14:17,2026-08-29 16:14:17
8,RadioTEDU Rock,/rock,configured_stream,52017,The Number of the Beast,Iron Maiden,,,,,,,291.109,H:\RadioTEDU Songs\Rock\Iron Maiden\Virus\06 The Number of the Beast.flac,1,1,293.174,2026-08-29 16:29:39,2026-08-29 16:29:39
8,RadioTEDU Rock,/rock,configured_stream,52013,The Trooper,Iron Maiden,,,,,,,263.454,H:\RadioTEDU Songs\Rock\Iron Maiden\Rock in Rio\1-10 The Trooper.flac,1,1,264.344,2026-08-29 18:41:41,2026-08-29 18:41:41
8,RadioTEDU Rock,/rock,configured_stream,52016,The Trooper,Iron Maiden,,,,,,,263.407,H:\RadioTEDU Songs\Rock\Iron Maiden\The Trooper.mp3,1,1,264.793,2026-08-29 16:37:30,2026-08-29 16:37:30
8,RadioTEDU Rock,/rock,configured_stream,47098,The World Keeps Spinning,Alemeda;Fousheé,,,,,,,135.307,H:\RadioTEDU Songs\Rock\Alemeda - The World Keeps Spinning.flac,1,1,132.613,2026-08-29 09:34:10,2026-08-29 09:34:10
8,RadioTEDU Rock,/rock,configured_stream,51903,This Love,,,,,,,,393.706,H:\RadioTEDU Songs\Rock\057 - This Love.mp3,1,1,391.304,2026-08-29 11:42:19,2026-08-29 11:42:19
8,RadioTEDU Rock,/rock,configured_stream,51909,Thunderstruck,,,,,,,,292.88,H:\RadioTEDU Songs\Rock\068 - Thunderstruck.mp3,1,1,290.472,2026-08-29 13:28:04,2026-08-29 13:28:04
8,RadioTEDU Rock,/rock,configured_stream,51924,Thunderstruck,AC/DC,,,,,,,292.88,H:\RadioTEDU Songs\Rock\AC_DC\The Razors Edge\01 Thunderstruck.flac,1,1,292.717,2026-08-29 18:04:57,2026-08-29 18:04:57
8,RadioTEDU Rock,/rock,configured_stream,51992,Times Like These (acoustic version),Foo Fighters,,,,,,,238.587,H:\RadioTEDU Songs\Rock\Foo Fighters\00020225\07 Times Like These (acoustic version).flac,1,1,237.919,2026-08-29 05:25:19,2026-08-29 05:25:19
8,RadioTEDU Rock,/rock,configured_stream,52143,"Tonight, Tonight",Starbenders,,,,,,,264.213,"H:\RadioTEDU Songs\Rock\Starbenders\Tonight, Tonight\01 Tonight, Tonight.flac",1,1,264.083,2026-08-29 07:26:18,2026-08-29 07:26:18
8,RadioTEDU Rock,/rock,configured_stream,52117,Under Pressure,Queen & David Bowie,,,,,,,253.051,H:\RadioTEDU Songs\Rock\Queen\Hot Space\11 Queen & David Bowie - Under Pressure.flac,1,1,250.306,2026-08-29 12:04:22,2026-08-29 12:04:22
8,RadioTEDU Rock,/rock,configured_stream,52126,Under the Bridge,Red Hot Chili Peppers,,,,,,,264.307,H:\RadioTEDU Songs\Rock\Red Hot Chili Peppers\Blood Sugar Sex Magik\11 Under the Bridge.flac,1,1,264.186,2026-08-29 10:40:45,2026-08-29 10:40:45
8,RadioTEDU Rock,/rock,configured_stream,52081,Uprising,Muse,,,,,,,304.84,H:\RadioTEDU Songs\Rock\Muse\The Resistance\1-01 Uprising.flac,1,1,304.137,2026-08-29 13:59:28,2026-08-29 13:59:28
8,RadioTEDU Rock,/rock,configured_stream,45416,Vincent Thomas,Jakobs Castle,,,,,,,164.867,H:\RadioTEDU Songs\Rock\Jakobs Castle - Vincent Thomas.flac,1,1,164.813,2026-08-29 08:14:39,2026-08-29 08:14:39
8,RadioTEDU Rock,/rock,configured_stream,51884,Voodoo Idol,,,,,,,,219.103,H:\RadioTEDU Songs\Rock\035 - Voodoo Idol.mp3,1,1,221.454,2026-08-29 10:28:40,2026-08-29 10:28:40
8,RadioTEDU Rock,/rock,configured_stream,52104,Walk,Pantera,,,,,,,315.861,H:\RadioTEDU Songs\Rock\Pantera\Walk.mp3,1,1,316.008,2026-08-29 04:48:28,2026-08-29 04:48:28
8,RadioTEDU Rock,/rock,configured_stream,52060,Walk on the Wild Side,Lou Reed,,,,,,,253.96,H:\RadioTEDU Songs\Rock\Lou Reed\Transformer\05 Walk on the Wild Side.flac,1,1,253.999,2026-08-29 10:03:31,2026-08-29 10:03:31
8,RadioTEDU Rock,/rock,configured_stream,51925,Walk This Way,Aerosmith,,,,,,,220.311,H:\RadioTEDU Songs\Rock\Aerosmith\Toys in the Attic\04 Walk This Way.flac,1,1,221.823,2026-08-29 09:37:53,2026-08-29 09:37:53
8,RadioTEDU Rock,/rock,configured_stream,52032,We Have Each Other,Kenny Smith,,,,,,,181.653,H:\RadioTEDU Songs\Rock\Kenny Smith\One More Day\14 Kenny Smith - We Have Each Other.mp3,1,1,181.276,2026-08-29 07:21:45,2026-08-29 07:21:45
8,RadioTEDU Rock,/rock,configured_stream,51948,Weather Me,BODEGA,,,,,,,202.835,H:\RadioTEDU Songs\Rock\BODEGA\Weather Me\01 Weather Me.flac,1,1,200.183,2026-08-29 07:18:44,2026-08-29 07:18:44
8,RadioTEDU Rock,/rock,configured_stream,52002,Welcome to the Jungle,Guns N’ Roses,,,,,,,273.48,H:\RadioTEDU Songs\Rock\Guns N’ Roses\Greatest Hits\01 Welcome to the Jungle.flac,1,1,277.028,2026-08-29 04:31:35,2026-08-29 04:31:35
8,RadioTEDU Rock,/rock,configured_stream,52058,What I've Done,Linkin Park,,,,,,,205.613,H:\RadioTEDU Songs\Rock\Linkin Park\Minutes to Midnight\1-06 What I've Done.flac,1,1,205.669,2026-08-29 08:27:41,2026-08-29 08:27:41
8,RadioTEDU Rock,/rock,configured_stream,51996,What Is Life,George Harrison,,,,,,,264.406,H:\RadioTEDU Songs\Rock\George Harrison\All Things Must Pass\1-05 What Is Life.flac,1,1,263.386,2026-08-29 13:38:32,2026-08-29 13:38:32
8,RadioTEDU Rock,/rock,configured_stream,45411,Whatchu In The Rush For,Hendrix Frankenreiter,,,,,,,193.487,H:\RadioTEDU Songs\Rock\Hendrix Frankenreiter - Whatchu In The Rush For.flac,1,1,191.748,2026-08-29 09:19:31,2026-08-29 09:19:31
8,RadioTEDU Rock,/rock,configured_stream,52087,When I Come Home,New Jordal Swingers,,,,,,,219.2,H:\RadioTEDU Songs\Rock\New Jordal Swingers\New Jordal Swingers on Top\5-09 When I Come Home.mp3,1,1,219.217,2026-08-29 12:24:13,2026-08-29 12:24:13
8,RadioTEDU Rock,/rock,configured_stream,52207,Where the Streets Have No Name,U2,,,,,,,336.613,H:\RadioTEDU Songs\Rock\U2\The Joshua Tree\01 Where the Streets Have No Name.flac,1,1,336.438,2026-08-29 07:40:02,2026-08-29 07:40:02
8,RadioTEDU Rock,/rock,configured_stream,51938,"White Wedding, Part 1",Billy Idol,,,,,,,252.2,"H:\RadioTEDU Songs\Rock\Billy Idol\Billy Idol\02 White Wedding, Part 1.flac",1,1,254.461,2026-08-29 17:31:09,2026-08-29 17:31:09
8,RadioTEDU Rock,/rock,configured_stream,51980,Whole Lot Coming for You,Eddie 9V,,,,,,,173.291,H:\RadioTEDU Songs\Rock\Eddie 9V\Down Here\01 Whole Lot Coming for You.flac,1,1,170.804,2026-08-29 11:30:14,2026-08-29 11:30:14
8,RadioTEDU Rock,/rock,configured_stream,52038,Whole Lotta Love,Led Zeppelin,,,,,,,334.555,H:\RadioTEDU Songs\Rock\Led Zeppelin\Led Zeppelin II\01 Whole Lotta Love.flac,1,1,331.743,2026-08-29 02:30:33,2026-08-29 02:30:33
8,RadioTEDU Rock,/rock,configured_stream,51929,Would?,Alice in Chains,,,,,,,206.773,H:\RadioTEDU Songs\Rock\Alice in Chains\Dirt\13 Would_.flac,1,1,206.779,2026-08-29 06:51:17,2026-08-29 06:51:17
8,RadioTEDU Rock,/rock,configured_stream,51920,You Shook Me All Night Long,AC/DC,,,,,,,210.173,H:\RadioTEDU Songs\Rock\AC_DC\Back in Black\07 You Shook Me All Night Long.flac,1,1,207.529,2026-08-29 13:11:38,2026-08-29 13:11:38
8,RadioTEDU Rock,/rock,configured_stream,51965,“Heroes”,David Bowie,,,,,,,363.347,H:\RadioTEDU Songs\Rock\David Bowie\“Heroes”\03 “Heroes”.flac,1,1,360.633,2026-08-29 09:48:10,2026-08-29 09:48:10
9,RadioTEDU Energize,/energize,configured_stream,52243,Beautiful People,David Guetta & Sia,,,,,,,187.087,H:\RadioTEDU Songs\Energize\David Guetta & Sia\Beautiful People\01 Beautiful People.mp3,6,6,1118.304,2026-08-29 04:00:18,2026-08-29 18:28:43
9,RadioTEDU Energize,/energize,configured_stream,52284,Easy Love,Sigala,,,,,,,229.813,H:\RadioTEDU Songs\Energize\Sigala\Brighter Days\16 Sigala - Easy Love.flac,6,6,1365.8,2026-08-29 04:13:47,2026-08-29 18:42:22
9,RadioTEDU Energize,/energize,configured_stream,52249,Gettin’ Over You,David Guetta & Chris Willis feat. Fergie & LMFAO,,,,,,,188.0,H:\RadioTEDU Songs\Energize\David Guetta\One More Love\02 David Guetta & Chris Willis feat. Fergie & LMFAO - Gettin’ Over You.mp3,6,6,1115.199,2026-08-29 03:38:33,2026-08-29 18:12:34
9,RadioTEDU Energize,/energize,configured_stream,52219,Heads Will Roll,Yeah Yeah Yeahs,,,,,,,220.09,H:\RadioTEDU Songs\Energize\017 - Yeah Yeah Yeahs - Heads Will Roll (Official Music Video).mp3,6,6,1304.275,2026-08-29 03:12:01,2026-08-29 17:49:41
9,RadioTEDU Energize,/energize,configured_stream,52292,I Follow Rivers,Tiësto feat. Oaks,,,,,,,198.972,H:\RadioTEDU Songs\Energize\Tiësto feat. Oaks\I Follow Rivers\01 I Follow Rivers.mp3,6,6,1181.202,2026-08-29 04:03:34,2026-08-29 18:31:59
9,RadioTEDU Energize,/energize,configured_stream,52240,If (A Better World),David Guetta & Cedric Gervais,,,,,,,170.806,H:\RadioTEDU Songs\Energize\David Guetta & Cedric Gervais\If (A Better World)\01 If (A Better World).flac,6,6,1009.483,2026-08-29 03:54:31,2026-08-29 18:22:53
9,RadioTEDU Energize,/energize,configured_stream,52276,It’s Not Right (But It’s Ok),Mr. Belt & Wezol,,,,,,,152.253,H:\RadioTEDU Songs\Energize\Mr. Belt & Wezol\It's Not Right But It's Okay\01 It’s Not Right (But It’s Ok).flac,6,6,904.186,2026-08-29 03:41:02,2026-08-29 18:15:09
9,RadioTEDU Energize,/energize,configured_stream,52277,It’s Not Right (But It’s Ok),Mr. Belt & Wezol,,,,,,,152.253,H:\RadioTEDU Songs\Energize\Mr. Belt & Wezol\It's Not Right But It's Okay\01 It’s Not Right (But It’s Ok).mp3,6,6,905.859,2026-08-29 04:06:03,2026-08-29 18:34:33
9,RadioTEDU Energize,/energize,configured_stream,47200,Lady Gaga - Bloody Mary // Wednesday (Soner Karaca Remix),Soner Karaca,,,,,,,197.01,H:\RadioTEDU Songs\Energize\037 - Lady Gaga - Bloody Mary ⧸⧸ Wednesday (Soner Karaca Remix).mp3,6,6,1166.767,2026-08-29 03:08:24,2026-08-29 17:46:00
9,RadioTEDU Energize,/energize,configured_stream,52263,Love and Imitation,Infusion,,,,,,,455.773,H:\RadioTEDU Songs\Energize\Infusion\Six Feet Above Yesterday\05 Love and Imitation.mp3,6,6,2725.171,2026-08-29 03:35:28,2026-08-29 18:09:25
9,RadioTEDU Energize,/energize,configured_stream,52260,Peanut Butter Jelly,Galantis,,,,,,,203.133,H:\RadioTEDU Songs\Energize\Galantis\Pharmacy\09 Peanut Butter Jelly.flac,6,6,1203.31,2026-08-29 03:48:04,2026-08-29 18:20:05
9,RadioTEDU Energize,/energize,configured_stream,52282,Reload (radio edit),"Sebastian Ingrosso, Tommy Trash & John Martin",,,,,,,221.28,"H:\RadioTEDU Songs\Energize\Sebastian Ingrosso, Tommy Trash & John Martin\Reload (vocal version _ radio edit)\01 Reload (radio edit).flac",6,6,1313.766,2026-08-29 03:15:39,2026-08-29 17:53:19
9,RadioTEDU Energize,/energize,configured_stream,52222,Rock That Body,,,,,,,,269.253,H:\RadioTEDU Songs\Energize\097 - Rock That Body.mp3,6,6,1600.283,2026-08-29 03:23:45,2026-08-29 17:57:45
9,RadioTEDU Energize,/energize,configured_stream,52293,Secrets,Tiësto & KSHMR feat. Vassy,,,,,,,250.947,"H:\RadioTEDU Songs\Energize\Tiësto\Club Life, Volume Four_ New York City\02 Tiësto & KSHMR feat. Vassy - Secrets.flac",6,6,1490.019,2026-08-29 03:27:55,2026-08-29 18:01:53
9,RadioTEDU Energize,/energize,configured_stream,52232,The Days,Avicii,,,,,,,278.48,H:\RadioTEDU Songs\Energize\Avicii\The Days _ Nights EP\01 The Days.flac,6,6,1660.106,2026-08-29 03:05:08,2026-08-29 17:42:46
9,RadioTEDU Energize,/energize,configured_stream,52289,Tired to Shine,The Chain Gang of 1974,,,,,,,240.0,H:\RadioTEDU Songs\Energize\The Chain Gang of 1974\Tired to Shine\01 Tired to Shine.flac,6,6,1437.12,2026-08-29 04:10:00,2026-08-29 18:38:33
9,RadioTEDU Energize,/energize,configured_stream,52221,Von dutch,,,,,,,,164.284,H:\RadioTEDU Songs\Energize\094 - Von dutch.mp3,6,6,985.006,2026-08-29 03:57:12,2026-08-29 18:25:38
9,RadioTEDU Energize,/energize,configured_stream,52229,All Things Burn,Amon Tobin,,,,,,,341.806,H:\RadioTEDU Songs\Energize\Amon Tobin\How Do You Live\10 Amon Tobin - All Things Burn.flac,5,5,1697.522,2026-08-29 02:53:33,2026-08-29 15:00:27
9,RadioTEDU Energize,/energize,configured_stream,52242,Beautiful People,David Guetta & Sia,,,,,,,187.083,H:\RadioTEDU Songs\Energize\David Guetta & Sia\Beautiful People\01 Beautiful People.flac,5,5,926.732,2026-08-29 04:34:46,2026-08-29 17:10:12
9,RadioTEDU Energize,/energize,configured_stream,52278,Break it off,PinkPantheress,,,,,,,96.133,H:\RadioTEDU Songs\Energize\PinkPantheress\to hell with it\10 Break it off.flac,5,5,467.591,2026-08-29 04:52:07,2026-08-29 18:16:43
9,RadioTEDU Energize,/energize,configured_stream,52279,Ethereal,Punch Deck,,,,,,,216.433,H:\RadioTEDU Songs\Energize\Punch Deck\Ethereal\01 Ethereal.m4a,5,5,1070.731,2026-08-29 05:18:08,2026-08-29 17:38:10
9,RadioTEDU Energize,/energize,configured_stream,52223,Fireball,,,,,,,,235.012,H:\RadioTEDU Songs\Energize\098 - Fireball.mp3,5,5,1165.245,2026-08-29 02:47:55,2026-08-29 14:19:35
9,RadioTEDU Energize,/energize,configured_stream,52246,Forever Young,"David Guetta, Alphaville & Ava Max",,,,,,,156.003,"H:\RadioTEDU Songs\Energize\David Guetta, Alphaville & Ava Max\Forever Young\01 Forever Young.mp3",5,5,766.648,2026-08-29 04:16:29,2026-08-29 16:51:56
9,RadioTEDU Energize,/energize,configured_stream,52248,Gettin’ Over You,David Guetta & Chris Willis feat. Fergie & LMFAO,,,,,,,188.012,H:\RadioTEDU Songs\Energize\David Guetta\One More Love\02 David Guetta & Chris Willis feat. Fergie & LMFAO - Gettin’ Over You.flac,5,5,928.167,2026-08-29 04:31:41,2026-08-29 17:07:08
9,RadioTEDU Energize,/energize,configured_stream,52235,How Deep Is Your Love,Calvin Harris & Disciples,,,,,,,212.64,H:\RadioTEDU Songs\Energize\Calvin Harris & Disciples\How Deep Is Your Love.mp3,5,5,1050.299,2026-08-29 02:57:04,2026-08-29 15:03:58
9,RadioTEDU Energize,/energize,configured_stream,52220,Hung Up,,,,,,,,337.733,H:\RadioTEDU Songs\Energize\091 - Hung Up.mp3,5,5,1707.65,2026-08-29 04:22:05,2026-08-29 16:57:33
9,RadioTEDU Energize,/energize,configured_stream,52230,Hypnotized,Anyma feat. Ellie Goulding,,,,,,,177.621,H:\RadioTEDU Songs\Energize\Anyma\The End of Genesys\03 Anyma feat. Ellie Goulding - Hypnotized.flac,5,5,884.41,2026-08-29 05:14:33,2026-08-29 17:31:52
9,RadioTEDU Energize,/energize,configured_stream,52231,Hypnotized,Anyma feat. Ellie Goulding,,,,,,,177.621,H:\RadioTEDU Songs\Energize\Anyma\The End of Genesys\03 Anyma feat. Ellie Goulding - Hypnotized.mp3,5,5,884.183,2026-08-29 04:25:05,2026-08-29 17:00:35
9,RadioTEDU Energize,/energize,configured_stream,52291,I Follow Rivers,Tiësto feat. Oaks,,,,,,,198.972,H:\RadioTEDU Songs\Energize\Tiësto feat. Oaks\I Follow Rivers\01 I Follow Rivers.flac,5,5,986.939,2026-08-29 05:07:44,2026-08-29 17:25:04
9,RadioTEDU Energize,/energize,configured_stream,52241,If (A Better World),David Guetta & Cedric Gervais,,,,,,,170.806,H:\RadioTEDU Songs\Energize\David Guetta & Cedric Gervais\If (A Better World)\01 If (A Better World).mp3,5,5,840.324,2026-08-29 04:37:34,2026-08-29 17:13:00
9,RadioTEDU Energize,/energize,configured_stream,52265,JAMMU,KSHMR,,,,,,,235.764,H:\RadioTEDU Songs\Energize\KSHMR\JAMMU\01 JAMMU.flac,5,5,1174.2,2026-08-29 05:11:38,2026-08-29 17:28:57
9,RadioTEDU Energize,/energize,configured_stream,52251,Mammoth,"Dimitri Vegas & Like Mike, MOGUAI & Like Mike",,,,,,,332.289,"H:\RadioTEDU Songs\Energize\Dimitri Vegas & Like Mike, MOGUAI & Like Mike\Mammoth\02 Mammoth.flac",5,5,1651.973,2026-08-29 04:57:38,2026-08-29 17:18:29
9,RadioTEDU Energize,/energize,configured_stream,52224,Memories (feat. Kid Cudi),,,,,,,,210.84,H:\RadioTEDU Songs\Energize\099 - Memories (feat. Kid Cudi).mp3,5,5,1043.552,2026-08-29 04:28:35,2026-08-29 17:04:03
9,RadioTEDU Energize,/energize,configured_stream,52283,Sweet Lovin’,Sigala feat. Bryn Christopher,,,,,,,202.213,H:\RadioTEDU Songs\Energize\Sigala\Brighter Days\11 Sigala feat. Bryn Christopher - Sweet Lovin’.flac,5,5,1000.537,2026-08-29 05:04:24,2026-08-29 17:21:48
9,RadioTEDU Energize,/energize,configured_stream,47183,Training Season,Dua Lipa,,,,,,,210.419,H:\RadioTEDU Songs\Energize\023 - Dua Lipa - Training Season .mp3,5,5,1038.263,2026-08-29 03:00:33,2026-08-29 15:25:21
9,RadioTEDU Energize,/energize,configured_stream,52259,Ain’t Nobody (Loves Me Better),Felix Jaehn feat. Jasmine Thompson,,,,,,,188.372,H:\RadioTEDU Songs\Energize\Felix Jaehn\I\16 Felix Jaehn feat. Jasmine Thompson - Ain’t Nobody (Loves Me Better).flac,4,4,742.233,2026-08-29 01:07:27,2026-08-29 11:15:10
9,RadioTEDU Energize,/energize,configured_stream,52238,Cola,CamelPhat & Elderbrook,,,,,,,223.869,H:\RadioTEDU Songs\Energize\CamelPhat & Elderbrook\Cola\01 Cola.flac,4,4,892.515,2026-08-29 03:44:43,2026-08-29 14:08:35
9,RadioTEDU Energize,/energize,configured_stream,52264,Fast Car,Jonas Blue feat. Dakota,,,,,,,215.818,H:\RadioTEDU Songs\Energize\Jonas Blue\Blue\15 Jonas Blue feat. Dakota - Fast Car.flac,4,4,854.19,2026-08-29 01:10:59,2026-08-29 11:18:43
9,RadioTEDU Energize,/energize,configured_stream,52239,Get Lucky,Daft Punk,,,,,,,369.627,H:\RadioTEDU Songs\Energize\Daft Punk\Random Access Memories\08 Get Lucky.flac,4,4,1468.829,2026-08-29 01:42:48,2026-08-29 11:50:25
9,RadioTEDU Energize,/energize,configured_stream,52218,Get Lucky (feat. Pharrell Williams and Nile Rodgers),,,,,,,,369.627,H:\RadioTEDU Songs\Energize\004 - Get Lucky (feat. Pharrell Williams and Nile Rodgers).mp3,4,4,1468.559,2026-08-29 01:33:11,2026-08-29 11:40:47
9,RadioTEDU Energize,/energize,configured_stream,52247,Hey Mama,David Guetta feat. Nicki Minaj & Afrojack,,,,,,,192.749,H:\RadioTEDU Songs\Energize\David Guetta\Listen\10 David Guetta feat. Nicki Minaj & Afrojack - Hey Mama.flac,4,4,766.726,2026-08-29 01:27:04,2026-08-29 11:34:40
9,RadioTEDU Energize,/energize,configured_stream,52268,Just Dance,"Lady Gaga, Colby O’Donis",,,,,,,241.933,"H:\RadioTEDU Songs\Energize\Lady Gaga, Colby O’Donis\Just Dance.mp3",4,4,959.09,2026-08-29 01:14:59,2026-08-29 11:22:44
9,RadioTEDU Energize,/energize,configured_stream,52281,Missing Piece,Scorz & Sirolf feat. Diandra Faye,,,,,,,193.793,H:\RadioTEDU Songs\Energize\Scorz & Sirolf feat. Diandra Faye\Missing Piece\01 Missing Piece.flac,4,4,767.607,2026-08-29 01:18:11,2026-08-29 11:25:54
9,RadioTEDU Energize,/energize,configured_stream,52288,No Ordinary Love (album version),Sweet Coffee,,,,,,,327.787,H:\RadioTEDU Songs\Energize\Sweet Coffee\Memory Lane\04 No Ordinary Love (album version).mp3,4,4,1302.386,2026-08-29 01:04:21,2026-08-29 11:12:04
9,RadioTEDU Energize,/energize,configured_stream,52261,Resonance,HOME,,,,,,,212.945,H:\RadioTEDU Songs\Energize\HOME\Odyssey\09 Resonance.flac,4,4,840.846,2026-08-29 01:36:42,2026-08-29 11:44:18
9,RadioTEDU Energize,/energize,configured_stream,52280,Sugar,Robin Schulz feat. Francesco Yates,,,,,,,222.691,H:\RadioTEDU Songs\Energize\Robin Schulz\Sugar\02 Robin Schulz feat. Francesco Yates - Sugar.flac,4,4,889.059,2026-08-29 03:19:18,2026-08-29 13:42:58
9,RadioTEDU Energize,/energize,configured_stream,52237,This Is What You Came For,Calvin Harris & Rihanna,,,,,,,221.901,H:\RadioTEDU Songs\Energize\Calvin Harris\96 Months\03 Calvin Harris & Rihanna - This Is What You Came For.flac,4,4,877.711,2026-08-29 03:51:43,2026-08-29 14:15:41
9,RadioTEDU Energize,/energize,configured_stream,52256,W.A.V.E,Emil Rottmayer,,,,,,,339.317,H:\RadioTEDU Songs\Energize\Emil Rottmayer\Descend\09 W.A.V.E.flac,4,4,1348.042,2026-08-29 01:23:50,2026-08-29 11:31:31
9,RadioTEDU Energize,/energize,configured_stream,52286,Subway Surfers (Main Theme),Subway Surfers,,,,,,,137.996,H:\RadioTEDU Songs\Energize\Subway Surfers\Greatest Hits 2020\01 Subway Surfers (Main Theme).flac,3,3,406.868,2026-08-29 06:47:08,2026-08-29 10:58:07
9,RadioTEDU Energize,/energize,configured_stream,52287,Subway Surfers (Main Theme),Subway Surfers,,,,,,,138.0,H:\RadioTEDU Songs\Energize\Subway Surfers\Subway Surfers (Main Theme).mp3,3,3,410.239,2026-08-29 06:49:27,2026-08-29 11:00:22
9,RadioTEDU Energize,/energize,configured_stream,52285,Sure Thing,St Germain,,,,,,,380.498,H:\RadioTEDU Songs\Energize\St Germain\Tourist\06 Sure Thing.flac,3,3,1136.127,2026-08-29 06:55:48,2026-08-29 11:06:40
9,RadioTEDU Energize,/energize,configured_stream,52227,Continuity,A.L.I.S.O.N,,,,,,,270.006,H:\RadioTEDU Songs\Energize\A.L.I.S.O.N\Éternité\04 Continuity.flac,2,2,534.797,2026-08-29 00:10:41,2026-08-29 02:04:56
9,RadioTEDU Energize,/energize,configured_stream,52295,Dear Universe,Virtua,,,,,,,156.741,H:\RadioTEDU Songs\Energize\Virtua\The Last Descent\03 Dear Universe.flac,2,2,311.883,2026-08-29 00:44:19,2026-08-29 02:38:31
9,RadioTEDU Energize,/energize,configured_stream,52253,Descend,Emil Rottmayer,,,,,,,253.097,H:\RadioTEDU Songs\Energize\Emil Rottmayer\Descend\01 Descend.flac,2,2,507.193,2026-08-29 00:18:51,2026-08-29 02:13:11
9,RadioTEDU Energize,/energize,configured_stream,47179,Hit Me Up,Darin Music,,,,,,,125.005,H:\RadioTEDU Songs\Energize\019 - Darin - Hit Me Up .mp3,2,2,245.503,2026-08-29 00:41:44,2026-08-29 02:35:54
9,RadioTEDU Energize,/energize,configured_stream,52255,K.E.Y.S,Emil Rottmayer,,,,,,,242.481,H:\RadioTEDU Songs\Energize\Emil Rottmayer\Descend\08 K.E.Y.S.flac,2,2,479.535,2026-08-29 00:14:40,2026-08-29 02:08:55
9,RadioTEDU Energize,/energize,configured_stream,52274,Light It Up (remix),Major Lazer feat. Nyla & Fuse ODG,,,,,,,166.174,H:\RadioTEDU Songs\Energize\Major Lazer\Peace Is the Mission (extended)\10 Major Lazer feat. Nyla & Fuse ODG - Light It Up (remix).flac,2,2,328.442,2026-08-29 15:45:32,2026-08-29 17:34:36
9,RadioTEDU Energize,/energize,configured_stream,52257,Mega,Emil Rottmayer,,,,,,,371.141,H:\RadioTEDU Songs\Energize\Emil Rottmayer\Descend\11 Mega.flac,2,2,738.188,2026-08-29 00:25:07,2026-08-29 02:19:20
9,RadioTEDU Energize,/energize,configured_stream,52228,Rivals,AERwave,,,,,,,145.989,H:\RadioTEDU Songs\Energize\AERwave\Mirror City Underground\03 AERwave - Rivals.flac,2,2,292.448,2026-08-29 00:27:34,2026-08-29 02:21:44
9,RadioTEDU Energize,/energize,configured_stream,52254,S.O.L.O,Emil Rottmayer,,,,,,,248.981,H:\RadioTEDU Songs\Energize\Emil Rottmayer\Descend\03 S.O.L.O.flac,2,2,492.589,2026-08-29 00:36:09,2026-08-29 02:30:18
9,RadioTEDU Energize,/energize,configured_stream,47219,Show Me Love,"WizTheMc, bees & honey",,,,,,,61.952,H:\RadioTEDU Songs\Energize\056 - Show Me Love.mp3,2,2,118.292,2026-08-29 00:32:03,2026-08-29 02:26:12
9,RadioTEDU Energize,/energize,configured_stream,52296,Slow,憂鬱,,,,,,,333.745,H:\RadioTEDU Songs\Energize\憂鬱\Slow\01 Slow.flac,2,2,664.46,2026-08-29 00:49:52,2026-08-29 02:44:02
9,RadioTEDU Energize,/energize,configured_stream,52226,Space Echo,A.L.I.S.O.N,,,,,,,215.056,H:\RadioTEDU Songs\Energize\A.L.I.S.O.N\Space Station\02 A.L.I.S.O.N - Space Echo.flac,2,2,425.706,2026-08-29 00:39:41,2026-08-29 02:33:51
9,RadioTEDU Energize,/energize,configured_stream,52244,Titanium (David Guetta & MORTEN Future Rave remix),David Guetta feat. Sia,,,,,,,211.441,H:\RadioTEDU Songs\Energize\David Guetta feat. Sia\Titanium (David Guetta & MORTEN Future Rave remix)\01 Titanium (David Guetta & MORTEN Future Rave remix).flac,2,2,417.445,2026-08-29 00:31:03,2026-08-29 02:25:13
9,RadioTEDU Energize,/energize,configured_stream,52245,Titanium (David Guetta & MORTEN Future Rave remix),David Guetta feat. Sia,,,,,,,211.429,H:\RadioTEDU Songs\Energize\David Guetta feat. Sia\Titanium (David Guetta & MORTEN Future Rave remix)\01 Titanium (David Guetta & MORTEN Future Rave remix).mp3,2,2,417.267,2026-08-29 00:06:10,2026-08-29 02:00:29
9,RadioTEDU Energize,/energize,configured_stream,52266,Whatever,Kygo with Ava Max,,,,,,,178.283,H:\RadioTEDU Songs\Energize\Kygo with Ava Max\Whatever\01 Whatever.flac,2,2,351.184,2026-08-29 00:02:42,2026-08-29 01:57:01
9,RadioTEDU Energize,/energize,configured_stream,52262,1,HOME,,,,,,,81.534,H:\RadioTEDU Songs\Energize\HOME\Resting State\01 1.flac,1,1,81.631,2026-08-29 01:51:30,2026-08-29 01:51:30
9,RadioTEDU Energize,/energize,configured_stream,52252,Call Me When You’re Sober,DJ Nate,,,,,,,152.404,H:\RadioTEDU Songs\Energize\DJ Nate\Da Trak Genious\06 Call Me When You’re Sober.mp3,1,1,154.974,2026-08-29 01:54:05,2026-08-29 01:54:05
9,RadioTEDU Energize,/energize,configured_stream,52225,Eyes on Fire,,,,,,,,302.827,H:\RadioTEDU Songs\Energize\100 - Eyes on Fire.mp3,1,1,300.078,2026-08-29 08:22:11,2026-08-29 08:22:11
9,RadioTEDU Energize,/energize,configured_stream,52425,Fast and Loud,Stéphane Pompougnac feat. Juliette Oz,,,,,,,262.64,H:\RadioTEDU Songs\Energize\Stéphane Pompougnac\Living on the Edge\09 Stéphane Pompougnac feat. Juliette Oz - Fast and Loud.mp3,1,1,259.749,2026-08-29 01:47:07,2026-08-29 01:47:07
9,RadioTEDU Energize,/energize,configured_stream,52271,Ghosst(s),Lorn,,,,,,,260.005,H:\RadioTEDU Songs\Energize\Lorn\Ghosst(s)\01 Ghosst(s).flac,1,1,257.201,2026-08-29 08:30:36,2026-08-29 08:30:36
9,RadioTEDU Energize,/energize,configured_stream,52258,Glide,Emil Rottmayer,,,,,,,190.038,H:\RadioTEDU Songs\Energize\Emil Rottmayer\Drift\02 Glide.flac,1,1,192.402,2026-08-29 00:53:04,2026-08-29 00:53:04
9,RadioTEDU Energize,/energize,configured_stream,52250,GLOAMING,deadwinter w/ slavenciia,,,,,,,144.069,H:\RadioTEDU Songs\Energize\deadwinter w_ slavenciia\GLOAMING\01 GLOAMING.flac,1,1,141.309,2026-08-29 08:51:32,2026-08-29 08:51:32
9,RadioTEDU Energize,/energize,configured_stream,52236,I Need Your Love,Calvin Harris feat. Ellie Goulding,,,,,,,234.545,H:\RadioTEDU Songs\Energize\Calvin Harris\18 Months\1-08 Calvin Harris feat. Ellie Goulding - I Need Your Love.flac,1,1,235.813,2026-08-29 08:17:04,2026-08-29 08:17:04
9,RadioTEDU Energize,/energize,configured_stream,52272,I s s u e s,LSDXOXO,,,,,,,160.67,H:\RadioTEDU Songs\Energize\LSDXOXO\Whorecore\11 LSDXOXO - I s s u e s.mp3,1,1,158.106,2026-08-29 08:54:13,2026-08-29 08:54:13
9,RadioTEDU Energize,/energize,configured_stream,52275,In the Name of Love,Martin Garrix & Bebe Rexha,,,,,,,195.707,H:\RadioTEDU Songs\Energize\Martin Garrix & Bebe Rexha\In the Name of Love\01 In the Name of Love.flac,1,1,192.902,2026-08-29 08:38:55,2026-08-29 08:38:55
9,RadioTEDU Energize,/energize,configured_stream,52269,Lapis Occultus,Lamia Vox,,,,,,,343.841,H:\RadioTEDU Songs\Energize\Lamia Vox\Sigillum Diaboli\02 Lapis Occultus.flac,1,1,341.079,2026-08-29 08:01:49,2026-08-29 08:01:49
9,RadioTEDU Energize,/energize,configured_stream,52273,Lean On,"Major Lazer, MØ & DJ Snake",,,,,,,180.663,"H:\RadioTEDU Songs\Energize\Major Lazer\Peace Is the Mission (extended)\04 Major Lazer, MØ & DJ Snake - Lean On.flac",1,1,177.711,2026-08-29 00:56:02,2026-08-29 00:56:02
9,RadioTEDU Energize,/energize,configured_stream,52294,Stardancer,Virtua,,,,,,,184.428,H:\RadioTEDU Songs\Energize\Virtua\The Last Descent\02 Stardancer.flac,1,1,181.589,2026-08-29 01:50:08,2026-08-29 01:50:08
9,RadioTEDU Energize,/energize,configured_stream,52290,Starting Over,The Crystal Method,,,,,,,242.707,H:\RadioTEDU Songs\Energize\The Crystal Method\Legion of Boom\01 Starting Over.flac,1,1,239.952,2026-08-29 08:09:29,2026-08-29 08:09:29
9,RadioTEDU Energize,/energize,configured_stream,52234,The Sky is Dead,Ben Prunty,,,,,,,378.034,H:\RadioTEDU Songs\Energize\Ben Prunty\Dark Window\11 The Sky is Dead.flac,1,1,376.458,2026-08-29 08:45:12,2026-08-29 08:45:12
9,RadioTEDU Energize,/energize,configured_stream,52270,Twilight 1,Lapsed,,,,,,,309.172,H:\RadioTEDU Songs\Energize\Lapsed\Twilight\01 Twilight 1.mp3,1,1,306.552,2026-08-29 08:35:42,2026-08-29 08:35:42
9,RadioTEDU Energize,/energize,configured_stream,52233,Wake Me Up,Avicii,,,,,,,247.427,H:\RadioTEDU Songs\Energize\Avicii\True\01 Wake Me Up.flac,1,1,248.378,2026-08-29 08:26:19,2026-08-29 08:26:19
9,RadioTEDU Energize,/energize,configured_stream,52267,Whatever,Kygo with Ava Max,,,,,,,178.273,H:\RadioTEDU Songs\Energize\Kygo with Ava Max\Whatever\01 Whatever.mp3,1,1,175.494,2026-08-29 00:58:57,2026-08-29 00:58:57
10,RadioTEDU Situation Room,/situation,configured_stream,52435,'Endless Storm' by @Makai-symphony  🇯🇵 ｜ War Music (No Copyright) 💥,,,,,,,,140.968,H:\RadioTEDU Songs\Situation Room\'Endless Storm' by @Makai-symphony  🇯🇵 ｜ War Music (No Copyright) 💥.m4a,2,2,280.056,2026-08-29 01:59:50,2026-08-29 16:57:54
10,RadioTEDU Situation Room,/situation,configured_stream,52649,'In The Desert' by @SavfkMusic  🇮🇹 | Epic Instrumental Music (No Copyright) 🎻,BreakingCopyright — Royalty Free Music,,,,,,,334.461,H:\RadioTEDU Songs\Situation Room\🦍 Powerful Music (No Copyright)\'In The Desert' by @SavfkMusic  🇮🇹 ｜ Epic Instrumental Music (No Copyright) 🎻 [UHuS6g41zKk].webm,2,2,666.475,2026-08-29 00:49:10,2026-08-29 15:47:32
10,RadioTEDU Situation Room,/situation,configured_stream,52437,'In The Desert' by @SavfkMusic  🇮🇹 ｜ Epic Instrumental Music (No Copyright) 🎻,,,,,,,,334.437,H:\RadioTEDU Songs\Situation Room\'In The Desert' by @SavfkMusic  🇮🇹 ｜ Epic Instrumental Music (No Copyright) 🎻.m4a,2,2,663.259,2026-08-29 03:10:38,2026-08-29 18:08:39
10,RadioTEDU Situation Room,/situation,configured_stream,52438,'Light in Dark Places' by Scott Buckley 🇦🇺 ｜ Calm Epic Music (No Copyright) 💡,,,,,,,,135.419,H:\RadioTEDU Songs\Situation Room\'Light in Dark Places' by Scott Buckley 🇦🇺 ｜ Calm Epic Music (No Copyright) 💡.m4a,2,2,265.209,2026-08-29 02:24:27,2026-08-29 17:22:33
10,RadioTEDU Situation Room,/situation,configured_stream,52651,'Rock Your World' by Audionautix 🇺🇸 | Rock Music (No Copyright) 🎸,BreakingCopyright — Royalty Free Music,,,,,,,132.161,H:\RadioTEDU Songs\Situation Room\🦍 Powerful Music (No Copyright)\'Rock Your World' by Audionautix 🇺🇸 ｜ Rock Music (No Copyright) 🎸 [OspIA4akQeI].webm,2,2,260.029,2026-08-29 02:02:01,2026-08-29 17:00:03
10,RadioTEDU Situation Room,/situation,configured_stream,52441,'Rock Your World' by Audionautix 🇺🇸 ｜ Rock Music (No Copyright) 🎸,,,,,,,,132.145,H:\RadioTEDU Songs\Situation Room\'Rock Your World' by Audionautix 🇺🇸 ｜ Rock Music (No Copyright) 🎸.m4a,2,2,259.432,2026-08-29 01:04:28,2026-08-29 16:02:46
10,RadioTEDU Situation Room,/situation,configured_stream,52442,'Ronin' by Jantrax ｜ Japanese 🗾 Trap Music (No Copyright),,,,,,,,144.916,H:\RadioTEDU Songs\Situation Room\'Ronin' by Jantrax ｜ Japanese 🗾 Trap Music (No Copyright).m4a,2,2,286.361,2026-08-29 01:57:29,2026-08-29 16:55:35
10,RadioTEDU Situation Room,/situation,configured_stream,52569,'The Army of Minotaur' by @Makai-symphony  🇯🇵 | Fighting Music (No Copyright) 💣,BreakingCopyright — Royalty Free Music,,,,,,,161.481,H:\RadioTEDU Songs\Situation Room\Intense Music (No Copyright) 🧨\'The Army of Minotaur' by @Makai-symphony  🇯🇵 ｜ Fighting Music (No Copyright) 💣 [J0YZKSwe2qU].webm,2,2,317.889,2026-08-29 00:18:37,2026-08-29 15:17:11
10,RadioTEDU Situation Room,/situation,configured_stream,52620,'The Grid' by @SavfkMusic  🇮🇹 |  Epic Music (No Copyright) 💪,BreakingCopyright — Royalty Free Music,,,,,,,313.241,H:\RadioTEDU Songs\Situation Room\⚔️ Copyright Free Battle Music\'The Grid' by @SavfkMusic  🇮🇹 ｜  Epic Music (No Copyright) 💪 [zTdzbNVf6lE].webm,2,2,621.384,2026-08-29 01:43:20,2026-08-29 16:41:23
10,RadioTEDU Situation Room,/situation,configured_stream,52445,'The Grid' by @SavfkMusic  🇮🇹 ｜  Epic Music (No Copyright) 💪,,,,,,,,313.214,H:\RadioTEDU Songs\Situation Room\'The Grid' by @SavfkMusic  🇮🇹 ｜  Epic Music (No Copyright) 💪.m4a,2,2,624.935,2026-08-29 00:54:24,2026-08-29 15:52:43
10,RadioTEDU Situation Room,/situation,configured_stream,52447,[Free Music] @ContextSensitive  - Guardians [Classical],,,,,,,,180.489,H:\RadioTEDU Songs\Situation Room\[Free Music] @ContextSensitive  - Guardians [Classical].m4a,2,2,377.618,2026-08-29 00:39:45,2026-08-29 15:38:11
10,RadioTEDU Situation Room,/situation,configured_stream,52652,[Free Music] @ContextSensitive  - Guardians [Classical],BreakingCopyright — Royalty Free Music,,,,,,,180.501,H:\RadioTEDU Songs\Situation Room\🦍 Powerful Music (No Copyright)\[Free Music] @ContextSensitive  - Guardians [Classical] [CyiF0YctsA8].webm,2,2,357.313,2026-08-29 00:31:18,2026-08-29 15:29:42
10,RadioTEDU Situation Room,/situation,configured_stream,52448,[Free Music] @ContextSensitive  🇨🇦 - End This [Epic],,,,,,,,156.967,H:\RadioTEDU Songs\Situation Room\[Free Music] @ContextSensitive  🇨🇦 - End This [Epic].m4a,2,2,309.672,2026-08-29 01:34:22,2026-08-29 16:32:25
10,RadioTEDU Situation Room,/situation,configured_stream,52449,[No Copyright Music] @ScottBuckley  - Stars In Her Skies [Orchestral],,,,,,,,277.177,H:\RadioTEDU Songs\Situation Room\[No Copyright Music] @ScottBuckley  - Stars In Her Skies [Orchestral].m4a,2,2,548.776,2026-08-29 02:29:01,2026-08-29 17:27:07
10,RadioTEDU Situation Room,/situation,configured_stream,52554,[Non Copyrighted Music] @ScottBuckley - Phoenix [Epic],BreakingCopyright — Royalty Free Music,,,,,,,412.961,H:\RadioTEDU Songs\Situation Room\Copyright Free Military Music 🎖️\[Non Copyrighted Music] @ScottBuckley - Phoenix [Epic] [4HhM66X978U].webm,2,2,820.23,2026-08-29 01:23:34,2026-08-29 16:21:38
10,RadioTEDU Situation Room,/situation,configured_stream,52459,[Non Copyrighted Music] Scott Buckley - World of Magic [Epic],,,,,,,,97.872,H:\RadioTEDU Songs\Situation Room\[Non Copyrighted Music] Scott Buckley - World of Magic [Epic].m4a,2,2,195.712,2026-08-29 00:24:50,2026-08-29 15:23:18
10,RadioTEDU Situation Room,/situation,configured_stream,52659,[Non Copyrighted Music] TheFatRat - Reminiscence [Epic],BreakingCopyright — Royalty Free Music,,,,,,,141.921,H:\RadioTEDU Songs\Situation Room\🦍 Powerful Music (No Copyright)\[Non Copyrighted Music] TheFatRat - Reminiscence [Epic] [0tBn4dv3F6Y].webm,2,2,279.62,2026-08-29 01:13:50,2026-08-29 16:11:59
10,RadioTEDU Situation Room,/situation,configured_stream,52521,Cinematic Suspense Tension NoCopyright Music Compilation by Artic Fox Music,,,,,,,,318.09,H:\RadioTEDU Songs\Situation Room\Cinematic Suspense Tension NoCopyright Music Compilation by Artic Fox Music.m4a,2,2,632.615,2026-08-29 00:03:17,2026-08-29 15:01:39
10,RadioTEDU Situation Room,/situation,configured_stream,52522,Cinematic Suspense Trailer NoCopyright Music for Video ⧸ Anomaly by Soundridemusic,,,,,,,,141.688,H:\RadioTEDU Songs\Situation Room\Cinematic Suspense Trailer NoCopyright Music for Video ⧸ Anomaly by Soundridemusic.m4a,2,2,277.959,2026-08-29 00:56:43,2026-08-29 15:55:02
10,RadioTEDU Situation Room,/situation,configured_stream,52587,Cinematic Tension NoCopyright Background Music for Video / Tensions Run High by soundridemusic,Soundridemusic,,,,,,,86.301,H:\RadioTEDU Songs\Situation Room\Serious Background Music No Copyright\Cinematic Tension NoCopyright Background Music for Video ⧸ Tensions Run High by soundridemusic [Ly9H63SLJJo].webm,2,2,171.871,2026-08-29 00:28:20,2026-08-29 15:26:43
10,RadioTEDU Situation Room,/situation,configured_stream,52524,Cinematic Tension Suspense No Copyright Music 2024 ⧸ Dirty Money by soundridemusic,,,,,,,,132.098,H:\RadioTEDU Songs\Situation Room\Cinematic Tension Suspense No Copyright Music 2024 ⧸ Dirty Money by soundridemusic.m4a,2,2,259.352,2026-08-29 02:09:13,2026-08-29 17:07:20
10,RadioTEDU Situation Room,/situation,configured_stream,52589,Crime Detective Tension Suspense No Copyright Music / Criminal Investigation by Soundridemusic,Soundridemusic,,,,,,,139.321,H:\RadioTEDU Songs\Situation Room\Serious Background Music No Copyright\Crime Detective Tension Suspense No Copyright Music ⧸ Criminal Investigation by Soundridemusic [DDfcYMFGDB8].webm,2,2,272.828,2026-08-29 01:25:50,2026-08-29 16:23:54
10,RadioTEDU Situation Room,/situation,configured_stream,52590,Crime Tension Investigation No Copyright Music / Criminal Intent by Soundridemusic,Soundridemusic,,,,,,,144.821,H:\RadioTEDU Songs\Situation Room\Serious Background Music No Copyright\Crime Tension Investigation No Copyright Music ⧸ Criminal Intent by Soundridemusic [Sx4s3EqAlfo].webm,2,2,295.729,2026-08-29 01:06:59,2026-08-29 16:05:10
10,RadioTEDU Situation Room,/situation,configured_stream,52529,Dark Tension Cinematic NoCopyright Background Music  by soundridemusic,,,,,,,,172.222,H:\RadioTEDU Songs\Situation Room\Dark Tension Cinematic NoCopyright Background Music  by soundridemusic.m4a,2,2,338.941,2026-08-29 01:16:44,2026-08-29 16:14:48
10,RadioTEDU Situation Room,/situation,configured_stream,52593,Dark Tension Cinematic NoCopyright Background Music  by soundridemusic,Soundridemusic,,,,,,,172.201,H:\RadioTEDU Songs\Situation Room\Serious Background Music No Copyright\Dark Tension Cinematic NoCopyright Background Music  by soundridemusic [Zi7K2auWBM4].webm,2,2,341.098,2026-08-29 00:36:34,2026-08-29 15:35:02
10,RadioTEDU Situation Room,/situation,configured_stream,52530,Electronic Synth Sci-Fi Tension No Copyright Music ⧸ Blindside by  @soundridemusic,,,,,,,,136.858,H:\RadioTEDU Songs\Situation Room\Electronic Synth Sci-Fi Tension No Copyright Music ⧸ Blindside by  @soundridemusic.m4a,2,2,268.16,2026-08-29 00:58:57,2026-08-29 15:57:15
10,RadioTEDU Situation Room,/situation,configured_stream,52462,Epic Electronic & Cinematic (Music For Videos) - ＂Reloaded＂ by Savfk,,,,,,,,267.146,H:\RadioTEDU Songs\Situation Room\Epic Electronic & Cinematic (Music For Videos) - ＂Reloaded＂ by Savfk.m4a,2,2,531.371,2026-08-29 03:20:23,2026-08-29 18:18:29
10,RadioTEDU Situation Room,/situation,configured_stream,52534,No Copyright Cinematic Dark Suspense Drums Music ⧸ Hidden Threat by ArticFoxMusic,,,,,,,,102.493,H:\RadioTEDU Songs\Situation Room\No Copyright Cinematic Dark Suspense Drums Music ⧸ Hidden Threat by ArticFoxMusic.m4a,2,2,200.838,2026-08-29 02:22:15,2026-08-29 17:20:21
10,RadioTEDU Situation Room,/situation,configured_stream,52599,No Copyright Cinematic Tension Cello Music / Trap by Soundridemusic,Soundridemusic,,,,,,,174.021,H:\RadioTEDU Songs\Situation Room\Serious Background Music No Copyright\No Copyright Cinematic Tension Cello Music ⧸ Trap by Soundridemusic [gWfvYW9Qlzk].webm,2,2,347.291,2026-08-29 00:15:59,2026-08-29 15:14:31
10,RadioTEDU Situation Room,/situation,configured_stream,52601,No Copyright Cinematic Tension Ticking Music / Tension Time by Soundridemusic,Soundridemusic,,,,,,,178.281,H:\RadioTEDU Songs\Situation Room\Serious Background Music No Copyright\No Copyright Cinematic Tension Ticking Music ⧸ Tension Time by Soundridemusic [Cxy8bKjqNWI].webm,2,2,356.428,2026-08-29 00:21:37,2026-08-29 15:20:06
10,RadioTEDU Situation Room,/situation,configured_stream,52605,NoCopyright Dark Suspense Background Music / Suspense by Soundridemusic,Soundridemusic,,,,,,,272.801,H:\RadioTEDU Songs\Situation Room\Serious Background Music No Copyright\NoCopyright Dark Suspense Background Music ⧸ Suspense by Soundridemusic [k3RsUc2GXRo].webm,2,2,542.307,2026-08-29 02:16:17,2026-08-29 17:14:27
10,RadioTEDU Situation Room,/situation,configured_stream,52545,Suspenseful Tense Cinematic Copyright Free Background Music⧸ Cold Pursuit by @soundridemusic,,,,,,,,114.335,H:\RadioTEDU Songs\Situation Room\Suspenseful Tense Cinematic Copyright Free Background Music⧸ Cold Pursuit by @soundridemusic.m4a,2,2,223.069,2026-08-29 01:36:13,2026-08-29 16:34:16
10,RadioTEDU Situation Room,/situation,configured_stream,52611,Tense & Dark Cello No Copyright Cinematic Music Background,Soundridemusic,,,,,,,129.781,H:\RadioTEDU Songs\Situation Room\Serious Background Music No Copyright\Tense & Dark Cello No Copyright Cinematic Music Background [9pdOXW_H4uo].webm,2,2,256.761,2026-08-29 00:43:36,2026-08-29 15:41:59
10,RadioTEDU Situation Room,/situation,configured_stream,52612,Tense Cinematic NoCopyright Background Music Compilation,Soundridemusic,,,,,,,3251.901,H:\RadioTEDU Songs\Situation Room\Serious Background Music No Copyright\Tense Cinematic NoCopyright Background Music Compilation [Pgbs1EQLV7w].webm,2,2,3600.776,2026-08-29 03:05:07,2026-08-29 18:03:07
10,RadioTEDU Situation Room,/situation,configured_stream,52550,Tense Suspense Cinematic NoCopyright Background Music by Soundridemusic,,,,,,,,118.05,H:\RadioTEDU Songs\Situation Room\Tense Suspense Cinematic NoCopyright Background Music by Soundridemusic.m4a,2,2,232.843,2026-08-29 01:38:10,2026-08-29 16:36:13
10,RadioTEDU Situation Room,/situation,configured_stream,52615,Tension Cinematic No Copyright Background Music for Video/ Blackout Zone by ArcticFoxMusic,ArcticFoxMusic - No Copyright Music,,,,,,,97.341,H:\RadioTEDU Songs\Situation Room\Serious Background Music No Copyright\Tension Cinematic No Copyright Background Music for Video⧸ Blackout Zone by ArcticFoxMusic [mF_BufQP5sc].webm,2,2,189.902,2026-08-29 00:23:13,2026-08-29 15:21:40
10,RadioTEDU Situation Room,/situation,configured_stream,52465,☢️ Final Boss & Cinematic (Royalty Free Music) - ＂VIRUS＂ by Alex Productions 🇮🇹,,,,,,,,232.919,H:\RadioTEDU Songs\Situation Room\☢️ Final Boss & Cinematic (Royalty Free Music) - ＂VIRUS＂ by Alex Productions 🇮🇹.m4a,2,2,462.37,2026-08-29 00:09:27,2026-08-29 15:07:49
10,RadioTEDU Situation Room,/situation,configured_stream,52628,"⚔️ Epic (Royalty Free Music) - ""REBORN"" by Alex Productions",BreakingCopyright — Royalty Free Music,,,,,,,140.441,H:\RadioTEDU Songs\Situation Room\⚔️ Copyright Free Battle Music\⚔️ Epic (Royalty Free Music) - ＂REBORN＂ by Alex Productions [h3j__Eo7ygI].webm,2,2,278.681,2026-08-29 02:04:18,2026-08-29 17:02:24
10,RadioTEDU Situation Room,/situation,configured_stream,52629,"⚔️ Heroic & Epic (Royalty Free Music) - ""SENTINEL"" by Scott Buckley 🇦🇺",BreakingCopyright — Royalty Free Music,,,,,,,203.261,H:\RadioTEDU Songs\Situation Room\⚔️ Copyright Free Battle Music\⚔️ Heroic & Epic (Royalty Free Music) - ＂SENTINEL＂ by Scott Buckley 🇦🇺 [oXmhBMANDOw].webm,2,2,401.507,2026-08-29 01:02:18,2026-08-29 16:00:36
10,RadioTEDU Situation Room,/situation,configured_stream,52631,"⛏️ Powerful Instrumental Rock Music (For Videos) - ""I Can't Stop"" by Punch Deck",BreakingCopyright — Royalty Free Music,,,,,,,273.521,H:\RadioTEDU Songs\Situation Room\⚔️ Copyright Free Battle Music\⛏️ Powerful Instrumental Rock Music (For Videos) - ＂I Can't Stop＂ by Punch Deck [d8dQom73-Fc].webm,2,2,541.248,2026-08-29 01:11:30,2026-08-29 16:09:40
10,RadioTEDU Situation Room,/situation,configured_stream,52632,"⭐ Triumph (Royalty Free Music) - ""KNIGHT OF DESTINY"" by NickOST 🇪🇸",BreakingCopyright — Royalty Free Music,,,,,,,125.541,H:\RadioTEDU Songs\Situation Room\⚔️ Copyright Free Battle Music\⭐ Triumph (Royalty Free Music) - ＂KNIGHT OF DESTINY＂ by NickOST 🇪🇸 [EmGHj9QCuds].webm,2,2,245.524,2026-08-29 00:26:52,2026-08-29 15:25:20
10,RadioTEDU Situation Room,/situation,configured_stream,52662,🇨🇦  Evan King - From Other Suns [Free Epic Emotional Music],BreakingCopyright — Royalty Free Music,,,,,,,148.501,H:\RadioTEDU Songs\Situation Room\🦍 Powerful Music (No Copyright)\🇨🇦  Evan King - From Other Suns [Free Epic Emotional Music] [yOpyR86jY5g].webm,2,2,295.798,2026-08-29 00:33:45,2026-08-29 15:32:11
10,RadioTEDU Situation Room,/situation,configured_stream,52484,🎖️ Free Battle Military Music (For Videos) - ＂The Constellation＂ by Hayden Folker 🇺🇸,,,,,,,,257.068,H:\RadioTEDU Songs\Situation Room\🎖️ Free Battle Military Music (For Videos) - ＂The Constellation＂ by Hayden Folker 🇺🇸.m4a,2,2,509.387,2026-08-29 02:20:32,2026-08-29 17:18:42
10,RadioTEDU Situation Room,/situation,configured_stream,52636,"🎞️ Trailer & Epic (Free Music) - ""ETERNALS"" by Alex Productions 🇮🇹",BreakingCopyright — Royalty Free Music,,,,,,,141.501,H:\RadioTEDU Songs\Situation Room\⚔️ Copyright Free Battle Music\🎞️ Trailer & Epic (Free Music) - ＂ETERNALS＂ by Alex Productions 🇮🇹 [CNZ6ipZDlZY].webm,2,2,277.923,2026-08-29 01:31:47,2026-08-29 16:29:51
10,RadioTEDU Situation Room,/situation,configured_stream,52486,🎞️ Trailer & Epic (Free Music) - ＂ETERNALS＂ by Alex Productions 🇮🇹,,,,,,,,141.479,H:\RadioTEDU Songs\Situation Room\🎞️ Trailer & Epic (Free Music) - ＂ETERNALS＂ by Alex Productions 🇮🇹.m4a,2,2,277.946,2026-08-29 00:05:35,2026-08-29 15:03:58
10,RadioTEDU Situation Room,/situation,configured_stream,52666,"🏍️ Royalty Free Aggressive Rock Music (For Videos) - ""Hard Sell Hotel"" by Shane Ivers 🇬🇧",BreakingCopyright — Royalty Free Music,,,,,,,203.421,H:\RadioTEDU Songs\Situation Room\🦍 Powerful Music (No Copyright)\🏍️ Royalty Free Aggressive Rock Music (For Videos) - ＂Hard Sell Hotel＂ by Shane Ivers 🇬🇧 [nfhYJI7JhbE].webm,2,2,405.626,2026-08-29 02:32:25,2026-08-29 17:30:27
10,RadioTEDU Situation Room,/situation,configured_stream,52496,👨‍🚀 Dramatic Epic & Orchestral (Music For Videos) - ＂Odyssey＂ by Savfk 🇮🇹 🇬🇧,,,,,,,,324.452,H:\RadioTEDU Songs\Situation Room\👨‍🚀 Dramatic Epic & Orchestral (Music For Videos) - ＂Odyssey＂ by Savfk 🇮🇹 🇬🇧.m4a,2,2,643.437,2026-08-29 03:15:59,2026-08-29 18:14:00
10,RadioTEDU Situation Room,/situation,configured_stream,52561,"🔥 Epic & Cinematic (Royalty Free Music) - ""RISE OF LEGENDS"" by Alex Productions 🇮🇹",BreakingCopyright — Royalty Free Music,,,,,,,125.661,H:\RadioTEDU Songs\Situation Room\Copyright Free Military Music 🎖️\🔥 Epic & Cinematic (Royalty Free Music) - ＂RISE OF LEGENDS＂ by Alex Productions 🇮🇹 [7L4DLEswLUc].webm,2,2,250.079,2026-08-29 01:48:39,2026-08-29 16:46:45
10,RadioTEDU Situation Room,/situation,configured_stream,52579,"🔥 Epic Battle Music (No Copyright) ""Dragon Castle"" by @Makai-symphony  🇯🇵",BreakingCopyright — Royalty Free Music,,,,,,,162.601,H:\RadioTEDU Songs\Situation Room\Intense Music (No Copyright) 🧨\🔥 Epic Battle Music (No Copyright) ＂Dragon Castle＂ by @Makai-symphony  🇯🇵 [9gBTKiVqprE].webm,2,2,321.475,2026-08-29 02:35:06,2026-08-29 17:33:07
10,RadioTEDU Situation Room,/situation,configured_stream,52505,🗡️ Chase & Action (Free Music) - ＂Chasing The Killer＂ by Hayden Folker 🇺🇸,,,,,,,,102.516,H:\RadioTEDU Songs\Situation Room\🗡️ Chase & Action (Free Music) - ＂Chasing The Killer＂ by Hayden Folker 🇺🇸.m4a,2,2,201.615,2026-08-29 00:41:25,2026-08-29 15:39:51
10,RadioTEDU Situation Room,/situation,configured_stream,52580,"🗡️ Free EPIC & FANTASY [No Copyright Music] - ""For Tomorrow"" by @SavfkMusic",BreakingCopyright — Royalty Free Music,,,,,,,218.861,H:\RadioTEDU Songs\Situation Room\Intense Music (No Copyright) 🧨\🗡️ Free EPIC & FANTASY [No Copyright Music] - ＂For Tomorrow＂ by @SavfkMusic [oh2u7aSxYIU].webm,2,2,436.938,2026-08-29 01:29:28,2026-08-29 16:27:31
10,RadioTEDU Situation Room,/situation,configured_stream,52645,"🗡️ Free Medieval Music - ""Battle Of The Creek"" by Alexander Nakarada 🇳🇴",BreakingCopyright — Royalty Free Music,,,,,,,166.861,H:\RadioTEDU Songs\Situation Room\⚔️ Copyright Free Battle Music\🗡️ Free Medieval Music - ＂Battle Of The Creek＂ by Alexander Nakarada 🇳🇴 [IbKAiUlhFSs].webm,2,2,331.329,2026-08-29 02:07:02,2026-08-29 17:05:10
10,RadioTEDU Situation Room,/situation,configured_stream,52510,🚁 Progressive trailer (Music For Videos) - ＂Infinitum＂ by Broken Elegance 🇫🇮,,,,,,,,216.48,H:\RadioTEDU Songs\Situation Room\🚁 Progressive trailer (Music For Videos) - ＂Infinitum＂ by Broken Elegance 🇫🇮.m4a,2,2,436.458,2026-08-29 00:13:07,2026-08-29 15:11:30
10,RadioTEDU Situation Room,/situation,configured_stream,52513,🤜 Epic & War (Royalty Free Music) - ＂STROKES OF WAR＂ by Teen Asty 🇵🇹,,,,,,,,153.043,H:\RadioTEDU Songs\Situation Room\🤜 Epic & War (Royalty Free Music) - ＂STROKES OF WAR＂ by Teen Asty 🇵🇹.m4a,2,2,304.802,2026-08-29 02:11:47,2026-08-29 17:09:54
10,RadioTEDU Situation Room,/situation,configured_stream,52514,🦂 Middle Eastern & Action (Free Music) - ＂LIBERATION FORCES＂ by Ghostrifter Avalon 🇳🇱,,,,,,,,195.233,H:\RadioTEDU Songs\Situation Room\🦂 Middle Eastern & Action (Free Music) - ＂LIBERATION FORCES＂ by Ghostrifter Avalon 🇳🇱.m4a,2,2,389.195,2026-08-29 01:46:33,2026-08-29 16:44:39
10,RadioTEDU Situation Room,/situation,configured_stream,52671,"🦸 Superhero (Free Music) - ""LEGACY"" by Scott Buckley 🇦🇺 🇸🇪",BreakingCopyright — Royalty Free Music,,,,,,,389.661,H:\RadioTEDU Songs\Situation Room\🦍 Powerful Music (No Copyright)\🦸 Superhero (Free Music) - ＂LEGACY＂ by Scott Buckley 🇦🇺 🇸🇪 [635tej6SFj4].webm,2,2,774.416,2026-08-29 01:55:05,2026-08-29 16:53:13
10,RadioTEDU Situation Room,/situation,configured_stream,52617,'Awakening' by @SteffenDaum  🇩🇪 | Epic Piano Music (No Copyright) 🌿,BreakingCopyright — Royalty Free Music,,,,,,,144.961,H:\RadioTEDU Songs\Situation Room\⚔️ Copyright Free Battle Music\'Awakening' by @SteffenDaum  🇩🇪 ｜ Epic Piano Music (No Copyright) 🌿 [6lWNCilZo1A].webm,1,1,143.032,2026-08-29 12:57:41,2026-08-29 12:57:41
10,RadioTEDU Situation Room,/situation,configured_stream,52434,'Awakening' by @SteffenDaum  🇩🇪 ｜ Epic Piano Music (No Copyright) 🌿,,,,,,,,144.939,H:\RadioTEDU Songs\Situation Room\'Awakening' by @SteffenDaum  🇩🇪 ｜ Epic Piano Music (No Copyright) 🌿.m4a,1,1,142.12,2026-08-29 05:11:49,2026-08-29 05:11:49
10,RadioTEDU Situation Room,/situation,configured_stream,52567,'Endless Storm' by @Makai-symphony  🇯🇵 | War Music (No Copyright) 💥,BreakingCopyright — Royalty Free Music,,,,,,,140.981,H:\RadioTEDU Songs\Situation Room\Intense Music (No Copyright) 🧨\'Endless Storm' by @Makai-symphony  🇯🇵 ｜ War Music (No Copyright) 💥 [TNs5JFYaTMk].webm,1,1,138.154,2026-08-29 06:51:46,2026-08-29 06:51:46
10,RadioTEDU Situation Room,/situation,configured_stream,52648,'Freedom' by @ScottBuckley  🇦🇺 | Epic Inspirational Music (No Copyright) 🍂,BreakingCopyright — Royalty Free Music,,,,,,,243.821,H:\RadioTEDU Songs\Situation Room\🦍 Powerful Music (No Copyright)\'Freedom' by @ScottBuckley  🇦🇺 ｜ Epic Inspirational Music (No Copyright) 🍂 [kNT52_UTsis].webm,1,1,240.997,2026-08-29 07:37:46,2026-08-29 07:37:46
10,RadioTEDU Situation Room,/situation,configured_stream,52436,'Freedom' by @ScottBuckley  🇦🇺 ｜ Epic Inspirational Music (No Copyright) 🍂,,,,,,,,243.81,H:\RadioTEDU Songs\Situation Room\'Freedom' by @ScottBuckley  🇦🇺 ｜ Epic Inspirational Music (No Copyright) 🍂.m4a,1,1,241.317,2026-08-29 10:37:47,2026-08-29 10:37:47
10,RadioTEDU Situation Room,/situation,configured_stream,52618,'Light in Dark Places' by Scott Buckley 🇦🇺 | Calm Epic Music (No Copyright) 💡,BreakingCopyright — Royalty Free Music,,,,,,,135.421,H:\RadioTEDU Songs\Situation Room\⚔️ Copyright Free Battle Music\'Light in Dark Places' by Scott Buckley 🇦🇺 ｜ Calm Epic Music (No Copyright) 💡 [hrn0RA_y2LM].webm,1,1,132.517,2026-08-29 06:10:15,2026-08-29 06:10:15
10,RadioTEDU Situation Room,/situation,configured_stream,52650,'Omega' by @ScottBuckley  🇦🇺 | Epic Progressive Music (No Copyright) ⛰️,BreakingCopyright — Royalty Free Music,,,,,,,245.501,H:\RadioTEDU Songs\Situation Room\🦍 Powerful Music (No Copyright)\'Omega' by @ScottBuckley  🇦🇺 ｜ Epic Progressive Music (No Copyright) ⛰️ [AHsnHv-wkus].webm,1,1,244.01,2026-08-29 14:28:34,2026-08-29 14:28:34
10,RadioTEDU Situation Room,/situation,configured_stream,52439,'Omega' by @ScottBuckley  🇦🇺 ｜ Epic Progressive Music (No Copyright) ⛰️,,,,,,,,245.481,H:\RadioTEDU Songs\Situation Room\'Omega' by @ScottBuckley  🇦🇺 ｜ Epic Progressive Music (No Copyright) ⛰️.m4a,1,1,244.143,2026-08-29 13:12:27,2026-08-29 13:12:27
10,RadioTEDU Situation Room,/situation,configured_stream,52440,'Overwatch' by Evan King 🇨🇦 [Free Epic Music],,,,,,,,268.585,H:\RadioTEDU Songs\Situation Room\'Overwatch' by Evan King 🇨🇦 [Free Epic Music].m4a,1,1,265.928,2026-08-29 11:59:22,2026-08-29 11:59:22
10,RadioTEDU Situation Room,/situation,configured_stream,52553,'Overwatch' by Evan King 🇨🇦 [Free Epic Music],BreakingCopyright — Royalty Free Music,,,,,,,268.601,H:\RadioTEDU Songs\Situation Room\Copyright Free Military Music 🎖️\'Overwatch' by Evan King 🇨🇦 [Free Epic Music] [sskYmayIrZ8].webm,1,1,265.854,2026-08-29 04:26:02,2026-08-29 04:26:02
10,RadioTEDU Situation Room,/situation,configured_stream,52619,'Ronin' by Jantrax | Japanese 🗾 Trap Music (No Copyright),BreakingCopyright — Royalty Free Music,,,,,,,144.921,H:\RadioTEDU Songs\Situation Room\⚔️ Copyright Free Battle Music\'Ronin' by Jantrax ｜ Japanese 🗾 Trap Music (No Copyright) [6R85pUD2wbw].webm,1,1,142.443,2026-08-29 06:05:29,2026-08-29 06:05:29
10,RadioTEDU Situation Room,/situation,configured_stream,52568,'Six Coffin Nails' by Kerosyn | Electronic Metal Music (No Copyright) 🔥,BreakingCopyright — Royalty Free Music,,,,,,,330.821,H:\RadioTEDU Songs\Situation Room\Intense Music (No Copyright) 🧨\'Six Coffin Nails' by Kerosyn ｜ Electronic Metal Music (No Copyright) 🔥 [qNlTYQC67q4].webm,1,1,329.723,2026-08-29 12:45:55,2026-08-29 12:45:55
10,RadioTEDU Situation Room,/situation,configured_stream,52443,'Six Coffin Nails' by Kerosyn ｜ Electronic Metal Music (No Copyright) 🔥,,,,,,,,330.815,H:\RadioTEDU Songs\Situation Room\'Six Coffin Nails' by Kerosyn ｜ Electronic Metal Music (No Copyright) 🔥.m4a,1,1,327.931,2026-08-29 06:23:29,2026-08-29 06:23:29
10,RadioTEDU Situation Room,/situation,configured_stream,52444,'The Army of Minotaur' by @Makai-symphony  🇯🇵 ｜ Fighting Music (No Copyright) 💣,,,,,,,,161.472,H:\RadioTEDU Songs\Situation Room\'The Army of Minotaur' by @Makai-symphony  🇯🇵 ｜ Fighting Music (No Copyright) 💣.m4a,1,1,158.7,2026-08-29 10:01:08,2026-08-29 10:01:08
10,RadioTEDU Situation Room,/situation,configured_stream,52621,'The Medieval Banquet' by Silvermansound 🇬🇧 | Medieval Music (No Copyright) 🏰,BreakingCopyright — Royalty Free Music,,,,,,,110.401,H:\RadioTEDU Songs\Situation Room\⚔️ Copyright Free Battle Music\'The Medieval Banquet' by Silvermansound 🇬🇧 ｜ Medieval Music (No Copyright) 🏰 [m8DsRTCtCHI].webm,1,1,109.393,2026-08-29 05:48:37,2026-08-29 05:48:37
10,RadioTEDU Situation Room,/situation,configured_stream,52446,'The Medieval Banquet' by Silvermansound 🇬🇧 ｜ Medieval Music (No Copyright) 🏰,,,,,,,,110.388,H:\RadioTEDU Songs\Situation Room\'The Medieval Banquet' by Silvermansound 🇬🇧 ｜ Medieval Music (No Copyright) 🏰.m4a,1,1,107.475,2026-08-29 11:04:44,2026-08-29 11:04:44
10,RadioTEDU Situation Room,/situation,configured_stream,52622,[Free Music] @ContextSensitive  🇨🇦 - End This [Epic],BreakingCopyright — Royalty Free Music,,,,,,,156.981,H:\RadioTEDU Songs\Situation Room\⚔️ Copyright Free Battle Music\[Free Music] @ContextSensitive  🇨🇦 - End This [Epic] [zx_466umPUM].webm,1,1,154.184,2026-08-29 04:37:25,2026-08-29 04:37:25
10,RadioTEDU Situation Room,/situation,configured_stream,52653,[No Copyright Music] @ScottBuckley  - Stars In Her Skies [Orchestral],BreakingCopyright — Royalty Free Music,,,,,,,277.201,H:\RadioTEDU Songs\Situation Room\🦍 Powerful Music (No Copyright)\[No Copyright Music] @ScottBuckley  - Stars In Her Skies [Orchestral] [HdBYkaOsLaI].webm,1,1,275.134,2026-08-29 08:47:33,2026-08-29 08:47:33
10,RadioTEDU Situation Room,/situation,configured_stream,52450,[No Copyright Music] Scott Buckley - Sanctum [Epic],,,,,,,,255.187,H:\RadioTEDU Songs\Situation Room\[No Copyright Music] Scott Buckley - Sanctum [Epic].m4a,1,1,252.344,2026-08-29 05:57:02,2026-08-29 05:57:02
10,RadioTEDU Situation Room,/situation,configured_stream,52654,[No Copyright Music] Scott Buckley - Sanctum [Epic],BreakingCopyright — Royalty Free Music,,,,,,,255.181,H:\RadioTEDU Songs\Situation Room\🦍 Powerful Music (No Copyright)\[No Copyright Music] Scott Buckley - Sanctum [Epic] [G_LeTJhjMR8].webm,1,1,252.642,2026-08-29 06:14:27,2026-08-29 06:14:27
10,RadioTEDU Situation Room,/situation,configured_stream,52451,[Non Copyrighted Music] @AHimitsu  - Two Places [Epic],,,,,,,,242.579,H:\RadioTEDU Songs\Situation Room\[Non Copyrighted Music] @AHimitsu  - Two Places [Epic].m4a,1,1,239.704,2026-08-29 12:29:02,2026-08-29 12:29:02
10,RadioTEDU Situation Room,/situation,configured_stream,52570,[Non Copyrighted Music] @AHimitsu  - Two Places [Epic],BreakingCopyright — Royalty Free Music,,,,,,,242.601,H:\RadioTEDU Songs\Situation Room\Intense Music (No Copyright) 🧨\[Non Copyrighted Music] @AHimitsu  - Two Places [Epic] [k4jDpkAWrdA].webm,1,1,239.953,2026-08-29 14:04:13,2026-08-29 14:04:13
10,RadioTEDU Situation Room,/situation,configured_stream,52452,[Non Copyrighted Music] @MiguelJohnson - Good Day To Die [Epic],,,,,,,,365.714,H:\RadioTEDU Songs\Situation Room\[Non Copyrighted Music] @MiguelJohnson - Good Day To Die [Epic].m4a,1,1,364.427,2026-08-29 08:42:54,2026-08-29 08:42:54
10,RadioTEDU Situation Room,/situation,configured_stream,52571,[Non Copyrighted Music] @MiguelJohnson - Good Day To Die [Epic],BreakingCopyright — Royalty Free Music,,,,,,,365.741,H:\RadioTEDU Songs\Situation Room\Intense Music (No Copyright) 🧨\[Non Copyrighted Music] @MiguelJohnson - Good Day To Die [Epic] [M_k-RQA7lBE].webm,1,1,362.861,2026-08-29 12:21:46,2026-08-29 12:21:46
10,RadioTEDU Situation Room,/situation,configured_stream,52453,[Non Copyrighted Music] @ScottBuckley - Phoenix [Epic],,,,,,,,412.944,H:\RadioTEDU Songs\Situation Room\[Non Copyrighted Music] @ScottBuckley - Phoenix [Epic].m4a,1,1,410.164,2026-08-29 07:44:37,2026-08-29 07:44:37
10,RadioTEDU Situation Room,/situation,configured_stream,52454,[Non Copyrighted Music] Aakash Gandhi - Eyes of Glory [Epic],,,,,,,,151.603,H:\RadioTEDU Songs\Situation Room\[Non Copyrighted Music] Aakash Gandhi - Eyes of Glory [Epic].m4a,1,1,148.899,2026-08-29 13:01:56,2026-08-29 13:01:56
10,RadioTEDU Situation Room,/situation,configured_stream,52655,[Non Copyrighted Music] Aakash Gandhi - Eyes of Glory [Epic],BreakingCopyright — Royalty Free Music,,,,,,,151.641,H:\RadioTEDU Songs\Situation Room\🦍 Powerful Music (No Copyright)\[Non Copyrighted Music] Aakash Gandhi - Eyes of Glory [Epic] [yhJ4RT2WLME].webm,1,1,148.919,2026-08-29 04:34:50,2026-08-29 04:34:50
10,RadioTEDU Situation Room,/situation,configured_stream,52455,[Non Copyrighted Music] Ethan Meixsell - In the Shadows [Rock],,,,,,,,179.351,H:\RadioTEDU Songs\Situation Room\[Non Copyrighted Music] Ethan Meixsell - In the Shadows [Rock].m4a,1,1,177.351,2026-08-29 10:23:31,2026-08-29 10:23:31
10,RadioTEDU Situation Room,/situation,configured_stream,52656,[Non Copyrighted Music] Ethan Meixsell - In the Shadows [Rock],BreakingCopyright — Royalty Free Music,,,,,,,179.361,H:\RadioTEDU Songs\Situation Room\🦍 Powerful Music (No Copyright)\[Non Copyrighted Music] Ethan Meixsell - In the Shadows [Rock] [g2mrBkxWLZE].webm,1,1,176.768,2026-08-29 04:05:37,2026-08-29 04:05:37
10,RadioTEDU Situation Room,/situation,configured_stream,52456,[Non Copyrighted Music] Ethan Meixsell - Thor's Hammer [Rock],,,,,,,,141.642,H:\RadioTEDU Songs\Situation Room\[Non Copyrighted Music] Ethan Meixsell - Thor's Hammer [Rock].m4a,1,1,138.759,2026-08-29 13:45:27,2026-08-29 13:45:27
10,RadioTEDU Situation Room,/situation,configured_stream,52657,[Non Copyrighted Music] Ethan Meixsell - Thor's Hammer [Rock],BreakingCopyright — Royalty Free Music,,,,,,,141.661,H:\RadioTEDU Songs\Situation Room\🦍 Powerful Music (No Copyright)\[Non Copyrighted Music] Ethan Meixsell - Thor's Hammer [Rock] [o6Gr0xn6U88].webm,1,1,139.977,2026-08-29 14:53:01,2026-08-29 14:53:01
10,RadioTEDU Situation Room,/situation,configured_stream,52457,[Non Copyrighted Music] Jingle Punks - Cataclysmic Molten Core [Epic],,,,,,,,76.556,H:\RadioTEDU Songs\Situation Room\[Non Copyrighted Music] Jingle Punks - Cataclysmic Molten Core [Epic].m4a,1,1,82.859,2026-08-29 08:11:20,2026-08-29 08:11:20
10,RadioTEDU Situation Room,/situation,configured_stream,52572,[Non Copyrighted Music] Jingle Punks - Cataclysmic Molten Core [Epic],BreakingCopyright — Royalty Free Music,,,,,,,76.561,H:\RadioTEDU Songs\Situation Room\Intense Music (No Copyright) 🧨\[Non Copyrighted Music] Jingle Punks - Cataclysmic Molten Core [Epic] [Ue9ItPhn75M].webm,1,1,85.769,2026-08-29 11:10:27,2026-08-29 11:10:27
10,RadioTEDU Situation Room,/situation,configured_stream,52458,[Non Copyrighted Music] Savfk - Deep [Epic],,,,,,,,156.177,H:\RadioTEDU Songs\Situation Room\[Non Copyrighted Music] Savfk - Deep [Epic].m4a,1,1,153.328,2026-08-29 12:06:50,2026-08-29 12:06:50
10,RadioTEDU Situation Room,/situation,configured_stream,52658,[Non Copyrighted Music] Savfk - Deep [Epic],BreakingCopyright — Royalty Free Music,,,,,,,156.201,H:\RadioTEDU Songs\Situation Room\🦍 Powerful Music (No Copyright)\[Non Copyrighted Music] Savfk - Deep [Epic] [Vypp7qgHrE0].webm,1,1,153.401,2026-08-29 07:54:25,2026-08-29 07:54:25
10,RadioTEDU Situation Room,/situation,configured_stream,52623,[Non Copyrighted Music] Scott Buckley - World of Magic [Epic],BreakingCopyright — Royalty Free Music,,,,,,,97.881,H:\RadioTEDU Songs\Situation Room\⚔️ Copyright Free Battle Music\[Non Copyrighted Music] Scott Buckley - World of Magic [Epic] [0ArLCRFBQrI].webm,1,1,98.783,2026-08-29 04:07:16,2026-08-29 04:07:16
10,RadioTEDU Situation Room,/situation,configured_stream,52460,[Non Copyrighted Music] TheFatRat - Reminiscence [Epic],,,,,,,,141.92,H:\RadioTEDU Songs\Situation Room\[Non Copyrighted Music] TheFatRat - Reminiscence [Epic].m4a,1,1,139.366,2026-08-29 14:18:51,2026-08-29 14:18:51
10,RadioTEDU Situation Room,/situation,configured_stream,52583,Chase Tension Cinematic No Copyright Music / Tension Ticking by Soundridemusic,Soundridemusic,,,,,,,118.521,H:\RadioTEDU Songs\Situation Room\Serious Background Music No Copyright\Chase Tension Cinematic No Copyright Music ⧸ Tension Ticking by Soundridemusic [5-fXZ5dg8_g].webm,1,1,115.932,2026-08-29 09:19:29,2026-08-29 09:19:29
10,RadioTEDU Situation Room,/situation,configured_stream,52519,Chase Tension Cinematic No Copyright Music ⧸ Tension Ticking by Soundridemusic,,,,,,,,118.515,H:\RadioTEDU Songs\Situation Room\Chase Tension Cinematic No Copyright Music ⧸ Tension Ticking by Soundridemusic.m4a,1,1,115.578,2026-08-29 08:01:07,2026-08-29 08:01:07
10,RadioTEDU Situation Room,/situation,configured_stream,52584,Cinematic Guitar Tension Drama Documentary No Copyright Music / Dark Secrets by Soundridemusic,Soundridemusic,,,,,,,135.021,H:\RadioTEDU Songs\Situation Room\Serious Background Music No Copyright\Cinematic Guitar Tension Drama Documentary No Copyright Music ⧸ Dark Secrets by Soundridemusic [YWIlDu55m6U].webm,1,1,132.214,2026-08-29 14:48:29,2026-08-29 14:48:29
10,RadioTEDU Situation Room,/situation,configured_stream,52520,Cinematic Guitar Tension Drama Documentary No Copyright Music ⧸ Dark Secrets by Soundridemusic,,,,,,,,135.07,H:\RadioTEDU Songs\Situation Room\Cinematic Guitar Tension Drama Documentary No Copyright Music ⧸ Dark Secrets by Soundridemusic.m4a,1,1,132.406,2026-08-29 12:04:17,2026-08-29 12:04:17
10,RadioTEDU Situation Room,/situation,configured_stream,52585,Cinematic Suspense Tension NoCopyright Music Compilation by Artic Fox Music,ArcticFoxMusic - No Copyright Music,,,,,,,318.121,H:\RadioTEDU Songs\Situation Room\Serious Background Music No Copyright\Cinematic Suspense Tension NoCopyright Music Compilation by Artic Fox Music [nK8b3dpz4ME].webm,1,1,315.272,2026-08-29 13:25:24,2026-08-29 13:25:24
10,RadioTEDU Situation Room,/situation,configured_stream,52586,Cinematic Suspense Trailer NoCopyright Music for Video / Anomaly by Soundridemusic,Soundridemusic,,,,,,,141.661,H:\RadioTEDU Songs\Situation Room\Serious Background Music No Copyright\Cinematic Suspense Trailer NoCopyright Music for Video ⧸ Anomaly by Soundridemusic [iPqK_NvGtTI].webm,1,1,138.74,2026-08-29 06:25:48,2026-08-29 06:25:48
10,RadioTEDU Situation Room,/situation,configured_stream,52523,Cinematic Tension NoCopyright Background Music for Video ⧸ Tensions Run High by soundridemusic,,,,,,,,86.285,H:\RadioTEDU Songs\Situation Room\Cinematic Tension NoCopyright Background Music for Video ⧸ Tensions Run High by soundridemusic.m4a,1,1,83.79,2026-08-29 08:06:20,2026-08-29 08:06:20
10,RadioTEDU Situation Room,/situation,configured_stream,52588,Cinematic Tension Suspense No Copyright Music 2024 / Dirty Money by soundridemusic,Soundridemusic,,,,,,,132.061,H:\RadioTEDU Songs\Situation Room\Serious Background Music No Copyright\Cinematic Tension Suspense No Copyright Music 2024 ⧸ Dirty Money by soundridemusic [k3S516OtsrE].webm,1,1,129.308,2026-08-29 13:47:36,2026-08-29 13:47:36
10,RadioTEDU Situation Room,/situation,configured_stream,52525,Crime Detective Tension Suspense No Copyright Music ⧸ Criminal Investigation by Soundridemusic,,,,,,,,139.343,H:\RadioTEDU Songs\Situation Room\Crime Detective Tension Suspense No Copyright Music ⧸ Criminal Investigation by Soundridemusic.m4a,1,1,137.083,2026-08-29 07:33:45,2026-08-29 07:33:45
10,RadioTEDU Situation Room,/situation,configured_stream,52526,Crime Tension Investigation No Copyright Music ⧸ Criminal Intent by Soundridemusic,,,,,,,,144.869,H:\RadioTEDU Songs\Situation Room\Crime Tension Investigation No Copyright Music ⧸ Criminal Intent by Soundridemusic.m4a,1,1,148.863,2026-08-29 05:21:44,2026-08-29 05:21:44
10,RadioTEDU Situation Room,/situation,configured_stream,52461,Dark Ambient Music (No Copyright),,,,,,,,219.986,H:\RadioTEDU Songs\Situation Room\Dark Ambient Music (No Copyright).m4a,1,1,217.176,2026-08-29 08:09:58,2026-08-29 08:09:58
10,RadioTEDU Situation Room,/situation,configured_stream,52660,Dark Ambient Music (No Copyright),BreakingCopyright — Royalty Free Music,,,,,,,220.021,H:\RadioTEDU Songs\Situation Room\🦍 Powerful Music (No Copyright)\Dark Ambient Music (No Copyright) [x74grrke9qE].webm,1,1,217.263,2026-08-29 08:36:50,2026-08-29 08:36:50
10,RadioTEDU Situation Room,/situation,configured_stream,52591,Dark Suspense Tense Crime No Copyright Music / Suspect by Soundridemusic,Soundridemusic,,,,,,,190.441,H:\RadioTEDU Songs\Situation Room\Serious Background Music No Copyright\Dark Suspense Tense Crime No Copyright Music ⧸ Suspect by Soundridemusic [99SSB89wxvI].webm,1,1,187.971,2026-08-29 11:02:55,2026-08-29 11:02:55
10,RadioTEDU Situation Room,/situation,configured_stream,52527,Dark Suspense Tense Crime No Copyright Music ⧸ Suspect by Soundridemusic,,,,,,,,190.404,H:\RadioTEDU Songs\Situation Room\Dark Suspense Tense Crime No Copyright Music ⧸ Suspect by Soundridemusic.m4a,1,1,190.528,2026-08-29 11:18:50,2026-08-29 11:18:50
10,RadioTEDU Situation Room,/situation,configured_stream,52592,Dark Suspense Tense NoCopyright Background Music for Video / Stranger by Soundridemusic,Soundridemusic,,,,,,,165.941,H:\RadioTEDU Songs\Situation Room\Serious Background Music No Copyright\Dark Suspense Tense NoCopyright Background Music for Video ⧸ Stranger by Soundridemusic [DQ1AVBs8y0o].webm,1,1,163.54,2026-08-29 04:50:26,2026-08-29 04:50:26
10,RadioTEDU Situation Room,/situation,configured_stream,52528,Dark Suspense Tense NoCopyright Background Music for Video ⧸ Stranger by Soundridemusic,,,,,,,,165.976,H:\RadioTEDU Songs\Situation Room\Dark Suspense Tense NoCopyright Background Music for Video ⧸ Stranger by Soundridemusic.m4a,1,1,165.715,2026-08-29 13:15:19,2026-08-29 13:15:19
10,RadioTEDU Situation Room,/situation,configured_stream,52594,Electronic Synth Sci-Fi Tension No Copyright Music / Blindside by  @soundridemusic,Soundridemusic,,,,,,,136.861,H:\RadioTEDU Songs\Situation Room\Serious Background Music No Copyright\Electronic Synth Sci-Fi Tension No Copyright Music ⧸ Blindside by  @soundridemusic [Q4V8ubNElMY].webm,1,1,134.542,2026-08-29 10:16:31,2026-08-29 10:16:31
10,RadioTEDU Situation Room,/situation,configured_stream,52531,Epic Cinematic Military War No Copyright Music Compilation by Soundridemusic,,,,,,,,444.546,H:\RadioTEDU Songs\Situation Room\Epic Cinematic Military War No Copyright Music Compilation by Soundridemusic.m4a,1,1,442.308,2026-08-29 04:47:43,2026-08-29 04:47:43
10,RadioTEDU Situation Room,/situation,configured_stream,52595,Epic Cinematic Military War No Copyright Music Compilation by Soundridemusic,Soundridemusic,,,,,,,444.561,H:\RadioTEDU Songs\Situation Room\Serious Background Music No Copyright\Epic Cinematic Military War No Copyright Music Compilation by Soundridemusic [3N6gHxd1A0M].webm,1,1,444.028,2026-08-29 10:53:09,2026-08-29 10:53:09
10,RadioTEDU Situation Room,/situation,configured_stream,52624,"Epic Electronic & Cinematic (Music For Videos) - ""Reloaded"" by Savfk",BreakingCopyright — Royalty Free Music,,,,,,,267.161,H:\RadioTEDU Songs\Situation Room\⚔️ Copyright Free Battle Music\Epic Electronic & Cinematic (Music For Videos) - ＂Reloaded＂ by Savfk [DQ8ZwW3Hk9k].webm,1,1,264.562,2026-08-29 07:49:01,2026-08-29 07:49:01
10,RadioTEDU Situation Room,/situation,configured_stream,52463,Epic Emotional Music (No Copyright) 🔥,,,,,,,,175.984,H:\RadioTEDU Songs\Situation Room\Epic Emotional Music (No Copyright) 🔥.m4a,1,1,173.025,2026-08-29 05:59:55,2026-08-29 05:59:55
10,RadioTEDU Situation Room,/situation,configured_stream,52555,Epic Emotional Music (No Copyright) 🔥,BreakingCopyright — Royalty Free Music,,,,,,,175.981,H:\RadioTEDU Songs\Situation Room\Copyright Free Military Music 🎖️\Epic Emotional Music (No Copyright) 🔥 [8mdDft5-q28].webm,1,1,173.082,2026-08-29 05:38:11,2026-08-29 05:38:11
10,RadioTEDU Situation Room,/situation,configured_stream,52464,Epic Non Copyrighted Music ⚔️,,,,,,,,199.018,H:\RadioTEDU Songs\Situation Room\Epic Non Copyrighted Music ⚔️.m4a,1,1,200.088,2026-08-29 10:29:58,2026-08-29 10:29:58
10,RadioTEDU Situation Room,/situation,configured_stream,52573,Epic Non Copyrighted Music ⚔️,BreakingCopyright — Royalty Free Music,,,,,,,199.041,H:\RadioTEDU Songs\Situation Room\Intense Music (No Copyright) 🧨\Epic Non Copyrighted Music ⚔️ [USBucuZiarA].webm,1,1,196.242,2026-08-29 09:58:30,2026-08-29 09:58:30
10,RadioTEDU Situation Room,/situation,configured_stream,52596,"No Copyright Background Music for News, Finance & Crypto Videos | Cyber Threat by ArcticFoxMusic",ArcticFoxMusic - No Copyright Music,,,,,,,160.541,"H:\RadioTEDU Songs\Situation Room\Serious Background Music No Copyright\No Copyright Background Music for News, Finance & Crypto Videos ｜ Cyber Threat by ArcticFoxMusic [8o_jgb6tqTs].webm",1,1,157.772,2026-08-29 08:13:58,2026-08-29 08:13:58
10,RadioTEDU Situation Room,/situation,configured_stream,52532,"No Copyright Background Music for News, Finance & Crypto Videos ｜ Cyber Threat by ArcticFoxMusic",,,,,,,,160.543,"H:\RadioTEDU Songs\Situation Room\No Copyright Background Music for News, Finance & Crypto Videos ｜ Cyber Threat by ArcticFoxMusic.m4a",1,1,158.245,2026-08-29 09:25:09,2026-08-29 09:25:09
10,RadioTEDU Situation Room,/situation,configured_stream,52597,No Copyright Cinematic Cello Music / Wrath by Soundridemusic,Soundridemusic,,,,,,,194.021,H:\RadioTEDU Songs\Situation Room\Serious Background Music No Copyright\No Copyright Cinematic Cello Music ⧸ Wrath by Soundridemusic [PVd2o6yO4Io].webm,1,1,191.242,2026-08-29 10:11:33,2026-08-29 10:11:33
10,RadioTEDU Situation Room,/situation,configured_stream,52533,No Copyright Cinematic Cello Music ⧸ Wrath by Soundridemusic,,,,,,,,194.003,H:\RadioTEDU Songs\Situation Room\No Copyright Cinematic Cello Music ⧸ Wrath by Soundridemusic.m4a,1,1,191.431,2026-08-29 03:53:40,2026-08-29 03:53:40
10,RadioTEDU Situation Room,/situation,configured_stream,52598,No Copyright Cinematic Dark Suspense Drums Music / Hidden Threat by ArticFoxMusic,ArcticFoxMusic - No Copyright Music,,,,,,,102.501,H:\RadioTEDU Songs\Situation Room\Serious Background Music No Copyright\No Copyright Cinematic Dark Suspense Drums Music ⧸ Hidden Threat by ArticFoxMusic [mr7t91tRf80].webm,1,1,99.909,2026-08-29 07:59:09,2026-08-29 07:59:09
10,RadioTEDU Situation Room,/situation,configured_stream,52535,No Copyright Cinematic Tension Cello Music ⧸ Trap by Soundridemusic,,,,,,,,174.057,H:\RadioTEDU Songs\Situation Room\No Copyright Cinematic Tension Cello Music ⧸ Trap by Soundridemusic.m4a,1,1,171.229,2026-08-29 07:51:52,2026-08-29 07:51:52
10,RadioTEDU Situation Room,/situation,configured_stream,52600,No Copyright Cinematic Tension Suspense Music / Silent Echo by ArticFoxMusic,ArcticFoxMusic - No Copyright Music,,,,,,,92.341,H:\RadioTEDU Songs\Situation Room\Serious Background Music No Copyright\No Copyright Cinematic Tension Suspense Music ⧸ Silent Echo by ArticFoxMusic [8-ngm1rmn4k].webm,1,1,89.861,2026-08-29 11:06:13,2026-08-29 11:06:13
10,RadioTEDU Situation Room,/situation,configured_stream,52536,No Copyright Cinematic Tension Suspense Music ⧸ Silent Echo by ArticFoxMusic,,,,,,,,92.369,H:\RadioTEDU Songs\Situation Room\No Copyright Cinematic Tension Suspense Music ⧸ Silent Echo by ArticFoxMusic.m4a,1,1,89.417,2026-08-29 12:53:44,2026-08-29 12:53:44
10,RadioTEDU Situation Room,/situation,configured_stream,52537,No Copyright Cinematic Tension Ticking Music ⧸ Tension Time by Soundridemusic,,,,,,,,178.306,H:\RadioTEDU Songs\Situation Room\No Copyright Cinematic Tension Ticking Music ⧸ Tension Time by Soundridemusic.m4a,1,1,175.472,2026-08-29 04:40:21,2026-08-29 04:40:21
10,RadioTEDU Situation Room,/situation,configured_stream,52602,No Copyright Dramatic Tension Music / Nordic Noir by Soundridemusic,Soundridemusic,,,,,,,144.021,H:\RadioTEDU Songs\Situation Room\Serious Background Music No Copyright\No Copyright Dramatic Tension Music ⧸ Nordic Noir by Soundridemusic [DnuAiQKlRVU].webm,1,1,141.359,2026-08-29 12:40:26,2026-08-29 12:40:26
10,RadioTEDU Situation Room,/situation,configured_stream,52538,No Copyright Dramatic Tension Music ⧸ Nordic Noir by Soundridemusic,,,,,,,,144.01,H:\RadioTEDU Songs\Situation Room\No Copyright Dramatic Tension Music ⧸ Nordic Noir by Soundridemusic.m4a,1,1,144.42,2026-08-29 04:02:41,2026-08-29 04:02:41
10,RadioTEDU Situation Room,/situation,configured_stream,52603,No Copyright Suspense Tense Music / Capture by #soundridemusic,Soundridemusic,,,,,,,128.041,H:\RadioTEDU Songs\Situation Room\Serious Background Music No Copyright\No Copyright Suspense Tense Music ⧸ Capture by #soundridemusic [OZXW_hRw_hI].webm,1,1,125.256,2026-08-29 14:16:32,2026-08-29 14:16:32
10,RadioTEDU Situation Room,/situation,configured_stream,52539,No Copyright Suspense Tense Music ⧸ Capture by #soundridemusic,,,,,,,,128.058,H:\RadioTEDU Songs\Situation Room\No Copyright Suspense Tense Music ⧸ Capture by #soundridemusic.m4a,1,1,125.321,2026-08-29 05:05:23,2026-08-29 05:05:23
10,RadioTEDU Situation Room,/situation,configured_stream,52540,No Copyright True Crime Investigation Tension Suspense Music Compilation by soundridemusic,,,,,,,,2052.644,H:\RadioTEDU Songs\Situation Room\No Copyright True Crime Investigation Tension Suspense Music Compilation by soundridemusic.m4a,1,1,1800.207,2026-08-29 09:55:14,2026-08-29 09:55:14
10,RadioTEDU Situation Room,/situation,configured_stream,52604,No Copyright True Crime Investigation Tension Suspense Music Compilation by soundridemusic,Soundridemusic,,,,,,,2052.661,H:\RadioTEDU Songs\Situation Room\Serious Background Music No Copyright\No Copyright True Crime Investigation Tension Suspense Music Compilation by soundridemusic [y5gkdmmnRls].webm,1,1,1801.059,2026-08-29 09:17:34,2026-08-29 09:17:34
10,RadioTEDU Situation Room,/situation,configured_stream,52541,NoCopyright Dark Suspense Background Music ⧸ Suspense by Soundridemusic,,,,,,,,272.788,H:\RadioTEDU Songs\Situation Room\NoCopyright Dark Suspense Background Music ⧸ Suspense by Soundridemusic.m4a,1,1,270.909,2026-08-29 14:34:58,2026-08-29 14:34:58
10,RadioTEDU Situation Room,/situation,configured_stream,52606,NoCopyright Minimal Tension Background Music / The Chase by soundridemusic,Soundridemusic,,,,,,,153.441,H:\RadioTEDU Songs\Situation Room\Serious Background Music No Copyright\NoCopyright Minimal Tension Background Music ⧸ The Chase by soundridemusic [SfiB4w-oN9o].webm,1,1,150.775,2026-08-29 13:20:09,2026-08-29 13:20:09
10,RadioTEDU Situation Room,/situation,configured_stream,52542,NoCopyright Minimal Tension Background Music ⧸ The Chase by soundridemusic,,,,,,,,153.414,H:\RadioTEDU Songs\Situation Room\NoCopyright Minimal Tension Background Music ⧸ The Chase by soundridemusic.m4a,1,1,150.677,2026-08-29 10:04:38,2026-08-29 10:04:38
10,RadioTEDU Situation Room,/situation,configured_stream,52607,Nordic Noir Tension Suspense  No Copyright Music / Dusk by Soundridemusic,Soundridemusic,,,,,,,155.901,H:\RadioTEDU Songs\Situation Room\Serious Background Music No Copyright\Nordic Noir Tension Suspense  No Copyright Music ⧸ Dusk by Soundridemusic [mvlj_u8_Ujg].webm,1,1,155.88,2026-08-29 13:04:32,2026-08-29 13:04:32
10,RadioTEDU Situation Room,/situation,configured_stream,52543,Nordic Noir Tension Suspense  No Copyright Music ⧸ Dusk by Soundridemusic,,,,,,,,155.876,H:\RadioTEDU Songs\Situation Room\Nordic Noir Tension Suspense  No Copyright Music ⧸ Dusk by Soundridemusic.m4a,1,1,154.43,2026-08-29 14:11:10,2026-08-29 14:11:10
10,RadioTEDU Situation Room,/situation,configured_stream,52544,"Storytelling Crypto&Finance Cinematic No Copyright Music Music for Documentaries, News, Vlogs",,,,,,,,189.87,"H:\RadioTEDU Songs\Situation Room\Storytelling Crypto&Finance Cinematic No Copyright Music Music for Documentaries, News, Vlogs.m4a",1,1,187.176,2026-08-29 13:34:27,2026-08-29 13:34:27
10,RadioTEDU Situation Room,/situation,configured_stream,52608,"Storytelling Crypto&Finance Cinematic No Copyright Music Music for Documentaries, News, Vlogs",Soundridemusic,,,,,,,189.881,"H:\RadioTEDU Songs\Situation Room\Serious Background Music No Copyright\Storytelling Crypto&Finance Cinematic No Copyright Music Music for Documentaries, News, Vlogs [q_r0THGGLy4].webm",1,1,187.205,2026-08-29 10:26:38,2026-08-29 10:26:38
10,RadioTEDU Situation Room,/situation,configured_stream,52609,Suspenseful Tense Cinematic Copyright Free Background Music/ Cold Pursuit by @soundridemusic,Soundridemusic,,,,,,,114.301,H:\RadioTEDU Songs\Situation Room\Serious Background Music No Copyright\Suspenseful Tense Cinematic Copyright Free Background Music⧸ Cold Pursuit by @soundridemusic [ejYMqBUpzB8].webm,1,1,111.828,2026-08-29 07:13:26,2026-08-29 07:13:26
10,RadioTEDU Situation Room,/situation,configured_stream,52546,Suspenseful Tension Mystery No Copyright Music by Soundridemusic,,,,,,,,152.996,H:\RadioTEDU Songs\Situation Room\Suspenseful Tension Mystery No Copyright Music by Soundridemusic.m4a,1,1,165.332,2026-08-29 14:40:16,2026-08-29 14:40:16
10,RadioTEDU Situation Room,/situation,configured_stream,52610,Suspenseful Tension Mystery No Copyright Music by Soundridemusic,Soundridemusic,,,,,,,153.021,H:\RadioTEDU Songs\Situation Room\Serious Background Music No Copyright\Suspenseful Tension Mystery No Copyright Music by Soundridemusic [8abBSm3LZcs].webm,1,1,153.211,2026-08-29 06:08:03,2026-08-29 06:08:03
10,RadioTEDU Situation Room,/situation,configured_stream,52547,Tense & Dark Cello No Copyright Cinematic Music Background,,,,,,,,129.823,H:\RadioTEDU Songs\Situation Room\Tense & Dark Cello No Copyright Cinematic Music Background.m4a,1,1,126.871,2026-08-29 08:21:21,2026-08-29 08:21:21
10,RadioTEDU Situation Room,/situation,configured_stream,52548,Tense Cinematic NoCopyright Background Music Compilation,,,,,,,,3251.885,H:\RadioTEDU Songs\Situation Room\Tense Cinematic NoCopyright Background Music Compilation.m4a,1,1,1804.884,2026-08-29 03:50:27,2026-08-29 03:50:27
10,RadioTEDU Situation Room,/situation,configured_stream,52549,Tense Crime Investigation No Copyright Music Compilation by Soundridemusic,,,,,,,,370.451,H:\RadioTEDU Songs\Situation Room\Tense Crime Investigation No Copyright Music Compilation by Soundridemusic.m4a,1,1,367.695,2026-08-29 04:13:25,2026-08-29 04:13:25
10,RadioTEDU Situation Room,/situation,configured_stream,52613,Tense Crime Investigation No Copyright Music Compilation by Soundridemusic,Soundridemusic,,,,,,,370.401,H:\RadioTEDU Songs\Situation Room\Serious Background Music No Copyright\Tense Crime Investigation No Copyright Music Compilation by Soundridemusic [qRr0mViTjaI].webm,1,1,368.883,2026-08-29 11:54:55,2026-08-29 11:54:55
10,RadioTEDU Situation Room,/situation,configured_stream,52614,Tense Suspense Cinematic NoCopyright Background Music by Soundridemusic,Soundridemusic,,,,,,,118.021,H:\RadioTEDU Songs\Situation Room\Serious Background Music No Copyright\Tense Suspense Cinematic NoCopyright Background Music by Soundridemusic [wFV0u8VUkYE].webm,1,1,115.597,2026-08-29 07:11:34,2026-08-29 07:11:34
10,RadioTEDU Situation Room,/situation,configured_stream,52551,Tension Cinematic No Copyright Background Music for Video⧸ Blackout Zone by ArcticFoxMusic,,,,,,,,97.338,H:\RadioTEDU Songs\Situation Room\Tension Cinematic No Copyright Background Music for Video⧸ Blackout Zone by ArcticFoxMusic.m4a,1,1,94.438,2026-08-29 12:55:18,2026-08-29 12:55:18
10,RadioTEDU Situation Room,/situation,configured_stream,52616,Tension Suspense Action Trailer No Copyright Background Music / Violation by Soundridemusic,Soundridemusic,,,,,,,109.801,H:\RadioTEDU Songs\Situation Room\Serious Background Music No Copyright\Tension Suspense Action Trailer No Copyright Background Music ⧸ Violation by Soundridemusic [tT35z4DZb3M].webm,1,1,107.03,2026-08-29 06:46:37,2026-08-29 06:46:37
10,RadioTEDU Situation Room,/situation,configured_stream,52552,Tension Suspense Action Trailer No Copyright Background Music ⧸ Violation by Soundridemusic,,,,,,,,109.83,H:\RadioTEDU Songs\Situation Room\Tension Suspense Action Trailer No Copyright Background Music ⧸ Violation by Soundridemusic.m4a,1,1,107.063,2026-08-29 12:59:28,2026-08-29 12:59:28
10,RadioTEDU Situation Room,/situation,configured_stream,52625,"☢️ Final Boss & Cinematic (Royalty Free Music) - ""VIRUS"" by Alex Productions 🇮🇹",BreakingCopyright — Royalty Free Music,,,,,,,232.941,H:\RadioTEDU Songs\Situation Room\⚔️ Copyright Free Battle Music\☢️ Final Boss & Cinematic (Royalty Free Music) - ＂VIRUS＂ by Alex Productions 🇮🇹 [cGgfp2obkVg].webm,1,1,230.079,2026-08-29 08:04:57,2026-08-29 08:04:57
10,RadioTEDU Situation Room,/situation,configured_stream,52626,"⚔️ Epic (Free Music) - ""RITES OF PASSAGE"" by Scott Buckley 🇦🇺🇸🇪",BreakingCopyright — Royalty Free Music,,,,,,,336.221,H:\RadioTEDU Songs\Situation Room\⚔️ Copyright Free Battle Music\⚔️ Epic (Free Music) - ＂RITES OF PASSAGE＂ by Scott Buckley 🇦🇺🇸🇪 [aDZE8kLSFF4].webm,1,1,333.3,2026-08-29 14:00:14,2026-08-29 14:00:14
10,RadioTEDU Situation Room,/situation,configured_stream,52466,⚔️ Epic (Free Music) - ＂RITES OF PASSAGE＂ by Scott Buckley 🇦🇺🇸🇪,,,,,,,,336.202,H:\RadioTEDU Songs\Situation Room\⚔️ Epic (Free Music) - ＂RITES OF PASSAGE＂ by Scott Buckley 🇦🇺🇸🇪.m4a,1,1,333.293,2026-08-29 10:45:45,2026-08-29 10:45:45
10,RadioTEDU Situation Room,/situation,configured_stream,52627,"⚔️ Epic (Royalty Free Music) - ""HEARTS OF IRON"" by Alex Productions 🇮🇹",BreakingCopyright — Royalty Free Music,,,,,,,184.061,H:\RadioTEDU Songs\Situation Room\⚔️ Copyright Free Battle Music\⚔️ Epic (Royalty Free Music) - ＂HEARTS OF IRON＂ by Alex Productions 🇮🇹 [EmY3G-qy0-4].webm,1,1,182.351,2026-08-29 11:43:05,2026-08-29 11:43:05
10,RadioTEDU Situation Room,/situation,configured_stream,52467,⚔️ Epic (Royalty Free Music) - ＂HEARTS OF IRON＂ by Alex Productions 🇮🇹,,,,,,,,184.088,H:\RadioTEDU Songs\Situation Room\⚔️ Epic (Royalty Free Music) - ＂HEARTS OF IRON＂ by Alex Productions 🇮🇹.m4a,1,1,181.322,2026-08-29 14:46:17,2026-08-29 14:46:17
10,RadioTEDU Situation Room,/situation,configured_stream,52468,⚔️ Epic (Royalty Free Music) - ＂REBORN＂ by Alex Productions,,,,,,,,140.458,H:\RadioTEDU Songs\Situation Room\⚔️ Epic (Royalty Free Music) - ＂REBORN＂ by Alex Productions.m4a,1,1,137.484,2026-08-29 04:00:17,2026-08-29 04:00:17
10,RadioTEDU Situation Room,/situation,configured_stream,52469,⚔️ Heroic & Epic (Royalty Free Music) - ＂SENTINEL＂ by Scott Buckley 🇦🇺,,,,,,,,203.244,H:\RadioTEDU Songs\Situation Room\⚔️ Heroic & Epic (Royalty Free Music) - ＂SENTINEL＂ by Scott Buckley 🇦🇺.m4a,1,1,200.783,2026-08-29 14:56:23,2026-08-29 14:56:23
10,RadioTEDU Situation Room,/situation,configured_stream,52630,"⚔️ War & Epic (Free Music For YouTube) - ""WAR"" by @Makai-symphony 🇯🇵",BreakingCopyright — Royalty Free Music,,,,,,,156.761,H:\RadioTEDU Songs\Situation Room\⚔️ Copyright Free Battle Music\⚔️ War & Epic (Free Music For YouTube) - ＂WAR＂ by @Makai-symphony 🇯🇵 [wYGH0xdfrTo].webm,1,1,153.784,2026-08-29 10:59:48,2026-08-29 10:59:48
10,RadioTEDU Situation Room,/situation,configured_stream,52470,⚔️ War & Epic (Free Music For YouTube) - ＂WAR＂ by @Makai-symphony 🇯🇵,,,,,,,,156.735,H:\RadioTEDU Songs\Situation Room\⚔️ War & Epic (Free Music For YouTube) - ＂WAR＂ by @Makai-symphony 🇯🇵.m4a,1,1,154.89,2026-08-29 13:50:10,2026-08-29 13:50:10
10,RadioTEDU Situation Room,/situation,configured_stream,52556,"⚔️ War & Military (Free Music) - ""LOCK AND LOAD"" by Hayden Folker 🇺🇸",BreakingCopyright — Royalty Free Music,,,,,,,127.761,H:\RadioTEDU Songs\Situation Room\Copyright Free Military Music 🎖️\⚔️ War & Military (Free Music) - ＂LOCK AND LOAD＂ by Hayden Folker 🇺🇸 [_DCFxKXhzbg].webm,1,1,127.408,2026-08-29 06:30:22,2026-08-29 06:30:22
10,RadioTEDU Situation Room,/situation,configured_stream,52471,⚔️ War & Military (Free Music) - ＂LOCK AND LOAD＂ by Hayden Folker 🇺🇸,,,,,,,,127.756,H:\RadioTEDU Songs\Situation Room\⚔️ War & Military (Free Music) - ＂LOCK AND LOAD＂ by Hayden Folker 🇺🇸.m4a,1,1,130.059,2026-08-29 06:32:33,2026-08-29 06:32:33
10,RadioTEDU Situation Room,/situation,configured_stream,52574,"⚡ Free Epic Music (No Copyright) ""Fire And Thunder"" by @cjbeardsofficial  🇺🇸",BreakingCopyright — Royalty Free Music,,,,,,,263.221,H:\RadioTEDU Songs\Situation Room\Intense Music (No Copyright) 🧨\⚡ Free Epic Music (No Copyright) ＂Fire And Thunder＂ by @cjbeardsofficial  🇺🇸 [KkSfEQcZHy8].webm,1,1,261.805,2026-08-29 13:38:48,2026-08-29 13:38:48
10,RadioTEDU Situation Room,/situation,configured_stream,52472,⚡ Free Epic Music (No Copyright) ＂Fire And Thunder＂ by @cjbeardsofficial  🇺🇸,,,,,,,,263.221,H:\RadioTEDU Songs\Situation Room\⚡ Free Epic Music (No Copyright) ＂Fire And Thunder＂ by @cjbeardsofficial  🇺🇸.m4a,1,1,264.074,2026-08-29 06:41:02,2026-08-29 06:41:02
10,RadioTEDU Situation Room,/situation,configured_stream,52473,⛏️ Powerful Instrumental Rock Music (For Videos) - ＂I Can't Stop＂ by Punch Deck,,,,,,,,273.508,H:\RadioTEDU Songs\Situation Room\⛏️ Powerful Instrumental Rock Music (For Videos) - ＂I Can't Stop＂ by Punch Deck.m4a,1,1,270.746,2026-08-29 13:54:41,2026-08-29 13:54:41
10,RadioTEDU Situation Room,/situation,configured_stream,52557,"❄️ Inspiring Cinematic Epic Music (For Videos) - ""North Edge"" by Keys Of Moon 🇺🇸",BreakingCopyright — Royalty Free Music,,,,,,,215.121,H:\RadioTEDU Songs\Situation Room\Copyright Free Military Music 🎖️\❄️ Inspiring Cinematic Epic Music (For Videos) - ＂North Edge＂ by Keys Of Moon 🇺🇸 [smWb8dj1Jgs].webm,1,1,213.523,2026-08-29 06:18:00,2026-08-29 06:18:00
10,RadioTEDU Situation Room,/situation,configured_stream,52474,❄️ Inspiring Cinematic Epic Music (For Videos) - ＂North Edge＂ by Keys Of Moon 🇺🇸,,,,,,,,215.11,H:\RadioTEDU Songs\Situation Room\❄️ Inspiring Cinematic Epic Music (For Videos) - ＂North Edge＂ by Keys Of Moon 🇺🇸.m4a,1,1,212.386,2026-08-29 05:25:19,2026-08-29 05:25:19
10,RadioTEDU Situation Room,/situation,configured_stream,52661,"⭐ Copyright Free Epic Music - ""Journey To The Stars"" by @SavfkMusic  🇬🇧 🇮🇹",BreakingCopyright — Royalty Free Music,,,,,,,776.461,H:\RadioTEDU Songs\Situation Room\🦍 Powerful Music (No Copyright)\⭐ Copyright Free Epic Music - ＂Journey To The Stars＂ by @SavfkMusic  🇬🇧 🇮🇹 [MCscTvpQ7po].webm,1,1,773.642,2026-08-29 07:31:26,2026-08-29 07:31:26
10,RadioTEDU Situation Room,/situation,configured_stream,52475,⭐ Copyright Free Epic Music - ＂Journey To The Stars＂ by @SavfkMusic  🇬🇧 🇮🇹,,,,,,,,776.452,H:\RadioTEDU Songs\Situation Room\⭐ Copyright Free Epic Music - ＂Journey To The Stars＂ by @SavfkMusic  🇬🇧 🇮🇹.m4a,1,1,775.367,2026-08-29 07:09:39,2026-08-29 07:09:39
10,RadioTEDU Situation Room,/situation,configured_stream,52476,⭐ Triumph (Royalty Free Music) - ＂KNIGHT OF DESTINY＂ by NickOST 🇪🇸,,,,,,,,125.504,H:\RadioTEDU Songs\Situation Room\⭐ Triumph (Royalty Free Music) - ＂KNIGHT OF DESTINY＂ by NickOST 🇪🇸.m4a,1,1,126.61,2026-08-29 05:13:55,2026-08-29 05:13:55
10,RadioTEDU Situation Room,/situation,configured_stream,52477,🇨🇦  @ContextSensitive  - Titan Striker [Free trailer Music],,,,,,,,229.483,H:\RadioTEDU Songs\Situation Room\🇨🇦  @ContextSensitive  - Titan Striker [Free trailer Music].m4a,1,1,226.708,2026-08-29 04:57:34,2026-08-29 04:57:34
10,RadioTEDU Situation Room,/situation,configured_stream,52558,🇨🇦  @ContextSensitive  - Titan Striker [Free trailer Music],BreakingCopyright — Royalty Free Music,,,,,,,229.521,H:\RadioTEDU Songs\Situation Room\Copyright Free Military Music 🎖️\🇨🇦  @ContextSensitive  - Titan Striker [Free trailer Music] [K32BqlmDy9I].webm,1,1,228.284,2026-08-29 13:31:20,2026-08-29 13:31:20
10,RadioTEDU Situation Room,/situation,configured_stream,52478,🇨🇦  Evan King - From Other Suns [Free Epic Emotional Music],,,,,,,,148.468,H:\RadioTEDU Songs\Situation Room\🇨🇦  Evan King - From Other Suns [Free Epic Emotional Music].m4a,1,1,145.613,2026-08-29 10:40:12,2026-08-29 10:40:12
10,RadioTEDU Situation Room,/situation,configured_stream,52633,"🌆 Free cinematic Music - ""Legends"" by Alex Productions 🇮🇹",BreakingCopyright — Royalty Free Music,,,,,,,256.401,H:\RadioTEDU Songs\Situation Room\⚔️ Copyright Free Battle Music\🌆 Free cinematic Music - ＂Legends＂ by Alex Productions 🇮🇹 [xw2fA5KfrBo].webm,1,1,253.488,2026-08-29 12:15:44,2026-08-29 12:15:44
10,RadioTEDU Situation Room,/situation,configured_stream,52479,🌆 Free cinematic Music - ＂Legends＂ by Alex Productions 🇮🇹,,,,,,,,256.372,H:\RadioTEDU Songs\Situation Room\🌆 Free cinematic Music - ＂Legends＂ by Alex Productions 🇮🇹.m4a,1,1,254.196,2026-08-29 03:58:00,2026-08-29 03:58:00
10,RadioTEDU Situation Room,/situation,configured_stream,52559,"🌇 Movie Trailer Music (Copyright Free) - ""Silhouette of War"" by Keys Of Moon 🇺🇸",BreakingCopyright — Royalty Free Music,,,,,,,247.401,H:\RadioTEDU Songs\Situation Room\Copyright Free Military Music 🎖️\🌇 Movie Trailer Music (Copyright Free) - ＂Silhouette of War＂ by Keys Of Moon 🇺🇸 [Lzofxb1vATw].webm,1,1,244.549,2026-08-29 05:09:27,2026-08-29 05:09:27
10,RadioTEDU Situation Room,/situation,configured_stream,52480,🌇 Movie Trailer Music (Copyright Free) - ＂Silhouette of War＂ by Keys Of Moon 🇺🇸,,,,,,,,247.385,H:\RadioTEDU Songs\Situation Room\🌇 Movie Trailer Music (Copyright Free) - ＂Silhouette of War＂ by Keys Of Moon 🇺🇸.m4a,1,1,244.581,2026-08-29 06:36:38,2026-08-29 06:36:38
10,RadioTEDU Situation Room,/situation,configured_stream,52663,"🌌 Trailer Cinematic & Electronic Music - ""Heart Of The Wicked"" by Cjbeards 🇺🇸",BreakingCopyright — Royalty Free Music,,,,,,,227.221,H:\RadioTEDU Songs\Situation Room\🦍 Powerful Music (No Copyright)\🌌 Trailer Cinematic & Electronic Music - ＂Heart Of The Wicked＂ by Cjbeards 🇺🇸 [NDCm6LlG1Bs].webm,1,1,224.282,2026-08-29 10:08:22,2026-08-29 10:08:22
10,RadioTEDU Situation Room,/situation,configured_stream,52481,🌌 Trailer Cinematic & Electronic Music - ＂Heart Of The Wicked＂ by Cjbeards 🇺🇸,,,,,,,,227.207,H:\RadioTEDU Songs\Situation Room\🌌 Trailer Cinematic & Electronic Music - ＂Heart Of The Wicked＂ by Cjbeards 🇺🇸.m4a,1,1,224.65,2026-08-29 10:33:42,2026-08-29 10:33:42
10,RadioTEDU Situation Room,/situation,configured_stream,52634,"🌏 Oriental & Epic (Royalty Free Music) - ""EMPEROR'S BATTLE"" by Kaiji 🇸🇬",BreakingCopyright — Royalty Free Music,,,,,,,164.741,H:\RadioTEDU Songs\Situation Room\⚔️ Copyright Free Battle Music\🌏 Oriental & Epic (Royalty Free Music) - ＂EMPEROR'S BATTLE＂ by Kaiji 🇸🇬 [74-lScOzIxk].webm,1,1,161.976,2026-08-29 12:02:04,2026-08-29 12:02:04
10,RadioTEDU Situation Room,/situation,configured_stream,52482,🌏 Oriental & Epic (Royalty Free Music) - ＂EMPEROR'S BATTLE＂ by Kaiji 🇸🇬,,,,,,,,164.722,H:\RadioTEDU Songs\Situation Room\🌏 Oriental & Epic (Royalty Free Music) - ＂EMPEROR'S BATTLE＂ by Kaiji 🇸🇬.m4a,1,1,162.466,2026-08-29 10:14:15,2026-08-29 10:14:15
10,RadioTEDU Situation Room,/situation,configured_stream,52575,"🌙 Copyright Free Orchestral Music - ""Unexplored Moon"" by @MiguelJohnson  🇺🇸",BreakingCopyright — Royalty Free Music,,,,,,,344.861,H:\RadioTEDU Songs\Situation Room\Intense Music (No Copyright) 🧨\🌙 Copyright Free Orchestral Music - ＂Unexplored Moon＂ by @MiguelJohnson  🇺🇸 [1lmgmCmhRSc].webm,1,1,342.157,2026-08-29 12:34:44,2026-08-29 12:34:44
10,RadioTEDU Situation Room,/situation,configured_stream,52483,🌙 Copyright Free Orchestral Music - ＂Unexplored Moon＂ by @MiguelJohnson  🇺🇸,,,,,,,,344.84,H:\RadioTEDU Songs\Situation Room\🌙 Copyright Free Orchestral Music - ＂Unexplored Moon＂ by @MiguelJohnson  🇺🇸.m4a,1,1,342.874,2026-08-29 05:03:18,2026-08-29 05:03:18
10,RadioTEDU Situation Room,/situation,configured_stream,52560,"🎖️ Free Battle Military Music (For Videos) - ""The Constellation"" by Hayden Folker 🇺🇸",BreakingCopyright — Royalty Free Music,,,,,,,257.081,H:\RadioTEDU Songs\Situation Room\Copyright Free Military Music 🎖️\🎖️ Free Battle Military Music (For Videos) - ＂The Constellation＂ by Hayden Folker 🇺🇸 [fSaHNiMPy7A].webm,1,1,255.174,2026-08-29 13:43:05,2026-08-29 13:43:05
10,RadioTEDU Situation Room,/situation,configured_stream,52635,"🎖️ Free Epic Heroic Music (For Videos) - ""Terminus"" by Scott Buckley 🇦🇺",BreakingCopyright — Royalty Free Music,,,,,,,263.721,H:\RadioTEDU Songs\Situation Room\⚔️ Copyright Free Battle Music\🎖️ Free Epic Heroic Music (For Videos) - ＂Terminus＂ by Scott Buckley 🇦🇺 [hIZPPlM8LsQ].webm,1,1,260.984,2026-08-29 08:28:03,2026-08-29 08:28:03
10,RadioTEDU Situation Room,/situation,configured_stream,52485,🎖️ Free Epic Heroic Music (For Videos) - ＂Terminus＂ by Scott Buckley 🇦🇺,,,,,,,,263.709,H:\RadioTEDU Songs\Situation Room\🎖️ Free Epic Heroic Music (For Videos) - ＂Terminus＂ by Scott Buckley 🇦🇺.m4a,1,1,262.674,2026-08-29 14:08:36,2026-08-29 14:08:36
10,RadioTEDU Situation Room,/situation,configured_stream,52576,"🎥 [Copyright Free Trailer Music] - ""Resurgence"" by @GhostrifterOfficial  🇳🇱",BreakingCopyright — Royalty Free Music,,,,,,,141.621,H:\RadioTEDU Songs\Situation Room\Intense Music (No Copyright) 🧨\🎥 [Copyright Free Trailer Music] - ＂Resurgence＂ by @GhostrifterOfficial  🇳🇱 [tSFSPZ3BcNw].webm,1,1,140.604,2026-08-29 08:23:42,2026-08-29 08:23:42
10,RadioTEDU Situation Room,/situation,configured_stream,52487,🎥 [Copyright Free Trailer Music] - ＂Resurgence＂ by @GhostrifterOfficial  🇳🇱,,,,,,,,141.619,H:\RadioTEDU Songs\Situation Room\🎥 [Copyright Free Trailer Music] - ＂Resurgence＂ by @GhostrifterOfficial  🇳🇱.m4a,1,1,138.906,2026-08-29 13:17:38,2026-08-29 13:17:38
10,RadioTEDU Situation Room,/situation,configured_stream,52664,"🎮 Video game Music (No Copyright) - ""Breaking the siege"" by Arthur Vyncke 🇧🇪",BreakingCopyright — Royalty Free Music,,,,,,,246.801,H:\RadioTEDU Songs\Situation Room\🦍 Powerful Music (No Copyright)\🎮 Video game Music (No Copyright) - ＂Breaking the siege＂ by Arthur Vyncke 🇧🇪 [pLur-vK6BuQ].webm,1,1,244.04,2026-08-29 10:57:15,2026-08-29 10:57:15
10,RadioTEDU Situation Room,/situation,configured_stream,52488,🎮 Video game Music (No Copyright) - ＂Breaking the siege＂ by Arthur Vyncke 🇧🇪,,,,,,,,246.782,H:\RadioTEDU Songs\Situation Room\🎮 Video game Music (No Copyright) - ＂Breaking the siege＂ by Arthur Vyncke 🇧🇪.m4a,1,1,247.262,2026-08-29 08:33:13,2026-08-29 08:33:13
10,RadioTEDU Situation Room,/situation,configured_stream,52665,"🎸 Copyright Free Rock Music - ""Grunge Instrumental"" by Wayne John Bradley 🇦🇺",BreakingCopyright — Royalty Free Music,,,,,,,204.681,H:\RadioTEDU Songs\Situation Room\🦍 Powerful Music (No Copyright)\🎸 Copyright Free Rock Music - ＂Grunge Instrumental＂ by Wayne John Bradley 🇦🇺 [wjhxTWdqZVQ].webm,1,1,201.837,2026-08-29 11:15:40,2026-08-29 11:15:40
10,RadioTEDU Situation Room,/situation,configured_stream,52489,🎸 Copyright Free Rock Music - ＂Grunge Instrumental＂ by Wayne John Bradley 🇦🇺,,,,,,,,204.684,H:\RadioTEDU Songs\Situation Room\🎸 Copyright Free Rock Music - ＂Grunge Instrumental＂ by Wayne John Bradley 🇦🇺.m4a,1,1,204.134,2026-08-29 11:22:14,2026-08-29 11:22:14
10,RadioTEDU Situation Room,/situation,configured_stream,52490,🏍️ Royalty Free Aggressive Rock Music (For Videos) - ＂Hard Sell Hotel＂ by Shane Ivers 🇬🇧,,,,,,,,203.407,H:\RadioTEDU Songs\Situation Room\🏍️ Royalty Free Aggressive Rock Music (For Videos) - ＂Hard Sell Hotel＂ by Shane Ivers 🇬🇧.m4a,1,1,200.608,2026-08-29 11:25:35,2026-08-29 11:25:35
10,RadioTEDU Situation Room,/situation,configured_stream,52577,"🏎 Copyright Free Chase Music - ""Run"" by Ross Bugden 🇨🇦",BreakingCopyright — Royalty Free Music,,,,,,,122.261,H:\RadioTEDU Songs\Situation Room\Intense Music (No Copyright) 🧨\🏎 Copyright Free Chase Music - ＂Run＂ by Ross Bugden 🇨🇦 [Gsp3w9WD7-g].webm,1,1,124.062,2026-08-29 11:29:41,2026-08-29 11:29:41
10,RadioTEDU Situation Room,/situation,configured_stream,52491,🏎 Copyright Free Chase Music - ＂Run＂ by Ross Bugden 🇨🇦,,,,,,,,122.253,H:\RadioTEDU Songs\Situation Room\🏎 Copyright Free Chase Music - ＂Run＂ by Ross Bugden 🇨🇦.m4a,1,1,123.72,2026-08-29 10:18:34,2026-08-29 10:18:34
10,RadioTEDU Situation Room,/situation,configured_stream,52637,"🐎 Epic & Boss Battle (Royalty Free Music) - ""GODDESS OF FATE"" by Makai Symphony 🇯🇵",BreakingCopyright — Royalty Free Music,,,,,,,181.581,H:\RadioTEDU Songs\Situation Room\⚔️ Copyright Free Battle Music\🐎 Epic & Boss Battle (Royalty Free Music) - ＂GODDESS OF FATE＂ by Makai Symphony 🇯🇵 [GnT54bz5Lsw].webm,1,1,179.711,2026-08-29 09:22:29,2026-08-29 09:22:29
10,RadioTEDU Situation Room,/situation,configured_stream,52492,🐎 Epic & Boss Battle (Royalty Free Music) - ＂GODDESS OF FATE＂ by Makai Symphony 🇯🇵,,,,,,,,181.58,H:\RadioTEDU Songs\Situation Room\🐎 Epic & Boss Battle (Royalty Free Music) - ＂GODDESS OF FATE＂ by Makai Symphony 🇯🇵.m4a,1,1,179.811,2026-08-29 14:43:15,2026-08-29 14:43:15
10,RadioTEDU Situation Room,/situation,configured_stream,52638,"🐎 Epic Background Instrumental (Music For Videos) - ""All The King's Horses"" by Savfk 🇮🇹 🇬🇧",BreakingCopyright — Royalty Free Music,,,,,,,284.081,H:\RadioTEDU Songs\Situation Room\⚔️ Copyright Free Battle Music\🐎 Epic Background Instrumental (Music For Videos) - ＂All The King's Horses＂ by Savfk 🇮🇹 🇬🇧 [yO6EbSZXiSg].webm,1,1,281.202,2026-08-29 12:11:31,2026-08-29 12:11:31
10,RadioTEDU Situation Room,/situation,configured_stream,52493,🐎 Epic Background Instrumental (Music For Videos) - ＂All The King's Horses＂ by Savfk 🇮🇹 🇬🇧,,,,,,,,284.073,H:\RadioTEDU Songs\Situation Room\🐎 Epic Background Instrumental (Music For Videos) - ＂All The King's Horses＂ by Savfk 🇮🇹 🇬🇧.m4a,1,1,281.348,2026-08-29 11:34:25,2026-08-29 11:34:25
10,RadioTEDU Situation Room,/situation,configured_stream,52639,"🐲 Evil & Epic (Royalty Free Music) - ""COLLAPSING KINGDOM"" by Makai Symphony 🇯🇵",BreakingCopyright — Royalty Free Music,,,,,,,121.561,H:\RadioTEDU Songs\Situation Room\⚔️ Copyright Free Battle Music\🐲 Evil & Epic (Royalty Free Music) - ＂COLLAPSING KINGDOM＂ by Makai Symphony 🇯🇵 [Imm4k4nloNU].webm,1,1,119.187,2026-08-29 05:52:50,2026-08-29 05:52:50
10,RadioTEDU Situation Room,/situation,configured_stream,52494,🐲 Evil & Epic (Royalty Free Music) - ＂COLLAPSING KINGDOM＂ by Makai Symphony 🇯🇵,,,,,,,,121.533,H:\RadioTEDU Songs\Situation Room\🐲 Evil & Epic (Royalty Free Music) - ＂COLLAPSING KINGDOM＂ by Makai Symphony 🇯🇵.m4a,1,1,119.042,2026-08-29 10:20:34,2026-08-29 10:20:34
10,RadioTEDU Situation Room,/situation,configured_stream,52640,"🐲 Free orchestral Battle Music (For YouTube) - ""Dragon Slayer"" by @Makai-symphony 🇯🇵",BreakingCopyright — Royalty Free Music,,,,,,,114.681,H:\RadioTEDU Songs\Situation Room\⚔️ Copyright Free Battle Music\🐲 Free orchestral Battle Music (For YouTube) - ＂Dragon Slayer＂ by @Makai-symphony 🇯🇵 [Nl5E5vZJ2Bw].webm,1,1,111.954,2026-08-29 11:12:18,2026-08-29 11:12:18
10,RadioTEDU Situation Room,/situation,configured_stream,52495,🐲 Free orchestral Battle Music (For YouTube) - ＂Dragon Slayer＂ by @Makai-symphony 🇯🇵,,,,,,,,114.683,H:\RadioTEDU Songs\Situation Room\🐲 Free orchestral Battle Music (For YouTube) - ＂Dragon Slayer＂ by @Makai-symphony 🇯🇵.m4a,1,1,113.547,2026-08-29 14:30:27,2026-08-29 14:30:27
10,RadioTEDU Situation Room,/situation,configured_stream,52641,"👨‍🚀 Dramatic Epic & Orchestral (Music For Videos) - ""Odyssey"" by Savfk 🇮🇹 🇬🇧",BreakingCopyright — Royalty Free Music,,,,,,,324.461,H:\RadioTEDU Songs\Situation Room\⚔️ Copyright Free Battle Music\👨‍🚀 Dramatic Epic & Orchestral (Music For Videos) - ＂Odyssey＂ by Savfk 🇮🇹 🇬🇧 [XuVK1TSTt6c].webm,1,1,321.617,2026-08-29 05:19:16,2026-08-29 05:19:16
10,RadioTEDU Situation Room,/situation,configured_stream,52642,"👹 Trailer & Epic (Royalty Free Music) - ""DANCE WITH THE DEVIL"" by Kaiji 🇸🇬",BreakingCopyright — Royalty Free Music,,,,,,,63.341,H:\RadioTEDU Songs\Situation Room\⚔️ Copyright Free Battle Music\👹 Trailer & Epic (Royalty Free Music) - ＂DANCE WITH THE DEVIL＂ by Kaiji 🇸🇬 [b8uKdqwgfsk].webm,1,1,60.503,2026-08-29 10:02:08,2026-08-29 10:02:08
10,RadioTEDU Situation Room,/situation,configured_stream,52497,👹 Trailer & Epic (Royalty Free Music) - ＂DANCE WITH THE DEVIL＂ by Kaiji 🇸🇬,,,,,,,,63.321,H:\RadioTEDU Songs\Situation Room\👹 Trailer & Epic (Royalty Free Music) - ＂DANCE WITH THE DEVIL＂ by Kaiji 🇸🇬.m4a,1,1,60.499,2026-08-29 08:29:04,2026-08-29 08:29:04
10,RadioTEDU Situation Room,/situation,configured_stream,52643,"💔 Epic Dramatic (Free Music) - ""TRAGEDY"" by Alex Productions 🇮🇹",BreakingCopyright — Royalty Free Music,,,,,,,193.901,H:\RadioTEDU Songs\Situation Room\⚔️ Copyright Free Battle Music\💔 Epic Dramatic (Free Music) - ＂TRAGEDY＂ by Alex Productions 🇮🇹 [ECDoxNz8U1s].webm,1,1,197.769,2026-08-29 12:38:01,2026-08-29 12:38:01
10,RadioTEDU Situation Room,/situation,configured_stream,52498,💔 Epic Dramatic (Free Music) - ＂TRAGEDY＂ by Alex Productions 🇮🇹,,,,,,,,193.887,H:\RadioTEDU Songs\Situation Room\💔 Epic Dramatic (Free Music) - ＂TRAGEDY＂ by Alex Productions 🇮🇹.m4a,1,1,190.995,2026-08-29 14:24:29,2026-08-29 14:24:29
10,RadioTEDU Situation Room,/situation,configured_stream,52578,"💣 Copyright Free Military Music - ""Legionnaire"" by @ScottBuckley",BreakingCopyright — Royalty Free Music,,,,,,,184.461,H:\RadioTEDU Songs\Situation Room\Intense Music (No Copyright) 🧨\💣 Copyright Free Military Music - ＂Legionnaire＂ by @ScottBuckley [FrvZFjXXORk].webm,1,1,181.882,2026-08-29 04:16:26,2026-08-29 04:16:26
10,RadioTEDU Situation Room,/situation,configured_stream,52499,💣 Copyright Free Military Music - ＂Legionnaire＂ by @ScottBuckley,,,,,,,,184.436,H:\RadioTEDU Songs\Situation Room\💣 Copyright Free Military Music - ＂Legionnaire＂ by @ScottBuckley.m4a,1,1,182.372,2026-08-29 07:57:27,2026-08-29 07:57:27
10,RadioTEDU Situation Room,/situation,configured_stream,52667,"💪 Orchestral Trailer Piano Music (No Copyright) ""The Epic Hero"" by @KeysofMoonMusic  🇺🇸",BreakingCopyright — Royalty Free Music,,,,,,,149.061,H:\RadioTEDU Songs\Situation Room\🦍 Powerful Music (No Copyright)\💪 Orchestral Trailer Piano Music (No Copyright) ＂The Epic Hero＂ by @KeysofMoonMusic  🇺🇸 [ETbsXdqgcTM].webm,1,1,148.656,2026-08-29 14:37:31,2026-08-29 14:37:31
10,RadioTEDU Situation Room,/situation,configured_stream,52500,💪 Orchestral Trailer Piano Music (No Copyright) ＂The Epic Hero＂ by @KeysofMoonMusic  🇺🇸,,,,,,,,149.049,H:\RadioTEDU Songs\Situation Room\💪 Orchestral Trailer Piano Music (No Copyright) ＂The Epic Hero＂ by @KeysofMoonMusic  🇺🇸.m4a,1,1,147.705,2026-08-29 14:21:18,2026-08-29 14:21:18
10,RadioTEDU Situation Room,/situation,configured_stream,52668,"📜 Copyright Free Classical Music - ""Ephemera"" by Scott Buckley 🇦🇺",BreakingCopyright — Royalty Free Music,,,,,,,338.721,H:\RadioTEDU Songs\Situation Room\🦍 Powerful Music (No Copyright)\📜 Copyright Free Classical Music - ＂Ephemera＂ by Scott Buckley 🇦🇺 [uz2S8a2r5j8].webm,1,1,337.723,2026-08-29 11:40:02,2026-08-29 11:40:02
10,RadioTEDU Situation Room,/situation,configured_stream,52501,📜 Copyright Free Classical Music - ＂Ephemera＂ by Scott Buckley 🇦🇺,,,,,,,,338.709,H:\RadioTEDU Songs\Situation Room\📜 Copyright Free Classical Music - ＂Ephemera＂ by Scott Buckley 🇦🇺.m4a,1,1,341.276,2026-08-29 11:48:47,2026-08-29 11:48:47
10,RadioTEDU Situation Room,/situation,configured_stream,52502,🔥 Epic & Cinematic (Royalty Free Music) - ＂RISE OF LEGENDS＂ by Alex Productions 🇮🇹,,,,,,,,125.666,H:\RadioTEDU Songs\Situation Room\🔥 Epic & Cinematic (Royalty Free Music) - ＂RISE OF LEGENDS＂ by Alex Productions 🇮🇹.m4a,1,1,122.882,2026-08-29 11:27:37,2026-08-29 11:27:37
10,RadioTEDU Situation Room,/situation,configured_stream,52503,🔥 Epic Battle Music (No Copyright) ＂Dragon Castle＂ by @Makai-symphony  🇯🇵,,,,,,,,162.586,H:\RadioTEDU Songs\Situation Room\🔥 Epic Battle Music (No Copyright) ＂Dragon Castle＂ by @Makai-symphony  🇯🇵.m4a,1,1,162.965,2026-08-29 05:35:17,2026-08-29 05:35:17
10,RadioTEDU Situation Room,/situation,configured_stream,52644,"🕕 6 Minutes of EPIC (Free Music) - ""Goliath"" by @ScottBuckley 🇦🇺",BreakingCopyright — Royalty Free Music,,,,,,,381.961,H:\RadioTEDU Songs\Situation Room\⚔️ Copyright Free Battle Music\🕕 6 Minutes of EPIC (Free Music) - ＂Goliath＂ by @ScottBuckley 🇦🇺 [zOrXW8kA-EY].webm,1,1,379.531,2026-08-29 12:52:15,2026-08-29 12:52:15
10,RadioTEDU Situation Room,/situation,configured_stream,52504,🕕 6 Minutes of EPIC (Free Music) - ＂Goliath＂ by @ScottBuckley 🇦🇺,,,,,,,,381.945,H:\RadioTEDU Songs\Situation Room\🕕 6 Minutes of EPIC (Free Music) - ＂Goliath＂ by @ScottBuckley 🇦🇺.m4a,1,1,379.762,2026-08-29 04:32:21,2026-08-29 04:32:21
10,RadioTEDU Situation Room,/situation,configured_stream,52562,"🗡️ Chase & Action (Free Music) - ""Chasing The Killer"" by Hayden Folker 🇺🇸",BreakingCopyright — Royalty Free Music,,,,,,,102.521,H:\RadioTEDU Songs\Situation Room\Copyright Free Military Music 🎖️\🗡️ Chase & Action (Free Music) - ＂Chasing The Killer＂ by Hayden Folker 🇺🇸 [q_95rnSu-nE].webm,1,1,99.695,2026-08-29 08:19:15,2026-08-29 08:19:15
10,RadioTEDU Situation Room,/situation,configured_stream,52506,🗡️ Free EPIC & FANTASY [No Copyright Music] - ＂For Tomorrow＂ by @SavfkMusic,,,,,,,,218.848,H:\RadioTEDU Songs\Situation Room\🗡️ Free EPIC & FANTASY [No Copyright Music] - ＂For Tomorrow＂ by @SavfkMusic.m4a,1,1,217.92,2026-08-29 08:17:35,2026-08-29 08:17:35
10,RadioTEDU Situation Room,/situation,configured_stream,52507,🗡️ Free Medieval Music - ＂Battle Of The Creek＂ by Alexander Nakarada 🇳🇴,,,,,,,,166.835,H:\RadioTEDU Songs\Situation Room\🗡️ Free Medieval Music - ＂Battle Of The Creek＂ by Alexander Nakarada 🇳🇴.m4a,1,1,166.936,2026-08-29 11:09:00,2026-08-29 11:09:00
10,RadioTEDU Situation Room,/situation,configured_stream,52508,🗼 Copyright Free Inspirational Music - 'The Travelling Symphony' by @SavfkMusic  🇮🇹,,,,,,,,300.768,H:\RadioTEDU Songs\Situation Room\🗼 Copyright Free Inspirational Music - 'The Travelling Symphony' by @SavfkMusic  🇮🇹.m4a,1,1,299.236,2026-08-29 05:32:35,2026-08-29 05:32:35
10,RadioTEDU Situation Room,/situation,configured_stream,52669,🗼 Copyright Free Inspirational Music - 'The Travelling Symphony' by @SavfkMusic  🇮🇹,BreakingCopyright — Royalty Free Music,,,,,,,300.801,H:\RadioTEDU Songs\Situation Room\🦍 Powerful Music (No Copyright)\🗼 Copyright Free Inspirational Music - 'The Travelling Symphony' by @SavfkMusic  🇮🇹 [yIF56YN5M_Q].webm,1,1,298.852,2026-08-29 06:56:44,2026-08-29 06:56:44
10,RadioTEDU Situation Room,/situation,configured_stream,52563,"🙁 Sad & Orchestral (Free Music) - ""FOR THE KING"" by @SolasComposer 🇦🇺",BreakingCopyright — Royalty Free Music,,,,,,,203.781,H:\RadioTEDU Songs\Situation Room\Copyright Free Military Music 🎖️\🙁 Sad & Orchestral (Free Music) - ＂FOR THE KING＂ by @SolasComposer 🇦🇺 [vc7IEGLq2HM].webm,1,1,201.525,2026-08-29 04:53:47,2026-08-29 04:53:47
10,RadioTEDU Situation Room,/situation,configured_stream,52509,🙁 Sad & Orchestral (Free Music) - ＂FOR THE KING＂ by @SolasComposer 🇦🇺,,,,,,,,203.778,H:\RadioTEDU Songs\Situation Room\🙁 Sad & Orchestral (Free Music) - ＂FOR THE KING＂ by @SolasComposer 🇦🇺.m4a,1,1,227.374,2026-08-29 06:44:49,2026-08-29 06:44:49
10,RadioTEDU Situation Room,/situation,configured_stream,52564,"🚁 Progressive trailer (Music For Videos) - ""Infinitum"" by Broken Elegance 🇫🇮",BreakingCopyright — Royalty Free Music,,,,,,,216.481,H:\RadioTEDU Songs\Situation Room\Copyright Free Military Music 🎖️\🚁 Progressive trailer (Music For Videos) - ＂Infinitum＂ by Broken Elegance 🇫🇮 [NR-do-T_0vM].webm,1,1,219.363,2026-08-29 13:08:12,2026-08-29 13:08:12
10,RadioTEDU Situation Room,/situation,configured_stream,52581,"🚔 Copyright Free Fast Music - ""Guitar Man"" by Glitch 🇵🇱",BreakingCopyright — Royalty Free Music,,,,,,,307.881,H:\RadioTEDU Songs\Situation Room\Intense Music (No Copyright) 🧨\🚔 Copyright Free Fast Music - ＂Guitar Man＂ by Glitch 🇵🇱 [c_5AHAG_pOk].webm,1,1,309.832,2026-08-29 04:21:36,2026-08-29 04:21:36
10,RadioTEDU Situation Room,/situation,configured_stream,52511,🚔 Copyright Free Fast Music - ＂Guitar Man＂ by Glitch 🇵🇱,,,,,,,,307.873,H:\RadioTEDU Songs\Situation Room\🚔 Copyright Free Fast Music - ＂Guitar Man＂ by Glitch 🇵🇱.m4a,1,1,305.414,2026-08-29 07:18:32,2026-08-29 07:18:32
10,RadioTEDU Situation Room,/situation,configured_stream,52670,"🛩️ Cinematic & Inspiring Music (No Copyright) - ""Flowing Energy"" by @KeysofMoonMusic",BreakingCopyright — Royalty Free Music,,,,,,,200.421,H:\RadioTEDU Songs\Situation Room\🦍 Powerful Music (No Copyright)\🛩️ Cinematic & Inspiring Music (No Copyright) - ＂Flowing Energy＂ by @KeysofMoonMusic [pBT01U9zgfQ].webm,1,1,197.772,2026-08-29 14:14:27,2026-08-29 14:14:27
10,RadioTEDU Situation Room,/situation,configured_stream,52512,🛩️ Cinematic & Inspiring Music (No Copyright) - ＂Flowing Energy＂ by @KeysofMoonMusic,,,,,,,,200.411,H:\RadioTEDU Songs\Situation Room\🛩️ Cinematic & Inspiring Music (No Copyright) - ＂Flowing Energy＂ by @KeysofMoonMusic.m4a,1,1,197.658,2026-08-29 12:25:03,2026-08-29 12:25:03
10,RadioTEDU Situation Room,/situation,configured_stream,52646,"🤜 Epic & War (Royalty Free Music) - ""STROKES OF WAR"" by Teen Asty 🇵🇹",BreakingCopyright — Royalty Free Music,,,,,,,153.061,H:\RadioTEDU Songs\Situation Room\⚔️ Copyright Free Battle Music\🤜 Epic & War (Royalty Free Music) - ＂STROKES OF WAR＂ by Teen Asty 🇵🇹 [a_JY56VMYgU].webm,1,1,153.019,2026-08-29 06:49:10,2026-08-29 06:49:10
10,RadioTEDU Situation Room,/situation,configured_stream,52565,"🦂 Middle Eastern & Action (Free Music) - ""LIBERATION FORCES"" by Ghostrifter Avalon 🇳🇱",BreakingCopyright — Royalty Free Music,,,,,,,195.241,H:\RadioTEDU Songs\Situation Room\Copyright Free Military Music 🎖️\🦂 Middle Eastern & Action (Free Music) - ＂LIBERATION FORCES＂ by Ghostrifter Avalon 🇳🇱 [8GDu45tG8ww].webm,1,1,192.652,2026-08-29 06:03:07,2026-08-29 06:03:07
10,RadioTEDU Situation Room,/situation,configured_stream,52566,"🦠 Apocalypse & Action (Free Music) - ""Escalation"" by Ghostrifter Avalon 🇳🇱",BreakingCopyright — Royalty Free Music,,,,,,,134.281,H:\RadioTEDU Songs\Situation Room\Copyright Free Military Music 🎖️\🦠 Apocalypse & Action (Free Music) - ＂Escalation＂ by Ghostrifter Avalon 🇳🇱 [ggbnLqLYL58].webm,1,1,133.171,2026-08-29 05:50:50,2026-08-29 05:50:50
10,RadioTEDU Situation Room,/situation,configured_stream,52515,🦠 Apocalypse & Action (Free Music) - ＂Escalation＂ by Ghostrifter Avalon 🇳🇱,,,,,,,,134.281,H:\RadioTEDU Songs\Situation Room\🦠 Apocalypse & Action (Free Music) - ＂Escalation＂ by Ghostrifter Avalon 🇳🇱.m4a,1,1,131.789,2026-08-29 14:50:41,2026-08-29 14:50:41
10,RadioTEDU Situation Room,/situation,configured_stream,52582,"🦸 Heroic Music (No Copyright) - ""Dark Ages"" by MaxKoMusic 🇺🇸",BreakingCopyright — Royalty Free Music,,,,,,,139.541,H:\RadioTEDU Songs\Situation Room\Intense Music (No Copyright) 🧨\🦸 Heroic Music (No Copyright) - ＂Dark Ages＂ by MaxKoMusic 🇺🇸 [nXnO7SWi6uo].webm,1,1,136.942,2026-08-29 05:27:35,2026-08-29 05:27:35
10,RadioTEDU Situation Room,/situation,configured_stream,52516,🦸 Heroic Music (No Copyright) - ＂Dark Ages＂ by MaxKoMusic 🇺🇸,,,,,,,,139.505,H:\RadioTEDU Songs\Situation Room\🦸 Heroic Music (No Copyright) - ＂Dark Ages＂ by MaxKoMusic 🇺🇸.m4a,1,1,145.079,2026-08-29 06:28:13,2026-08-29 06:28:13
10,RadioTEDU Situation Room,/situation,configured_stream,52517,🦸 Superhero (Free Music) - ＂LEGACY＂ by Scott Buckley 🇦🇺 🇸🇪,,,,,,,,389.654,H:\RadioTEDU Songs\Situation Room\🦸 Superhero (Free Music) - ＂LEGACY＂ by Scott Buckley 🇦🇺 🇸🇪.m4a,1,1,386.956,2026-08-29 05:44:37,2026-08-29 05:44:37
10,RadioTEDU Situation Room,/situation,configured_stream,52647,"🪖Battle & Rock (Royalty Free Music) - ""COMBAT ONE"" by Alexander Nakarada 🇳🇴",BreakingCopyright — Royalty Free Music,,,,,,,129.721,H:\RadioTEDU Songs\Situation Room\⚔️ Copyright Free Battle Music\🪖Battle & Rock (Royalty Free Music) - ＂COMBAT ONE＂ by Alexander Nakarada 🇳🇴 [EY2b_Hk0A2Q].webm,1,1,128.045,2026-08-29 13:27:32,2026-08-29 13:27:32
10,RadioTEDU Situation Room,/situation,configured_stream,52518,🪖Battle & Rock (Royalty Free Music) - ＂COMBAT ONE＂ by Alexander Nakarada 🇳🇴,,,,,,,,129.707,H:\RadioTEDU Songs\Situation Room\🪖Battle & Rock (Royalty Free Music) - ＂COMBAT ONE＂ by Alexander Nakarada 🇳🇴.m4a,1,1,129.57,2026-08-29 05:46:47,2026-08-29 05:46:47
