station_id,station_name,mount,mount_status,track_id,work_title,performer,version,composer,lyricist,phonogram_producer,label,isrc,scheduled_duration_seconds,source_path,completed_play_count,event_count,total_played_seconds,first_broadcast_at,last_broadcast_at
1,RadioTEDU Classical,/classic,configured_stream,48801,"""Weinen, Klagen, Sorgen, Zagen"" Prelude after Bach",Franz Liszt,,,,,,,311.812,"H:\RadioTEDU Songs\Classical\Liszt; Volodos\Volodos plays Liszt\07 _Weinen, Klagen, Sorgen, Zagen_ Prelude after Bach.flac",1,1,309.095,2026-08-25 11:46:42,2026-08-25 11:46:42
1,RadioTEDU Classical,/classic,configured_stream,48379,"02 Messe g-Moll, BWV 235_ 2. Gloria in excelsis Deo",Johann Sebastian Bach,,,,,,,192.04,"H:\RadioTEDU Songs\Classical\Johann Sebastian Bach; Helmuth Rilling, Gächinger Kantorei Stuttgart, Bach-Collegium Stuttgart, Stuttgarter Kammerorchester\Messe g-Moll BWV 235 _ Messe G-Dur BWV 236\02 Messe g-Moll, BWV 235_ 2. Gloria in excelsis Deo.flac",1,1,191.984,2026-08-25 11:49:53,2026-08-25 11:49:53
1,RadioTEDU Classical,/classic,configured_stream,48915,"04 “Fra tutte le pene”, WoO 99_11a",Ludwig van Beethoven,,,,,,,79.0,"H:\RadioTEDU Songs\Classical\Ludwig van Beethoven\BTHVN 2020_ The New Complete Edition\85-04 “Fra tutte le pene”, WoO 99_11a [Hess 208].flac",1,1,76.175,2026-08-25 09:37:22,2026-08-25 09:37:22
1,RadioTEDU Classical,/classic,configured_stream,48916,"05 “Salvo tu vuoi lo sposo_”, WoO 99_12b",Ludwig van Beethoven,,,,,,,35.0,"H:\RadioTEDU Songs\Classical\Ludwig van Beethoven\BTHVN 2020_ The New Complete Edition\85-05 “Salvo tu vuoi lo sposo_”, WoO 99_12b [Hess 228].flac",1,1,33.278,2026-08-25 09:54:33,2026-08-25 09:54:33
1,RadioTEDU Classical,/classic,configured_stream,48919,"08 “Per te d'amico aprile”, WoO 99_9",Ludwig van Beethoven,,,,,,,47.0,"H:\RadioTEDU Songs\Classical\Ludwig van Beethoven\BTHVN 2020_ The New Complete Edition\85-08 “Per te d'amico aprile”, WoO 99_9 [Hess 216].flac",1,1,47.259,2026-08-25 09:53:47,2026-08-25 09:53:47
1,RadioTEDU Classical,/classic,configured_stream,48455,10 38. BWV 637 Durch Adams Fall ist ganz verderbt,Johann Sebastian Bach,,,,,,,135.693,H:\RadioTEDU Songs\Classical\Johann Sebastian Bach; Lionel Rogg\L'Œuvre d'orgue\05-10 38. BWV 637 Durch Adams Fall ist ganz verderbt.flac,1,1,136.739,2026-08-25 14:48:15,2026-08-25 14:48:15
1,RadioTEDU Classical,/classic,configured_stream,49018,"11 Danses, WoO 17 No.8 Landler",Ludwig van Beethoven,,,,,,,75.293,"H:\RadioTEDU Songs\Classical\Ludwig van Beethoven\Unbekannte Meisterwerke\3-26 11 Danses, WoO 17 No.8 Landler.flac",1,1,72.924,2026-08-25 18:37:42,2026-08-25 18:37:42
1,RadioTEDU Classical,/classic,configured_stream,49019,"11 Danses, WoO 17 No.9 Menuett",Ludwig van Beethoven,,,,,,,143.64,"H:\RadioTEDU Songs\Classical\Ludwig van Beethoven\Unbekannte Meisterwerke\3-27 11 Danses, WoO 17 No.9 Menuett.flac",1,1,145.649,2026-08-25 10:33:25,2026-08-25 10:33:25
1,RadioTEDU Classical,/classic,configured_stream,49120,"11 Daphnis et Chloé, M. 57, Deuxième Partie. Camp des pirates_ 9. Danse suppliante de Chloé (1)",Maurice Ravel,,,,,,,306.16,"H:\RadioTEDU Songs\Classical\Ravel; Sinfonia of London Chorus, Sinfonia of London, John Wilson\Daphnis et Chloé (Complete Ballet)\11 Daphnis et Chloé, M. 57, Deuxième Partie. Camp des pirates_ 9. Danse suppliante de Chloé (1).flac",1,1,306.079,2026-08-25 04:32:17,2026-08-25 04:32:17
1,RadioTEDU Classical,/classic,configured_stream,48922,"11 “Chi mai di questo core”, WoO 99_7",Ludwig van Beethoven,,,,,,,62.0,"H:\RadioTEDU Songs\Classical\Ludwig van Beethoven\BTHVN 2020_ The New Complete Edition\85-11 “Chi mai di questo core”, WoO 99_7 [Hess 214].flac",1,1,61.917,2026-08-25 07:08:08,2026-08-25 07:08:08
1,RadioTEDU Classical,/classic,configured_stream,49188,"12 Pieces for Children Big and Small, op. 85_ 12. Abendlied",Robert Schumann / Benjamin Grosvenor,,,,,,,207.047,"H:\RadioTEDU Songs\Classical\Schumann, Schumann, Brahms; Benjamin Grosvenor\Schumann & Brahms\12 Robert Schumann _ Benjamin Grosvenor - 12 Pieces for Children Big and Small, op. 85_ 12. Abendlied.mp3",1,1,204.24,2026-08-25 16:14:35,2026-08-25 16:14:35
1,RadioTEDU Classical,/classic,configured_stream,49242,"12 Études, Op. 8: No. 11 in B-Flat Minor",Александр Николаевич Скрябин,,,,,,,235.413,"H:\RadioTEDU Songs\Classical\Simon Bürki\Reminiscence\03 Александр Николаевич Скрябин - 12 Études, Op. 8_ No. 11 in B-Flat Minor (1).flac",1,1,232.715,2026-08-25 15:56:37,2026-08-25 15:56:37
1,RadioTEDU Classical,/classic,configured_stream,49243,"12 Études, Op. 8: No. 11 in B-Flat Minor",Александр Николаевич Скрябин,,,,,,,235.413,"H:\RadioTEDU Songs\Classical\Simon Bürki\Reminiscence\03 Александр Николаевич Скрябин - 12 Études, Op. 8_ No. 11 in B-Flat Minor.flac",1,1,233.369,2026-08-25 16:00:30,2026-08-25 16:00:30
1,RadioTEDU Classical,/classic,configured_stream,49239,"13 Preludes, op. 32 no. 10 in B minor",Sergei Rachmaninoff,,,,,,,315.0,"H:\RadioTEDU Songs\Classical\Sergey Rachmaninoff & Alexis Weissenberg\Preludes\21 13 Preludes, op. 32 no. 10 in B minor.flac",1,1,313.175,2026-08-25 06:12:39,2026-08-25 06:12:39
1,RadioTEDU Classical,/classic,configured_stream,49099,"13 Preludes, Op. 32, No. 10 in B Minor: Lento",Сергей Васильевич Рахманинов,,,,,,,447.0,"H:\RadioTEDU Songs\Classical\Rachmaninov; İdil Biret\Preludes, op. 32 _ Liebesleid _ Liebesfreud\10 Сергей Васильевич Рахманинов - 13 Preludes, Op. 32, No. 10 in B Minor_ Lento.flac",1,1,444.409,2026-08-25 01:39:03,2026-08-25 01:39:03
1,RadioTEDU Classical,/classic,configured_stream,49102,"13 Preludes, Op. 32, No. 12 in G-sharp Minor. Allegro",Сергей Васильевич Рахманинов,,,,,,,140.0,"H:\RadioTEDU Songs\Classical\Rachmaninov; İdil Biret\Preludes, op. 32 _ Liebesleid _ Liebesfreud\12 Сергей Васильевич Рахманинов - 13 Preludes, Op. 32, No. 12 in G-sharp Minor. Allegro.flac",1,1,137.198,2026-08-25 04:34:55,2026-08-25 04:34:55
1,RadioTEDU Classical,/classic,configured_stream,49103,"13 Preludes, Op. 32, No. 13 in D-flat Major: Grave-Allegro",Сергей Васильевич Рахманинов,,,,,,,429.0,"H:\RadioTEDU Songs\Classical\Rachmaninov; İdil Biret\Preludes, op. 32 _ Liebesleid _ Liebesfreud\13 Сергей Васильевич Рахманинов - 13 Preludes, Op. 32, No. 13 in D-flat Major_ Grave-Allegro.flac",1,1,429.062,2026-08-25 23:35:47,2026-08-25 23:35:47
1,RadioTEDU Classical,/classic,configured_stream,49091,"13 Preludes, Op. 32, No. 2 in B-flat Minor: Allegretto",Сергей Васильевич Рахманинов,,,,,,,250.0,"H:\RadioTEDU Songs\Classical\Rachmaninov; İdil Biret\Preludes, op. 32 _ Liebesleid _ Liebesfreud\02 Сергей Васильевич Рахманинов - 13 Preludes, Op. 32, No. 2 in B-flat Minor_ Allegretto.flac",1,1,250.081,2026-08-25 01:53:29,2026-08-25 01:53:29
1,RadioTEDU Classical,/classic,configured_stream,49094,"13 Preludes, Op. 32, No. 5 in G Major: Moderato",Сергей Васильевич Рахманинов,,,,,,,203.0,"H:\RadioTEDU Songs\Classical\Rachmaninov; İdil Biret\Preludes, op. 32 _ Liebesleid _ Liebesfreud\05 Сергей Васильевич Рахманинов - 13 Preludes, Op. 32, No. 5 in G Major_ Moderato.flac",1,1,204.56,2026-08-25 20:28:45,2026-08-25 20:28:45
1,RadioTEDU Classical,/classic,configured_stream,49097,"13 Preludes, Op. 32, No. 8 in A Minor: Vivo",Сергей Васильевич Рахманинов,,,,,,,106.0,"H:\RadioTEDU Songs\Classical\Rachmaninov; İdil Biret\Preludes, op. 32 _ Liebesleid _ Liebesfreud\08 Сергей Васильевич Рахманинов - 13 Preludes, Op. 32, No. 8 in A Minor_ Vivo.flac",1,1,104.148,2026-08-25 05:19:09,2026-08-25 05:19:09
1,RadioTEDU Classical,/classic,configured_stream,48924,"13 “Nei campi e nelle selve”, WoO 99_10a [Hess 217] (1st version)",Ludwig van Beethoven,,,,,,,75.0,"H:\RadioTEDU Songs\Classical\Ludwig van Beethoven\BTHVN 2020_ The New Complete Edition\85-13 “Nei campi e nelle selve”, WoO 99_10a [Hess 217] (1st version).flac",1,1,74.829,2026-08-25 21:46:54,2026-08-25 21:46:54
1,RadioTEDU Classical,/classic,configured_stream,48925,"14 “Nei campi e nelle selve”, WoO 99_10b [Hess 220] (2nd version)",Ludwig van Beethoven,,,,,,,107.0,"H:\RadioTEDU Songs\Classical\Ludwig van Beethoven\BTHVN 2020_ The New Complete Edition\85-14 “Nei campi e nelle selve”, WoO 99_10b [Hess 220] (2nd version).flac",1,1,105.984,2026-08-25 21:23:23,2026-08-25 21:23:23
1,RadioTEDU Classical,/classic,configured_stream,48458,15 43. BWV 642 Wer nut den lieben Gott lasst walten,Johann Sebastian Bach,,,,,,,137.76,H:\RadioTEDU Songs\Classical\Johann Sebastian Bach; Lionel Rogg\L'Œuvre d'orgue\05-15 43. BWV 642 Wer nut den lieben Gott lasst walten.flac,1,1,141.85,2026-08-25 13:08:55,2026-08-25 13:08:55
1,RadioTEDU Classical,/classic,configured_stream,47596,15 Concerto in C for 2 Oboes & 2 Clarinets_ 3. Allegro Molto (1),Antonio Vivaldi,,,,,,,184.411,"H:\RadioTEDU Songs\Classical\Antonio Vivaldi; Scottish Chamber Orchestra, Jaime Laredo\Great Vivaldi Wind Concertos\15 Concerto in C for 2 Oboes & 2 Clarinets_ 3. Allegro Molto (1).mp3",1,1,182.92,2026-08-25 22:24:10,2026-08-25 22:24:10
1,RadioTEDU Classical,/classic,configured_stream,48800,"19 Études, Book 2_ No. 13. L'escalier du diable",György Ligeti,,,,,,,314.64,"H:\RadioTEDU Songs\Classical\Ligeti; Han Chen\Études _ Capriccios\19 Études, Book 2_ No. 13. L’escalier du diable.flac",1,1,312.208,2026-08-25 19:45:14,2026-08-25 19:45:14
1,RadioTEDU Classical,/classic,configured_stream,48799,"19 Études, Book 2_ No. 13. L'escalier du diable (1)",György Ligeti,,,,,,,314.64,"H:\RadioTEDU Songs\Classical\Ligeti; Han Chen\Études _ Capriccios\19 Études, Book 2_ No. 13. L’escalier du diable (1).flac",1,1,311.795,2026-08-25 06:07:26,2026-08-25 06:07:26
1,RadioTEDU Classical,/classic,configured_stream,48929,"19 “Giura il nocchier”, WoO 99_5b [Hess 230] (1st version)",Ludwig van Beethoven,,,,,,,43.0,"H:\RadioTEDU Songs\Classical\Ludwig van Beethoven\BTHVN 2020_ The New Complete Edition\85-19 “Giura il nocchier”, WoO 99_5b [Hess 230] (1st version).flac",1,1,40.223,2026-08-25 20:58:31,2026-08-25 20:58:31
1,RadioTEDU Classical,/classic,configured_stream,49006,"20 Irish Songs, WoO 153 no. 1 “When eve’s last rays in twilight die”",Ludwig van Beethoven,,,,,,,200.0,"H:\RadioTEDU Songs\Classical\Ludwig van Beethoven\Folksong Settings\3-06 20 Irish Songs, WoO 153 no. 1 “When eve’s last rays in twilight die”.flac",1,1,197.325,2026-08-25 02:01:09,2026-08-25 02:01:09
1,RadioTEDU Classical,/classic,configured_stream,49010,"20 Irish Songs, WoO 153 no. 15 “’Tis but in vain, for nothing thrives”",Ludwig van Beethoven,,,,,,,252.0,"H:\RadioTEDU Songs\Classical\Ludwig van Beethoven\Folksong Settings\3-12 20 Irish Songs, WoO 153 no. 15 “’Tis but in vain, for nothing thrives”.flac",1,1,249.296,2026-08-25 08:24:30,2026-08-25 08:24:30
1,RadioTEDU Classical,/classic,configured_stream,49013,"20 Irish Songs, WoO 153 no. 20 “Thy ship must sail, my Henry dear”",Ludwig van Beethoven,,,,,,,167.0,"H:\RadioTEDU Songs\Classical\Ludwig van Beethoven\Folksong Settings\3-19 20 Irish Songs, WoO 153 no. 20 “Thy ship must sail, my Henry dear”.flac",1,1,167.842,2026-08-25 04:16:46,2026-08-25 04:16:46
1,RadioTEDU Classical,/classic,configured_stream,49008,"20 Irish Songs, WoO 153 no. 5 “I dream’d I lay where flow’rs were springing”",Ludwig van Beethoven,,,,,,,160.0,"H:\RadioTEDU Songs\Classical\Ludwig van Beethoven\Folksong Settings\3-09 20 Irish Songs, WoO 153 no. 5 “I dream’d I lay where flow’rs were springing”.flac",1,1,157.085,2026-08-25 03:00:35,2026-08-25 03:00:35
1,RadioTEDU Classical,/classic,configured_stream,49003,"25 Irish Songs, WoO 152 no. 17 “In vain to this desert my fate I deplore”",Ludwig van Beethoven,,,,,,,211.0,"H:\RadioTEDU Songs\Classical\Ludwig van Beethoven\Folksong Settings\2-22 25 Irish Songs, WoO 152 no. 17 “In vain to this desert my fate I deplore”.flac",1,1,208.561,2026-08-25 00:46:36,2026-08-25 00:46:36
1,RadioTEDU Classical,/classic,configured_stream,49001,"25 Irish Songs, WoO 152 no. 8 “Come draw we round a cheerful ring”",Ludwig van Beethoven,,,,,,,101.0,"H:\RadioTEDU Songs\Classical\Ludwig van Beethoven\Folksong Settings\2-11 25 Irish Songs, WoO 152 no. 8 “Come draw we round a cheerful ring”.flac",1,1,98.39,2026-08-25 21:04:19,2026-08-25 21:04:19
1,RadioTEDU Classical,/classic,configured_stream,48999,"25 Scottish Songs, op. 108 no. 16 “Could this ill world have been contriv’d”",Ludwig van Beethoven,,,,,,,160.0,"H:\RadioTEDU Songs\Classical\Ludwig van Beethoven\Folksong Settings\1-08 25 Scottish Songs, op. 108 no. 16 “Could this ill world have been contriv’d”.flac",1,1,160.011,2026-08-25 18:36:20,2026-08-25 18:36:20
1,RadioTEDU Classical,/classic,configured_stream,48984,"3 Duos for Clarinet and Bassoon, WoO 27 No. 1 in C major: I. Allegro comodo",Ludwig van Beethoven,,,,,,,197.093,"H:\RadioTEDU Songs\Classical\Ludwig van Beethoven\Complete Works\15-10 Ludwig van Beethoven - 3 Duos for Clarinet and Bassoon, WoO 27 No. 1 in C major_ I. Allegro comodo.flac",1,1,194.649,2026-08-25 03:59:41,2026-08-25 03:59:41
1,RadioTEDU Classical,/classic,configured_stream,48985,"3 Duos for Clarinet and Bassoon, WoO 27 No. 1 in C major: II. Larghetto sostenuto",Ludwig van Beethoven,,,,,,,141.88,"H:\RadioTEDU Songs\Classical\Ludwig van Beethoven\Complete Works\15-11 Ludwig van Beethoven - 3 Duos for Clarinet and Bassoon, WoO 27 No. 1 in C major_ II. Larghetto sostenuto.flac",1,1,141.764,2026-08-25 03:51:46,2026-08-25 03:51:46
1,RadioTEDU Classical,/classic,configured_stream,48990,"3 Duos for Clarinet and Bassoon, WoO 27 No. 3 in B-flat major: I. Allegro sostenuto",Ludwig van Beethoven,,,,,,,246.053,"H:\RadioTEDU Songs\Classical\Ludwig van Beethoven\Complete Works\15-16 Ludwig van Beethoven - 3 Duos for Clarinet and Bassoon, WoO 27 No. 3 in B-flat major_ I. Allegro sostenuto.flac",1,1,246.924,2026-08-25 01:57:50,2026-08-25 01:57:50
1,RadioTEDU Classical,/classic,configured_stream,48934,"32 “Kurz ist der Schmerz”, WoO 163 (3-part canon) (1st setting)",Ludwig van Beethoven,,,,,,,83.0,"H:\RadioTEDU Songs\Classical\Ludwig van Beethoven\BTHVN 2020_ The New Complete Edition\85-32 “Kurz ist der Schmerz”, WoO 163 (3-part canon) (1st setting).flac",1,1,81.399,2026-08-25 10:27:38,2026-08-25 10:27:38
1,RadioTEDU Classical,/classic,configured_stream,48935,"33 “Freundschaft ist die Quelle wahrer Glückselighkeit”, WoO 164 (3-part canon)",Ludwig van Beethoven,,,,,,,55.0,"H:\RadioTEDU Songs\Classical\Ludwig van Beethoven\BTHVN 2020_ The New Complete Edition\85-33 “Freundschaft ist die Quelle wahrer Glückselighkeit”, WoO 164 (3-part canon).flac",1,1,58.096,2026-08-25 19:13:57,2026-08-25 19:13:57
1,RadioTEDU Classical,/classic,configured_stream,48940,"38 Das Reden, WoO 168b (3-part canon)",Ludwig van Beethoven,,,,,,,74.0,"H:\RadioTEDU Songs\Classical\Ludwig van Beethoven\BTHVN 2020_ The New Complete Edition\85-38 Das Reden, WoO 168b (3-part canon).flac",1,1,73.036,2026-08-25 17:53:15,2026-08-25 17:53:15
1,RadioTEDU Classical,/classic,configured_stream,48941,"39 “Ich küsse Sie”, WoO 169 (2-part puzzle canon)",Ludwig van Beethoven,,,,,,,15.0,"H:\RadioTEDU Songs\Classical\Ludwig van Beethoven\BTHVN 2020_ The New Complete Edition\85-39 “Ich küsse Sie”, WoO 169 (2-part puzzle canon).flac",1,1,13.088,2026-08-25 13:19:17,2026-08-25 13:19:17
1,RadioTEDU Classical,/classic,configured_stream,48946,"44 “Sankt Petrus war ein Fels”, WoO 175 (2-part canon)",Ludwig van Beethoven,,,,,,,43.0,"H:\RadioTEDU Songs\Classical\Ludwig van Beethoven\BTHVN 2020_ The New Complete Edition\85-44 “Sankt Petrus war ein Fels”, WoO 175 (2-part canon).flac",1,1,40.776,2026-08-25 12:17:29,2026-08-25 12:17:29
1,RadioTEDU Classical,/classic,configured_stream,48947,"45 “Glück zum neuen Jahr”, WoO 176 (3-part canon)",Ludwig van Beethoven,,,,,,,51.0,"H:\RadioTEDU Songs\Classical\Ludwig van Beethoven\BTHVN 2020_ The New Complete Edition\85-45 “Glück zum neuen Jahr”, WoO 176 (3-part canon).flac",1,1,48.548,2026-08-25 19:24:36,2026-08-25 19:24:36
1,RadioTEDU Classical,/classic,configured_stream,48951,"49 Auf einen, welcher Hoffmann geheißen (“Hoffman, sei ja kein Hoffmann”), WoO 180 (2-part canon)",Ludwig van Beethoven,,,,,,,40.0,"H:\RadioTEDU Songs\Classical\Ludwig van Beethoven\BTHVN 2020_ The New Complete Edition\85-49 Auf einen, welcher Hoffmann geheißen (“Hoffman, sei ja kein Hoffmann”), WoO 180 (2-part canon).flac",1,1,37.25,2026-08-25 08:57:30,2026-08-25 08:57:30
1,RadioTEDU Classical,/classic,configured_stream,48952,"50 “O Tobias!”, WoO 182 (3-part canon)",Ludwig van Beethoven,,,,,,,36.0,"H:\RadioTEDU Songs\Classical\Ludwig van Beethoven\BTHVN 2020_ The New Complete Edition\85-50 “O Tobias!”, WoO 182 (3-part canon).flac",1,1,36.984,2026-08-25 11:50:40,2026-08-25 11:50:40
1,RadioTEDU Classical,/classic,configured_stream,48954,"52 “Falstafferel, lass dich sehen”, WoO 184 (5-part canon)",Ludwig van Beethoven,,,,,,,62.0,"H:\RadioTEDU Songs\Classical\Ludwig van Beethoven\BTHVN 2020_ The New Complete Edition\85-52 “Falstafferel, lass dich sehen”, WoO 184 (5-part canon).flac",1,1,59.25,2026-08-25 18:59:32,2026-08-25 18:59:32
1,RadioTEDU Classical,/classic,configured_stream,48955,"53 “Edel sei der Mensch”, WoO 185 (6-part canon)",Ludwig van Beethoven,,,,,,,156.0,"H:\RadioTEDU Songs\Classical\Ludwig van Beethoven\BTHVN 2020_ The New Complete Edition\85-53 “Edel sei der Mensch”, WoO 185 (6-part canon).flac",1,1,153.998,2026-08-25 12:42:54,2026-08-25 12:42:54
1,RadioTEDU Classical,/classic,configured_stream,48958,"56 “Gott ist eine feste Burg”, WoO 188 (2-part canon)",Ludwig van Beethoven,,,,,,,18.0,"H:\RadioTEDU Songs\Classical\Ludwig van Beethoven\BTHVN 2020_ The New Complete Edition\85-56 “Gott ist eine feste Burg”, WoO 188 (2-part canon).flac",1,1,18.789,2026-08-25 06:39:58,2026-08-25 06:39:58
1,RadioTEDU Classical,/classic,configured_stream,48959,"57 “Doktor sperrt das Tor dem Tod”, WoO 189 (4-part canon)",Ludwig van Beethoven,,,,,,,63.0,"H:\RadioTEDU Songs\Classical\Ludwig van Beethoven\BTHVN 2020_ The New Complete Edition\85-57 “Doktor sperrt das Tor dem Tod”, WoO 189 (4-part canon).flac",1,1,62.906,2026-08-25 07:02:17,2026-08-25 07:02:17
1,RadioTEDU Classical,/classic,configured_stream,48966,"64 “Es muss sein!”, WoO 196 (4-part canon)",Ludwig van Beethoven,,,,,,,31.0,"H:\RadioTEDU Songs\Classical\Ludwig van Beethoven\BTHVN 2020_ The New Complete Edition\85-64 “Es muss sein!”, WoO 196 (4-part canon).flac",1,1,29.252,2026-08-25 14:18:34,2026-08-25 14:18:34
1,RadioTEDU Classical,/classic,configured_stream,48971,"69 “Herr Graf, ich komme zu fragen”, WoO 221 [Hess 276] (3-part canon)",Ludwig van Beethoven,,,,,,,57.0,"H:\RadioTEDU Songs\Classical\Ludwig van Beethoven\BTHVN 2020_ The New Complete Edition\85-69 “Herr Graf, ich komme zu fragen”, WoO 221 [Hess 276] (3-part canon).flac",1,1,54.353,2026-08-25 11:41:32,2026-08-25 11:41:32
1,RadioTEDU Classical,/classic,configured_stream,49376,90歳の少女,久石譲,,,,,,,61.257,H:\RadioTEDU Songs\Classical\久石譲\ハウルの動く城\14 90歳の少女 (1).mp3,1,1,61.222,2026-08-25 17:31:10,2026-08-25 17:31:10
1,RadioTEDU Classical,/classic,configured_stream,49377,90歳の少女,久石譲,,,,,,,61.257,H:\RadioTEDU Songs\Classical\久石譲\ハウルの動く城\14 90歳の少女.mp3,1,1,61.662,2026-08-25 16:15:36,2026-08-25 16:15:36
1,RadioTEDU Classical,/classic,configured_stream,49174,"Adagio for Strings, op. 11",Samuel Barber,,,,,,,473.482,"H:\RadioTEDU Songs\Classical\Samuel Barber; Royal Scottish National Orchestra, Wendy Warner, Marin Alsop\Cello Concerto _ Medea _ Adagio for Strings\11 Adagio for Strings, op. 11.mp3",1,1,470.609,2026-08-25 09:36:06,2026-08-25 09:36:06
1,RadioTEDU Classical,/classic,configured_stream,49211,Adrift Among Infinite Stars,Scott Buckley,,,,,,,405.653,H:\RadioTEDU Songs\Classical\Scott Buckley\Library Songs 9\06 Adrift Among Infinite Stars.m4a,1,1,408.561,2026-08-25 18:49:38,2026-08-25 18:49:38
1,RadioTEDU Classical,/classic,configured_stream,48429,"Allein Gott in der Höh sei Ehr, BWV 676",Johann Sebastian Bach,,,,,,,287.173,"H:\RadioTEDU Songs\Classical\Johann Sebastian Bach; Kay Johannsen\Orgelwerke_ Clavier Übung, Dritter Theil\1-09 Allein Gott in der Höh sei Ehr, BWV 676.flac",1,1,287.212,2026-08-25 11:16:57,2026-08-25 11:16:57
1,RadioTEDU Classical,/classic,configured_stream,48675,Allein Gott inder Höh' sei Ehr' BWV 260,Johann Sebastian Bach,,,,,,,50.96,"H:\RadioTEDU Songs\Classical\Johann Sebastian Bach\Bach Edition, Volume 23_ Chorale _ Chorales\1-32 Allein Gott inder Höh' sei Ehr' BWV 260.flac",1,1,51.269,2026-08-25 07:54:00,2026-08-25 07:54:00
1,RadioTEDU Classical,/classic,configured_stream,49063,"Angel vopiyashe, op. 22 no. 18",Pavel Chesnokov,,,,,,,216.947,"H:\RadioTEDU Songs\Classical\Pavel Chesnokov; St John's Voices, Cambridge University Chamber Choir, Graham Walker\Sacred Choral Music\03 Angel vopiyashe, op. 22 no. 18 (1).flac",1,1,214.095,2026-08-25 02:57:58,2026-08-25 02:57:58
1,RadioTEDU Classical,/classic,configured_stream,49244,"Annen Polka, op. 117",Johann Strauss II,,,,,,,157.52,"H:\RadioTEDU Songs\Classical\Sir John Barbirolli\The Complete Warner Recordings\25-06 Johann Strauss II - Annen Polka, op. 117.flac",1,1,157.702,2026-08-25 23:06:41,2026-08-25 23:06:41
1,RadioTEDU Classical,/classic,configured_stream,48439,"Aus tiefer Not schrei ich zu dir, BWV 686",Johann Sebastian Bach,,,,,,,374.173,"H:\RadioTEDU Songs\Classical\Johann Sebastian Bach; Kay Johannsen\Orgelwerke_ Clavier Übung, Dritter Theil\2-06 Aus tiefer Not schrei ich zu dir, BWV 686.flac",1,1,371.521,2026-08-25 12:10:04,2026-08-25 12:10:04
1,RadioTEDU Classical,/classic,configured_stream,49310,Ave María - Upright Piano,Sigvaldi Kaldalóns arr. Víkingur Ólafsson,,,,,,,216.219,H:\RadioTEDU Songs\Classical\Víkingur Ólafsson\From Afar\2-12 Sigvaldi Kaldalóns arr. Víkingur Ólafsson - Ave María - Upright Piano.flac,1,1,213.429,2026-08-25 00:21:25,2026-08-25 00:21:25
1,RadioTEDU Classical,/classic,configured_stream,48978,"Bagatelle for Piano, op. 126 no. 1 in G major: Andante con moto cantabile e compiacevole",Ludwig van Beethoven,,,,,,,236.493,"H:\RadioTEDU Songs\Classical\Ludwig van Beethoven\Complete Beethoven Edition, Volume 6_ Piano Works\1-21 Bagatelle for Piano, op. 126 no. 1 in G major_ Andante con moto cantabile e compiacevole.flac",1,1,234.024,2026-08-25 00:43:08,2026-08-25 00:43:08
1,RadioTEDU Classical,/classic,configured_stream,48698,Befiehl du deine Wege BWV 272,Johann Sebastian Bach,,,,,,,63.72,"H:\RadioTEDU Songs\Classical\Johann Sebastian Bach\Bach Edition, Volume 23_ Chorale _ Chorales\3-16 Befiehl du deine Wege BWV 272.flac",1,1,61.117,2026-08-25 19:15:10,2026-08-25 19:15:10
1,RadioTEDU Classical,/classic,configured_stream,48475,"Brandenburgisches Konzert no. 3 G‐Dur, BWV 1048: I. (Allegro)",Johann Sebastian Bach,,,,,,,356.027,"H:\RadioTEDU Songs\Classical\Johann Sebastian Bach; Oregon Bach Festival Chamber Orchestra, Helmuth Rilling\Brandenburgische Konzerte, BWV 1046–1051\1-08 Brandenburgisches Konzert no. 3 G‐Dur, BWV 1048_ I. (Allegro).flac",1,1,361.525,2026-08-25 11:30:47,2026-08-25 11:30:47
1,RadioTEDU Classical,/classic,configured_stream,49207,Bring Me The Sky,Scott Buckley,,,,,,,232.525,H:\RadioTEDU Songs\Classical\Scott Buckley\Library Songs 8\02 Bring Me The Sky.m4a,1,1,231.881,2026-08-25 04:09:30,2026-08-25 04:09:30
1,RadioTEDU Classical,/classic,configured_stream,48745,BWV 995 (after BWV 1011) Sarabande,Johann Sebastian Bach,,,,,,,182.8,H:\RadioTEDU Songs\Classical\Johann Sebastian Bach\Johann Sebastian Bach Arrangements for Lute (lute_ Oliver Holzenburg)\04 BWV 995 (after BWV 1011) Sarabande.flac,1,1,184.118,2026-08-25 10:30:49,2026-08-25 10:30:49
1,RadioTEDU Classical,/classic,configured_stream,47635,"Cantata No. 211 (Coffee Cantata): IX. Recitative: ""Nun geht und sucht die alte Schlendrian""",Johann Sebastian Bach,,,,,,,44.8,"H:\RadioTEDU Songs\Classical\Bach; Gächinger Kantorei Stuttgart, Bach‐Collegium Stuttgart, Helmuth Rilling\Jagd-Kantate _ Kaffee-Kantate\25 Cantata No. 211 (Coffee Cantata)_ IX. Recitative_ _Nun geht und sucht die alte Schlendrian_.flac",1,1,43.218,2026-08-25 23:16:25,2026-08-25 23:16:25
1,RadioTEDU Classical,/classic,configured_stream,47624,"Cantata “Mein Herze schwimmt im Blut”, BWV 199_ No. 2. Aria “Stumme Seufzer, stille Klagen”",Johann Sebastian Bach,,,,,,,455.92,"H:\RadioTEDU Songs\Classical\Bach, Telemann, Buxtehude; Griet De Geyter, Il Gardellino\Stille Klagen\23 Johann Sebastian Bach - Cantata “Mein Herze schwimmt im Blut”, BWV 199_ No. 2. Aria “Stumme Seufzer, stille Klagen”.flac",1,1,453.687,2026-08-25 23:04:03,2026-08-25 23:04:03
1,RadioTEDU Classical,/classic,configured_stream,49179,"Canzonetta for Oboe and Strings, op. posth. 48",Samuel Barber,,,,,,,525.924,"H:\RadioTEDU Songs\Classical\Samuel Barber; Stephane Rancourt, Karen Jones, John Gracie, Royal Scottish National Orchestra, Marin Alsop\Capricorn Concerto _ A Hand of Bridge _ Intermezzo from Vanessa\07 Canzonetta for Oboe and Strings, op. posth. 48.mp3",1,1,529.021,2026-08-25 23:15:31,2026-08-25 23:15:31
1,RadioTEDU Classical,/classic,configured_stream,48829,Carmen Suite no. 2: Habanera,Georges Bizet,,,,,,,132.533,H:\RadioTEDU Songs\Classical\London Philharmonic Orchestra\The 50 Greatest Pieces of Classical Music\24 Georges Bizet - Carmen Suite no. 2_ Habanera.flac,1,1,129.589,2026-08-25 18:51:49,2026-08-25 18:51:49
1,RadioTEDU Classical,/classic,configured_stream,49159,"Cello Concerto, op. 22: II. Andante sostenuto",Samuel Barber,,,,,,,442.116,"H:\RadioTEDU Songs\Classical\Samuel Barber; Royal Scottish National Orchestra, Wendy Warner, Marin Alsop\Cello Concerto _ Medea _ Adagio for Strings\02 Cello Concerto, op. 22_ II. Andante sostenuto.mp3",1,1,439.263,2026-08-25 09:48:05,2026-08-25 09:48:05
1,RadioTEDU Classical,/classic,configured_stream,49183,"Chanson perpétuelle, op. 37",Ernest Chausson,,,,,,,448.0,"H:\RadioTEDU Songs\Classical\Schoenberg, Hindemith, Berg, Chausson; Emerson String Quartet, Barbara Hannigan, Bertrand Chamayou\Infinite Voyage\07 Ernest Chausson - Chanson perpétuelle, op. 37 (1).flac",1,1,454.218,2026-08-25 15:05:09,2026-08-25 15:05:09
1,RadioTEDU Classical,/classic,configured_stream,48680,Christ ist serstanden BWV 276,Johann Sebastian Bach,,,,,,,109.053,"H:\RadioTEDU Songs\Classical\Johann Sebastian Bach\Bach Edition, Volume 23_ Chorale _ Chorales\2-05 Christ ist serstanden BWV 276.flac",1,1,106.489,2026-08-25 01:40:52,2026-08-25 01:40:52
1,RadioTEDU Classical,/classic,configured_stream,48406,"Christ lag in Todes Banden, BWV 718",Johann Sebastian Bach,,,,,,,298.133,"H:\RadioTEDU Songs\Classical\Johann Sebastian Bach; Kay Johannsen\Organ Works_ The Young Bach - A Virtuoso\08 Christ lag in Todes Banden, BWV 718.flac",1,1,295.297,2026-08-25 09:53:00,2026-08-25 09:53:00
1,RadioTEDU Classical,/classic,configured_stream,48423,"Christe, aller Welt Trost, BWV 670",Johann Sebastian Bach,,,,,,,292.4,"H:\RadioTEDU Songs\Classical\Johann Sebastian Bach; Kay Johannsen\Orgelwerke_ Clavier Übung, Dritter Theil\1-03 Christe, aller Welt Trost, BWV 670.flac",1,1,292.388,2026-08-25 05:38:22,2026-08-25 05:38:22
1,RadioTEDU Classical,/classic,configured_stream,48700,"Christe, du Beistand deiner Kreuzgemeinde BWV 275",Johann Sebastian Bach,,,,,,,67.96,"H:\RadioTEDU Songs\Classical\Johann Sebastian Bach\Bach Edition, Volume 23_ Chorale _ Chorales\3-19 Christe, du Beistand deiner Kreuzgemeinde BWV 275.flac",1,1,67.877,2026-08-25 21:07:39,2026-08-25 21:07:39
1,RadioTEDU Classical,/classic,configured_stream,48703,"Christus, der ist mein Leben BWV 282",Johann Sebastian Bach,,,,,,,43.253,"H:\RadioTEDU Songs\Classical\Johann Sebastian Bach\Bach Edition, Volume 23_ Chorale _ Chorales\3-23 Christus, der ist mein Leben BWV 282.flac",1,1,45.952,2026-08-25 03:26:52,2026-08-25 03:26:52
1,RadioTEDU Classical,/classic,configured_stream,48468,"Clavier‐büchlein für Anna Magdalena Bach 1725: Aria di Giovannini “Willst du dein Herz mir schenken”, BWV 518",Johann Sebastian Bach,,,,,,,143.373,"H:\RadioTEDU Songs\Classical\Johann Sebastian Bach; Michael Behringer\Clavier‐Büchlein für Anna Magdalena Bach, 1725\2-27 Clavier‐büchlein für Anna Magdalena Bach 1725_ Aria di Giovannini “Willst du dein Herz mir schenken”, BWV 518.flac",1,1,140.593,2026-08-25 07:00:26,2026-08-25 07:00:26
1,RadioTEDU Classical,/classic,configured_stream,49030,Close to Evil,Mikko Tarmia,,,,,,,112.0,H:\RadioTEDU Songs\Classical\Mikko Tarmia\Penumbra Soundtrack - Special Edition\03 Close to Evil.flac,1,1,112.065,2026-08-25 13:24:50,2026-08-25 13:24:50
1,RadioTEDU Classical,/classic,configured_stream,49254,Communion,Stephan Moccio,,,,,,,255.406,"H:\RadioTEDU Songs\Classical\Stephan Moccio\Legends, Myths and Lavender\06 Communion.flac",1,1,253.371,2026-08-25 19:53:37,2026-08-25 19:53:37
1,RadioTEDU Classical,/classic,configured_stream,48585,"Concerto A‐Dur, BWV 1055: I. Allegro",Johann Sebastian Bach,,,,,,,245.147,"H:\RadioTEDU Songs\Classical\Johann Sebastian Bach; Robert Levin, Bach‐Collegium Stuttgart, Helmuth Rilling\Cembalokonzerte, BWV 1055–1058\01 Concerto A‐Dur, BWV 1055_ I. Allegro.flac",1,1,242.922,2026-08-25 18:58:32,2026-08-25 18:58:32
1,RadioTEDU Classical,/classic,configured_stream,48586,"Concerto A‐Dur, BWV 1055: II. Larghetto",Johann Sebastian Bach,,,,,,,295.36,"H:\RadioTEDU Songs\Classical\Johann Sebastian Bach; Robert Levin, Bach‐Collegium Stuttgart, Helmuth Rilling\Cembalokonzerte, BWV 1055–1058\02 Concerto A‐Dur, BWV 1055_ II. Larghetto.flac",1,1,293.293,2026-08-25 04:27:11,2026-08-25 04:27:11
1,RadioTEDU Classical,/classic,configured_stream,48587,"Concerto A‐Dur, BWV 1055: III. Allegro ma non tanto",Johann Sebastian Bach,,,,,,,257.84,"H:\RadioTEDU Songs\Classical\Johann Sebastian Bach; Robert Levin, Bach‐Collegium Stuttgart, Helmuth Rilling\Cembalokonzerte, BWV 1055–1058\03 Concerto A‐Dur, BWV 1055_ III. Allegro ma non tanto.flac",1,1,260.578,2026-08-25 04:53:55,2026-08-25 04:53:55
1,RadioTEDU Classical,/classic,configured_stream,48492,"Concerto C‐Dur, BWV 976: III. Allegro",Johann Sebastian Bach,,,,,,,209.333,"H:\RadioTEDU Songs\Classical\Johann Sebastian Bach; Peter Watchorn\Concerti_ Bearbeitungen nach verschiedenen Meistern, BWV 972–987\1-12 Concerto C‐Dur, BWV 976_ III. Allegro.flac",1,1,206.431,2026-08-25 11:23:19,2026-08-25 11:23:19
1,RadioTEDU Classical,/classic,configured_stream,48499,"Concerto C‐Dur, BWV 977: I. (Allegro)",Johann Sebastian Bach,,,,,,,168.08,"H:\RadioTEDU Songs\Classical\Johann Sebastian Bach; Peter Watchorn\Concerti_ Bearbeitungen nach verschiedenen Meistern, BWV 972–987\1-19 Concerto C‐Dur, BWV 977_ I. (Allegro).flac",1,1,165.913,2026-08-25 11:19:52,2026-08-25 11:19:52
1,RadioTEDU Classical,/classic,configured_stream,48599,"Concerto c‐Moll, BWV 1062: I. (ohne Bezeichnung)",Johann Sebastian Bach,,,,,,,217.267,"H:\RadioTEDU Songs\Classical\Johann Sebastian Bach; Robert Levin, Jeffrey Kahane, Oregon Bach Festival Chamber Orchestra, Helmuth Rilling\Cembalokonzerte, BWV 1060–1062, 1061a\07 Concerto c‐Moll, BWV 1062_ I. (ohne Bezeichnung).flac",1,1,217.211,2026-08-25 08:31:14,2026-08-25 08:31:14
1,RadioTEDU Classical,/classic,configured_stream,48483,"Concerto D‐Dur, BWV 972: III. Allegro",Johann Sebastian Bach,,,,,,,164.133,"H:\RadioTEDU Songs\Classical\Johann Sebastian Bach; Peter Watchorn\Concerti_ Bearbeitungen nach verschiedenen Meistern, BWV 972–987\1-03 Concerto D‐Dur, BWV 972_ III. Allegro.flac",1,1,161.364,2026-08-25 10:47:42,2026-08-25 10:47:42
1,RadioTEDU Classical,/classic,configured_stream,48578,"Concerto d‐Moll, BWV 1052: III. Allegro",Johann Sebastian Bach,,,,,,,427.507,"H:\RadioTEDU Songs\Classical\Johann Sebastian Bach; Robert Levin, Bach‐Collegium Stuttgart, Helmuth Rilling\Cembalokonzerte, BWV 1052–1054\03 Concerto d‐Moll, BWV 1052_ III. Allegro.flac",1,1,427.436,2026-08-25 06:19:46,2026-08-25 06:19:46
1,RadioTEDU Classical,/classic,configured_stream,48506,"Concerto d‐Moll, BWV 974: II. Adagio",Johann Sebastian Bach,,,,,,,209.773,"H:\RadioTEDU Songs\Classical\Johann Sebastian Bach; Peter Watchorn\Concerti_ Bearbeitungen nach verschiedenen Meistern, BWV 972–987\1-26 Concerto d‐Moll, BWV 974_ II. Adagio.flac",1,1,208.633,2026-08-25 01:47:52,2026-08-25 01:47:52
1,RadioTEDU Classical,/classic,configured_stream,48579,"Concerto E‐Dur, BWV 1053: I. (ohne Bezeichnung)",Johann Sebastian Bach,,,,,,,479.773,"H:\RadioTEDU Songs\Classical\Johann Sebastian Bach; Robert Levin, Bach‐Collegium Stuttgart, Helmuth Rilling\Cembalokonzerte, BWV 1052–1054\04 Concerto E‐Dur, BWV 1053_ I. (ohne Bezeichnung).flac",1,1,476.84,2026-08-25 12:33:21,2026-08-25 12:33:21
1,RadioTEDU Classical,/classic,configured_stream,48901,"Concerto for Piano and Orchestra no. 4 in G major, op. 58: I. Allegro moderato",Ludwig van Beethoven,,,,,,,1040.0,"H:\RadioTEDU Songs\Classical\Ludwig van Beethoven; Maurizio Pollini, Wiener Philharmoniker, Eugen Jochum, Karl Böhm\Concertos pour piano n° 2 & 4\04 Concerto for Piano and Orchestra no. 4 in G major, op. 58_ I. Allegro moderato.flac",1,1,1037.97,2026-08-25 20:24:12,2026-08-25 20:24:12
1,RadioTEDU Classical,/classic,configured_stream,48758,"Concerto for Violin, Cello and Orchestra in A minor, Op. 102: II. Andante",Johannes Brahms,,,,,,,504.281,"H:\RadioTEDU Songs\Classical\Johannes Brahms; Amsterdams Philharmonisch Orkest, Árpád Joó\Double Concerto, Op. 102 _ Tragic Overture, Op. 81\02 Concerto for Violin, Cello and Orchestra in A minor, Op. 102_ II. Andante.mp3",1,1,504.149,2026-08-25 12:53:47,2026-08-25 12:53:47
1,RadioTEDU Classical,/classic,configured_stream,48495,"Concerto F‐Dur, BWV 978: III. Allegro",Johann Sebastian Bach,,,,,,,166.973,"H:\RadioTEDU Songs\Classical\Johann Sebastian Bach; Peter Watchorn\Concerti_ Bearbeitungen nach verschiedenen Meistern, BWV 972–987\1-15 Concerto F‐Dur, BWV 978_ III. Allegro.flac",1,1,166.947,2026-08-25 01:22:42,2026-08-25 01:22:42
1,RadioTEDU Classical,/classic,configured_stream,48484,"Concerto G‐Dur, BWV 973: I. (Allegro)",Johann Sebastian Bach,,,,,,,164.533,"H:\RadioTEDU Songs\Classical\Johann Sebastian Bach; Peter Watchorn\Concerti_ Bearbeitungen nach verschiedenen Meistern, BWV 972–987\1-04 Concerto G‐Dur, BWV 973_ I. (Allegro).flac",1,1,161.671,2026-08-25 20:40:08,2026-08-25 20:40:08
1,RadioTEDU Classical,/classic,configured_stream,48595,"Concerto g‐Moll, BWV 1058: II. Andante",Johann Sebastian Bach,,,,,,,340.427,"H:\RadioTEDU Songs\Classical\Johann Sebastian Bach; Robert Levin, Bach‐Collegium Stuttgart, Helmuth Rilling\Cembalokonzerte, BWV 1055–1058\11 Concerto g‐Moll, BWV 1058_ II. Andante.flac",1,1,338.273,2026-08-25 13:30:38,2026-08-25 13:30:38
1,RadioTEDU Classical,/classic,configured_stream,48596,"Concerto g‐Moll, BWV 1058: III. Allegro assai",Johann Sebastian Bach,,,,,,,223.093,"H:\RadioTEDU Songs\Classical\Johann Sebastian Bach; Robert Levin, Bach‐Collegium Stuttgart, Helmuth Rilling\Cembalokonzerte, BWV 1055–1058\12 Concerto g‐Moll, BWV 1058_ III. Allegro assai.flac",1,1,223.074,2026-08-25 03:04:18,2026-08-25 03:04:18
1,RadioTEDU Classical,/classic,configured_stream,48753,"Concerto in G Minor for Violin and Strings, BWV 1056R: II. Arioso: Largo",Johann Sebastian Bach,,,,,,,194.893,"H:\RadioTEDU Songs\Classical\Johann Sebastian Bach\Rise of the Masters_ 100 Supreme Classical Masterpieces_ Bach\90 Concerto in G Minor for Violin and Strings, BWV 1056R_ II. Arioso_ Largo.mp3",1,1,194.734,2026-08-25 09:40:36,2026-08-25 09:40:36
1,RadioTEDU Classical,/classic,configured_stream,49234,"Concierto para piano n.º 2 en do menor, op. 18: I. Moderato",Sergei Rachmaninov,,,,,,,695.68,"H:\RadioTEDU Songs\Classical\Sergei Rachmaninov; Malmö Symphony Orchestra, Owain Arwel Hughes, Noriko Ogawa\Conciertos para piano\01 Concierto para piano n.º 2 en do menor, op. 18_ I. Moderato.mp3",1,1,693.138,2026-08-25 15:49:19,2026-08-25 15:49:19
1,RadioTEDU Classical,/classic,configured_stream,49277,Conclusion in e minor: Allegro - Largo - Allegro D.C.,Georg Philipp Telemann,,,,,,,280.465,H:\RadioTEDU Songs\Classical\Telemann; Florilegium\Tafelmusik\16 Conclusion in e minor_ Allegro - Largo - Allegro D.C..flac,1,1,281.549,2026-08-25 17:11:10,2026-08-25 17:11:10
1,RadioTEDU Classical,/classic,configured_stream,48513,"Courante in G major, BWV 840",Johann Sebastian Bach,,,,,,,117.96,"H:\RadioTEDU Songs\Classical\Johann Sebastian Bach; Robert Hill\Bach as Teacher_ Keyboard Works from the Cöthen Period\1-26 Courante in G major, BWV 840.flac",1,1,118.399,2026-08-25 20:57:31,2026-08-25 20:57:31
1,RadioTEDU Classical,/classic,configured_stream,48686,Da der Herr Christ zu Tische sass BWV 285,Johann Sebastian Bach,,,,,,,51.547,"H:\RadioTEDU Songs\Classical\Johann Sebastian Bach\Bach Edition, Volume 23_ Chorale _ Chorales\2-15 Da der Herr Christ zu Tische sass BWV 285.flac",1,1,48.688,2026-08-25 10:56:00,2026-08-25 10:56:00
1,RadioTEDU Classical,/classic,configured_stream,49086,"Daisies, Op. 38 No. 3",Сергей Васильевич Рахманинов,,,,,,,144.707,"H:\RadioTEDU Songs\Classical\Rachmaninoff; Emil Gilels\Legacy Vol. 7\06 Daisies, Op. 38 No. 3.flac",1,1,141.931,2026-08-25 18:12:18,2026-08-25 18:12:18
1,RadioTEDU Classical,/classic,configured_stream,52301,Dearly Beloved,下村陽子,,,,,,,142.734,H:\RadioTEDU Songs\Classical\下村陽子\Kingdom Hearts II Original Soundtrack\1-01 下村陽子 - Dearly Beloved (1).mp3,1,1,144.66,2026-08-25 17:16:40,2026-08-25 17:16:40
1,RadioTEDU Classical,/classic,configured_stream,52302,Dearly Beloved,下村陽子,,,,,,,142.734,H:\RadioTEDU Songs\Classical\下村陽子\Kingdom Hearts II Original Soundtrack\1-01 下村陽子 - Dearly Beloved.mp3,1,1,142.607,2026-08-25 16:38:10,2026-08-25 16:38:10
1,RadioTEDU Classical,/classic,configured_stream,48708,Die Sonn' hat sich mit ihrem Glanz BWV 297,Johann Sebastian Bach,,,,,,,51.24,"H:\RadioTEDU Songs\Classical\Johann Sebastian Bach\Bach Edition, Volume 23_ Chorale _ Chorales\3-32 Die Sonn' hat sich mit ihrem Glanz BWV 297.flac",1,1,49.447,2026-08-25 14:18:05,2026-08-25 14:18:05
1,RadioTEDU Classical,/classic,configured_stream,48431,"Dies sind die heiligen zehen Gebot, BWV 678",Johann Sebastian Bach,,,,,,,292.093,"H:\RadioTEDU Songs\Classical\Johann Sebastian Bach; Kay Johannsen\Orgelwerke_ Clavier Übung, Dritter Theil\1-11 Dies sind die heiligen zehen Gebot, BWV 678.flac",1,1,292.132,2026-08-25 00:26:17,2026-08-25 00:26:17
1,RadioTEDU Classical,/classic,configured_stream,49260,Different Trains: III. After the War (Pt. 1),Steve Reich,,,,,,,285.44,H:\RadioTEDU Songs\Classical\Steve Reich; Mivos Quartet\The String Quartets\16 Different Trains_ III. After the War (Pt. 1) (1).flac,1,1,283.323,2026-08-25 06:51:12,2026-08-25 06:51:12
1,RadioTEDU Classical,/classic,configured_stream,49261,Different Trains: III. After the War (Pt. 1),Steve Reich,,,,,,,285.44,H:\RadioTEDU Songs\Classical\Steve Reich; Mivos Quartet\The String Quartets\16 Different Trains_ III. After the War (Pt. 1).flac,1,1,283.348,2026-08-25 17:25:09,2026-08-25 17:25:09
1,RadioTEDU Classical,/classic,configured_stream,48709,"Dir, dir, Jehova, will ich singen BWV 299",Johann Sebastian Bach,,,,,,,48.56,"H:\RadioTEDU Songs\Classical\Johann Sebastian Bach\Bach Edition, Volume 23_ Chorale _ Chorales\3-33 Dir, dir, Jehova, will ich singen BWV 299.flac",1,1,45.753,2026-08-25 16:05:57,2026-08-25 16:05:57
1,RadioTEDU Classical,/classic,configured_stream,48777,Divertimento K131,Kevin MacLeod,,,,,,,122.497,H:\RadioTEDU Songs\Classical\Kevin MacLeod\Famous Classics\07 Divertimento K131.mp3,1,1,123.247,2026-08-25 09:28:02,2026-08-25 09:28:02
1,RadioTEDU Classical,/classic,configured_stream,48908,"Duet: ""Ne' giorni tuoi felici"" WoO 93",Ludwig van Beethoven,,,,,,,485.0,H:\RadioTEDU Songs\Classical\Ludwig van Beethoven\Beethoven - The Complete Works\70-07 Duet_ _Ne' giorni tuoi felici_ WoO 93.flac,1,1,483.418,2026-08-25 11:12:10,2026-08-25 11:12:10
1,RadioTEDU Classical,/classic,configured_stream,48852,"Egmont, op. 84: Overture",Ludwig van Beethoven,,,,,,,477.933,"H:\RadioTEDU Songs\Classical\London Philharmonic Orchestra\The 50 Greatest Pieces of Classical Music\45 Ludwig van Beethoven - Egmont, op. 84_ Overture.flac",1,1,475.086,2026-08-25 14:28:53,2026-08-25 14:28:53
1,RadioTEDU Classical,/classic,configured_stream,48710,Ein' feste Burg ist unser Gott BWV 302,Johann Sebastian Bach,,,,,,,55.227,"H:\RadioTEDU Songs\Classical\Johann Sebastian Bach\Bach Edition, Volume 23_ Chorale _ Chorales\3-39 Ein' feste Burg ist unser Gott BWV 302.flac",1,1,52.58,2026-08-25 07:09:11,2026-08-25 07:09:11
1,RadioTEDU Classical,/classic,configured_stream,48466,"Einige canonische Veränderungen über das Weihnachtslied Vom Himmel hoch, da komm ich her, BWV 769a: IV. Canon alla Settima (Variatio 4)",Johann Sebastian Bach,,,,,,,179.907,"H:\RadioTEDU Songs\Classical\Johann Sebastian Bach; Martin Lücker\Orgelwerke_ Leipziger Spätwerke\11 Einige canonische Veränderungen über das Weihnachtslied Vom Himmel hoch, da komm ich her, BWV 769a_ IV. Canon alla Settima (Variatio 4).flac",1,1,177.173,2026-08-25 01:05:42,2026-08-25 01:05:42
1,RadioTEDU Classical,/classic,configured_stream,49081,Eldur,Jórunn Viðar,,,,,,,554.0,"H:\RadioTEDU Songs\Classical\Páll Ísólfsson, Jórunn Viðar; Iceland Symphony Orchestra, Rumon Gamba\Icelandic Works for the Stage\01 Jórunn Viðar - Eldur.flac",1,1,556.645,2026-08-25 18:27:16,2026-08-25 18:27:16
1,RadioTEDU Classical,/classic,configured_stream,49029,Ellis Island,Meredith Monk,,,,,,,182.38,"H:\RadioTEDU Songs\Classical\Meredith Monk; Ursula Oppens, Bruce Brubaker\Piano Songs\02 Ellis Island.flac",1,1,182.351,2026-08-25 08:54:56,2026-08-25 08:54:56
1,RadioTEDU Classical,/classic,configured_stream,48615,"English Suite no. 4 in F major, BWV 809: VI. Menuet II",Johann Sebastian Bach,,,,,,,90.973,"H:\RadioTEDU Songs\Classical\Johann Sebastian Bach\Bach Edition, Volume 13_ Keyboard Works_Klavierwerke, Volume II\02-06 English Suite no. 4 in F major, BWV 809_ VI. Menuet II.flac",1,1,88.616,2026-08-25 13:11:35,2026-08-25 13:11:35
1,RadioTEDU Classical,/classic,configured_stream,48410,"Erbarm dich mein, o Herre Gott, BWV 721",Johann Sebastian Bach,,,,,,,236.2,"H:\RadioTEDU Songs\Classical\Johann Sebastian Bach; Kay Johannsen\Organ Works_ The Young Bach - A Virtuoso\12 Erbarm dich mein, o Herre Gott, BWV 721.flac",1,1,234.566,2026-08-25 08:51:34,2026-08-25 08:51:34
1,RadioTEDU Classical,/classic,configured_stream,48714,Es spricht der Unweisen Mund wohl BWV 308,Johann Sebastian Bach,,,,,,,55.347,"H:\RadioTEDU Songs\Classical\Johann Sebastian Bach\Bach Edition, Volume 23_ Chorale _ Chorales\3-47 Es spricht der Unweisen Mund wohl BWV 308.flac",1,1,55.247,2026-08-25 10:16:29,2026-08-25 10:16:29
1,RadioTEDU Classical,/classic,configured_stream,48717,Es woll' uns Gott genädig sein BWV 312,Johann Sebastian Bach,,,,,,,100.093,"H:\RadioTEDU Songs\Classical\Johann Sebastian Bach\Bach Edition, Volume 23_ Chorale _ Chorales\3-50 Es woll' uns Gott genädig sein BWV 312.flac",1,1,100.101,2026-08-25 18:29:02,2026-08-25 18:29:02
1,RadioTEDU Classical,/classic,configured_stream,48861,Experience (Kizomba Remix 2015 by Mestah),Ludovico Einaudi,,,,,,,270.733,H:\RadioTEDU Songs\Classical\Ludovico Einaudi\Experience (Kizomba Remix 2015 by Mestah) (1).mp3,1,1,268.12,2026-08-25 08:00:31,2026-08-25 08:00:31
1,RadioTEDU Classical,/classic,configured_stream,48568,"Fantasia und Fuge in B‐Dur, BWV 907: II. Fughetta",Johann Sebastian Bach,,,,,,,143.467,"H:\RadioTEDU Songs\Classical\Johann Sebastian Bach; Robert Hill\Werke für das Lautenklavier\16 Fantasia und Fuge in B‐Dur, BWV 907_ II. Fughetta.flac",1,1,146.748,2026-08-25 10:08:13,2026-08-25 10:08:13
1,RadioTEDU Classical,/classic,configured_stream,48463,"Fantasie und Fuge (fragment) c‐Moll, BWV 562: II. Fuge",Johann Sebastian Bach,,,,,,,144.533,"H:\RadioTEDU Songs\Classical\Johann Sebastian Bach; Martin Lücker\Orgelwerke_ Leipziger Spätwerke\04 Fantasie und Fuge (fragment) c‐Moll, BWV 562_ II. Fuge.flac",1,1,144.487,2026-08-25 02:03:33,2026-08-25 02:03:33
1,RadioTEDU Classical,/classic,configured_stream,48575,"Fantasie und Fuge a‐Moll, BWV 904: II. Fuge",Johann Sebastian Bach,,,,,,,349.0,"H:\RadioTEDU Songs\Classical\Johann Sebastian Bach; Robert Hill\Werke für Tasteninstrumente aus den Weimarer Jahren_ Concerto, Fantasia & Fugue\11 Fantasie und Fuge a‐Moll, BWV 904_ II. Fuge.flac",1,1,348.932,2026-08-25 11:40:27,2026-08-25 11:40:27
1,RadioTEDU Classical,/classic,configured_stream,48533,"Fantasie und Fuge a‐Moll, BWV 944: II. Fuga",Johann Sebastian Bach,,,,,,,338.787,"H:\RadioTEDU Songs\Classical\Johann Sebastian Bach; Robert Hill\Cembalomusik des jungen Johann Sebastian Bach, vol. I\40 Fantasie und Fuge a‐Moll, BWV 944_ II. Fuga.flac",1,1,338.738,2026-08-25 00:15:08,2026-08-25 00:15:08
1,RadioTEDU Classical,/classic,configured_stream,48444,"Fantasie und Fuge in g‐Moll, BWV 542: I. Fantasie",Johann Sebastian Bach,,,,,,,359.16,"H:\RadioTEDU Songs\Classical\Johann Sebastian Bach; Kay Johannsen\Orgelwerke_ Meisterwerke der Weimarer Zeit\01 Fantasie und Fuge in g‐Moll, BWV 542_ I. Fantasie.flac",1,1,356.391,2026-08-25 04:40:51,2026-08-25 04:40:51
1,RadioTEDU Classical,/classic,configured_stream,48762,Fawkes Is Reborn,John Williams,,,,,,,201.195,H:\RadioTEDU Songs\Classical\John Williams\Harry Potter and the Chamber of Secrets\13 Fawkes Is Reborn (1).mp3,1,1,200.996,2026-08-25 00:49:56,2026-08-25 00:49:56
1,RadioTEDU Classical,/classic,configured_stream,48763,Fawkes Is Reborn,John Williams,,,,,,,201.195,H:\RadioTEDU Songs\Classical\John Williams\Harry Potter and the Chamber of Secrets\13 Fawkes Is Reborn.mp3,1,1,201.215,2026-08-25 01:12:43,2026-08-25 01:12:43
1,RadioTEDU Classical,/classic,configured_stream,48791,Feed the Birds,Lang Lang,,,,,,,261.316,H:\RadioTEDU Songs\Classical\Lang Lang\The Disney Book\2-03 Lang Lang - Feed the Birds.flac,1,1,258.866,2026-08-25 09:12:21,2026-08-25 09:12:21
1,RadioTEDU Classical,/classic,configured_stream,49201,Filaments,Scott Buckley,,,,,,,340.288,H:\RadioTEDU Songs\Classical\Scott Buckley\Library Songs 5\06 Filaments.m4a,1,1,337.489,2026-08-25 14:45:59,2026-08-25 14:45:59
1,RadioTEDU Classical,/classic,configured_stream,49022,Four Seasons Winter Variation,Antonio Vivaldi,,,,,,,103.96,H:\RadioTEDU Songs\Classical\Martin Stadtfeld\Baroque Colours\2-07 Antonio Vivaldi - Four Seasons Winter Variation.mp3,1,1,107.209,2026-08-25 14:53:49,2026-08-25 14:53:49
1,RadioTEDU Classical,/classic,configured_stream,48618,"French suite no. 3 in B minor, BWV 814: I. Allemande",Johann Sebastian Bach,,,,,,,176.773,"H:\RadioTEDU Songs\Classical\Johann Sebastian Bach\Bach Edition, Volume 13_ Keyboard Works_Klavierwerke, Volume II\05-12 French suite no. 3 in B minor, BWV 814_ I. Allemande.flac",1,1,176.52,2026-08-25 11:04:07,2026-08-25 11:04:07
1,RadioTEDU Classical,/classic,configured_stream,48229,"French Suite no. 5 in G major, BWV 816: I. Allemande",Johann Sebastian Bach,,,,,,,146.0,"H:\RadioTEDU Songs\Classical\Johann Sebastian Bach; Bruce Liu\French Suite No. 5, BWV 816\01 French Suite no. 5 in G major, BWV 816_ I. Allemande.mp3",1,1,145.917,2026-08-25 20:45:03,2026-08-25 20:45:03
1,RadioTEDU Classical,/classic,configured_stream,48619,"French Suite no. 5 in G major, BWV 816: I. Allemande",Johann Sebastian Bach,,,,,,,172.72,"H:\RadioTEDU Songs\Classical\Johann Sebastian Bach\Bach Edition, Volume 13_ Keyboard Works_Klavierwerke, Volume II\06-08 French Suite no. 5 in G major, BWV 816_ I. Allemande.flac",1,1,170.008,2026-08-25 22:30:13,2026-08-25 22:30:13
1,RadioTEDU Classical,/classic,configured_stream,48605,Fuge G-Dur BWV 581,Johann Sebastian Bach,,,,,,,135.393,H:\RadioTEDU Songs\Classical\Johann Sebastian Bach; Wolfgang Stockmeier\Das Orgelwerk\08-02 Fuge G-Dur BWV 581.flac,1,1,133.565,2026-08-25 20:33:49,2026-08-25 20:33:49
1,RadioTEDU Classical,/classic,configured_stream,48407,"Fugue g-Moll, BWV 578",Johann Sebastian Bach,,,,,,,213.667,"H:\RadioTEDU Songs\Classical\Johann Sebastian Bach; Kay Johannsen\Organ Works_ The Young Bach - A Virtuoso\09 Fugue g-Moll, BWV 578.flac",1,1,212.192,2026-08-25 00:53:39,2026-08-25 00:53:39
1,RadioTEDU Classical,/classic,configured_stream,48307,"Geisliches Lied, BWV 454 “Ermuntre dich, mein schwacher Geist”",Johann Sebastian Bach,,,,,,,139.067,"H:\RadioTEDU Songs\Classical\Johann Sebastian Bach; Gächinger Kantorei Stuttgart, Bach‐Collegium Stuttgart, Gerhard Gnann, Helmuth Rilling\A Book of Chorale‐Settings_ Advent and Christmas\04 Geisliches Lied, BWV 454 “Ermuntre dich, mein schwacher Geist”.flac",1,1,137.523,2026-08-25 21:10:07,2026-08-25 21:10:07
1,RadioTEDU Classical,/classic,configured_stream,49192,Goliath,Scott Buckley,,,,,,,381.991,H:\RadioTEDU Songs\Classical\Scott Buckley\Goliath\01 Goliath.m4a,1,1,379.283,2026-08-25 22:15:54,2026-08-25 22:15:54
1,RadioTEDU Classical,/classic,configured_stream,49342,Gramophone,Евгений Дога,,,,,,,149.525,H:\RadioTEDU Songs\Classical\Евгений Дога\Cascade of Dreams\06 Gramophone (1).mp3,1,1,149.505,2026-08-25 18:54:18,2026-08-25 18:54:18
1,RadioTEDU Classical,/classic,configured_stream,49343,Gramophone,Евгений Дога,,,,,,,149.525,H:\RadioTEDU Songs\Classical\Евгений Дога\Cascade of Dreams\06 Gramophone.mp3,1,1,151.634,2026-08-25 06:42:32,2026-08-25 06:42:32
1,RadioTEDU Classical,/classic,configured_stream,48983,"Grenadiermarsch, Hess 107",Ludwig van Beethoven,,,,,,,290.267,"H:\RadioTEDU Songs\Classical\Ludwig van Beethoven\Complete Works\12-13 Ludwig van Beethoven - Grenadiermarsch, Hess 107.flac",1,1,287.828,2026-08-25 00:08:57,2026-08-25 00:08:57
1,RadioTEDU Classical,/classic,configured_stream,49197,Growing Up,Scott Buckley,,,,,,,115.566,H:\RadioTEDU Songs\Classical\Scott Buckley\Library Songs 4\12 Growing Up.m4a,1,1,115.835,2026-08-25 22:32:08,2026-08-25 22:32:08
1,RadioTEDU Classical,/classic,configured_stream,48725,"Herr Jesu Christ, dich zu uns wend' BWV 332",Johann Sebastian Bach,,,,,,,34.36,"H:\RadioTEDU Songs\Classical\Johann Sebastian Bach\Bach Edition, Volume 23_ Chorale _ Chorales\4-16 Herr Jesu Christ, dich zu uns wend' BWV 332.flac",1,1,33.243,2026-08-25 02:31:39,2026-08-25 02:31:39
1,RadioTEDU Classical,/classic,configured_stream,48784,Háry János Suite: V. Közjáték (“Intermezzo”),Zoltán Kodály,,,,,,,299.867,"H:\RadioTEDU Songs\Classical\Kodály; Buffalo Philharmonic Orchestra, JoAnn Falletta\Háry János Suite _ Summer Evening _ Symphony in C major\05 Háry János Suite_ V. Közjáték (“Intermezzo”).flac",1,1,297.135,2026-08-25 03:18:10,2026-08-25 03:18:10
1,RadioTEDU Classical,/classic,configured_stream,48732,Ich hab' mein' Sach' Gott heimgestellt BWV 351,Johann Sebastian Bach,,,,,,,45.507,"H:\RadioTEDU Songs\Classical\Johann Sebastian Bach\Bach Edition, Volume 23_ Chorale _ Chorales\4-39 Ich hab' mein' Sach' Gott heimgestellt BWV 351.flac",1,1,45.806,2026-08-25 03:18:55,2026-08-25 03:18:55
1,RadioTEDU Classical,/classic,configured_stream,47911,Ida,Joep Beving,,,,,,,150.669,H:\RadioTEDU Songs\Classical\Joep Beving\Liminal\02 Ida (1).flac,1,1,148.578,2026-08-25 21:53:14,2026-08-25 21:53:14
1,RadioTEDU Classical,/classic,configured_stream,48733,"Jesu, der du meine Seele BWV 352",Johann Sebastian Bach,,,,,,,71.04,"H:\RadioTEDU Songs\Classical\Johann Sebastian Bach\Bach Edition, Volume 23_ Chorale _ Chorales\4-41 Jesu, der du meine Seele BWV 352.flac",1,1,68.217,2026-08-25 02:39:05,2026-08-25 02:39:05
1,RadioTEDU Classical,/classic,configured_stream,48734,"Jesu, der du meine Seele BWV 353",Johann Sebastian Bach,,,,,,,70.347,"H:\RadioTEDU Songs\Classical\Johann Sebastian Bach\Bach Edition, Volume 23_ Chorale _ Chorales\4-42 Jesu, der du meine Seele BWV 353.flac",1,1,69.696,2026-08-25 01:24:04,2026-08-25 01:24:04
1,RadioTEDU Classical,/classic,configured_stream,48667,"Jesu, der du meine Seele, BWV 752",Johann Sebastian Bach,,,,,,,97.067,"H:\RadioTEDU Songs\Classical\Johann Sebastian Bach\Bach Edition, Volume 22_ Organ Works_Orgelwerke, Volume II\9-14 Jesu, der du meine Seele, BWV 752.flac",1,1,97.636,2026-08-25 16:10:57,2026-08-25 16:10:57
1,RadioTEDU Classical,/classic,configured_stream,48394,"Jesu, meine Freude, BWV 1105",Johann Sebastian Bach,,,,,,,133.92,"H:\RadioTEDU Songs\Classical\Johann Sebastian Bach; Kay Johannsen\Organ Chorales From the Neumeister Collection\1-18 Jesu, meine Freude, BWV 1105.flac",1,1,134.013,2026-08-25 14:20:48,2026-08-25 14:20:48
1,RadioTEDU Classical,/classic,configured_stream,48737,"Jesu, meine Freunde BWV 358",Johann Sebastian Bach,,,,,,,72.507,"H:\RadioTEDU Songs\Classical\Johann Sebastian Bach\Bach Edition, Volume 23_ Chorale _ Chorales\4-48 Jesu, meine Freunde BWV 358.flac",1,1,69.846,2026-08-25 01:25:14,2026-08-25 01:25:14
1,RadioTEDU Classical,/classic,configured_stream,48441,"Jesus Christus, unser Heiland, BWV 688",Johann Sebastian Bach,,,,,,,221.4,"H:\RadioTEDU Songs\Classical\Johann Sebastian Bach; Kay Johannsen\Orgelwerke_ Clavier Übung, Dritter Theil\2-08 Jesus Christus, unser Heiland, BWV 688.flac",1,1,221.006,2026-08-25 13:22:58,2026-08-25 13:22:58
1,RadioTEDU Classical,/classic,configured_stream,48654,"Jesus, meine Zuverischt BWv 365",Johann Sebastian Bach,,,,,,,53.373,"H:\RadioTEDU Songs\Classical\Johann Sebastian Bach\Bach Edition, Volume 17_ Vocal Works _ Vokalwerke Vol.II\8-04 Jesus, meine Zuverischt BWv 365.flac",1,1,54.14,2026-08-25 12:40:11,2026-08-25 12:40:11
1,RadioTEDU Classical,/classic,configured_stream,48303,"Kanon zu sieben Stimmen und Basso ostinato, BWV 1078",Johann Sebastian Bach,,,,,,,97.867,"H:\RadioTEDU Songs\Classical\Johann Sebastian Bach; Gottfried von der Goltz, Karl Kaiser, Ekkehard Weber, Michael Behringer\Musikalisches Opfer, BWV 1079 _ Kanons BWV 1072–1078, 1086, 1087\23 Kanon zu sieben Stimmen und Basso ostinato, BWV 1078.flac",1,1,98.768,2026-08-25 21:00:09,2026-08-25 21:00:09
1,RadioTEDU Classical,/classic,configured_stream,48064,"Kantate, BWV 17 “Wer Dank opfert, der preiset mich”: Teil II, V. Aria (Tenore) “Welch Übermaß der Güte”",Johann Sebastian Bach,,,,,,,216.107,"H:\RadioTEDU Songs\Classical\Johann Sebastian Bach; Bach‐Collegium Stuttgart, Helmuth Rilling\Cantatas, BWV 14, 16–18\16 Kantate, BWV 17 “Wer Dank opfert, der preiset mich”_ Teil II, V. Aria (Tenore) “Welch Übermaß der Güte”.flac",1,1,213.921,2026-08-25 22:09:33,2026-08-25 22:09:33
1,RadioTEDU Classical,/classic,configured_stream,48115,"Kantate, BWV 184 “Erwünschtes Freudenlicht”: II. Aria (Sopran, Alt) “Gesegnete Christen, glückselige Herde”",Johann Sebastian Bach,,,,,,,535.827,"H:\RadioTEDU Songs\Classical\Johann Sebastian Bach; Bach‐Collegium Stuttgart, Helmuth Rilling\Cantatas, BWV 182–184\15 Kantate, BWV 184 “Erwünschtes Freudenlicht”_ II. Aria (Sopran, Alt) “Gesegnete Christen, glückselige Herde”.flac",1,1,556.332,2026-08-25 21:19:58,2026-08-25 21:19:58
1,RadioTEDU Classical,/classic,configured_stream,48129,"Kantate, BWV 193 “Ihr Tore zu Zion”: V. Aria (Alt) “Sende, Herr, den Segen ein”",Johann Sebastian Bach,,,,,,,206.667,"H:\RadioTEDU Songs\Classical\Johann Sebastian Bach; Bach‐Collegium Stuttgart, Helmuth Rilling\Cantatas, BWV 193–194\05 Kantate, BWV 193 “Ihr Tore zu Zion”_ V. Aria (Alt) “Sende, Herr, den Segen ein”.flac",1,1,206.666,2026-08-25 20:37:15,2026-08-25 20:37:15
1,RadioTEDU Classical,/classic,configured_stream,48353,"Kantate, BWV 207a “Auf, schmetternde Töne der muntern Trompeten”: X. Marche",Johann Sebastian Bach,,,,,,,97.96,"H:\RadioTEDU Songs\Classical\Johann Sebastian Bach; Gächinger Kantorei Stuttgart, Bach‐Collegium Stuttgart, Helmuth Rilling\Secular Cantatas, BWV 206–207\21 Kantate, BWV 207a “Auf, schmetternde Töne der muntern Trompeten”_ X. Marche.flac",1,1,105.456,2026-08-25 19:23:32,2026-08-25 19:23:32
1,RadioTEDU Classical,/classic,configured_stream,48148,"Kantate, BWV 24 “Ein ungefärbt Gemüte”: II. Recitativo (Tenore) “Die Redlichkeit ist eine von den Gottesgaben”",Johann Sebastian Bach,,,,,,,120.133,"H:\RadioTEDU Songs\Classical\Johann Sebastian Bach; Bach‐Collegium Stuttgart, Helmuth Rilling\Cantatas, BWV 23–26\06 Kantate, BWV 24 “Ein ungefärbt Gemüte”_ II. Recitativo (Tenore) “Die Redlichkeit ist eine von den Gottesgaben”.flac",1,1,117.282,2026-08-25 21:34:01,2026-08-25 21:34:01
1,RadioTEDU Classical,/classic,configured_stream,48740,"Kantate, BWV 3 ""Ach Gott, wie manches Herzeleid"": IV. Recitativo (Tenore) ""Es mag mir Leib und Geist verschmachten""",Johann Sebastian Bach,,,,,,,76.0,"H:\RadioTEDU Songs\Classical\Johann Sebastian Bach\Das Kantatenwerk, Volume 1\2-04 Kantate, BWV 3 _Ach Gott, wie manches Herzeleid__ IV. Recitativo (Tenore) _Es mag mir Leib und Geist verschmachten_.flac",1,1,75.842,2026-08-25 05:41:49,2026-08-25 05:41:49
1,RadioTEDU Classical,/classic,configured_stream,47966,"Kantate, BWV 4 ""Christ lag in Todesbanden"": V. Coro Versus IV ""Es war ein wunderlicher Krieg""",Johann Sebastian Bach,,,,,,,157.573,"H:\RadioTEDU Songs\Classical\Johann Sebastian Bach; Bach-Ensemble, Helmuth Rilling\Cantatas BWV 4-6\05 Kantate, BWV 4 _Christ lag in Todesbanden__ V. Coro Versus IV _Es war ein wunderlicher Krieg_.flac",1,1,154.888,2026-08-25 21:45:38,2026-08-25 21:45:38
1,RadioTEDU Classical,/classic,configured_stream,48185,"Kantate, BWV 75 “Die Elenden sollen essen”: IX. Recitativo (Alt) “Nur eines kränkt ein christliches Gemüte”",Johann Sebastian Bach,,,,,,,64.133,"H:\RadioTEDU Songs\Classical\Johann Sebastian Bach; Bach‐Collegium Stuttgart, Helmuth Rilling\Cantatas, BWV 75–76\09 Kantate, BWV 75 “Die Elenden sollen essen”_ IX. Recitativo (Alt) “Nur eines kränkt ein christliches Gemüte”.flac",1,1,61.202,2026-08-25 23:36:58,2026-08-25 23:36:58
1,RadioTEDU Classical,/classic,configured_stream,48189,"Kantate, BWV 77 “Du sollt Gott, deinen Herren, lieben”: I. Coro con Choral “Du sollt Gott, deinen Herren, lieben”",Johann Sebastian Bach,,,,,,,266.653,"H:\RadioTEDU Songs\Classical\Johann Sebastian Bach; Bach‐Collegium Stuttgart, Helmuth Rilling\Cantatas, BWV 77–79\01 Kantate, BWV 77 “Du sollt Gott, deinen Herren, lieben”_ I. Coro con Choral “Du sollt Gott, deinen Herren, lieben”.flac",1,1,265.081,2026-08-25 21:32:04,2026-08-25 21:32:04
1,RadioTEDU Classical,/classic,configured_stream,48656,Keinen hat Gott verlassen BWV 369,Johann Sebastian Bach,,,,,,,57.733,"H:\RadioTEDU Songs\Classical\Johann Sebastian Bach\Bach Edition, Volume 17_ Vocal Works _ Vokalwerke Vol.II\8-08 Keinen hat Gott verlassen BWV 369.flac",1,1,54.948,2026-08-25 10:17:33,2026-08-25 10:17:33
1,RadioTEDU Classical,/classic,configured_stream,48657,"Komm, Gott Schöpfer, heiliger Geist BWV 370",Johann Sebastian Bach,,,,,,,34.28,"H:\RadioTEDU Songs\Classical\Johann Sebastian Bach\Bach Edition, Volume 17_ Vocal Works _ Vokalwerke Vol.II\8-09 Komm, Gott Schöpfer, heiliger Geist BWV 370.flac",1,1,31.546,2026-08-25 00:09:30,2026-08-25 00:09:30
1,RadioTEDU Classical,/classic,configured_stream,48425,"Kyrie, Gott Vater in Ewigkeit alio modo, BWV 672",Johann Sebastian Bach,,,,,,,122.12,"H:\RadioTEDU Songs\Classical\Johann Sebastian Bach; Kay Johannsen\Orgelwerke_ Clavier Übung, Dritter Theil\1-05 Kyrie, Gott Vater in Ewigkeit alio modo, BWV 672.flac",1,1,122.165,2026-08-25 22:34:11,2026-08-25 22:34:11
1,RadioTEDU Classical,/classic,configured_stream,48674,"Kyrie, Gott Vater in Ewigkeit BWV 371",Johann Sebastian Bach,,,,,,,184.12,"H:\RadioTEDU Songs\Classical\Johann Sebastian Bach\Bach Edition, Volume 23_ Chorale _ Chorales\1-31 Kyrie, Gott Vater in Ewigkeit BWV 371.flac",1,1,184.199,2026-08-25 13:18:53,2026-08-25 13:18:53
1,RadioTEDU Classical,/classic,configured_stream,48850,L'Arlesienne Suite no. 1: I. Prelude,Georges Bizet,,,,,,,413.28,H:\RadioTEDU Songs\Classical\London Philharmonic Orchestra\The 50 Greatest Pieces of Classical Music\43 Georges Bizet - L'Arlesienne Suite no. 1_ I. Prelude.flac,1,1,411.234,2026-08-25 03:34:25,2026-08-25 03:34:25
1,RadioTEDU Classical,/classic,configured_stream,49283,La Catedral: I. Preludio saudade,Agustín Barrios Mangoré,,,,,,,136.0,H:\RadioTEDU Songs\Classical\Thibaut Garcia\El Bohemio\20 Agustín Barrios Mangoré - La Catedral_ I. Preludio saudade (1).flac,1,1,135.8,2026-08-25 21:02:28,2026-08-25 21:02:28
1,RadioTEDU Classical,/classic,configured_stream,49284,La Catedral: I. Preludio saudade,Agustín Barrios Mangoré,,,,,,,136.0,H:\RadioTEDU Songs\Classical\Thibaut Garcia\El Bohemio\20 Agustín Barrios Mangoré - La Catedral_ I. Preludio saudade.flac,1,1,133.322,2026-08-25 21:06:32,2026-08-25 21:06:32
1,RadioTEDU Classical,/classic,configured_stream,48778,Laid Back Guitars,Kevin MacLeod,,,,,,,244.251,H:\RadioTEDU Songs\Classical\Kevin MacLeod\Latinesque\09 Laid Back Guitars.mp3,1,1,244.729,2026-08-25 12:25:10,2026-08-25 12:25:10
1,RadioTEDU Classical,/classic,configured_stream,49045,"Le nozze di Figaro, K. 492: Sinfonia",Wolfgang Amadeus Mozart,,,,,,,239.04,"H:\RadioTEDU Songs\Classical\Mozart; Simone Kermes, Andrei Bondarenko, Fanie Antonelou, Christian Van Horn, Musicaeterna, Teodor Currentzis\Le nozze di Figaro\1-01 Le nozze di Figaro, K. 492_ Sinfonia.flac",1,1,236.27,2026-08-25 00:57:35,2026-08-25 00:57:35
1,RadioTEDU Classical,/classic,configured_stream,48416,"Lobt Gott, ihr Christen, allzugleich, BWV 732",Johann Sebastian Bach,,,,,,,88.6,"H:\RadioTEDU Songs\Classical\Johann Sebastian Bach; Kay Johannsen\Organ Works_ The Young Bach - A Virtuoso\18 Lobt Gott, ihr Christen, allzugleich, BWV 732.flac",1,1,88.673,2026-08-25 07:37:37,2026-08-25 07:37:37
1,RadioTEDU Classical,/classic,configured_stream,49124,Love Story,Richard Clayderman,,,,,,,181.656,H:\RadioTEDU Songs\Classical\Richard Clayderman\Träumereien\13 Love Story (1).mp3,1,1,179.349,2026-08-25 03:26:07,2026-08-25 03:26:07
1,RadioTEDU Classical,/classic,configured_stream,49125,Love Story,Richard Clayderman,,,,,,,181.656,H:\RadioTEDU Songs\Classical\Richard Clayderman\Träumereien\13 Love Story.mp3,1,1,178.869,2026-08-25 22:37:20,2026-08-25 22:37:20
1,RadioTEDU Classical,/classic,configured_stream,48658,"Mach's mit mir, Gott, nach deiner Güt' BWV 377",Johann Sebastian Bach,,,,,,,49.0,"H:\RadioTEDU Songs\Classical\Johann Sebastian Bach\Bach Edition, Volume 17_ Vocal Works _ Vokalwerke Vol.II\8-19 Mach's mit mir, Gott, nach deiner Güt' BWV 377.flac",1,1,46.29,2026-08-25 07:03:15,2026-08-25 07:03:15
1,RadioTEDU Classical,/classic,configured_stream,49169,"Medea Ballet Suite, op. 23: V. Medea",Samuel Barber,,,,,,,465.24,"H:\RadioTEDU Songs\Classical\Samuel Barber; Royal Scottish National Orchestra, Wendy Warner, Marin Alsop\Cello Concerto _ Medea _ Adagio for Strings\08 Medea Ballet Suite, op. 23_ V. Medea.mp3",1,1,462.565,2026-08-25 09:25:59,2026-08-25 09:25:59
1,RadioTEDU Classical,/classic,configured_stream,49181,"Medea’s Meditation and Dance of Vengeance, Op. 29A",Samuel Barber,,,,,,,767.868,"H:\RadioTEDU Songs\Classical\Samuel Barber; Stephen Prutsman, Royal Scottish National Orchestra, Marin Alsop\Piano Concerto _ Medea’s Meditation and Dance of Vengeance\05 Medea’s Meditation and Dance of Vengeance, Op. 29A.mp3",1,1,767.895,2026-08-25 02:54:09,2026-08-25 02:54:09
1,RadioTEDU Classical,/classic,configured_stream,48659,Meines Lebens letzte Zeit BWV 381,Johann Sebastian Bach,,,,,,,64.173,"H:\RadioTEDU Songs\Classical\Johann Sebastian Bach\Bach Edition, Volume 17_ Vocal Works _ Vokalwerke Vol.II\8-26 Meines Lebens letzte Zeit BWV 381.flac",1,1,61.566,2026-08-25 00:27:28,2026-08-25 00:27:28
1,RadioTEDU Classical,/classic,configured_stream,48868,Memory One,Ludovico Einaudi,,,,,,,263.629,H:\RadioTEDU Songs\Classical\Ludovico Einaudi\Memory One\01 Memory One.flac,1,1,261.035,2026-08-25 10:15:34,2026-08-25 10:15:34
1,RadioTEDU Classical,/classic,configured_stream,49349,Merry-Go-Round of Life (from 'Howl's Moving Castle'),久石譲 & ロイヤル・フィルハーモニー管弦楽団,,,,,,,164.931,H:\RadioTEDU Songs\Classical\久石譲 & ロイヤル・フィルハーモニー管弦楽団\Merry-Go-Round of Life (from 'Howl's Moving Castle')\01 Merry-Go-Round of Life (from 'Howl's Moving Castle').mp3,1,1,164.882,2026-08-25 19:12:56,2026-08-25 19:12:56
1,RadioTEDU Classical,/classic,configured_stream,48857,"Messa da Requiem: Part II. Dies irae, II. Tuba Mirum",Giuseppe Verdi,,,,,,,234.96,"H:\RadioTEDU Songs\Classical\London Philharmonic Orchestra\The 50 Greatest Pieces of Classical Music\49 Giuseppe Verdi - Messa da Requiem_ Part II. Dies irae, II. Tuba Mirum.flac",1,1,232.258,2026-08-25 07:29:20,2026-08-25 07:29:20
1,RadioTEDU Classical,/classic,configured_stream,48373,"Messe A‐Dur, BWV 234: Cum sancto spiritu",Johann Sebastian Bach,,,,,,,196.387,"H:\RadioTEDU Songs\Classical\Johann Sebastian Bach; Gächinger Kantorei Stuttgart, Bach‐Collegium Stuttgart, Liszt Ferenc Kamarazenekar, Helmuth Rilling\Sacred Music in Latin, 1\13 Messe A‐Dur, BWV 234_ Cum sancto spiritu.flac",1,1,196.7,2026-08-25 01:44:09,2026-08-25 01:44:09
1,RadioTEDU Classical,/classic,configured_stream,48371,"Messe A‐Dur, BWV 234: Qui tollis peccata mundi",Johann Sebastian Bach,,,,,,,377.667,"H:\RadioTEDU Songs\Classical\Johann Sebastian Bach; Gächinger Kantorei Stuttgart, Bach‐Collegium Stuttgart, Liszt Ferenc Kamarazenekar, Helmuth Rilling\Sacred Music in Latin, 1\11 Messe A‐Dur, BWV 234_ Qui tollis peccata mundi.flac",1,1,378.452,2026-08-25 12:03:41,2026-08-25 12:03:41
1,RadioTEDU Classical,/classic,configured_stream,48363,"Messe F‐Dur, BWV 233: Domine Deus",Johann Sebastian Bach,,,,,,,198.093,"H:\RadioTEDU Songs\Classical\Johann Sebastian Bach; Gächinger Kantorei Stuttgart, Bach‐Collegium Stuttgart, Liszt Ferenc Kamarazenekar, Helmuth Rilling\Sacred Music in Latin, 1\03 Messe F‐Dur, BWV 233_ Domine Deus.flac",1,1,199.539,2026-08-25 14:57:10,2026-08-25 14:57:10
1,RadioTEDU Classical,/classic,configured_stream,48362,"Messe F‐Dur, BWV 233: Gloria in excelsis Deo",Johann Sebastian Bach,,,,,,,320.4,"H:\RadioTEDU Songs\Classical\Johann Sebastian Bach; Gächinger Kantorei Stuttgart, Bach‐Collegium Stuttgart, Liszt Ferenc Kamarazenekar, Helmuth Rilling\Sacred Music in Latin, 1\02 Messe F‐Dur, BWV 233_ Gloria in excelsis Deo.flac",1,1,321.126,2026-08-25 10:38:47,2026-08-25 10:38:47
1,RadioTEDU Classical,/classic,configured_stream,48361,"Messe F‐Dur, BWV 233: Kyrie eleison",Johann Sebastian Bach,,,,,,,223.187,"H:\RadioTEDU Songs\Classical\Johann Sebastian Bach; Gächinger Kantorei Stuttgart, Bach‐Collegium Stuttgart, Liszt Ferenc Kamarazenekar, Helmuth Rilling\Sacred Music in Latin, 1\01 Messe F‐Dur, BWV 233_ Kyrie eleison.flac",1,1,220.265,2026-08-25 01:09:22,2026-08-25 01:09:22
1,RadioTEDU Classical,/classic,configured_stream,48364,"Messe F‐Dur, BWV 233: Qui tollis peccata mundi",Johann Sebastian Bach,,,,,,,292.44,"H:\RadioTEDU Songs\Classical\Johann Sebastian Bach; Gächinger Kantorei Stuttgart, Bach‐Collegium Stuttgart, Liszt Ferenc Kamarazenekar, Helmuth Rilling\Sacred Music in Latin, 1\04 Messe F‐Dur, BWV 233_ Qui tollis peccata mundi.flac",1,1,292.996,2026-08-25 08:36:19,2026-08-25 08:36:19
1,RadioTEDU Classical,/classic,configured_stream,48365,"Messe F‐Dur, BWV 233: Quoniam tu solus sanctus",Johann Sebastian Bach,,,,,,,233.733,"H:\RadioTEDU Songs\Classical\Johann Sebastian Bach; Gächinger Kantorei Stuttgart, Bach‐Collegium Stuttgart, Liszt Ferenc Kamarazenekar, Helmuth Rilling\Sacred Music in Latin, 1\05 Messe F‐Dur, BWV 233_ Quoniam tu solus sanctus.flac",1,1,231.136,2026-08-25 07:07:06,2026-08-25 07:07:06
1,RadioTEDU Classical,/classic,configured_stream,48347,"Messe G‐Dur, BWV 236: Domine Deus",Johann Sebastian Bach,,,,,,,242.827,"H:\RadioTEDU Songs\Classical\Johann Sebastian Bach; Gächinger Kantorei Stuttgart, Bach‐Collegium Stuttgart, Helmuth Rilling\Sacred Music in Latin, 2\10 Messe G‐Dur, BWV 236_ Domine Deus.flac",1,1,245.167,2026-08-25 22:21:08,2026-08-25 22:21:08
1,RadioTEDU Classical,/classic,configured_stream,48788,Mia & Sebastian’s Theme,Justin Hurwitz,,,,,,,195.74,H:\RadioTEDU Songs\Classical\Lang Lang\Piano Book 2\15 Justin Hurwitz - Mia & Sebastian’s Theme.flac,1,1,196.183,2026-08-25 15:52:35,2026-08-25 15:52:35
1,RadioTEDU Classical,/classic,configured_stream,49213,Midsommar,Scott Buckley,,,,,,,234.278,H:\RadioTEDU Songs\Classical\Scott Buckley\Midsommar\01 Midsommar.mp3,1,1,231.667,2026-08-25 06:01:08,2026-08-25 06:01:08
1,RadioTEDU Classical,/classic,configured_stream,48768,Missa Faysant regretz: 5c. Agnus Dei III,"Josquin des Prez; The Tallis Scholars, Peter Phillips",,,,,,,190.055,"H:\RadioTEDU Songs\Classical\Josquin des Prez; The Tallis Scholars, Peter Phillips\Masses_ Hercules Dux Ferrarie, D'ung aultre amer, Faysant regretz\47 Missa Faysant regretz_ 5c. Agnus Dei III.flac",1,1,187.565,2026-08-25 14:40:22,2026-08-25 14:40:22
1,RadioTEDU Classical,/classic,configured_stream,48973,"Music, Love and Wine",Ludwig van Beethoven,,,,,,,116.0,"H:\RadioTEDU Songs\Classical\Ludwig van Beethoven\Complete Beethoven Edition - Compactotheque\17 Music, Love and Wine.flac",1,1,114.367,2026-08-25 05:40:34,2026-08-25 05:40:34
1,RadioTEDU Classical,/classic,configured_stream,49177,Mutations from Bach,Samuel Barber,,,,,,,342.555,"H:\RadioTEDU Songs\Classical\Samuel Barber; Stephane Rancourt, Karen Jones, John Gracie, Royal Scottish National Orchestra, Marin Alsop\Capricorn Concerto _ A Hand of Bridge _ Intermezzo from Vanessa\05 Mutations from Bach.mp3",1,1,339.698,2026-08-25 13:36:18,2026-08-25 13:36:18
1,RadioTEDU Classical,/classic,configured_stream,48837,Má Vlast (My Fatherland): Vltava (The Moldau),Bedřich Smetana,,,,,,,686.8,H:\RadioTEDU Songs\Classical\London Philharmonic Orchestra\The 50 Greatest Pieces of Classical Music\31 Bedřich Smetana - Má Vlast (My Fatherland)_ Vltava (The Moldau).flac,1,1,683.976,2026-08-25 02:22:45,2026-08-25 02:22:45
1,RadioTEDU Classical,/classic,configured_stream,48760,"Nocturne no. 14 in G major, H. 58",John Field,,,,,,,153.753,"H:\RadioTEDU Songs\Classical\John Field; Alice Sara Ott\Complete Nocturnes\14 Nocturne no. 14 in G major, H. 58.flac",1,1,153.84,2026-08-25 02:10:59,2026-08-25 02:10:59
1,RadioTEDU Classical,/classic,configured_stream,48809,"Nocturne no. 2 in E-flat major, op. 9 no. 2",Frédéric Chopin,,,,,,,293.16,"H:\RadioTEDU Songs\Classical\London Philharmonic Orchestra\The 50 Greatest Pieces of Classical Music\06 Frédéric Chopin - Nocturne no. 2 in E-flat major, op. 9 no. 2.flac",1,1,292.403,2026-08-25 15:10:10,2026-08-25 15:10:10
1,RadioTEDU Classical,/classic,configured_stream,49058,Nummisuutarit,Uuno Klami,,,,,,,510.373,"H:\RadioTEDU Songs\Classical\Oulu Sinfonia, Rumon Gamba\Overtures from Finland\02 Uuno Klami - Nummisuutarit (1).flac",1,1,507.908,2026-08-25 19:33:07,2026-08-25 19:33:07
1,RadioTEDU Classical,/classic,configured_stream,48376,"Nun freut euch, lieben Christen, g'mein, BWV 755",Johann Sebastian Bach,,,,,,,158.0,"H:\RadioTEDU Songs\Classical\Johann Sebastian Bach; Hans Fagius\The Complete Organ Music, Volume 7\1-11 Nun freut euch, lieben Christen, g'mein, BWV 755.flac",1,1,155.185,2026-08-25 18:18:00,2026-08-25 18:18:00
1,RadioTEDU Classical,/classic,configured_stream,48663,"O Gott, du frommer Gott BWV 398",Johann Sebastian Bach,,,,,,,104.467,"H:\RadioTEDU Songs\Classical\Johann Sebastian Bach\Bach Edition, Volume 17_ Vocal Works _ Vokalwerke Vol.II\8-43 O Gott, du frommer Gott BWV 398.flac",1,1,105.235,2026-08-25 21:35:47,2026-08-25 21:35:47
1,RadioTEDU Classical,/classic,configured_stream,48752,"O Lamm Gottes unschuldig, BWV 656",Johann Sebastian Bach,,,,,,,470.827,"H:\RadioTEDU Songs\Classical\Johann Sebastian Bach\Orgelwerke auf Silbermann-Orgeln\04-06 O Lamm Gottes unschuldig, BWV 656.flac",1,1,470.35,2026-08-25 20:55:32,2026-08-25 20:55:32
1,RadioTEDU Classical,/classic,configured_stream,49041,"Oboe Concerto in C major, K. 314: I. Allegro aperto",Wolfgang Amadeus Mozart,,,,,,,448.547,"H:\RadioTEDU Songs\Classical\Mozart; Il Pomo d’Oro, Maxim Emelyanychev, Ivan Podyomov\Symphonies 29 & 40 _ Oboe Concerto\05 Oboe Concerto in C major, K. 314_ I. Allegro aperto (1).flac",1,1,449.326,2026-08-25 03:41:54,2026-08-25 03:41:54
1,RadioTEDU Classical,/classic,configured_stream,48822,"On the Beautiful Blue Danube, op. 314",Johann Strauss II,,,,,,,351.107,"H:\RadioTEDU Songs\Classical\London Philharmonic Orchestra\The 50 Greatest Pieces of Classical Music\17 Johann Strauss II - On the Beautiful Blue Danube, op. 314.flac",1,1,348.404,2026-08-25 05:27:24,2026-08-25 05:27:24
1,RadioTEDU Classical,/classic,configured_stream,48741,"Orchestersuite no. 1 C‐dur, BWV 1066: VII. Passepied I - alternativement Passepied II",Johann Sebastian Bach,,,,,,,218.8,"H:\RadioTEDU Songs\Classical\Johann Sebastian Bach\Die kompletten Werke von Johann Sebastian Bach (Die Edition Bachakademie)\158-07 Johann Sebastian Bach - Orchestersuite no. 1 C‐dur, BWV 1066_ VII. Passepied I - alternativement Passepied II.flac",1,1,216.708,2026-08-25 03:45:42,2026-08-25 03:45:42
1,RadioTEDU Classical,/classic,configured_stream,48812,"Orchestral Suite no. 3 in D major, BWV 1068: II. Air",Johann Sebastian Bach,,,,,,,254.427,"H:\RadioTEDU Songs\Classical\London Philharmonic Orchestra\The 50 Greatest Pieces of Classical Music\09 Johann Sebastian Bach - Orchestral Suite no. 3 in D major, BWV 1068_ II. Air.flac",1,1,254.586,2026-08-25 10:51:56,2026-08-25 10:51:56
1,RadioTEDU Classical,/classic,configured_stream,48813,"Orchestral Suite no. 3 in D major, BWV 1068: II. Air",Johann Sebastian Bach,,,,,,,254.427,"H:\RadioTEDU Songs\Classical\London Philharmonic Orchestra\The 50 Greatest Pieces of Classical Music\09 Johann Sebastian Bach - Orchestral Suite no. 3 in D major, BWV 1068_ II. Air.mp3",1,1,251.633,2026-08-25 13:55:51,2026-08-25 13:55:51
1,RadioTEDU Classical,/classic,configured_stream,48775,Pacific Visions,Kenneth Fuchs,,,,,,,504.053,"H:\RadioTEDU Songs\Classical\Kenneth Fuchs; Adam Walker, Sinfonia of London, John Wilson\Orchestral Works, Volume 1\05 Pacific Visions.flac",1,1,504.353,2026-08-25 04:49:16,2026-08-25 04:49:16
1,RadioTEDU Classical,/classic,configured_stream,48548,"Partita E‐Dur, BWV 1006a: II. Loure",Johann Sebastian Bach,,,,,,,209.333,"H:\RadioTEDU Songs\Classical\Johann Sebastian Bach; Robert Hill\Original und Bearbeitung\2-02 Partita E‐Dur, BWV 1006a_ II. Loure.flac",1,1,208.258,2026-08-25 07:53:09,2026-08-25 07:53:09
1,RadioTEDU Classical,/classic,configured_stream,48259,"Partita für Violine no. 3 E‐dur, BWV 1006: I. Preludio",Johann Sebastian Bach,,,,,,,224.573,"H:\RadioTEDU Songs\Classical\Johann Sebastian Bach; Dimitri Sitkovetsky\Sonaten und Partiten für Violine solo, BWV 1001–1006\2-10 Partita für Violine no. 3 E‐dur, BWV 1006_ I. Preludio.flac",1,1,222.631,2026-08-25 21:50:46,2026-08-25 21:50:46
1,RadioTEDU Classical,/classic,configured_stream,48536,Partita g‐Moll nach BWV 1004: III. Sarabanda,Johann Sebastian Bach,,,,,,,243.16,H:\RadioTEDU Songs\Classical\Johann Sebastian Bach; Robert Hill\Original und Bearbeitung\1-03 Partita g‐Moll nach BWV 1004_ III. Sarabanda.flac,1,1,240.54,2026-08-25 03:23:07,2026-08-25 03:23:07
1,RadioTEDU Classical,/classic,configured_stream,48538,Partita g‐Moll nach BWV 1004: V. Ciaccona,Johann Sebastian Bach,,,,,,,760.667,H:\RadioTEDU Songs\Classical\Johann Sebastian Bach; Robert Hill\Original und Bearbeitung\1-05 Partita g‐Moll nach BWV 1004_ V. Ciaccona.flac,1,1,757.896,2026-08-25 13:06:34,2026-08-25 13:06:34
1,RadioTEDU Classical,/classic,configured_stream,48847,"Pavane, op. 50",Gabriel Fauré,,,,,,,307.48,"H:\RadioTEDU Songs\Classical\London Philharmonic Orchestra\The 50 Greatest Pieces of Classical Music\41 Gabriel Fauré - Pavane, op. 50.flac",1,1,307.445,2026-08-25 07:34:27,2026-08-25 07:34:27
1,RadioTEDU Classical,/classic,configured_stream,48817,"Piano Concerto no. 21 in C major, K. 467: II. Andante",Wolfgang Amadeus Mozart,,,,,,,438.0,"H:\RadioTEDU Songs\Classical\London Philharmonic Orchestra\The 50 Greatest Pieces of Classical Music\13 Wolfgang Amadeus Mozart - Piano Concerto no. 21 in C major, K. 467_ II. Andante.flac",1,1,435.143,2026-08-25 19:10:12,2026-08-25 19:10:12
1,RadioTEDU Classical,/classic,configured_stream,49040,"Piano Concerto no. 27 in B-flat major, K. 595: I. Allegro",Wolfgang Amadeus Mozart,,,,,,,871.16,"H:\RadioTEDU Songs\Classical\Mozart; Anne Queffélec, Orchestre de chambre de Paris, Lio Kuokman\Piano Concertos no. 20, K. 466 _ no. 27, K. 595\04 Piano Concerto no. 27 in B-flat major, K. 595_ I. Allegro.flac",1,1,873.148,2026-08-25 15:37:45,2026-08-25 15:37:45
1,RadioTEDU Classical,/classic,configured_stream,48905,Piano Concerto no.3: I. Allegro con brio,Ludwig van Beethoven,,,,,,,954.0,"H:\RadioTEDU Songs\Classical\Ludwig van Beethoven; Vienna Philharmonic, Karl Böhm, Maurizio Pollini\Piano Concerto no.3\01 Piano Concerto no.3_ I. Allegro con brio.flac",1,1,951.174,2026-08-25 22:53:12,2026-08-25 22:53:12
1,RadioTEDU Classical,/classic,configured_stream,48828,"Pomp and Circumstance, op. 39: I. Land of Hope and Glory",Sir Edward Elgar,,,,,,,345.667,"H:\RadioTEDU Songs\Classical\London Philharmonic Orchestra\The 50 Greatest Pieces of Classical Music\23 Sir Edward Elgar - Pomp and Circumstance, op. 39_ I. Land of Hope and Glory.flac",1,1,345.637,2026-08-25 04:05:27,2026-08-25 04:05:27
1,RadioTEDU Classical,/classic,configured_stream,49295,"Poème Lyrique in D-flat major, Op. 12",Glazunov,,,,,,,735.64,"H:\RadioTEDU Songs\Classical\USSR State Symphony Orchestra, Evgeny Svetlanov\Historical Russian Archives_ Evgeny Svetlanov Edition\02-03 Glazunov - Poème Lyrique in D-flat major, Op. 12.mp3",1,1,733.481,2026-08-25 18:09:57,2026-08-25 18:09:57
1,RadioTEDU Classical,/classic,configured_stream,48629,"Prelude and Fughetta in D minor, BWV 899: I. Fughetta",Johann Sebastian Bach,,,,,,,81.333,"H:\RadioTEDU Songs\Classical\Johann Sebastian Bach\Bach Edition, Volume 13_ Keyboard Works_Klavierwerke, Volume II\11-22 Prelude and Fughetta in D minor, BWV 899_ I. Fughetta.flac",1,1,81.191,2026-08-25 21:21:38,2026-08-25 21:21:38
1,RadioTEDU Classical,/classic,configured_stream,49313,"Prelude in C-sharp minor, op. 3, no. 2",Сергей Васильевич Рахманинов,,,,,,,241.533,"H:\RadioTEDU Songs\Classical\William Kapell\William Kapell Edition\3-29 Сергей Васильевич Рахманинов - Prelude in C-sharp minor, op. 3, no. 2.flac",1,1,239.117,2026-08-25 16:58:27,2026-08-25 16:58:27
1,RadioTEDU Classical,/classic,configured_stream,48521,"Prelude in E minor, BWV 938",Johann Sebastian Bach,,,,,,,113.8,"H:\RadioTEDU Songs\Classical\Johann Sebastian Bach; Robert Hill\Bach as Teacher_ Keyboard Works from the Cöthen Period\2-26 Prelude in E minor, BWV 938.flac",1,1,111.146,2026-08-25 07:56:03,2026-08-25 07:56:03
1,RadioTEDU Classical,/classic,configured_stream,48479,"Prelude, Trio and Fugue in B flat major, BWV 545 Anh.II 45: II. Trio",Johann Sebastian Bach,,,,,,,335.0,"H:\RadioTEDU Songs\Classical\Johann Sebastian Bach; Peter Hurford\The Organ Works\15-12 Prelude, Trio and Fugue in B flat major, BWV 545 Anh.II 45_ II. Trio.flac",1,1,333.594,2026-08-25 09:08:03,2026-08-25 09:08:03
1,RadioTEDU Classical,/classic,configured_stream,48480,"Prelude, Trio and Fugue in B flat major, BWV 545 Anh.II 45: III. Fugue",Johann Sebastian Bach,,,,,,,286.84,"H:\RadioTEDU Songs\Classical\Johann Sebastian Bach; Peter Hurford\The Organ Works\15-13 Prelude, Trio and Fugue in B flat major, BWV 545 Anh.II 45_ III. Fugue.flac",1,1,286.564,2026-08-25 08:41:07,2026-08-25 08:41:07
1,RadioTEDU Classical,/classic,configured_stream,49104,Preludes op. 32 no.2 in B-flat minor: Allegretto,Сергей Васильевич Рахманинов,,,,,,,188.0,H:\RadioTEDU Songs\Classical\Rachmaninov; John Ogdon\Piano Works\1-12 Preludes op. 32 no.2 in B-flat minor_ Allegretto.flac,1,1,188.202,2026-08-25 08:04:46,2026-08-25 08:04:46
1,RadioTEDU Classical,/classic,configured_stream,49225,"Preludes, op. 23: No. 1 in F-sharp minor. Largo",Sergei Rachmaninov,,,,,,,178.0,"H:\RadioTEDU Songs\Classical\Sergei Rachmaninov; Andrei Nikolsky\Prelude, op. 2 no. 3 _ Preludes, op. 23 nos. 1-10 _ Corelli Variations, op. 42 _ Sonata no. 2, op. 36\02 Preludes, op. 23_ No. 1 in F-sharp minor. Largo.flac",1,1,179.324,2026-08-25 17:57:30,2026-08-25 17:57:30
1,RadioTEDU Classical,/classic,configured_stream,49228,"Preludes, op. 23: No. 4 in D major. Andante cantabile",Sergei Rachmaninov,,,,,,,269.0,"H:\RadioTEDU Songs\Classical\Sergei Rachmaninov; Andrei Nikolsky\Prelude, op. 2 no. 3 _ Preludes, op. 23 nos. 1-10 _ Corelli Variations, op. 42 _ Sonata no. 2, op. 36\05 Preludes, op. 23_ No. 4 in D major. Andante cantabile.flac",1,1,268.992,2026-08-25 16:05:01,2026-08-25 16:05:01
1,RadioTEDU Classical,/classic,configured_stream,49230,"Preludes, op. 23: No. 6 in E-flat major. Andante",Sergei Rachmaninov,,,,,,,173.0,"H:\RadioTEDU Songs\Classical\Sergei Rachmaninov; Andrei Nikolsky\Prelude, op. 2 no. 3 _ Preludes, op. 23 nos. 1-10 _ Corelli Variations, op. 42 _ Sonata no. 2, op. 36\07 Preludes, op. 23_ No. 6 in E-flat major. Andante.flac",1,1,173.144,2026-08-25 18:15:13,2026-08-25 18:15:13
1,RadioTEDU Classical,/classic,configured_stream,48764,Prologue,John Williams,,,,,,,132.37,H:\RadioTEDU Songs\Classical\John Williams\Harry Potter and the Philosopher’s Stone_ Music From and Inspired by the Motion Picture\1-01 Prologue (1).mp3,1,1,134.484,2026-08-25 18:42:40,2026-08-25 18:42:40
1,RadioTEDU Classical,/classic,configured_stream,48464,"Präludium und Fuge e‐Moll, BWV 548: I. Präludium",Johann Sebastian Bach,,,,,,,506.24,"H:\RadioTEDU Songs\Classical\Johann Sebastian Bach; Martin Lücker\Orgelwerke_ Leipziger Spätwerke\05 Präludium und Fuge e‐Moll, BWV 548_ I. Präludium.flac",1,1,506.063,2026-08-25 14:13:32,2026-08-25 14:13:32
1,RadioTEDU Classical,/classic,configured_stream,48465,"Präludium und Fuge e‐Moll, BWV 548: II. Fuge",Johann Sebastian Bach,,,,,,,526.96,"H:\RadioTEDU Songs\Classical\Johann Sebastian Bach; Martin Lücker\Orgelwerke_ Leipziger Spätwerke\06 Präludium und Fuge e‐Moll, BWV 548_ II. Fuge.flac",1,1,525.264,2026-08-25 03:13:13,2026-08-25 03:13:13
1,RadioTEDU Classical,/classic,configured_stream,48556,"Präludium, Fuge und Allegro in Es‐Dur, BWV 998: I. Prelude",Johann Sebastian Bach,,,,,,,234.133,"H:\RadioTEDU Songs\Classical\Johann Sebastian Bach; Robert Hill\Werke für das Lautenklavier\04 Präludium, Fuge und Allegro in Es‐Dur, BWV 998_ I. Prelude.flac",1,1,231.31,2026-08-25 11:34:39,2026-08-25 11:34:39
1,RadioTEDU Classical,/classic,configured_stream,48557,"Präludium, Fuge und Allegro in Es‐Dur, BWV 998: II. Fuga",Johann Sebastian Bach,,,,,,,368.867,"H:\RadioTEDU Songs\Classical\Johann Sebastian Bach; Robert Hill\Werke für das Lautenklavier\05 Präludium, Fuge und Allegro in Es‐Dur, BWV 998_ II. Fuga.flac",1,1,370.07,2026-08-25 01:31:25,2026-08-25 01:31:25
1,RadioTEDU Classical,/classic,configured_stream,48995,"Quintet for oboe, 3 horns and bassoon in E-flat major, Hess 19: III. Minuetto",Ludwig van Beethoven,,,,,,,53.187,"H:\RadioTEDU Songs\Classical\Ludwig van Beethoven\Complete Works\16-09 Ludwig van Beethoven - Quintet for oboe, 3 horns and bassoon in E-flat major, Hess 19_ III. Minuetto.flac",1,1,57.428,2026-08-25 13:09:56,2026-08-25 13:09:56
1,RadioTEDU Classical,/classic,configured_stream,49282,"Quintet for Strings in C minor, Op. 104: II. Andante cantabile con variazioni",Ludwig van Beethoven,,,,,,,484.64,"H:\RadioTEDU Songs\Classical\The Zurich String Quintet\String Quintets (Complete)\1-06 Quintet for Strings in C minor, Op. 104_ II. Andante cantabile con variazioni.flac",1,1,481.988,2026-08-25 17:06:28,2026-08-25 17:06:28
1,RadioTEDU Classical,/classic,configured_stream,48851,"Radetzky March, op. 228",Johann Strauss I,,,,,,,185.84,"H:\RadioTEDU Songs\Classical\London Philharmonic Orchestra\The 50 Greatest Pieces of Classical Music\44 Johann Strauss I - Radetzky March, op. 228.flac",1,1,185.914,2026-08-25 10:55:11,2026-08-25 10:55:11
1,RadioTEDU Classical,/classic,configured_stream,49328,River Flows in You,Yiruma,,,,,,,210.569,H:\RadioTEDU Songs\Classical\Yiruma\Solo\06 River Flows in You (1).flac,1,1,209.069,2026-08-25 17:34:50,2026-08-25 17:34:50
1,RadioTEDU Classical,/classic,configured_stream,49329,River Flows in You,Yiruma,,,,,,,210.569,H:\RadioTEDU Songs\Classical\Yiruma\Solo\06 River Flows in You.flac,1,1,213.427,2026-08-25 17:20:14,2026-08-25 17:20:14
1,RadioTEDU Classical,/classic,configured_stream,48977,"Romance cantabile for Piano, Flute, and Bassoon accompanied by two Oboes and Strings, Hess 13",Ludwig van Beethoven,,,,,,,292.0,"H:\RadioTEDU Songs\Classical\Ludwig van Beethoven\Complete Beethoven Edition, Volume 2_ Concertos\2-07 Romance cantabile for Piano, Flute, and Bassoon accompanied by two Oboes and Strings, Hess 13.flac",1,1,294.779,2026-08-25 13:41:12,2026-08-25 13:41:12
1,RadioTEDU Classical,/classic,configured_stream,49187,"Romance in F-sharp major (Einfach), op. 28/2",Robert Schumann,,,,,,,230.181,"H:\RadioTEDU Songs\Classical\Schumann, Schumann, Brahms; Benjamin Grosvenor\Schumann & Brahms\09 Robert Schumann - Romance in F-sharp major (Einfach), op. 28_2.mp3",1,1,231.597,2026-08-25 01:16:44,2026-08-25 01:16:44
1,RadioTEDU Classical,/classic,configured_stream,49300,"Salve Regina, RV 618",Antonio Vivaldi,,,,,,,807.684,"H:\RadioTEDU Songs\Classical\Vivaldi, Galuppi; Gérard Lesne, Il Seminario Musicale\Vivaldi _ Galuppi_ Salve Regina _ Motets\1-07 Antonio Vivaldi - Salve Regina, RV 618.mp3",1,1,812.905,2026-08-25 05:10:17,2026-08-25 05:10:17
1,RadioTEDU Classical,/classic,configured_stream,48795,"Sans frayeur dans ce bois, H. 467",Marc‐Antoine Charpentier,,,,,,,220.2,"H:\RadioTEDU Songs\Classical\Lea Desandre, Thomas Dunford\Idylle\12 Marc‐Antoine Charpentier - Sans frayeur dans ce bois, H. 467 (1).flac",1,1,217.587,2026-08-25 00:00:50,2026-08-25 00:00:50
1,RadioTEDU Classical,/classic,configured_stream,49031,Say Hello to Mr. Akers,Mikko Tarmia,,,,,,,57.761,H:\RadioTEDU Songs\Classical\Mikko Tarmia\Soma (Original Video Game Soundtrack)\13 Say Hello to Mr. Akers.flac,1,1,58.461,2026-08-25 17:51:34,2026-08-25 17:51:34
1,RadioTEDU Classical,/classic,configured_stream,48907,"Scene & aria: ""No, non turbati"" WoO 92a",Ludwig van Beethoven,,,,,,,379.0,"H:\RadioTEDU Songs\Classical\Ludwig van Beethoven\Beethoven - The Complete Works\70-06 Scene & aria_ _No, non turbati_ WoO 92a.flac",1,1,379.571,2026-08-25 08:47:27,2026-08-25 08:47:27
1,RadioTEDU Classical,/classic,configured_stream,48693,"Sei gegrüsset, Jesu gütig BWV 410",Johann Sebastian Bach,,,,,,,55.987,"H:\RadioTEDU Songs\Classical\Johann Sebastian Bach\Bach Edition, Volume 23_ Chorale _ Chorales\2-54 Sei gegrüsset, Jesu gütig BWV 410.flac",1,1,55.93,2026-08-25 08:01:26,2026-08-25 08:01:26
1,RadioTEDU Classical,/classic,configured_stream,48384,"Sinfonia in D major, BWV 1045",Johann Sebastian Bach,,,,,,,336.027,"H:\RadioTEDU Songs\Classical\Johann Sebastian Bach; Isabelle Faust, Muriel Cantoreggi, Christoph Poppen, Bach‐Collegium Stuttgart, Helmuth Rilling\Reconstructed Violin Concertos BWV 1052R, 1056R, 1064R, 1045\01 Sinfonia in D major, BWV 1045.flac",1,1,333.453,2026-08-25 10:44:59,2026-08-25 10:44:59
1,RadioTEDU Classical,/classic,configured_stream,47915,Sleeping Lotus,Joep Beving,,,,,,,152.006,H:\RadioTEDU Songs\Classical\Joep Beving\Solipsism\07 Sleeping Lotus.flac,1,1,150.04,2026-08-25 20:42:38,2026-08-25 20:42:38
1,RadioTEDU Classical,/classic,configured_stream,48541,"Sonata d‐Moll, BWV 964: III. Andante",Johann Sebastian Bach,,,,,,,266.333,"H:\RadioTEDU Songs\Classical\Johann Sebastian Bach; Robert Hill\Original und Bearbeitung\1-08 Sonata d‐Moll, BWV 964_ III. Andante.flac",1,1,263.657,2026-08-25 10:21:57,2026-08-25 10:21:57
1,RadioTEDU Classical,/classic,configured_stream,49320,"Sonata for Piano No. 14 in C minor, K. 457: II. Adagio",Wolfgang Amadeus Mozart,,,,,,,486.707,"H:\RadioTEDU Songs\Classical\Wolfgang Amadeus Mozart\Wolfgang Amadeus Mozart Premium Edition\33-06 Sonata for Piano No. 14 in C minor, K. 457_ II. Adagio.mp3",1,1,490.607,2026-08-25 05:57:13,2026-08-25 05:57:13
1,RadioTEDU Classical,/classic,configured_stream,48897,"Sonata for Piano no. 17 in D minor, op. 31 no. 2 “Tempest”: II. Adagio",Ludwig van Beethoven; Herbert Waltl,,,,,,,578.293,"H:\RadioTEDU Songs\Classical\Ludwig van Beethoven; Herbert Waltl\Sonata for Piano in D minor, op. 31 no. 17 “Tempest” _ Sonata for Piano in F minor, op. 57 no. 23 “Appassionata”\02 Sonata for Piano no. 17 in D minor, op. 31 no. 2 “Tempest”_ II. Adagio.mp3",1,1,578.227,2026-08-25 00:39:00,2026-08-25 00:39:00
1,RadioTEDU Classical,/classic,configured_stream,48878,"Sonata for Piano no. 2 in A major, op. 2 no. 2: IV. Rondo. Grazioso",Ludwig van Beethoven,,,,,,,419.0,"H:\RadioTEDU Songs\Classical\Ludwig van Beethoven; Claudio Arrau\Arrau Edition_ Beethoven\01-08 Sonata for Piano no. 2 in A major, op. 2 no. 2_ IV. Rondo. Grazioso.flac",1,1,416.307,2026-08-25 05:17:25,2026-08-25 05:17:25
1,RadioTEDU Classical,/classic,configured_stream,48879,"Sonata for Piano no. 3 in C major, op. 2 no. 3: III. Scherzo. Allegro",Ludwig van Beethoven,,,,,,,199.0,"H:\RadioTEDU Songs\Classical\Ludwig van Beethoven; Claudio Arrau\Arrau Edition_ Beethoven\02-03 Sonata for Piano no. 3 in C major, op. 2 no. 3_ III. Scherzo. Allegro.flac",1,1,199.291,2026-08-25 07:12:30,2026-08-25 07:12:30
1,RadioTEDU Classical,/classic,configured_stream,48982,"Sonata for Piano, WoO 47 no. 2 in F minor: I. Larghetto maestoso - Allegro assai",Ludwig van Beethoven,,,,,,,271.0,"H:\RadioTEDU Songs\Classical\Ludwig van Beethoven\Complete Beethoven Edition, Volume 6_ Piano Works\2-04 Sonata for Piano, WoO 47 no. 2 in F minor_ I. Larghetto maestoso - Allegro assai.flac",1,1,268.068,2026-08-25 04:13:59,2026-08-25 04:13:59
1,RadioTEDU Classical,/classic,configured_stream,48545,"Sonata G‐Dur, BWV 968: III. Largo",Johann Sebastian Bach,,,,,,,187.84,"H:\RadioTEDU Songs\Classical\Johann Sebastian Bach; Robert Hill\Original und Bearbeitung\1-12 Sonata G‐Dur, BWV 968_ III. Largo.flac",1,1,188.822,2026-08-25 00:03:58,2026-08-25 00:03:58
1,RadioTEDU Classical,/classic,configured_stream,49182,"Sonata In E Major, K. 206",Domenico Scarlatti,,,,,,,539.783,"H:\RadioTEDU Songs\Classical\Scarlatti; Lucas Debargue\52 Sonatas\1-01 Sonata In E Major, K. 206.flac",1,1,542.549,2026-08-25 14:04:53,2026-08-25 14:04:53
1,RadioTEDU Classical,/classic,configured_stream,48884,"Sonate nr. 6 A‐Dur, op. 30 nr. 1: II. Adagio molto espressivo",Ludwig van Beethoven,,,,,,,403.0,"H:\RadioTEDU Songs\Classical\Ludwig van Beethoven; Gidon Kremer, Martha Argerich\Violinsonaten nos. 6–8\02 Sonate nr. 6 A‐Dur, op. 30 nr. 1_ II. Adagio molto espressivo.flac",1,1,403.82,2026-08-25 06:57:55,2026-08-25 06:57:55
1,RadioTEDU Classical,/classic,configured_stream,48885,"Sonate nr. 6 A‐Dur, op. 30 nr. 1: III. Allegretto con variazioni (I–VI)",Ludwig van Beethoven,,,,,,,460.0,"H:\RadioTEDU Songs\Classical\Ludwig van Beethoven; Gidon Kremer, Martha Argerich\Violinsonaten nos. 6–8\03 Sonate nr. 6 A‐Dur, op. 30 nr. 1_ III. Allegretto con variazioni (I–VI).flac",1,1,457.304,2026-08-25 07:25:28,2026-08-25 07:25:28
1,RadioTEDU Classical,/classic,configured_stream,48888,"Sonate nr. 7 c‐Moll, op. 30 nr. 2: III. Scherzo. Allegro",Ludwig van Beethoven,,,,,,,216.0,"H:\RadioTEDU Songs\Classical\Ludwig van Beethoven; Gidon Kremer, Martha Argerich\Violinsonaten nos. 6–8\06 Sonate nr. 7 c‐Moll, op. 30 nr. 2_ III. Scherzo. Allegro.flac",1,1,216.566,2026-08-25 14:37:04,2026-08-25 14:37:04
1,RadioTEDU Classical,/classic,configured_stream,48892,"Sonate nr. 8 G‐Dur, op. 30 nr. 3: III. Allegro vivace",Ludwig van Beethoven,,,,,,,204.0,"H:\RadioTEDU Songs\Classical\Ludwig van Beethoven; Gidon Kremer, Martha Argerich\Violinsonaten nos. 6–8\10 Sonate nr. 8 G‐Dur, op. 30 nr. 3_ III. Allegro vivace.flac",1,1,202.722,2026-08-25 16:09:19,2026-08-25 16:09:19
1,RadioTEDU Classical,/classic,configured_stream,48794,Song of the Fisherwomen,"George Gurdjieff, Thomas de Hartmann",,,,,,,139.205,"H:\RadioTEDU Songs\Classical\Lavinia Meijer\Winter\11 George Gurdjieff, Thomas de Hartmann - Song of the Fisherwomen.mp3",1,1,136.383,2026-08-25 17:47:16,2026-08-25 17:47:16
1,RadioTEDU Classical,/classic,configured_stream,49145,"Souvenirs (Ballet Suite), op. 28: I. Waltz (The Lobby)",Samuel Barber,,,,,,,268.293,"H:\RadioTEDU Songs\Classical\Samuel Barber; James Buswell, Royal Scottish National Orchestra, Marin Alsop\Violin Concerto _ Music for a Scene From Shelley _ Souvenirs (Ballet Suite)\04 Souvenirs (Ballet Suite), op. 28_ I. Waltz (The Lobby).mp3",1,1,268.891,2026-08-25 09:18:16,2026-08-25 09:18:16
1,RadioTEDU Classical,/classic,configured_stream,49146,"Souvenirs (Ballet Suite), op. 28: IV. Two‐Step (Tea in the Palm Court)",Samuel Barber,,,,,,,108.619,"H:\RadioTEDU Songs\Classical\Samuel Barber; James Buswell, Royal Scottish National Orchestra, Marin Alsop\Violin Concerto _ Music for a Scene From Shelley _ Souvenirs (Ballet Suite)\07 Souvenirs (Ballet Suite), op. 28_ IV. Two‐Step (Tea in the Palm Court).mp3",1,1,105.992,2026-08-25 08:56:52,2026-08-25 08:56:52
1,RadioTEDU Classical,/classic,configured_stream,47612,Spiegel im Spiegel (version for viola and piano),Arvo Pärt,,,,,,,750.08,H:\RadioTEDU Songs\Classical\Arvo Pärt; Viktor Orri Árnason\Spiegel im Spiegel (version for viola and piano)\01 Spiegel im Spiegel (version for viola and piano).mp3,1,1,753.045,2026-08-25 22:05:47,2026-08-25 22:05:47
1,RadioTEDU Classical,/classic,configured_stream,49024,Spring 1,Max Richter,,,,,,,151.513,"H:\RadioTEDU Songs\Classical\Max Richter; Daniel Hope, Konzerthaus Kammerorchester Berlin, André de Ridder\Recomposed by Max Richter_ Vivaldi – The Four Seasons\02 Spring 1.flac",1,1,151.44,2026-08-25 14:17:06,2026-08-25 14:17:06
1,RadioTEDU Classical,/classic,configured_stream,49304,"Stabat Mater pour contre-ténor et orchestre en fa mineur, RV 621 : Eja mater",Antonio Vivaldi,,,,,,,191.618,"H:\RadioTEDU Songs\Classical\Vivaldi; Carlos Mena, François Fernandez, Philippe Pierlot, Ricercar Consort\Stabat Mater\13 Antonio Vivaldi - Stabat Mater pour contre-ténor et orchestre en fa mineur, RV 621 _ Eja mater (1).mp3",1,1,191.965,2026-08-25 19:02:43,2026-08-25 19:02:43
1,RadioTEDU Classical,/classic,configured_stream,49305,"Stabat Mater pour contre-ténor et orchestre en fa mineur, RV 621 : Eja mater",Antonio Vivaldi,,,,,,,191.618,"H:\RadioTEDU Songs\Classical\Vivaldi; Carlos Mena, François Fernandez, Philippe Pierlot, Ricercar Consort\Stabat Mater\13 Antonio Vivaldi - Stabat Mater pour contre-ténor et orchestre en fa mineur, RV 621 _ Eja mater.mp3",1,1,188.873,2026-08-25 17:37:58,2026-08-25 17:37:58
1,RadioTEDU Classical,/classic,configured_stream,49195,Stars In Her Skies,Scott Buckley,,,,,,,277.177,H:\RadioTEDU Songs\Classical\Scott Buckley\Library Songs 1\01 Stars In Her Skies.mp3,1,1,275.413,2026-08-25 14:33:28,2026-08-25 14:33:28
1,RadioTEDU Classical,/classic,configured_stream,48750,Suite E Major BWV 1006a (after BWV 1006) Loure,Johann Sebastian Bach,,,,,,,318.933,H:\RadioTEDU Songs\Classical\Johann Sebastian Bach\Johann Sebastian Bach Arrangements for Lute (lute_ Oliver Holzenburg)\09 Suite E Major BWV 1006a (after BWV 1006) Loure.flac,1,1,316.902,2026-08-25 04:22:17,2026-08-25 04:22:17
1,RadioTEDU Classical,/classic,configured_stream,48631,"Suite in A minor, BWV 818: II. Courante",Johann Sebastian Bach,,,,,,,75.893,"H:\RadioTEDU Songs\Classical\Johann Sebastian Bach\Bach Edition, Volume 13_ Keyboard Works_Klavierwerke, Volume II\11-26 Suite in A minor, BWV 818_ II. Courante.flac",1,1,76.104,2026-08-25 09:13:38,2026-08-25 09:13:38
1,RadioTEDU Classical,/classic,configured_stream,48634,"Suite in A minor, BWV 818: V. Gigue",Johann Sebastian Bach,,,,,,,158.44,"H:\RadioTEDU Songs\Classical\Johann Sebastian Bach\Bach Edition, Volume 13_ Keyboard Works_Klavierwerke, Volume II\11-29 Suite in A minor, BWV 818_ V. Gigue.flac",1,1,156.672,2026-08-25 10:11:11,2026-08-25 10:11:11
1,RadioTEDU Classical,/classic,configured_stream,48621,"Suite in A minor, BWV 818a: I. Prelude",Johann Sebastian Bach,,,,,,,130.933,"H:\RadioTEDU Songs\Classical\Johann Sebastian Bach\Bach Edition, Volume 13_ Keyboard Works_Klavierwerke, Volume II\10-18 Suite in A minor, BWV 818a_ I. Prelude.flac",1,1,131.144,2026-08-25 05:21:20,2026-08-25 05:21:20
1,RadioTEDU Classical,/classic,configured_stream,48623,"Suite in A minor, BWV 818a: III. Courante",Johann Sebastian Bach,,,,,,,76.507,"H:\RadioTEDU Songs\Classical\Johann Sebastian Bach\Bach Edition, Volume 13_ Keyboard Works_Klavierwerke, Volume II\10-20 Suite in A minor, BWV 818a_ III. Courante.flac",1,1,76.642,2026-08-25 11:24:35,2026-08-25 11:24:35
1,RadioTEDU Classical,/classic,configured_stream,48624,"Suite in A minor, BWV 818a: IV. Sarabande",Johann Sebastian Bach,,,,,,,219.333,"H:\RadioTEDU Songs\Classical\Johann Sebastian Bach\Bach Edition, Volume 13_ Keyboard Works_Klavierwerke, Volume II\10-21 Suite in A minor, BWV 818a_ IV. Sarabande.flac",1,1,216.568,2026-08-25 14:52:02,2026-08-25 14:52:02
1,RadioTEDU Classical,/classic,configured_stream,48569,"Suite in c‐Moll, BWV 997: I. Prelude",Johann Sebastian Bach,,,,,,,237.933,"H:\RadioTEDU Songs\Classical\Johann Sebastian Bach; Robert Hill\Werke für das Lautenklavier\20 Suite in c‐Moll, BWV 997_ I. Prelude.flac",1,1,238.139,2026-08-25 19:49:12,2026-08-25 19:49:12
1,RadioTEDU Classical,/classic,configured_stream,48572,"Suite in c‐Moll, BWV 997: IV. Gigue",Johann Sebastian Bach,,,,,,,167.107,"H:\RadioTEDU Songs\Classical\Johann Sebastian Bach; Robert Hill\Werke für das Lautenklavier\23 Suite in c‐Moll, BWV 997_ IV. Gigue.flac",1,1,164.241,2026-08-25 02:25:30,2026-08-25 02:25:30
1,RadioTEDU Classical,/classic,configured_stream,48573,"Suite in c‐Moll, BWV 997: V. Double",Johann Sebastian Bach,,,,,,,156.587,"H:\RadioTEDU Songs\Classical\Johann Sebastian Bach; Robert Hill\Werke für das Lautenklavier\24 Suite in c‐Moll, BWV 997_ V. Double.flac",1,1,153.944,2026-08-25 00:17:51,2026-08-25 00:17:51
1,RadioTEDU Classical,/classic,configured_stream,48626,"Suite in E-flat major, BWV 819: II. Allemande, BWV 819a",Johann Sebastian Bach,,,,,,,223.04,"H:\RadioTEDU Songs\Classical\Johann Sebastian Bach\Bach Edition, Volume 13_ Keyboard Works_Klavierwerke, Volume II\11-10 Suite in E-flat major, BWV 819_ II. Allemande, BWV 819a.flac",1,1,220.139,2026-08-25 06:46:29,2026-08-25 06:46:29
1,RadioTEDU Classical,/classic,configured_stream,48560,"Suite in e‐Moll, BWV 996: II. Allemande",Johann Sebastian Bach,,,,,,,200.333,"H:\RadioTEDU Songs\Classical\Johann Sebastian Bach; Robert Hill\Werke für das Lautenklavier\08 Suite in e‐Moll, BWV 996_ II. Allemande.flac",1,1,197.659,2026-08-25 10:26:17,2026-08-25 10:26:17
1,RadioTEDU Classical,/classic,configured_stream,48562,"Suite in e‐Moll, BWV 996: IV. Sarabande",Johann Sebastian Bach,,,,,,,222.907,"H:\RadioTEDU Songs\Classical\Johann Sebastian Bach; Robert Hill\Werke für das Lautenklavier\10 Suite in e‐Moll, BWV 996_ IV. Sarabande.flac",1,1,221.22,2026-08-25 03:49:24,2026-08-25 03:49:24
1,RadioTEDU Classical,/classic,configured_stream,48824,"Swan Lake Suite, op. 20: Scéne",Пётр Ильич Чайковский,,,,,,,181.667,"H:\RadioTEDU Songs\Classical\London Philharmonic Orchestra\The 50 Greatest Pieces of Classical Music\19 Пётр Ильич Чайковский - Swan Lake Suite, op. 20_ Scéne.flac",1,1,181.964,2026-08-25 22:27:12,2026-08-25 22:27:12
1,RadioTEDU Classical,/classic,configured_stream,49106,"Symphony no. 3 in A minor, op. 44: II. Adagio ma non troppo - Allegro vivace",Сергей Васильевич Рахманинов,,,,,,,735.667,"H:\RadioTEDU Songs\Classical\Rachmaninov; St. Petersburg Philharmonic Orchestra, Mariss Jansons\Symphony no. 3 _ Symphonic Dances\02 Symphony no. 3 in A minor, op. 44_ II. Adagio ma non troppo - Allegro vivace.flac",1,1,732.913,2026-08-25 23:28:37,2026-08-25 23:28:37
1,RadioTEDU Classical,/classic,configured_stream,48839,"Symphony no. 40 in G minor, K. 550: I. Allegro molto",Wolfgang Amadeus Mozart,,,,,,,422.413,"H:\RadioTEDU Songs\Classical\London Philharmonic Orchestra\The 50 Greatest Pieces of Classical Music\33 Wolfgang Amadeus Mozart - Symphony no. 40 in G minor, K. 550_ I. Allegro molto.flac",1,1,422.271,2026-08-25 05:48:53,2026-08-25 05:48:53
1,RadioTEDU Classical,/classic,configured_stream,48859,Symphony no. 5: IV. Adagietto,Gustav Mahler,,,,,,,660.707,H:\RadioTEDU Songs\Classical\London Philharmonic Orchestra\The 50 Greatest Pieces of Classical Music\50 Gustav Mahler - Symphony no. 5_ IV. Adagietto.mp3,1,1,661.186,2026-08-25 23:48:54,2026-08-25 23:48:54
1,RadioTEDU Classical,/classic,configured_stream,48830,"Symphony no. 9 in D minor, op. 125 ""Choral"": Ode an die Freude",Ludwig van Beethoven,,,,,,,152.613,"H:\RadioTEDU Songs\Classical\London Philharmonic Orchestra\The 50 Greatest Pieces of Classical Music\25 Ludwig van Beethoven - Symphony no. 9 in D minor, op. 125 _Choral__ Ode an die Freude.flac",1,1,150.421,2026-08-25 20:31:36,2026-08-25 20:31:36
1,RadioTEDU Classical,/classic,configured_stream,48821,"Symphony no. 9 in E minor, op. 95 ""From the New World"": II. Largo",Antonín Dvořák,,,,,,,769.453,"H:\RadioTEDU Songs\Classical\London Philharmonic Orchestra\The 50 Greatest Pieces of Classical Music\16 Antonín Dvořák - Symphony no. 9 in E minor, op. 95 _From the New World__ II. Largo.flac",1,1,771.024,2026-08-25 15:23:02,2026-08-25 15:23:02
1,RadioTEDU Classical,/classic,configured_stream,49089,"Ten Preludes, op. 23: No. 10 in G-flat major",Sergei Rachmaninov,,,,,,,250.76,"H:\RadioTEDU Songs\Classical\Rachmaninov; Howard Shelley\Ten Preludes, op. 23 _ Morceaux de Fantaisie, op. 3\10 Ten Preludes, op. 23_ No. 10 in G-flat major.flac",1,1,250.616,2026-08-25 13:15:46,2026-08-25 13:15:46
1,RadioTEDU Classical,/classic,configured_stream,48820,Thaïs: Meditation,Jules Massenet,,,,,,,301.093,H:\RadioTEDU Songs\Classical\London Philharmonic Orchestra\The 50 Greatest Pieces of Classical Music\15 Jules Massenet - Thaïs_ Meditation.mp3,1,1,301.109,2026-08-25 11:01:01,2026-08-25 11:01:01
1,RadioTEDU Classical,/classic,configured_stream,48834,The Barber of Seville: Overture,Gioachino Rossini,,,,,,,418.467,H:\RadioTEDU Songs\Classical\London Philharmonic Orchestra\The 50 Greatest Pieces of Classical Music\29 Gioachino Rossini - The Barber of Seville_ Overture.flac,1,1,416.355,2026-08-25 08:11:42,2026-08-25 08:11:42
1,RadioTEDU Classical,/classic,configured_stream,48754,The Blue Danube Waltz,Johann Strauss II,,,,,,,658.703,H:\RadioTEDU Songs\Classical\Johann Strauss II\Great Strauss Waltzes\08 Johann Strauss II - The Blue Danube Waltz (1).mp3,1,1,669.026,2026-08-25 10:05:46,2026-08-25 10:05:46
1,RadioTEDU Classical,/classic,configured_stream,48755,The Blue Danube Waltz,Johann Strauss II,,,,,,,658.703,H:\RadioTEDU Songs\Classical\Johann Strauss II\Great Strauss Waltzes\08 Johann Strauss II - The Blue Danube Waltz.mp3,1,1,655.956,2026-08-25 07:49:40,2026-08-25 07:49:40
1,RadioTEDU Classical,/classic,configured_stream,49290,The Cloud Atlas Sextet for Orchestra,"Tom Tykwer, Johnny Klimek & Reinhold Heil",,,,,,,297.215,"H:\RadioTEDU Songs\Classical\Tom Tykwer, Johnny Klimek & Reinhold Heil\Cloud Atlas_ Original Motion Picture Soundtrack\22 The Cloud Atlas Sextet for Orchestra (1).mp3",1,1,300.362,2026-08-25 17:30:09,2026-08-25 17:30:09
1,RadioTEDU Classical,/classic,configured_stream,49336,The End,Zbigniew Preisner,,,,,,,147.304,H:\RadioTEDU Songs\Classical\Zbigniew Preisner\Trois couleurs _ Blanc\21 The End.mp3,1,1,145.312,2026-08-25 20:47:39,2026-08-25 20:47:39
1,RadioTEDU Classical,/classic,configured_stream,49105,"The Isle of the Dead, symphonic poem, op. 29",Сергей Васильевич Рахманинов,,,,,,,1187.56,"H:\RadioTEDU Songs\Classical\Rachmaninov; St. Petersburg Philharmonic Orchestra, Mariss Jansons\Symphony no. 1 _ Isle of the Dead\05 The Isle of the Dead, symphonic poem, op. 29.flac",1,1,1184.694,2026-08-25 06:39:40,2026-08-25 06:39:40
1,RadioTEDU Classical,/classic,configured_stream,48845,"The Messiah, HWV 56: Hallelujah Chorus",Georg Friedrich Händel,,,,,,,212.173,"H:\RadioTEDU Songs\Classical\London Philharmonic Orchestra\The 50 Greatest Pieces of Classical Music\39 Georg Friedrich Händel - The Messiah, HWV 56_ Hallelujah Chorus.flac",1,1,215.744,2026-08-25 12:21:05,2026-08-25 12:21:05
1,RadioTEDU Classical,/classic,configured_stream,49079,"The Seasons, op. 37b: X. October “Autumn Song”",Pyotr Ilyich Tchaikovsky arr. A. Gauk,,,,,,,285.187,"H:\RadioTEDU Songs\Classical\Pyotr Ilyich Tchaikovsky; Detroit Symphony Orchestra, Neeme Järvi\Suite no. 4 “Mozartiana” _ The Seasons\24 Pyotr Ilyich Tchaikovsky arr. A. Gauk - The Seasons, op. 37b_ X. October “Autumn Song”.mp3",1,1,287.166,2026-08-25 09:02:18,2026-08-25 09:02:18
1,RadioTEDU Classical,/classic,configured_stream,49344,"The Tempest, Op. 18: I. Andante con moto","Пётр Ильич Чайковский, BBC Scottish Symphony Orchestra & Alpesh Chauhan",,,,,,,223.787,"H:\RadioTEDU Songs\Classical\Пётр Ильич Чайковский, BBC Scottish Symphony Orchestra & Alpesh Chauhan\Tchaikovsky_ The Tempest, Francesca da Rimini, The Voyevoda, Overture and Polonaise from 'Cherevichki'\02 The Tempest, Op. 18_ I. Andante con moto (1).flac",1,1,222.264,2026-08-25 18:33:40,2026-08-25 18:33:40
1,RadioTEDU Classical,/classic,configured_stream,48770,"The Theory of Everything (From ""The Theory of Everything"")",Jóhann Jóhannsson,,,,,,,91.292,H:\RadioTEDU Songs\Classical\Jóhann Jóhannsson; Alice Sara Ott\Jóhann Jóhannsson_ Piano Works – Film Themes\02 The Theory of Everything (From _The Theory of Everything_).flac,1,1,90.541,2026-08-25 07:36:07,2026-08-25 07:36:07
1,RadioTEDU Classical,/classic,configured_stream,49070,The Truman Show: Truman Sleeps,Philip Glass,,,,,,,160.46,H:\RadioTEDU Songs\Classical\Philip Glass; Valentina Lisitsa\Valentina Lisitsa plays Philip Glass_ The Hours _ Metamorphosis _ Mad Rush\02 The Truman Show_ Truman Sleeps.flac,1,1,164.514,2026-08-25 12:12:48,2026-08-25 12:12:48
1,RadioTEDU Classical,/classic,configured_stream,48808,The Valkyrie: Ride of the Valkyries,Richard Wagner,,,,,,,311.32,H:\RadioTEDU Songs\Classical\London Philharmonic Orchestra\The 50 Greatest Pieces of Classical Music\05 Richard Wagner - The Valkyrie_ Ride of the Valkyries.flac,1,1,311.571,2026-08-25 07:17:41,2026-08-25 07:17:41
1,RadioTEDU Classical,/classic,configured_stream,49252,The Wanderer,Stephan Moccio,,,,,,,210.14,"H:\RadioTEDU Songs\Classical\Stephan Moccio\Legends, Myths and Lavender\03 The Wanderer.flac",1,1,214.217,2026-08-25 02:08:26,2026-08-25 02:08:26
1,RadioTEDU Classical,/classic,configured_stream,49264,Three Pieces for String Quartet: I.,Igor Stravinsky,,,,,,,55.413,"H:\RadioTEDU Songs\Classical\Stravinsky; Isabelle Faust, Les Siècles, François‐Xavier Roth\Violin Concerto _ Chamber Works\06 Three Pieces for String Quartet_ I. (1).flac",1,1,55.373,2026-08-25 06:02:03,2026-08-25 06:02:03
1,RadioTEDU Classical,/classic,configured_stream,49265,Three Pieces for String Quartet: I.,Igor Stravinsky,,,,,,,55.413,"H:\RadioTEDU Songs\Classical\Stravinsky; Isabelle Faust, Les Siècles, François‐Xavier Roth\Violin Concerto _ Chamber Works\06 Three Pieces for String Quartet_ I..flac",1,1,56.609,2026-08-25 17:54:12,2026-08-25 17:54:12
1,RadioTEDU Classical,/classic,configured_stream,48420,"Toccata un Fuge d-Moll, BWV 565: II. Fuge",Johann Sebastian Bach,,,,,,,358.52,"H:\RadioTEDU Songs\Classical\Johann Sebastian Bach; Kay Johannsen\Organ Works_ The Young Bach - A Virtuoso\22 Toccata un Fuge d-Moll, BWV 565_ II. Fuge.flac",1,1,355.702,2026-08-25 12:39:17,2026-08-25 12:39:17
1,RadioTEDU Classical,/classic,configured_stream,48636,"Trio Sonata in G major, BWV 1038: II. Vivace",Johann Sebastian Bach,,,,,,,54.32,"H:\RadioTEDU Songs\Classical\Johann Sebastian Bach\Bach Edition, Volume 16_ Chamber Music_Kammermusik\14-13 Trio Sonata in G major, BWV 1038_ II. Vivace.flac",1,1,57.051,2026-08-25 14:14:35,2026-08-25 14:14:35
1,RadioTEDU Classical,/classic,configured_stream,48451,"Trio Sonata no. 4 in E minor, BWV 528: II. Andante",Johann Sebastian Bach,,,,,,,300.267,"H:\RadioTEDU Songs\Classical\Johann Sebastian Bach; Kay Johannsen\Trio Sonatas\11 Trio Sonata no. 4 in E minor, BWV 528_ II. Andante.flac",1,1,300.797,2026-08-25 01:02:35,2026-08-25 01:02:35
1,RadioTEDU Classical,/classic,configured_stream,48398,"Triosonate für Orgel Nr. 1 Es‐Dur, BWV 525: I. (Allegro)",Johann Sebastian Bach,,,,,,,192.2,"H:\RadioTEDU Songs\Classical\Johann Sebastian Bach; Kay Johannsen\Organ Works_ Six Sonatas, BWV 525-530\01 Triosonate für Orgel Nr. 1 Es‐Dur, BWV 525_ I. (Allegro).flac",1,1,189.534,2026-08-25 01:19:54,2026-08-25 01:19:54
1,RadioTEDU Classical,/classic,configured_stream,49076,"Turandot: Act II: Scene 2, “In questa Reggia”",Giacomo Puccini,,,,,,,166.107,"H:\RadioTEDU Songs\Classical\Puccini; Radvanovsky, Kaufmann, Jaho, Orchestra e Coro dell’Accademia di Santa Cecilia, Antonio Pappano\Turandot\27 Turandot_ Act II_ Scene 2, “In questa Reggia” (1).flac",1,1,163.298,2026-08-25 18:40:26,2026-08-25 18:40:26
1,RadioTEDU Classical,/classic,configured_stream,49077,"Turandot: Act II: Scene 2, “In questa Reggia”",Giacomo Puccini,,,,,,,166.107,"H:\RadioTEDU Songs\Classical\Puccini; Radvanovsky, Kaufmann, Jaho, Orchestra e Coro dell’Accademia di Santa Cecilia, Antonio Pappano\Turandot\27 Turandot_ Act II_ Scene 2, “In questa Reggia”.flac",1,1,164.116,2026-08-25 04:56:45,2026-08-25 04:56:45
1,RadioTEDU Classical,/classic,configured_stream,49057,Valadier,"Olivia Belli, Louisa Fuller, John Metcalfe & Chris Worsey",,,,,,,230.975,"H:\RadioTEDU Songs\Classical\Olivia Belli\Intermundia\04 Olivia Belli, Louisa Fuller, John Metcalfe & Chris Worsey - Valadier.mp3",1,1,231.376,2026-08-25 12:16:39,2026-08-25 12:16:39
1,RadioTEDU Classical,/classic,configured_stream,48411,"Vater unser im Himmelreich, BWV 737",Johann Sebastian Bach,,,,,,,150.227,"H:\RadioTEDU Songs\Classical\Johann Sebastian Bach; Kay Johannsen\Organ Works_ The Young Bach - A Virtuoso\13 Vater unser im Himmelreich, BWV 737.flac",1,1,148.392,2026-08-25 12:45:23,2026-08-25 12:45:23
1,RadioTEDU Classical,/classic,configured_stream,47584,"Violin Concerto in F major, op. 4 no. 9: III. Allegro",Antonio Vivaldi,,,,,,,136.241,"H:\RadioTEDU Songs\Classical\Antonio Vivaldi; Rachel Podger, Arte dei Suonatori\La Stravaganza\2-10 Violin Concerto in F major, op. 4 no. 9_ III. Allegro (1).mp3",1,1,135.514,2026-08-25 02:41:21,2026-08-25 02:41:21
1,RadioTEDU Classical,/classic,configured_stream,47881,"Violin Concerto no. 2 in G minor, op. 63: III. Allegro, ben marcato",Сергей Сергеевич Прокофьев,,,,,,,365.067,"H:\RadioTEDU Songs\Classical\Henryk Szeryng\Complete Philips, Mercury and Deutsche Grammophon Recordings\36-06 Сергей Сергеевич Прокофьев - Violin Concerto no. 2 in G minor, op. 63_ III. Allegro, ben marcato.flac",1,1,364.945,2026-08-25 02:37:46,2026-08-25 02:37:46
1,RadioTEDU Classical,/classic,configured_stream,47856,Violin Concerto no. 2 “The American Four Seasons”: 8 Movement IV,Philip Glass,,,,,,,425.198,"H:\RadioTEDU Songs\Classical\Glass, Pärt, Kancheli, Umebayashi; Gidon Kremer, Kremerata Baltica\New Seasons\08 Philip Glass - Violin Concerto no. 2 “The American Four Seasons”_ 8 Movement IV.flac",1,1,423.523,2026-08-25 21:43:03,2026-08-25 21:43:03
1,RadioTEDU Classical,/classic,configured_stream,49143,"Violin Concerto, op. 14: I. Allegro",Samuel Barber,,,,,,,618.14,"H:\RadioTEDU Songs\Classical\Samuel Barber; James Buswell, Royal Scottish National Orchestra, Marin Alsop\Violin Concerto _ Music for a Scene From Shelley _ Souvenirs (Ballet Suite)\01 Violin Concerto, op. 14_ I. Allegro.mp3",1,1,616.998,2026-08-25 13:51:39,2026-08-25 13:51:39
1,RadioTEDU Classical,/classic,configured_stream,49015,"Violin Sonata in F major, op. 24 “Spring”: II. Adagio molto espressivo",Ludwig van Beethoven,,,,,,,367.733,"H:\RadioTEDU Songs\Classical\Ludwig van Beethoven\The Complete Masterworks\22-02 Violin Sonata in F major, op. 24 “Spring”_ II. Adagio molto espressivo.mp3",1,1,365.746,2026-08-25 05:33:29,2026-08-25 05:33:29
1,RadioTEDU Classical,/classic,configured_stream,48893,"Violin Sonata no. 10 in G major, op. 96: I. Allegro moderato",Ludwig van Beethoven,,,,,,,634.0,"H:\RadioTEDU Songs\Classical\Ludwig van Beethoven; Gidon Kremer, Martha Argerich\Violinsonaten nos. 9 “Kreuzer” & 10\04 Violin Sonata no. 10 in G major, op. 96_ I. Allegro moderato.flac",1,1,635.434,2026-08-25 20:06:45,2026-08-25 20:06:45
1,RadioTEDU Classical,/classic,configured_stream,48895,"Violin Sonata no. 10 in G major, op. 96: III. Scherzo. Allegro",Ludwig van Beethoven,,,,,,,116.307,"H:\RadioTEDU Songs\Classical\Ludwig van Beethoven; Gidon Kremer, Martha Argerich\Violinsonaten nos. 9 “Kreuzer” & 10\06 Violin Sonata no. 10 in G major, op. 96_ III. Scherzo. Allegro.flac",1,1,114.184,2026-08-25 00:29:22,2026-08-25 00:29:22
1,RadioTEDU Classical,/classic,configured_stream,48896,"Violin Sonata no. 10 in G major, op. 96: IV. Poco allegretto",Ludwig van Beethoven,,,,,,,503.0,"H:\RadioTEDU Songs\Classical\Ludwig van Beethoven; Gidon Kremer, Martha Argerich\Violinsonaten nos. 9 “Kreuzer” & 10\07 Violin Sonata no. 10 in G major, op. 96_ IV. Poco allegretto.flac",1,1,503.195,2026-08-25 08:20:09,2026-08-25 08:20:09
1,RadioTEDU Classical,/classic,configured_stream,48767,Vivrai je tousjours,Josquin des Prez,,,,,,,188.587,H:\RadioTEDU Songs\Classical\Josquin des Prez; Stile Antico\The Golden Renaissance_ Josquin des Prez\08 Josquin des Prez - Vivrai je tousjours.flac,1,1,186.202,2026-08-25 08:27:36,2026-08-25 08:27:36
1,RadioTEDU Classical,/classic,configured_stream,49087,"Vocalise, op. 34 no. 14",Serguey Rachmaninov,,,,,,,405.107,"H:\RadioTEDU Songs\Classical\Rachmaninov; Alexander Ivashkin, Rustem Hayroudinoff\Complete Works for Cello and Piano\06 Serguey Rachmaninov - Vocalise, op. 34 no. 14 (1).mp3",1,1,402.227,2026-08-25 11:57:23,2026-08-25 11:57:23
1,RadioTEDU Classical,/classic,configured_stream,48642,Von Gott will ich nicht lassen BWV 417,Johann Sebastian Bach,,,,,,,55.68,"H:\RadioTEDU Songs\Classical\Johann Sebastian Bach\Bach Edition, Volume 17_ Vocal Works _ Vokalwerke Vol.II\6-22 Von Gott will ich nicht lassen BWV 417.flac",1,1,57.535,2026-08-25 07:38:35,2026-08-25 07:38:35
1,RadioTEDU Classical,/classic,configured_stream,48467,"Vor deinen Thron tret ich hiermit, BWV 668",Johann Sebastian Bach,,,,,,,397.08,"H:\RadioTEDU Songs\Classical\Johann Sebastian Bach; Martin Lücker\Orgelwerke_ Leipziger Spätwerke\13 Vor deinen Thron tret ich hiermit, BWV 668.flac",1,1,396.986,2026-08-25 19:21:46,2026-08-25 19:21:46
1,RadioTEDU Classical,/classic,configured_stream,49268,WE (West & East),Tan Dun & WE Orchestra,,,,,,,171.255,H:\RadioTEDU Songs\Classical\Tan Dun & WE Orchestra\Five Souls\03 WE (West & East).mp3,1,1,172.476,2026-08-25 17:14:15,2026-08-25 17:14:15
1,RadioTEDU Classical,/classic,configured_stream,49337,We Contain Multitudes — piano reworks,Yiruma,,,,,,,264.059,H:\RadioTEDU Songs\Classical\Ólafur Arnalds; Yiruma\We Contain Multitudes — piano reworks\01 Yiruma - We Contain Multitudes — piano reworks (1).flac,1,1,263.984,2026-08-25 02:29:53,2026-08-25 02:29:53
1,RadioTEDU Classical,/classic,configured_stream,48648,Wenn wir in höchsten Nöthen sein BWV 432,Johann Sebastian Bach,,,,,,,58.187,"H:\RadioTEDU Songs\Classical\Johann Sebastian Bach\Bach Edition, Volume 17_ Vocal Works _ Vokalwerke Vol.II\7-18 Wenn wir in höchsten Nöthen sein BWV 432.flac",1,1,58.929,2026-08-25 02:31:04,2026-08-25 02:31:04
1,RadioTEDU Classical,/classic,configured_stream,48650,Wer nur den lieben Gott lässt walten BWV 434,Johann Sebastian Bach,,,,,,,58.213,"H:\RadioTEDU Songs\Classical\Johann Sebastian Bach\Bach Edition, Volume 17_ Vocal Works _ Vokalwerke Vol.II\7-24 Wer nur den lieben Gott lässt walten BWV 434.flac",1,1,55.58,2026-08-25 23:37:53,2026-08-25 23:37:53
1,RadioTEDU Classical,/classic,configured_stream,48433,"Wir gläuben all an einen Gott, BWV 680",Johann Sebastian Bach,,,,,,,183.76,"H:\RadioTEDU Songs\Classical\Johann Sebastian Bach; Kay Johannsen\Orgelwerke_ Clavier Übung, Dritter Theil\1-13 Wir gläuben all an einen Gott, BWV 680.flac",1,1,187.796,2026-08-25 17:50:23,2026-08-25 17:50:23
1,RadioTEDU Classical,/classic,configured_stream,48652,Wo Gott der Herr nicht bei uns hält BWV 257,Johann Sebastian Bach,,,,,,,53.8,"H:\RadioTEDU Songs\Classical\Johann Sebastian Bach\Bach Edition, Volume 17_ Vocal Works _ Vokalwerke Vol.II\7-36 Wo Gott der Herr nicht bei uns hält BWV 257.flac",1,1,53.836,2026-08-25 10:22:50,2026-08-25 10:22:50
1,RadioTEDU Classical,/classic,configured_stream,48653,Wo Gott zum Haus nicht gibt sein' Gunst BWV 438,Johann Sebastian Bach,,,,,,,28.733,"H:\RadioTEDU Songs\Classical\Johann Sebastian Bach\Bach Edition, Volume 17_ Vocal Works _ Vokalwerke Vol.II\7-37 Wo Gott zum Haus nicht gibt sein' Gunst BWV 438.flac",1,1,29.288,2026-08-25 10:39:16,2026-08-25 10:39:16
1,RadioTEDU Classical,/classic,configured_stream,49275,You Come Here Often?,Yuja Wang,,,,,,,273.547,"H:\RadioTEDU Songs\Classical\Teddy Abrams, Michael Tilson Thomas; Yuja Wang\The American Project\01 Yuja Wang - You Come Here Often_ (1).flac",1,1,270.795,2026-08-25 03:56:26,2026-08-25 03:56:26
1,RadioTEDU Classical,/classic,configured_stream,49400,—エンヂィング— 世界の約束～人生のメリーゴーランド,久石譲,,,,,,,410.514,H:\RadioTEDU Songs\Classical\久石譲\ハウルの動く城\26 —エンヂィング— 世界の約束～人生のメリーゴーランド (1).mp3,1,1,411.52,2026-08-25 17:44:50,2026-08-25 17:44:50
1,RadioTEDU Classical,/classic,configured_stream,49401,—エンヂィング— 世界の約束～人生のメリーゴーランド,久石譲,,,,,,,410.514,H:\RadioTEDU Songs\Classical\久石譲\ハウルの動く城\26 —エンヂィング— 世界の約束～人生のメリーゴーランド.mp3,1,1,410.434,2026-08-25 16:54:18,2026-08-25 16:54:18
1,RadioTEDU Classical,/classic,configured_stream,48970,"“Das Schöne zu dem Guten”, WoO 203 (Puzzle canon)",Ludwig van Beethoven,,,,,,,20.0,"H:\RadioTEDU Songs\Classical\Ludwig van Beethoven\BTHVN 2020_ The New Complete Edition\85-68 “Das Schöne zu dem Guten”, WoO 203 (Puzzle canon).flac",1,1,17.517,2026-08-25 08:51:53,2026-08-25 08:51:53
1,RadioTEDU Classical,/classic,configured_stream,48931,"“Graf liebster Graf”, WoO 101 (Musical joke)",Ludwig van Beethoven,,,,,,,40.0,"H:\RadioTEDU Songs\Classical\Ludwig van Beethoven\BTHVN 2020_ The New Complete Edition\85-29 “Graf liebster Graf”, WoO 101 (Musical joke).flac",1,1,41.374,2026-08-25 22:16:35,2026-08-25 22:16:35
1,RadioTEDU Classical,/classic,configured_stream,48964,"“Si non per portas, per muros”, WoO 194 (Puzzle canon)",Ludwig van Beethoven,,,,,,,36.0,"H:\RadioTEDU Songs\Classical\Ludwig van Beethoven\BTHVN 2020_ The New Complete Edition\85-62 “Si non per portas, per muros”, WoO 194 (Puzzle canon).flac",1,1,33.439,2026-08-25 21:10:42,2026-08-25 21:10:42
1,RadioTEDU Classical,/classic,configured_stream,48968,"“Wir irren allesamt”, WoO 198 (Puzzle canon)",Ludwig van Beethoven,,,,,,,30.0,"H:\RadioTEDU Songs\Classical\Ludwig van Beethoven\BTHVN 2020_ The New Complete Edition\85-66 “Wir irren allesamt”, WoO 198 (Puzzle canon).flac",1,1,27.291,2026-08-25 03:27:33,2026-08-25 03:27:33
1,RadioTEDU Classical,/classic,configured_stream,49404,キリコのテーマ,川井憲次,,,,,,,116.267,H:\RadioTEDU Songs\Classical\川井憲次\ラビット・ホラー オリジナル・サウンドトラック\01 川井憲次 - キリコのテーマ.flac,1,1,113.633,2026-08-25 16:47:27,2026-08-25 16:47:27
1,RadioTEDU Classical,/classic,configured_stream,49397,ソフィーの城,久石譲,,,,,,,158.824,H:\RadioTEDU Songs\Classical\久石譲\ハウルの動く城\24 ソフィーの城.mp3,1,1,160.358,2026-08-25 19:35:48,2026-08-25 19:35:48
1,RadioTEDU Classical,/classic,configured_stream,49390,ファミリー,久石譲,,,,,,,84.584,H:\RadioTEDU Songs\Classical\久石譲\ハウルの動く城\21 ファミリー (1).mp3,1,1,84.93,2026-08-25 16:39:47,2026-08-25 16:39:47
1,RadioTEDU Classical,/classic,configured_stream,49350,大掃除,久石譲,,,,,,,82.546,H:\RadioTEDU Songs\Classical\久石譲\ハウルの動く城 サウンドトラック\09 久石譲 - 大掃除 (1).mp3,1,1,82.578,2026-08-25 01:49:16,2026-08-25 01:49:16
1,RadioTEDU Classical,/classic,configured_stream,49382,引越し,久石譲,,,,,,,185.965,H:\RadioTEDU Songs\Classical\久石譲\ハウルの動く城\17 引越し (1).mp3,1,1,186.785,2026-08-25 16:18:43,2026-08-25 16:18:43
1,RadioTEDU Classical,/classic,configured_stream,49383,引越し,久石譲,,,,,,,185.965,H:\RadioTEDU Songs\Classical\久石譲\ハウルの動く城\17 引越し.mp3,1,1,186.362,2026-08-25 22:56:18,2026-08-25 22:56:18
1,RadioTEDU Classical,/classic,configured_stream,49389,恋だね,久石譲,,,,,,,71.862,H:\RadioTEDU Songs\Classical\久石譲\ハウルの動く城\20 恋だね.mp3,1,1,69.311,2026-08-25 02:04:52,2026-08-25 02:04:52
1,RadioTEDU Classical,/classic,configured_stream,49368,星の湖へ,久石譲,,,,,,,253.074,H:\RadioTEDU Songs\Classical\久石譲\ハウルの動く城\10 星の湖へ (1).mp3,1,1,250.225,2026-08-25 16:35:48,2026-08-25 16:35:48
1,RadioTEDU Classical,/classic,configured_stream,49366,消えない呪い,久石譲,,,,,,,45.191,H:\RadioTEDU Songs\Classical\久石譲\ハウルの動く城\08 消えない呪い (1).mp3,1,1,42.315,2026-08-25 16:24:59,2026-08-25 16:24:59
1,RadioTEDU Classical,/classic,configured_stream,49367,消えない呪い,久石譲,,,,,,,45.191,H:\RadioTEDU Songs\Classical\久石譲\ハウルの動く城\08 消えない呪い.mp3,1,1,42.809,2026-08-25 18:29:56,2026-08-25 18:29:56
1,RadioTEDU Classical,/classic,configured_stream,49380,秘密の洞窟,久石譲,,,,,,,153.939,H:\RadioTEDU Songs\Classical\久石譲\ハウルの動く城\16 秘密の洞窟 (1).mp3,1,1,151.269,2026-08-25 16:42:22,2026-08-25 16:42:22
1,RadioTEDU Classical,/classic,configured_stream,49381,秘密の洞窟,久石譲,,,,,,,153.939,H:\RadioTEDU Songs\Classical\久石譲\ハウルの動く城\16 秘密の洞窟.mp3,1,1,151.341,2026-08-25 19:56:08,2026-08-25 19:56:08
1,RadioTEDU Classical,/classic,configured_stream,49357,空中散歩,久石譲,,,,,,,134.844,H:\RadioTEDU Songs\Classical\久石譲\ハウルの動く城\03 空中散歩.mp3,1,1,134.831,2026-08-25 16:44:36,2026-08-25 16:44:36
1,RadioTEDU Classical,/classic,configured_stream,49361,荒地の魔女,久石譲,,,,,,,59.533,H:\RadioTEDU Songs\Classical\久石譲\ハウルの動く城\05 荒地の魔女.mp3,1,1,68.636,2026-08-25 20:25:21,2026-08-25 20:25:21
1,RadioTEDU Classical,/classic,configured_stream,49374,虚栄と友情,久石譲,,,,,,,238.106,H:\RadioTEDU Songs\Classical\久石譲\ハウルの動く城\13 虚栄と友情 (1).mp3,1,1,236.716,2026-08-25 19:40:01,2026-08-25 19:40:01
1,RadioTEDU Classical,/classic,configured_stream,49375,虚栄と友情,久石譲,,,,,,,238.106,H:\RadioTEDU Songs\Classical\久石譲\ハウルの動く城\13 虚栄と友情.mp3,1,1,238.601,2026-08-25 21:27:22,2026-08-25 21:27:22
1,RadioTEDU Classical,/classic,configured_stream,49386,走れ!,久石譲,,,,,,,57.417,H:\RadioTEDU Songs\Classical\久石譲\ハウルの動く城\19 走れ! (1).mp3,1,1,58.734,2026-08-25 16:25:57,2026-08-25 16:25:57
1,RadioTEDU Classical,/classic,configured_stream,49354,陽気な軽騎兵,久石譲,,,,,,,51.252,H:\RadioTEDU Songs\Classical\久石譲\ハウルの動く城\02 陽気な軽騎兵 (1).mp3,1,1,49.111,2026-08-25 07:01:15,2026-08-25 07:01:15
1,RadioTEDU Classical,/classic,configured_stream,49355,陽気な軽騎兵,久石譲,,,,,,,51.252,H:\RadioTEDU Songs\Classical\久石譲\ハウルの動く城\02 陽気な軽騎兵.mp3,1,1,48.316,2026-08-25 16:45:34,2026-08-25 16:45:34
1,RadioTEDU Classical,/classic,configured_stream,49364,魔法の扉,久石譲,,,,,,,327.471,H:\RadioTEDU Songs\Classical\久石譲\ハウルの動く城\07 魔法の扉 (1).mp3,1,1,327.404,2026-08-25 16:31:37,2026-08-25 16:31:37
1,RadioTEDU Classical,/classic,configured_stream,49365,魔法の扉,久石譲,,,,,,,327.471,H:\RadioTEDU Songs\Classical\久石譲\ハウルの動く城\07 魔法の扉.mp3,1,1,324.68,2026-08-25 16:24:17,2026-08-25 16:24:17
2,RadioTEDU Lo-Fi,/lofi,configured_stream,50653,Bridal Chorus (from Lohengrin),Richard Wagner,,,,,,,119.147,H:\RadioTEDU Songs\lofi\Various Artists\The Ultimate Wedding Album\06 Richard Wagner - Bridal Chorus (from Lohengrin).mp3,2,2,235.064,2026-08-25 19:59:37,2026-08-25 22:45:02
2,RadioTEDU Lo-Fi,/lofi,configured_stream,50578,How Long Has This Been Going On? (Mj Cole Remix),Carmen McRae,,,,,,,296.12,H:\RadioTEDU Songs\lofi\Various Artists\Rencontres feutrées\04 Carmen McRae - How Long Has This Been Going On_ (Mj Cole Remix) (1).mp3,2,2,588.306,2026-08-25 20:13:41,2026-08-25 23:09:32
2,RadioTEDU Lo-Fi,/lofi,configured_stream,50591,"It’s Been a Long, Long Time",Harry James and His Orchestra,,,,,,,203.546,"H:\RadioTEDU Songs\lofi\Various Artists\Songs That Got Us Through WWII\18 Harry James and His Orchestra - It’s Been a Long, Long Time.flac",2,2,407.544,2026-08-25 20:02:58,2026-08-25 22:48:29
2,RadioTEDU Lo-Fi,/lofi,configured_stream,50450,The Model,Phreek Plus One,,,,,,,346.32,H:\RadioTEDU Songs\lofi\Various Artists\Erotic Lounge⁵_ Secret Affairs\2-11 Phreek Plus One - The Model (1).mp3,2,2,688.613,2026-08-25 20:19:26,2026-08-25 23:15:18
2,RadioTEDU Lo-Fi,/lofi,configured_stream,50451,The Model,Phreek Plus One,,,,,,,346.32,H:\RadioTEDU Songs\lofi\Various Artists\Erotic Lounge⁵_ Secret Affairs\2-11 Phreek Plus One - The Model.mp3,2,2,689.444,2026-08-25 20:08:44,2026-08-25 23:02:08
2,RadioTEDU Lo-Fi,/lofi,configured_stream,45655,3 Am,Oui Lele,,,,,,,124.735,H:\RadioTEDU Songs\lofi\185 Tracks ~Chill Lofi Study Beats Songs  Playlist Spotify  [320]  kbps Beats⭐\185 Tracks ~Chill Lofi Study Beats Songs  Playlist Spotify  [320]  kbps Beats⭐\3 Am.mp3,1,1,121.875,2026-08-25 02:14:02,2026-08-25 02:14:02
2,RadioTEDU Lo-Fi,/lofi,configured_stream,45555,_Away,"MARTIN $KY, Toonorth",,,,,,,168.6,H:\RadioTEDU Songs\lofi\100 Lo-Fi Beats to Relax and focus Playlist Spotify (2020) [320]  kbps Beats⭐\100 Lo-Fi Beats to Relax and focus Playlist Spotify (2020) [320]  kbps Beats⭐\_Away.mp3,1,1,165.781,2026-08-25 11:55:25,2026-08-25 11:55:25
2,RadioTEDU Lo-Fi,/lofi,configured_stream,46902,A Gmahde Wiesn,Achtamada,,,,,,,276.0,H:\RadioTEDU Songs\lofi\VA - Lofi & Lounge Music _ Best Selections (2023) [FLAC]\05 - Achtamada - A Gmahde Wiesn.flac,1,1,273.169,2026-08-25 19:25:57,2026-08-25 19:25:57
2,RadioTEDU Lo-Fi,/lofi,configured_stream,49839,A Meditation,Kanisan × no one’s perfect,,,,,,,92.406,H:\RadioTEDU Songs\lofi\Kanisan × no one’s perfect\A Way of Existing\03 A Meditation.flac,1,1,89.698,2026-08-25 13:46:05,2026-08-25 13:46:05
2,RadioTEDU Lo-Fi,/lofi,configured_stream,49676,A.T.O.M,dreamẅalker,,,,,,,172.956,H:\RadioTEDU Songs\lofi\dreamẅalker\Oscillations\10 dreamẅalker - A.T.O.M.flac,1,1,174.378,2026-08-25 15:33:14,2026-08-25 15:33:14
2,RadioTEDU Lo-Fi,/lofi,configured_stream,46626,Ad Astra,Volta Celeste,,,,,,,158.26,H:\RadioTEDU Songs\lofi\Lofi\cool winds\Volta Celeste\Volta Celeste - Ad Astra.flac,1,1,155.436,2026-08-25 02:32:01,2026-08-25 02:32:01
2,RadioTEDU Lo-Fi,/lofi,configured_stream,50640,Adagio for Strings,Samuel Barber,,,,,,,414.028,"H:\RadioTEDU Songs\lofi\Various Artists\The Orchestra, no. 2_ Strings\14 Samuel Barber - Adagio for Strings.mp3",1,1,411.276,2026-08-25 20:42:44,2026-08-25 20:42:44
2,RadioTEDU Lo-Fi,/lofi,configured_stream,50683,Adagio in G Minor,Tomaso Giovanni Albinoni,,,,,,,469.251,H:\RadioTEDU Songs\lofi\Various Artists\Top 200 Classics_ The Very Best of Classical Music\73 Tomaso Giovanni Albinoni - Adagio in G Minor.mp3,1,1,466.446,2026-08-25 17:46:13,2026-08-25 17:46:13
2,RadioTEDU Lo-Fi,/lofi,configured_stream,50727,Afloat,Yasumu,,,,,,,150.637,H:\RadioTEDU Songs\lofi\Yasumu\Escaping Reality\04 Afloat.flac,1,1,159.762,2026-08-25 16:56:53,2026-08-25 16:56:53
2,RadioTEDU Lo-Fi,/lofi,configured_stream,50408,Ain't No Sunshine,Jazzamor,,,,,,,241.493,H:\RadioTEDU Songs\lofi\Various Artists\Erotic Lounge_ Sensual Passion\1-02 Jazzamor - Ain't No Sunshine (1).mp3,1,1,244.551,2026-08-25 10:32:19,2026-08-25 10:32:19
2,RadioTEDU Lo-Fi,/lofi,configured_stream,50409,Ain't No Sunshine,Jazzamor,,,,,,,241.493,H:\RadioTEDU Songs\lofi\Various Artists\Erotic Lounge_ Sensual Passion\1-02 Jazzamor - Ain't No Sunshine.mp3,1,1,239.398,2026-08-25 04:37:02,2026-08-25 04:37:02
2,RadioTEDU Lo-Fi,/lofi,configured_stream,50597,Air from Water Music,George Frideric Handel;Academy of St Martin in the Fields,,,,,,,207.653,H:\RadioTEDU Songs\lofi\Various Artists\The #1 Baroque Album\2-17 George Frideric Handel;Academy of St Martin in the Fields - Air from Water Music (1).mp3,1,1,204.758,2026-08-25 04:19:18,2026-08-25 04:19:18
2,RadioTEDU Lo-Fi,/lofi,configured_stream,50598,Air from Water Music,George Frideric Handel;Academy of St Martin in the Fields,,,,,,,207.653,H:\RadioTEDU Songs\lofi\Various Artists\The #1 Baroque Album\2-17 George Frideric Handel;Academy of St Martin in the Fields - Air from Water Music.mp3,1,1,212.347,2026-08-25 10:35:55,2026-08-25 10:35:55
2,RadioTEDU Lo-Fi,/lofi,configured_stream,50699,Allude,Voyage,,,,,,,351.885,H:\RadioTEDU Songs\lofi\Voyage\Allude\01 Allude.flac,1,1,349.7,2026-08-25 17:29:45,2026-08-25 17:29:45
2,RadioTEDU Lo-Fi,/lofi,configured_stream,50551,Alright,Supergrass,,,,,,,180.88,H:\RadioTEDU Songs\lofi\Various Artists\Music From and Inspired by the Film Alien Autopsy\01 Supergrass - Alright.mp3,1,1,177.948,2026-08-25 04:15:53,2026-08-25 04:15:53
2,RadioTEDU Lo-Fi,/lofi,configured_stream,49679,Altair,dreamẅalker ft. MEGAS,,,,,,,162.756,H:\RadioTEDU Songs\lofi\dreamẅalker\Oscillations\13 dreamẅalker ft. MEGAS - Altair.flac,1,1,160.755,2026-08-25 08:04:44,2026-08-25 08:04:44
2,RadioTEDU Lo-Fi,/lofi,configured_stream,50162,always in my dreams,A.L.I.S.O.N,,,,,,,209.631,H:\RadioTEDU Songs\lofi\Various Artists\1 A.M Chill Session\02 A.L.I.S.O.N - always in my dreams.flac,1,1,211.259,2026-08-25 15:24:59,2026-08-25 15:24:59
2,RadioTEDU Lo-Fi,/lofi,configured_stream,46257,Amber,dryhope,,,,,,,164.017,H:\RadioTEDU Songs\lofi\Lofi\cool winds\dryhope\dryhope - Amber.flac,1,1,163.927,2026-08-25 19:36:32,2026-08-25 19:36:32
2,RadioTEDU Lo-Fi,/lofi,configured_stream,50084,Analemma,Soothing Spore,,,,,,,195.944,H:\RadioTEDU Songs\lofi\Soothing Spore\Lunar Analemma\08 Soothing Spore - Analemma.flac,1,1,193.078,2026-08-25 23:34:19,2026-08-25 23:34:19
2,RadioTEDU Lo-Fi,/lofi,configured_stream,49613,Ancestral,Casiio,,,,,,,96.123,H:\RadioTEDU Songs\lofi\Casiio\Far Off\03 Ancestral.flac,1,1,96.287,2026-08-25 21:19:27,2026-08-25 21:19:27
2,RadioTEDU Lo-Fi,/lofi,configured_stream,50281,Astral,MEGAS × Baton,,,,,,,236.605,H:\RadioTEDU Songs\lofi\Various Artists\3 A.M Chill Session\09 MEGAS × Baton - Astral.flac,1,1,233.89,2026-08-25 15:44:15,2026-08-25 15:44:15
2,RadioTEDU Lo-Fi,/lofi,configured_stream,50164,Atlantis,Downtown Binary,,,,,,,289.206,H:\RadioTEDU Songs\lofi\Various Artists\1 A.M Chill Session\04 Downtown Binary - Atlantis.flac,1,1,287.388,2026-08-25 13:35:51,2026-08-25 13:35:51
2,RadioTEDU Lo-Fi,/lofi,configured_stream,50001,Atmosphere,Protocols,,,,,,,153.607,H:\RadioTEDU Songs\lofi\Protocols\Planetarium\09 Protocols - Atmosphere.flac,1,1,150.699,2026-08-25 13:06:01,2026-08-25 13:06:01
2,RadioTEDU Lo-Fi,/lofi,configured_stream,49538,Autumn Breeze,azayaka,,,,,,,128.787,H:\RadioTEDU Songs\lofi\azayaka\Keeping Time\04 Autumn Breeze.flac,1,1,126.017,2026-08-25 18:41:04,2026-08-25 18:41:04
2,RadioTEDU Lo-Fi,/lofi,configured_stream,50664,Ave Maria (Bach - Gounod),Luciano Pavarotti,,,,,,,177.987,H:\RadioTEDU Songs\lofi\Various Artists\The Ultimate Wedding Album\12 Luciano Pavarotti - Ave Maria (Bach - Gounod) (1).mp3,1,1,175.353,2026-08-25 05:17:02,2026-08-25 05:17:02
2,RadioTEDU Lo-Fi,/lofi,configured_stream,50665,Ave Maria (Bach - Gounod),Luciano Pavarotti,,,,,,,177.987,H:\RadioTEDU Songs\lofi\Various Artists\The Ultimate Wedding Album\12 Luciano Pavarotti - Ave Maria (Bach - Gounod).mp3,1,1,176.171,2026-08-25 10:28:15,2026-08-25 10:28:15
2,RadioTEDU Lo-Fi,/lofi,configured_stream,50660,Ave Maria (Schubert),Luciano Pavarotti,,,,,,,290.147,H:\RadioTEDU Songs\lofi\Various Artists\The Ultimate Wedding Album\10 Luciano Pavarotti - Ave Maria (Schubert) (1).mp3,1,1,287.308,2026-08-25 05:26:44,2026-08-25 05:26:44
2,RadioTEDU Lo-Fi,/lofi,configured_stream,50661,Ave Maria (Schubert),Luciano Pavarotti,,,,,,,290.147,H:\RadioTEDU Songs\lofi\Various Artists\The Ultimate Wedding Album\10 Luciano Pavarotti - Ave Maria (Schubert).mp3,1,1,287.523,2026-08-25 06:16:32,2026-08-25 06:16:32
2,RadioTEDU Lo-Fi,/lofi,configured_stream,50153,AWAKE,Tra$h,,,,,,,157.845,H:\RadioTEDU Songs\lofi\Tra$h\AWAKE Vol. 1\01 AWAKE.mp3,1,1,160.243,2026-08-25 23:20:47,2026-08-25 23:20:47
2,RadioTEDU Lo-Fi,/lofi,configured_stream,45668,away,jhfly,,,,,,,91.559,H:\RadioTEDU Songs\lofi\185 Tracks ~Chill Lofi Study Beats Songs  Playlist Spotify  [320]  kbps Beats⭐\185 Tracks ~Chill Lofi Study Beats Songs  Playlist Spotify  [320]  kbps Beats⭐\away.mp3,1,1,88.685,2026-08-25 21:46:47,2026-08-25 21:46:47
2,RadioTEDU Lo-Fi,/lofi,configured_stream,49471,Baby Come Back,Player,,,,,,,235.95,H:\RadioTEDU Songs\lofi\24.04\Player - Baby Come Back [Hn-enjcgV1o].mp3,1,1,233.414,2026-08-25 17:59:25,2026-08-25 17:59:25
2,RadioTEDU Lo-Fi,/lofi,configured_stream,50291,"Bagatelle in A minor, WoO 59 -“Für Elise”_ Poco moto",Ludwig van Beethoven,,,,,,,242.0,"H:\RadioTEDU Songs\lofi\Various Artists\50 Classical Masterworks\2-13 Ludwig van Beethoven - Bagatelle in A minor, WoO 59 -“Für Elise”_ Poco moto.flac",1,1,239.252,2026-08-25 18:03:24,2026-08-25 18:03:24
2,RadioTEDU Lo-Fi,/lofi,configured_stream,49808,ballad of the wind,Jorrit Brodersen,,,,,,,204.806,H:\RadioTEDU Songs\lofi\Jorrit Brodersen\Intimacy\06 ballad of the wind.flac,1,1,201.959,2026-08-25 21:10:15,2026-08-25 21:10:15
2,RadioTEDU Lo-Fi,/lofi,configured_stream,50285,Beginning,Hotel Pools,,,,,,,184.506,H:\RadioTEDU Songs\lofi\Various Artists\3 A.M Chill Session\18 Hotel Pools - Beginning.flac,1,1,181.868,2026-08-25 04:43:32,2026-08-25 04:43:32
2,RadioTEDU Lo-Fi,/lofi,configured_stream,49590,beige palette,"Blurred Figures, another silent weekend",,,,,,,141.544,"H:\RadioTEDU Songs\lofi\Blurred Figures, another silent weekend\finding comfort\04 Blurred Figures, another silent weekend - beige palette.flac",1,1,139.827,2026-08-25 12:00:23,2026-08-25 12:00:23
2,RadioTEDU Lo-Fi,/lofi,configured_stream,50719,Beneath the Canopy,xander.,,,,,,,201.237,H:\RadioTEDU Songs\lofi\xander_\Moment of Tranquility\06 Beneath the Canopy.flac,1,1,202.203,2026-08-25 07:31:15,2026-08-25 07:31:15
2,RadioTEDU Lo-Fi,/lofi,configured_stream,50493,Beowulf,Vips On Keys,,,,,,,123.96,H:\RadioTEDU Songs\lofi\Various Artists\ID&T Techno\2-10 Vips On Keys - Beowulf.mp3,1,1,121.052,2026-08-25 02:29:26,2026-08-25 02:29:26
2,RadioTEDU Lo-Fi,/lofi,configured_stream,50318,Best Friend,Krynoze & Hoogway,,,,,,,148.663,H:\RadioTEDU Songs\lofi\Various Artists\Best‐of lofi hip‐hop 2022\18 Krynoze & Hoogway - Best Friend.flac,1,1,147.738,2026-08-25 08:23:20,2026-08-25 08:23:20
2,RadioTEDU Lo-Fi,/lofi,configured_stream,50002,Better Days,Purrple Cat,,,,,,,157.666,H:\RadioTEDU Songs\lofi\Purrple Cat\Distant Worlds II\04 Better Days.flac,1,1,154.738,2026-08-25 23:40:12,2026-08-25 23:40:12
2,RadioTEDU Lo-Fi,/lofi,configured_stream,50563,Big Dawgs,Hanumankind & Kalmi,,,,,,,194.711,H:\RadioTEDU Songs\lofi\Various Artists\Now That’s What I Call Music! 119\1-21 Hanumankind & Kalmi - Big Dawgs.flac,1,1,191.859,2026-08-25 03:21:51,2026-08-25 03:21:51
2,RadioTEDU Lo-Fi,/lofi,configured_stream,50717,Birds Melody,xander.,,,,,,,209.039,H:\RadioTEDU Songs\lofi\xander_\Moment of Tranquility\04 Birds Melody.flac,1,1,206.276,2026-08-25 12:18:41,2026-08-25 12:18:41
2,RadioTEDU Lo-Fi,/lofi,configured_stream,50652,Bridal Chorus (from Lohengrin),Richard Wagner,,,,,,,119.147,H:\RadioTEDU Songs\lofi\Various Artists\The Ultimate Wedding Album\06 Richard Wagner - Bridal Chorus (from Lohengrin) (1).mp3,1,1,116.756,2026-08-25 20:21:24,2026-08-25 20:21:24
2,RadioTEDU Lo-Fi,/lofi,configured_stream,45882,BVG - leila (ft. sinxi),BVG,,,,,,,137.536,H:\RadioTEDU Songs\lofi\BVG - leila (ft. sinxi).mp3,1,1,134.691,2026-08-25 12:09:10,2026-08-25 12:09:10
2,RadioTEDU Lo-Fi,/lofi,configured_stream,50311,Bye Bye Bye,*NSYNC,,,,,,,200.435,H:\RadioTEDU Songs\lofi\Various Artists\Best of Y2K Hits\02 _NSYNC - Bye Bye Bye.mp3,1,1,197.611,2026-08-25 03:44:32,2026-08-25 03:44:32
2,RadioTEDU Lo-Fi,/lofi,configured_stream,50418,Can I Get a Witness (Thievery Corporation mix),Sofa Surfers,,,,,,,223.333,H:\RadioTEDU Songs\lofi\Various Artists\Erotic Lounge_ Sensual Passion\1-08 Sofa Surfers - Can I Get a Witness (Thievery Corporation mix).mp3,1,1,220.421,2026-08-25 06:46:05,2026-08-25 06:46:05
2,RadioTEDU Lo-Fi,/lofi,configured_stream,49847,Can We Kiss Forever?,Kina feat. Adriana Proenza,,,,,,,188.093,H:\RadioTEDU Songs\lofi\Kina\Things I Wanted to Tell You\03 Kina feat. Adriana Proenza - Can We Kiss Forever_.mp3,1,1,189.795,2026-08-25 18:49:47,2026-08-25 18:49:47
2,RadioTEDU Lo-Fi,/lofi,configured_stream,50394,Can't Hide Love,Eddy meets Yannah,,,,,,,338.32,H:\RadioTEDU Songs\lofi\Various Artists\Erotic Lounge 4_ Bare Jewels\2-08 Eddy meets Yannah - Can't Hide Love (1).mp3,1,1,338.666,2026-08-25 01:56:58,2026-08-25 01:56:58
2,RadioTEDU Lo-Fi,/lofi,configured_stream,50395,Can't Hide Love,Eddy meets Yannah,,,,,,,338.32,H:\RadioTEDU Songs\lofi\Various Artists\Erotic Lounge 4_ Bare Jewels\2-08 Eddy meets Yannah - Can't Hide Love.mp3,1,1,335.671,2026-08-25 00:25:21,2026-08-25 00:25:21
2,RadioTEDU Lo-Fi,/lofi,configured_stream,50659,Canon in D,Johann Pachelbel,,,,,,,273.653,H:\RadioTEDU Songs\lofi\Various Artists\The Ultimate Wedding Album\09 Johann Pachelbel - Canon in D.mp3,1,1,270.826,2026-08-25 00:16:51,2026-08-25 00:16:51
2,RadioTEDU Lo-Fi,/lofi,configured_stream,45889,Carl Storm - i fall apart (ft. yaeow),Carl Storm,,,,,,,144.405,H:\RadioTEDU Songs\lofi\Carl Storm - i fall apart (ft. yaeow).mp3,1,1,141.796,2026-08-25 19:16:19,2026-08-25 19:16:19
2,RadioTEDU Lo-Fi,/lofi,configured_stream,49791,cassette loneliness,inertia.,,,,,,,117.756,H:\RadioTEDU Songs\lofi\inertia_\faded\05 inertia. - cassette loneliness.flac,1,1,116.509,2026-08-25 21:12:12,2026-08-25 21:12:12
2,RadioTEDU Lo-Fi,/lofi,configured_stream,46991,Celestial Quartz,el delpha,,,,,,,170.817,H:\RadioTEDU Songs\lofi\Various Artists - lofi autumn vibes by Lola (2023) Mp3 320kbps [PMEDIA] ⭐️\72. el delpha - Celestial Quartz.mp3,1,1,169.817,2026-08-25 09:32:31,2026-08-25 09:32:31
2,RadioTEDU Lo-Fi,/lofi,configured_stream,50601,"Cello Suite No. 6 in D Major, BWV 1012: IV. Sarabande",Victor Yoran,,,,,,,409.16,"H:\RadioTEDU Songs\lofi\Various Artists\The 50 Greatest Relaxing Classical Pieces\15 Victor Yoran - Cello Suite No. 6 in D Major, BWV 1012_ IV. Sarabande.mp3",1,1,409.062,2026-08-25 04:50:22,2026-08-25 04:50:22
2,RadioTEDU Lo-Fi,/lofi,configured_stream,50175,Center Point,Voyage,,,,,,,233.477,H:\RadioTEDU Songs\lofi\Various Artists\1 A.M Chill Session\19 Voyage - Center Point.flac,1,1,230.521,2026-08-25 12:04:14,2026-08-25 12:04:14
2,RadioTEDU Lo-Fi,/lofi,configured_stream,50510,Cheek to Cheek,Rita Reys,,,,,,,385.107,H:\RadioTEDU Songs\lofi\Various Artists\Jazz Ballads\16 Rita Reys - Cheek to Cheek.mp3,1,1,385.463,2026-08-25 05:07:24,2026-08-25 05:07:24
2,RadioTEDU Lo-Fi,/lofi,configured_stream,45571,Cherry Blossom,"goosetaf, Timothy Infinite",,,,,,,152.112,H:\RadioTEDU Songs\lofi\100 Lo-Fi Beats to Relax and focus Playlist Spotify (2020) [320]  kbps Beats⭐\100 Lo-Fi Beats to Relax and focus Playlist Spotify (2020) [320]  kbps Beats⭐\Cherry Blossom.mp3,1,1,149.808,2026-08-25 19:08:14,2026-08-25 19:08:14
2,RadioTEDU Lo-Fi,/lofi,configured_stream,49694,Cherry Wine,Erwin Do & saint rumi,,,,,,,136.223,H:\RadioTEDU Songs\lofi\Erwin Do & saint rumi\Fully Blue\02 Cherry Wine.flac,1,1,135.213,2026-08-25 22:43:03,2026-08-25 22:43:03
2,RadioTEDU Lo-Fi,/lofi,configured_stream,49968,Chronicles,Opal,,,,,,,158.006,H:\RadioTEDU Songs\lofi\Opal\Skyward\04 Chronicles.flac,1,1,156.186,2026-08-25 09:01:26,2026-08-25 09:01:26
2,RadioTEDU Lo-Fi,/lofi,configured_stream,49971,Chronosphere,Opal,,,,,,,145.006,H:\RadioTEDU Songs\lofi\Opal\Skyward\07 Chronosphere.flac,1,1,142.359,2026-08-25 08:52:43,2026-08-25 08:52:43
2,RadioTEDU Lo-Fi,/lofi,configured_stream,50554,City of Angels,Gabriel Yared,,,,,,,428.016,H:\RadioTEDU Songs\lofi\Various Artists\Music From the Motion Picture City of Angels\14 Gabriel Yared - City of Angels (1).mp3,1,1,425.199,2026-08-25 00:06:03,2026-08-25 00:06:03
2,RadioTEDU Lo-Fi,/lofi,configured_stream,50555,City of Angels,Gabriel Yared,,,,,,,428.016,H:\RadioTEDU Songs\lofi\Various Artists\Music From the Motion Picture City of Angels\14 Gabriel Yared - City of Angels.mp3,1,1,427.1,2026-08-25 02:04:14,2026-08-25 02:04:14
2,RadioTEDU Lo-Fi,/lofi,configured_stream,50383,Closer to Me,Blank & Jones,,,,,,,385.667,H:\RadioTEDU Songs\lofi\Various Artists\Erotic Lounge 4_ Bare Jewels\2-01 Blank & Jones - Closer to Me (1).mp3,1,1,382.719,2026-08-25 06:36:53,2026-08-25 06:36:53
2,RadioTEDU Lo-Fi,/lofi,configured_stream,50384,Closer to Me,Blank & Jones,,,,,,,385.667,H:\RadioTEDU Songs\lofi\Various Artists\Erotic Lounge 4_ Bare Jewels\2-01 Blank & Jones - Closer to Me.mp3,1,1,382.831,2026-08-25 06:11:44,2026-08-25 06:11:44
2,RadioTEDU Lo-Fi,/lofi,configured_stream,46954,Cobblestone,Entro//,,,,,,,172.308,H:\RadioTEDU Songs\lofi\Various Artists - lofi autumn vibes by Lola (2023) Mp3 320kbps [PMEDIA] ⭐️\35. Entro - Cobblestone.mp3,1,1,169.42,2026-08-25 09:35:21,2026-08-25 09:35:21
2,RadioTEDU Lo-Fi,/lofi,configured_stream,45682,Coffee And Unicorns,Henyao,,,,,,,161.228,H:\RadioTEDU Songs\lofi\185 Tracks ~Chill Lofi Study Beats Songs  Playlist Spotify  [320]  kbps Beats⭐\185 Tracks ~Chill Lofi Study Beats Songs  Playlist Spotify  [320]  kbps Beats⭐\Coffee And Unicorns.mp3,1,1,158.612,2026-08-25 07:41:36,2026-08-25 07:41:36
2,RadioTEDU Lo-Fi,/lofi,configured_stream,49532,Come Find Me,amies,,,,,,,206.776,H:\RadioTEDU Songs\lofi\amies\Discoveries\02 amies - Come Find Me.flac,1,1,204.173,2026-08-25 09:29:42,2026-08-25 09:29:42
2,RadioTEDU Lo-Fi,/lofi,configured_stream,50327,Coming Home,Casiio & Dontcry,,,,,,,80.145,H:\RadioTEDU Songs\lofi\Various Artists\Best‐of lofi hip‐hop 2022\46 Casiio & Dontcry - Coming Home.flac,1,1,77.484,2026-08-25 02:09:29,2026-08-25 02:09:29
2,RadioTEDU Lo-Fi,/lofi,configured_stream,50608,"Concerto in D Major for Guitar and Strings, RV 93: II. Largo",Antonio Vivaldi,,,,,,,328.842,"H:\RadioTEDU Songs\lofi\Various Artists\The 99 Most Essential Classical Pieces for Your Mind\54 Antonio Vivaldi - Concerto in D Major for Guitar and Strings, RV 93_ II. Largo.mp3",1,1,331.212,2026-08-25 18:12:57,2026-08-25 18:12:57
2,RadioTEDU Lo-Fi,/lofi,configured_stream,50585,"Concerto in D major for Violin and Orchestra, op. 77: II. Adagio",Johannes Brahms,,,,,,,582.84,"H:\RadioTEDU Songs\lofi\Various Artists\Rise of the Masters_ 100 Supreme Classical Masterpieces\80 Johannes Brahms - Concerto in D major for Violin and Orchestra, op. 77_ II. Adagio.mp3",1,1,580.072,2026-08-25 16:54:14,2026-08-25 16:54:14
2,RadioTEDU Lo-Fi,/lofi,configured_stream,50621,"Concerto No. 20 in D Minor for Piano and Orchestra, K. 466: II. Romance",Wolfgang Amadeus Mozart,,,,,,,551.933,"H:\RadioTEDU Songs\lofi\Various Artists\The 99 Most Essential Pieces of Classical Music\94 Wolfgang Amadeus Mozart - Concerto No. 20 in D Minor for Piano and Orchestra, K. 466_ II. Romance.mp3",1,1,549.21,2026-08-25 03:12:25,2026-08-25 03:12:25
2,RadioTEDU Lo-Fi,/lofi,configured_stream,50681,Concierto de Aranjuez,Jim Hall,,,,,,,1155.659,H:\RadioTEDU Songs\lofi\Various Artists\Themes & Dreams\2-10 Jim Hall - Concierto de Aranjuez.mp3,1,1,1155.729,2026-08-25 00:53:39,2026-08-25 00:53:39
2,RadioTEDU Lo-Fi,/lofi,configured_stream,50085,Connections,Soothing Spore,,,,,,,135.34,H:\RadioTEDU Songs\lofi\Soothing Spore\Lunar Analemma\09 Soothing Spore - Connections.flac,1,1,133.452,2026-08-25 22:20:27,2026-08-25 22:20:27
2,RadioTEDU Lo-Fi,/lofi,configured_stream,50614,"Consolation no. 3 in D-flat major, S. 172: Lento placido",Dubravka Tomšič,,,,,,,297.0,"H:\RadioTEDU Songs\lofi\Various Artists\The 99 Most Essential Piano Pieces\49 Dubravka Tomšič - Consolation no. 3 in D-flat major, S. 172_ Lento placido.mp3",1,1,294.358,2026-08-25 17:38:27,2026-08-25 17:38:27
2,RadioTEDU Lo-Fi,/lofi,configured_stream,45685,Couch Day,HM Surf,,,,,,,152.764,H:\RadioTEDU Songs\lofi\185 Tracks ~Chill Lofi Study Beats Songs  Playlist Spotify  [320]  kbps Beats⭐\185 Tracks ~Chill Lofi Study Beats Songs  Playlist Spotify  [320]  kbps Beats⭐\Couch Day.mp3,1,1,149.859,2026-08-25 07:48:36,2026-08-25 07:48:36
2,RadioTEDU Lo-Fi,/lofi,configured_stream,45686,Coupe_90,Masked Man,,,,,,,70.008,H:\RadioTEDU Songs\lofi\185 Tracks ~Chill Lofi Study Beats Songs  Playlist Spotify  [320]  kbps Beats⭐\185 Tracks ~Chill Lofi Study Beats Songs  Playlist Spotify  [320]  kbps Beats⭐\Coupe_90.mp3,1,1,67.202,2026-08-25 23:41:19,2026-08-25 23:41:19
2,RadioTEDU Lo-Fi,/lofi,configured_stream,50314,Dahlia,no one’s perfect & Kanisan,,,,,,,127.065,H:\RadioTEDU Songs\lofi\Various Artists\Best‐of lofi hip‐hop 2022\05 no one’s perfect & Kanisan - Dahlia.flac,1,1,126.348,2026-08-25 05:39:43,2026-08-25 05:39:43
2,RadioTEDU Lo-Fi,/lofi,configured_stream,49933,Dancing in the Dark,"Mondo Loops, Aiguille",,,,,,,153.006,"H:\RadioTEDU Songs\lofi\Mondo Loops, Aiguille\Nature’s Beauty\01 Dancing in the Dark.flac",1,1,153.297,2026-08-25 17:48:46,2026-08-25 17:48:46
2,RadioTEDU Lo-Fi,/lofi,configured_stream,47016,Decaf,Lemguine,,,,,,,145.711,H:\RadioTEDU Songs\lofi\Various Artists - lofi autumn vibes by Lola (2023) Mp3 320kbps [PMEDIA] ⭐️\97. Lemguine - Decaf.mp3,1,1,143.557,2026-08-25 15:09:00,2026-08-25 15:09:00
2,RadioTEDU Lo-Fi,/lofi,configured_stream,45689,Decisions,NAGASHI,,,,,,,87.144,H:\RadioTEDU Songs\lofi\185 Tracks ~Chill Lofi Study Beats Songs  Playlist Spotify  [320]  kbps Beats⭐\185 Tracks ~Chill Lofi Study Beats Songs  Playlist Spotify  [320]  kbps Beats⭐\Decisions.mp3,1,1,85.151,2026-08-25 09:26:13,2026-08-25 09:26:13
2,RadioTEDU Lo-Fi,/lofi,configured_stream,49850,delusions,kokoro,,,,,,,151.083,H:\RadioTEDU Songs\lofi\kokoro\Tranquil\03 delusions.mp3,1,1,149.159,2026-08-25 13:15:47,2026-08-25 13:15:47
2,RadioTEDU Lo-Fi,/lofi,configured_stream,50586,"Deux arabesques (Two Arabesques), L 66: No. 1",Claude Debussy,,,,,,,234.973,"H:\RadioTEDU Songs\lofi\Various Artists\Rise of the Masters_ 100 Supreme Classical Masterpieces\97 Claude Debussy - Deux arabesques (Two Arabesques), L 66_ No. 1.mp3",1,1,232.512,2026-08-25 01:24:40,2026-08-25 01:24:40
2,RadioTEDU Lo-Fi,/lofi,configured_stream,50459,"Die Moldau (aus ""Mein Vaterland"")",Bedřich Smetana,,,,,,,739.0,H:\RadioTEDU Songs\lofi\Various Artists\Faszination Klassik\03 Bedřich Smetana - Die Moldau (aus _Mein Vaterland_).mp3,1,1,736.191,2026-08-25 19:48:56,2026-08-25 19:48:56
2,RadioTEDU Lo-Fi,/lofi,configured_stream,50527,Discorde,Adieu Aru & A.L.I.S.O.N,,,,,,,252.638,H:\RadioTEDU Songs\lofi\Various Artists\Lofi Girl × chess.com_ Synthwave beats to play chess to\03 Adieu Aru & A.L.I.S.O.N - Discorde.flac,1,1,249.695,2026-08-25 10:08:00,2026-08-25 10:08:00
2,RadioTEDU Lo-Fi,/lofi,configured_stream,49787,Distance,Indo Silver ft. Redshifting,,,,,,,186.535,H:\RadioTEDU Songs\lofi\Indo Silver\Liminal Spaces\11 Indo Silver ft. Redshifting - Distance.flac,1,1,183.658,2026-08-25 12:15:15,2026-08-25 12:15:15
2,RadioTEDU Lo-Fi,/lofi,configured_stream,50576,Don't Explain (Dzihan & Kamien Remix),Billie Holiday,,,,,,,287.84,H:\RadioTEDU Songs\lofi\Various Artists\Rencontres feutrées\02 Billie Holiday - Don't Explain (Dzihan & Kamien Remix) (1).mp3,1,1,285.271,2026-08-25 13:10:46,2026-08-25 13:10:46
2,RadioTEDU Lo-Fi,/lofi,configured_stream,50577,Don't Explain (Dzihan & Kamien Remix),Billie Holiday,,,,,,,287.84,H:\RadioTEDU Songs\lofi\Various Artists\Rencontres feutrées\02 Billie Holiday - Don't Explain (Dzihan & Kamien Remix).mp3,1,1,288.737,2026-08-25 05:00:58,2026-08-25 05:00:58
2,RadioTEDU Lo-Fi,/lofi,configured_stream,50410,Don't Make Me Want You,Dublex Inc. feat. Alice Russell,,,,,,,261.173,H:\RadioTEDU Songs\lofi\Various Artists\Erotic Lounge_ Sensual Passion\1-03 Dublex Inc. feat. Alice Russell - Don't Make Me Want You (1).mp3,1,1,261.816,2026-08-25 16:09:18,2026-08-25 16:09:18
2,RadioTEDU Lo-Fi,/lofi,configured_stream,49424,double take,Dhruv,,,,,,,172.548,H:\RadioTEDU Songs\lofi\24.04\Dhruv - double take (Official Audio) [uQiF1yOnzDg].mp3,1,1,170.671,2026-08-25 21:01:59,2026-08-25 21:01:59
2,RadioTEDU Lo-Fi,/lofi,configured_stream,49745,Down,Hashir,,,,,,,126.336,H:\RadioTEDU Songs\lofi\Hashir\Down\01 Down.mp3,1,1,124.004,2026-08-25 17:50:52,2026-08-25 17:50:52
2,RadioTEDU Lo-Fi,/lofi,configured_stream,50530,Dream Sailing,boy from nowhere,,,,,,,184.428,H:\RadioTEDU Songs\lofi\Various Artists\Lofi Girl × chess.com_ Synthwave beats to play chess to\11 boy from nowhere - Dream Sailing.flac,1,1,182.397,2026-08-25 00:31:02,2026-08-25 00:31:02
2,RadioTEDU Lo-Fi,/lofi,configured_stream,45699,Drive Slow,soho,,,,,,,92.473,H:\RadioTEDU Songs\lofi\185 Tracks ~Chill Lofi Study Beats Songs  Playlist Spotify  [320]  kbps Beats⭐\185 Tracks ~Chill Lofi Study Beats Songs  Playlist Spotify  [320]  kbps Beats⭐\Drive Slow.mp3,1,1,100.847,2026-08-25 21:29:28,2026-08-25 21:29:28
2,RadioTEDU Lo-Fi,/lofi,configured_stream,45700,Drowsy,Trog'low,,,,,,,147.984,H:\RadioTEDU Songs\lofi\185 Tracks ~Chill Lofi Study Beats Songs  Playlist Spotify  [320]  kbps Beats⭐\185 Tracks ~Chill Lofi Study Beats Songs  Playlist Spotify  [320]  kbps Beats⭐\Drowsy.mp3,1,1,145.298,2026-08-25 23:23:16,2026-08-25 23:23:16
2,RadioTEDU Lo-Fi,/lofi,configured_stream,50486,Dumbledore’s Army,Nicholas Hooper,,,,,,,162.351,H:\RadioTEDU Songs\lofi\Various Artists\Harry Potter_ Original Motion Picture Soundtracks I-V\10-05 Nicholas Hooper - Dumbledore’s Army.mp3,1,1,161.497,2026-08-25 15:27:42,2026-08-25 15:27:42
2,RadioTEDU Lo-Fi,/lofi,configured_stream,45911,Dyslm - Ghost (ft. Achex),Dyslm,,,,,,,158.604,H:\RadioTEDU Songs\lofi\Dyslm - Ghost (ft. Achex).mp3,1,1,159.368,2026-08-25 22:18:13,2026-08-25 22:18:13
2,RadioTEDU Lo-Fi,/lofi,configured_stream,45912,Dyslm - how long？ (can't hold any longer) (ft. honey waffles),Dyslm,,,,,,,105.535,H:\RadioTEDU Songs\lofi\Dyslm - how long？ (can't hold any longer) (ft. honey waffles).mp3,1,1,105.317,2026-08-25 21:17:47,2026-08-25 21:17:47
2,RadioTEDU Lo-Fi,/lofi,configured_stream,50609,"Ellen's Chants, D. 839: Ave Maria (from Alive)",Café Concerto,,,,,,,326.173,"H:\RadioTEDU Songs\lofi\Various Artists\The 99 Most Essential Classical Pieces in Movies\27 Café Concerto - Ellen's Chants, D. 839_ Ave Maria (from Alive).mp3",1,1,328.308,2026-08-25 01:30:08,2026-08-25 01:30:08
2,RadioTEDU Lo-Fi,/lofi,configured_stream,50074,Emerald,Soothing Spore,,,,,,,142.806,H:\RadioTEDU Songs\lofi\Soothing Spore & Runaway Horses\Spacescape\11 Soothing Spore - Emerald.flac,1,1,140.022,2026-08-25 23:31:06,2026-08-25 23:31:06
2,RadioTEDU Lo-Fi,/lofi,configured_stream,50706,Epiphany,WYS,,,,,,,145.497,H:\RadioTEDU Songs\lofi\WYS\South Pole\03 Epiphany.flac,1,1,143.851,2026-08-25 05:14:06,2026-08-25 05:14:06
2,RadioTEDU Lo-Fi,/lofi,configured_stream,49411,Eyes Without A Face,Billy Idol,,,,,,,294.51,H:\RadioTEDU Songs\lofi\24.04\Billy Idol - Eyes Without A Face [9OFpfTd0EIs].mp3,1,1,291.723,2026-08-25 08:28:12,2026-08-25 08:28:12
2,RadioTEDU Lo-Fi,/lofi,configured_stream,45924,faceless boy. & C H O I S I E S - Someone in the Crowd (ft. deaar),faceless boy. & C H O I S I E S,,,,,,,150.883,H:\RadioTEDU Songs\lofi\faceless boy. & C H O I S I E S - Someone in the Crowd (ft. deaar).mp3,1,1,151.216,2026-08-25 02:12:00,2026-08-25 02:12:00
2,RadioTEDU Lo-Fi,/lofi,configured_stream,50723,fade away (losing you),yaeow,,,,,,,132.971,H:\RadioTEDU Songs\lofi\yaeow\my first songs\03 fade away (losing you).mp3,1,1,130.097,2026-08-25 12:46:22,2026-08-25 12:46:22
2,RadioTEDU Lo-Fi,/lofi,configured_stream,46985,Far Away,Lemguine,,,,,,,126.141,H:\RadioTEDU Songs\lofi\Various Artists - lofi autumn vibes by Lola (2023) Mp3 320kbps [PMEDIA] ⭐️\66. Lemguine - Far Away.mp3,1,1,123.559,2026-08-25 07:52:58,2026-08-25 07:52:58
2,RadioTEDU Lo-Fi,/lofi,configured_stream,50722,far away from here,yaeow,,,,,,,132.969,H:\RadioTEDU Songs\lofi\yaeow\my first songs\01 far away from here.mp3,1,1,130.771,2026-08-25 04:30:58,2026-08-25 04:30:58
2,RadioTEDU Lo-Fi,/lofi,configured_stream,50417,Fast & Loud,Stéphane Pompougnac feat. Juliette Oz,,,,,,,262.64,H:\RadioTEDU Songs\lofi\Various Artists\Erotic Lounge_ Sensual Passion\1-07 Stéphane Pompougnac feat. Juliette Oz - Fast & Loud.mp3,1,1,271.877,2026-08-25 06:05:18,2026-08-25 06:05:18
2,RadioTEDU Lo-Fi,/lofi,configured_stream,50678,Favela,Antonio Carlos Jobim,,,,,,,197.632,H:\RadioTEDU Songs\lofi\Various Artists\The Very Best of Latin Jazz\2-05 Antonio Carlos Jobim - Favela.mp3,1,1,195.098,2026-08-25 10:25:19,2026-08-25 10:25:19
2,RadioTEDU Lo-Fi,/lofi,configured_stream,50499,Fever,Peggy Lee,,,,,,,200.693,H:\RadioTEDU Songs\lofi\Various Artists\Jazz Ballads\05 Peggy Lee - Fever.mp3,1,1,197.835,2026-08-25 12:37:11,2026-08-25 12:37:11
2,RadioTEDU Lo-Fi,/lofi,configured_stream,49714,Finding the Edge,Foudroie,,,,,,,207.132,H:\RadioTEDU Songs\lofi\Foudroie\The Journey\10 Foudroie - Finding the Edge.flac,1,1,204.581,2026-08-25 12:26:33,2026-08-25 12:26:33
2,RadioTEDU Lo-Fi,/lofi,configured_stream,45584,First Sip of Coffee,Jobii,,,,,,,146.976,H:\RadioTEDU Songs\lofi\100 Lo-Fi Beats to Relax and focus Playlist Spotify (2020) [320]  kbps Beats⭐\100 Lo-Fi Beats to Relax and focus Playlist Spotify (2020) [320]  kbps Beats⭐\First Sip of Coffee.mp3,1,1,144.261,2026-08-25 23:46:15,2026-08-25 23:46:15
2,RadioTEDU Lo-Fi,/lofi,configured_stream,45928,fishkid - dream of lies (ft. Brandon Hailey),fishkid,,,,,,,166.058,H:\RadioTEDU Songs\lofi\fishkid - dream of lies (ft. Brandon Hailey).mp3,1,1,163.252,2026-08-25 13:42:25,2026-08-25 13:42:25
2,RadioTEDU Lo-Fi,/lofi,configured_stream,50549,Flashlight (from “Pitch Perfect 2” soundtrack),Jessie J,,,,,,,208.678,H:\RadioTEDU Songs\lofi\Various Artists\Movie Hits\24 Jessie J - Flashlight (from “Pitch Perfect 2” soundtrack).flac,1,1,210.904,2026-08-25 03:54:08,2026-08-25 03:54:08
2,RadioTEDU Lo-Fi,/lofi,configured_stream,50550,Flashlight (from “Pitch Perfect 2” soundtrack),Jessie J,,,,,,,208.667,H:\RadioTEDU Songs\lofi\Various Artists\Movie Hits\24 Jessie J - Flashlight (from “Pitch Perfect 2” soundtrack).mp3,1,1,205.826,2026-08-25 04:06:36,2026-08-25 04:06:36
2,RadioTEDU Lo-Fi,/lofi,configured_stream,50288,Flight,Hotel Pools & Baton,,,,,,,172.021,H:\RadioTEDU Songs\lofi\Various Artists\4 A.M Chill Session\05 Hotel Pools & Baton - Flight.flac,1,1,169.987,2026-08-25 10:54:52,2026-08-25 10:54:52
2,RadioTEDU Lo-Fi,/lofi,configured_stream,50237,Footprints (Remastered),Wayne Shorter,,,,,,,449.773,H:\RadioTEDU Songs\lofi\Various Artists\100 Greatest Jazz Icons\66 Wayne Shorter - Footprints (Remastered).mp3,1,1,446.926,2026-08-25 08:46:48,2026-08-25 08:46:48
2,RadioTEDU Lo-Fi,/lofi,configured_stream,45930,forgotten world 🌿 chill ambient playlist,,,,,,,,7350.451,H:\RadioTEDU Songs\lofi\forgotten world 🌿 chill ambient playlist.mp3,1,1,1800.323,2026-08-25 14:42:05,2026-08-25 14:42:05
2,RadioTEDU Lo-Fi,/lofi,configured_stream,50686,Fried Neckbones And Some Home Fries (Dan The Automator Remix),Willie Bobo,,,,,,,270.92,H:\RadioTEDU Songs\lofi\Various Artists\Verve __ Remixed²\3-01 Willie Bobo - Fried Neckbones And Some Home Fries (Dan The Automator Remix).mp3,1,1,268.666,2026-08-25 01:20:46,2026-08-25 01:20:46
2,RadioTEDU Lo-Fi,/lofi,configured_stream,50687,Fried Neckbones and Some Home Fries (Dan the Automator remix),Willie Bobo,,,,,,,270.92,H:\RadioTEDU Songs\lofi\Various Artists\Verve__Remixed²\10 Willie Bobo - Fried Neckbones and Some Home Fries (Dan the Automator remix).mp3,1,1,268.438,2026-08-25 01:12:15,2026-08-25 01:12:15
2,RadioTEDU Lo-Fi,/lofi,configured_stream,50019,Frost,"S N U G, Nuver",,,,,,,157.73,"H:\RadioTEDU Songs\lofi\S N U G, Nuver\Nightfall\02 S N U G, Nuver - Frost.flac",1,1,156.199,2026-08-25 11:58:02,2026-08-25 11:58:02
2,RadioTEDU Lo-Fi,/lofi,configured_stream,50039,Galaxy,SCayos ft. Phlocalyst,,,,,,,151.585,H:\RadioTEDU Songs\lofi\SCayos\Ethereal Nights\06 SCayos ft. Phlocalyst - Galaxy.flac,1,1,149.989,2026-08-25 01:44:18,2026-08-25 01:44:18
2,RadioTEDU Lo-Fi,/lofi,configured_stream,49700,Get lost in the mind’s ocean,eugenio izzi,,,,,,,146.872,H:\RadioTEDU Songs\lofi\eugenio izzi\Feel Free to Imagine\01 Get lost in the mind’s ocean.flac,1,1,144.102,2026-08-25 08:02:04,2026-08-25 08:02:04
2,RadioTEDU Lo-Fi,/lofi,configured_stream,50514,Goin’ Out of My Head,Nancy Wilson,,,,,,,131.307,H:\RadioTEDU Songs\lofi\Various Artists\Jazz Ballads\20 Nancy Wilson - Goin’ Out of My Head.mp3,1,1,128.518,2026-08-25 16:15:01,2026-08-25 16:15:01
2,RadioTEDU Lo-Fi,/lofi,configured_stream,45715,Gold Pub,Jon Seger,,,,,,,103.053,H:\RadioTEDU Songs\lofi\185 Tracks ~Chill Lofi Study Beats Songs  Playlist Spotify  [320]  kbps Beats⭐\185 Tracks ~Chill Lofi Study Beats Songs  Playlist Spotify  [320]  kbps Beats⭐\Gold Pub.mp3,1,1,100.405,2026-08-25 12:38:52,2026-08-25 12:38:52
2,RadioTEDU Lo-Fi,/lofi,configured_stream,50342,Greedy,Tate McRae,,,,,,,129.683,H:\RadioTEDU Songs\lofi\Various Artists\Bravo_ The Hits 2024\2-11 Tate McRae - Greedy.flac,1,1,126.95,2026-08-25 08:11:14,2026-08-25 08:11:14
2,RadioTEDU Lo-Fi,/lofi,configured_stream,50290,Grid,sunday museum,,,,,,,185.084,H:\RadioTEDU Songs\lofi\Various Artists\4 A.M Chill Session\19 sunday museum - Grid.flac,1,1,185.116,2026-08-25 05:42:49,2026-08-25 05:42:49
2,RadioTEDU Lo-Fi,/lofi,configured_stream,45948,hakaisu - somewhere in between the lines i lost you,hakaisu,,,,,,,151.403,H:\RadioTEDU Songs\lofi\hakaisu - somewhere in between the lines i lost you.mp3,1,1,154.434,2026-08-25 01:49:13,2026-08-25 01:49:13
2,RadioTEDU Lo-Fi,/lofi,configured_stream,45949,halberd - i dont know what to do. (ft. margueriterose),halberd,,,,,,,137.408,H:\RadioTEDU Songs\lofi\halberd - i dont know what to do. (ft. margueriterose).mp3,1,1,134.92,2026-08-25 22:15:30,2026-08-25 22:15:30
2,RadioTEDU Lo-Fi,/lofi,configured_stream,50531,Hang On,dreamẅalker,,,,,,,143.931,H:\RadioTEDU Songs\lofi\Various Artists\Lofi Girl × chess.com_ Synthwave beats to play chess to\14 dreamẅalker - Hang On.flac,1,1,141.0,2026-08-25 12:41:13,2026-08-25 12:41:13
2,RadioTEDU Lo-Fi,/lofi,configured_stream,50479,Harry in Winter,Patrick Doyle,,,,,,,176.196,H:\RadioTEDU Songs\lofi\Various Artists\Harry Potter_ Original Motion Picture Soundtracks I-V\07-12 Patrick Doyle - Harry in Winter (1).mp3,1,1,173.893,2026-08-25 00:19:45,2026-08-25 00:19:45
2,RadioTEDU Lo-Fi,/lofi,configured_stream,49491,Heartless,The Weeknd,,,,,,,249.731,H:\RadioTEDU Songs\lofi\24.04\The Weeknd - Heartless (Official Video) [1DpH-icPpl0].mp3,1,1,247.024,2026-08-25 08:56:51,2026-08-25 08:56:51
2,RadioTEDU Lo-Fi,/lofi,configured_stream,49496,HIGHEST IN THE ROOM,Travis Scott,,,,,,,176.981,H:\RadioTEDU Songs\lofi\24.04\Travis Scott - HIGHEST IN THE ROOM (Official Music Video) [tfSS1e3kYeo].mp3,1,1,176.324,2026-08-25 14:57:04,2026-08-25 14:57:04
2,RadioTEDU Lo-Fi,/lofi,configured_stream,50332,Hope for Harmony,Juliàn,,,,,,,155.416,H:\RadioTEDU Songs\lofi\Various Artists\Best‐of lofi hip‐hop 2023\22 Juliàn - Hope for Harmony.flac,1,1,152.807,2026-08-25 07:33:47,2026-08-25 07:33:47
2,RadioTEDU Lo-Fi,/lofi,configured_stream,50317,hopeful dreams,"Kanisan, Dario Lessing & Claudia Lessing",,,,,,,145.606,"H:\RadioTEDU Songs\lofi\Various Artists\Best‐of lofi hip‐hop 2022\12 Kanisan, Dario Lessing & Claudia Lessing - hopeful dreams.flac",1,1,142.899,2026-08-25 13:26:31,2026-08-25 13:26:31
2,RadioTEDU Lo-Fi,/lofi,configured_stream,49858,Horizon,"Laffey, softy",,,,,,,158.177,"H:\RadioTEDU Songs\lofi\Laffey, softy\Belonging\01 Horizon.flac",1,1,155.511,2026-08-25 18:38:57,2026-08-25 18:38:57
2,RadioTEDU Lo-Fi,/lofi,configured_stream,50690,Hornpipe,Georg Friedrich Händel,,,,,,,219.493,"H:\RadioTEDU Songs\lofi\Various Artists\Wedding Favourites_ Wedding March _ Bridal March _ Jesu, Joy of Man’s Desiring\07 Georg Friedrich Händel - Hornpipe (1).mp3",1,1,216.94,2026-08-25 01:07:46,2026-08-25 01:07:46
2,RadioTEDU Lo-Fi,/lofi,configured_stream,50515,How High the Moon,June Christy,,,,,,,153.0,H:\RadioTEDU Songs\lofi\Various Artists\Jazz Ballads\21 June Christy - How High the Moon.mp3,1,1,150.251,2026-08-25 01:04:10,2026-08-25 01:04:10
2,RadioTEDU Lo-Fi,/lofi,configured_stream,50579,How Long Has This Been Going On? (Mj Cole Remix),Carmen McRae,,,,,,,296.12,H:\RadioTEDU Songs\lofi\Various Artists\Rencontres feutrées\04 Carmen McRae - How Long Has This Been Going On_ (Mj Cole Remix).mp3,1,1,293.176,2026-08-25 20:26:18,2026-08-25 20:26:18
2,RadioTEDU Lo-Fi,/lofi,configured_stream,50326,I Can’t Do This Anymore,Nadav Cohen,,,,,,,140.006,H:\RadioTEDU Songs\lofi\Various Artists\Best‐of lofi hip‐hop 2022\41 Nadav Cohen - I Can’t Do This Anymore.flac,1,1,137.26,2026-08-25 07:20:22,2026-08-25 07:20:22
2,RadioTEDU Lo-Fi,/lofi,configured_stream,50504,I Can’t Give You Anything but Love,Sarah Vaughan,,,,,,,187.6,H:\RadioTEDU Songs\lofi\Various Artists\Jazz Ballads\09 Sarah Vaughan - I Can’t Give You Anything but Love.mp3,1,1,184.988,2026-08-25 17:23:55,2026-08-25 17:23:55
2,RadioTEDU Lo-Fi,/lofi,configured_stream,49440,I Feel It Coming,,,,,,,,269.187,H:\RadioTEDU Songs\lofi\24.04\I Feel It Coming [iIWoYaJRryw].mp3,1,1,266.296,2026-08-25 12:23:09,2026-08-25 12:23:09
2,RadioTEDU Lo-Fi,/lofi,configured_stream,49551,i know you so well,"bearbare, IWL & Shiloh",,,,,,,121.045,"H:\RadioTEDU Songs\lofi\bearbare, IWL & Shiloh\she was the best\09 i know you so well.mp3",1,1,120.255,2026-08-25 20:47:18,2026-08-25 20:47:18
2,RadioTEDU Lo-Fi,/lofi,configured_stream,50503,I Left My Heart in San Francisco,Dinah Washington,,,,,,,127.373,H:\RadioTEDU Songs\lofi\Various Artists\Jazz Ballads\08 Dinah Washington - I Left My Heart in San Francisco.mp3,1,1,124.542,2026-08-25 07:59:39,2026-08-25 07:59:39
2,RadioTEDU Lo-Fi,/lofi,configured_stream,50466,I Miss You So Much,Billy “Crash” Craddock,,,,,,,135.21,H:\RadioTEDU Songs\lofi\Various Artists\Happy Birthday Hans-Joachim!\27 Billy “Crash” Craddock - I Miss You So Much.mp3,1,1,132.471,2026-08-25 00:12:21,2026-08-25 00:12:21
2,RadioTEDU Lo-Fi,/lofi,configured_stream,50428,I Think It's…,Moodorama,,,,,,,238.787,H:\RadioTEDU Songs\lofi\Various Artists\Erotic Lounge_ Sensual Passion\1-14 Moodorama - I Think It's… (1).mp3,1,1,235.976,2026-08-25 02:35:56,2026-08-25 02:35:56
2,RadioTEDU Lo-Fi,/lofi,configured_stream,50429,I Think It's…,Moodorama,,,,,,,238.787,H:\RadioTEDU Songs\lofi\Various Artists\Erotic Lounge_ Sensual Passion\1-14 Moodorama - I Think It's….mp3,1,1,235.887,2026-08-25 01:34:07,2026-08-25 01:34:07
2,RadioTEDU Lo-Fi,/lofi,configured_stream,50594,I'll Be Seeing You,Billie Holiday,,,,,,,211.533,H:\RadioTEDU Songs\lofi\Various Artists\Stealing Beauty\08 Billie Holiday - I'll Be Seeing You.flac,1,1,212.448,2026-08-25 16:12:52,2026-08-25 16:12:52
2,RadioTEDU Lo-Fi,/lofi,configured_stream,45728,I'll Wait,Lomoplay,,,,,,,122.07,H:\RadioTEDU Songs\lofi\185 Tracks ~Chill Lofi Study Beats Songs  Playlist Spotify  [320]  kbps Beats⭐\185 Tracks ~Chill Lofi Study Beats Songs  Playlist Spotify  [320]  kbps Beats⭐\I'll Wait.mp3,1,1,119.221,2026-08-25 08:58:50,2026-08-25 08:58:50
2,RadioTEDU Lo-Fi,/lofi,configured_stream,50574,I'm Just a Kid,Simple Plan,,,,,,,198.333,"H:\RadioTEDU Songs\lofi\Various Artists\Promo Only_ Modern Rock Radio, February 2002\09 Simple Plan - I'm Just a Kid.flac",1,1,202.662,2026-08-25 00:34:24,2026-08-25 00:34:24
2,RadioTEDU Lo-Fi,/lofi,configured_stream,49843,I've Changed for You,Kina feat. Madson Project.,,,,,,,196.928,H:\RadioTEDU Songs\lofi\Kina feat. Madson Project_\I've Changed for You\01 I've Changed for You (1).mp3,1,1,194.148,2026-08-25 18:36:22,2026-08-25 18:36:22
2,RadioTEDU Lo-Fi,/lofi,configured_stream,50121,Indra,Thievery Corporation,,,,,,,322.867,H:\RadioTEDU Songs\lofi\Thievery Corporation\The Mirror Conspiracy\03 Indra.mp3,1,1,320.027,2026-08-25 11:49:20,2026-08-25 11:49:20
2,RadioTEDU Lo-Fi,/lofi,configured_stream,49790,inner light,inertia.,,,,,,,146.256,H:\RadioTEDU Songs\lofi\inertia_\faded\01 inertia. - inner light.flac,1,1,143.881,2026-08-25 08:15:54,2026-08-25 08:15:54
2,RadioTEDU Lo-Fi,/lofi,configured_stream,49823,Internal Forces,Juliàn,,,,,,,143.232,H:\RadioTEDU Songs\lofi\Juliàn\Mysteries of Life\03 Juliàn - Internal Forces.flac,1,1,140.566,2026-08-25 02:24:49,2026-08-25 02:24:49
2,RadioTEDU Lo-Fi,/lofi,configured_stream,50381,It Won’t Be Easy,The Downbeats,,,,,,,153.855,"H:\RadioTEDU Songs\lofi\Various Artists\Diggin’ for Gold, Volume 6\15 The Downbeats - It Won’t Be Easy.mp3",1,1,150.98,2026-08-25 10:57:24,2026-08-25 10:57:24
2,RadioTEDU Lo-Fi,/lofi,configured_stream,46774,It's OK To Cry,Sarcastic Sounds,,,,,,,102.379,H:\RadioTEDU Songs\lofi\Sarcastic Sounds - It's Ok To Cry.mp3,1,1,101.118,2026-08-25 21:43:10,2026-08-25 21:43:10
2,RadioTEDU Lo-Fi,/lofi,configured_stream,50726,I’m Not the One,yaeow,,,,,,,114.965,H:\RadioTEDU Songs\lofi\yaeow\Worn Out Heart\04 yaeow - I’m Not the One.mp3,1,1,112.11,2026-08-25 10:13:08,2026-08-25 10:13:08
2,RadioTEDU Lo-Fi,/lofi,configured_stream,45734,Jasmine's Fuji,June Jissle,,,,,,,76.016,H:\RadioTEDU Songs\lofi\185 Tracks ~Chill Lofi Study Beats Songs  Playlist Spotify  [320]  kbps Beats⭐\185 Tracks ~Chill Lofi Study Beats Songs  Playlist Spotify  [320]  kbps Beats⭐\Jasmine's Fuji.mp3,1,1,102.214,2026-08-25 21:25:09,2026-08-25 21:25:09
2,RadioTEDU Lo-Fi,/lofi,configured_stream,45736,Jeux D’eau,sadtoi,,,,,,,143.987,H:\RadioTEDU Songs\lofi\185 Tracks ~Chill Lofi Study Beats Songs  Playlist Spotify  [320]  kbps Beats⭐\185 Tracks ~Chill Lofi Study Beats Songs  Playlist Spotify  [320]  kbps Beats⭐\Jeux D’eau.mp3,1,1,142.944,2026-08-25 02:06:36,2026-08-25 02:06:36
2,RadioTEDU Lo-Fi,/lofi,configured_stream,46116,jisatsu - covered in my tears (ft. iriasona),jisatsu,,,,,,,206.646,H:\RadioTEDU Songs\lofi\jisatsu - covered in my tears (ft. iriasona).mp3,1,1,204.989,2026-08-25 11:35:16,2026-08-25 11:35:16
2,RadioTEDU Lo-Fi,/lofi,configured_stream,49651,Jocelyn Flores,Dontcry,,,,,,,92.565,H:\RadioTEDU Songs\lofi\Dontcry\Jocelyn Flores\01 Jocelyn Flores.mp3,1,1,91.345,2026-08-25 14:49:31,2026-08-25 14:49:31
2,RadioTEDU Lo-Fi,/lofi,configured_stream,50491,"Kantate, BWV 62: Nun komm, der Heiden Heiland",Johann Sebastian Bach,,,,,,,282.587,"H:\RadioTEDU Songs\lofi\Various Artists\Hörmal_ Denkmale zum Klingen bringen_ Festliche Weihnachtsmusik, Vol. 4\16 Johann Sebastian Bach - Kantate, BWV 62_ Nun komm, der Heiden Heiland.flac",1,1,280.481,2026-08-25 15:53:59,2026-08-25 15:53:59
2,RadioTEDU Lo-Fi,/lofi,configured_stream,46126,Kaxi & NÜ - A Sad Love Letter,Kaxi & NÜ,,,,,,,180.5,H:\RadioTEDU Songs\lofi\Kaxi & NÜ - A Sad Love Letter.mp3,1,1,178.17,2026-08-25 23:49:13,2026-08-25 23:49:13
2,RadioTEDU Lo-Fi,/lofi,configured_stream,50495,Keep It Together,Brooklyn Funk Essentials,,,,,,,449.576,H:\RadioTEDU Songs\lofi\Various Artists\Im Juli\07 Brooklyn Funk Essentials - Keep It Together.mp3,1,1,448.023,2026-08-25 18:29:45,2026-08-25 18:29:45
2,RadioTEDU Lo-Fi,/lofi,configured_stream,46520,King's Taylor,Philipp Alexander Geitmann,,,,,,,126.069,H:\RadioTEDU Songs\lofi\Lofi\cool winds\Philipp Alexander Geitmann\Philipp Alexander Geitmann - King's Taylor.flac,1,1,123.434,2026-08-25 08:34:14,2026-08-25 08:34:14
2,RadioTEDU Lo-Fi,/lofi,configured_stream,50207,L-O-V-E,Nat King Cole,,,,,,,155.307,H:\RadioTEDU Songs\lofi\Various Artists\100 Greatest Jazz Icons\21 Nat King Cole - L-O-V-E.mp3,1,1,152.598,2026-08-25 23:43:51,2026-08-25 23:43:51
2,RadioTEDU Lo-Fi,/lofi,configured_stream,46155,last day on earth 🌿 chill ambient playlist,,,,,,,,7381.763,H:\RadioTEDU Songs\lofi\last day on earth 🌿 chill ambient playlist.mp3,1,1,1803.15,2026-08-25 11:31:52,2026-08-25 11:31:52
2,RadioTEDU Lo-Fi,/lofi,configured_stream,50103,Last Light,TABAL,,,,,,,176.11,H:\RadioTEDU Songs\lofi\TABAL\Last Light\03 TABAL - Last Light.flac,1,1,173.956,2026-08-25 14:47:59,2026-08-25 14:47:59
2,RadioTEDU Lo-Fi,/lofi,configured_stream,50464,Last Resort,Papa Roach,,,,,,,198.867,H:\RadioTEDU Songs\lofi\Various Artists\Greatest Ever Rock Party\1-16 Papa Roach - Last Resort.flac,1,1,196.365,2026-08-25 10:11:16,2026-08-25 10:11:16
2,RadioTEDU Lo-Fi,/lofi,configured_stream,50529,Lasting,Hotel Pools & boy from nowhere,,,,,,,161.106,H:\RadioTEDU Songs\lofi\Various Artists\Lofi Girl × chess.com_ Synthwave beats to play chess to\09 Hotel Pools & boy from nowhere - Lasting.flac,1,1,162.804,2026-08-25 05:21:56,2026-08-25 05:21:56
2,RadioTEDU Lo-Fi,/lofi,configured_stream,50442,Late Lounge Lover,Hacienda,,,,,,,292.333,H:\RadioTEDU Songs\lofi\Various Artists\Erotic Lounge⁵_ Secret Affairs\2-07 Hacienda - Late Lounge Lover (1).mp3,1,1,289.537,2026-08-25 05:37:37,2026-08-25 05:37:37
2,RadioTEDU Lo-Fi,/lofi,configured_stream,50443,Late Lounge Lover,Hacienda,,,,,,,292.333,H:\RadioTEDU Songs\lofi\Various Artists\Erotic Lounge⁵_ Secret Affairs\2-07 Hacienda - Late Lounge Lover.mp3,1,1,289.524,2026-08-25 12:31:22,2026-08-25 12:31:22
2,RadioTEDU Lo-Fi,/lofi,configured_stream,45741,Latitude,Xyla,,,,,,,80.98,H:\RadioTEDU Songs\lofi\185 Tracks ~Chill Lofi Study Beats Songs  Playlist Spotify  [320]  kbps Beats⭐\185 Tracks ~Chill Lofi Study Beats Songs  Playlist Spotify  [320]  kbps Beats⭐\Latitude.mp3,1,1,78.286,2026-08-25 18:04:42,2026-08-25 18:04:42
2,RadioTEDU Lo-Fi,/lofi,configured_stream,49960,Lazyness,Nothingtosay,,,,,,,161.811,H:\RadioTEDU Songs\lofi\Nothingtosay\Introspective\07 Nothingtosay - Lazyness.flac,1,1,158.927,2026-08-25 09:24:47,2026-08-25 09:24:47
2,RadioTEDU Lo-Fi,/lofi,configured_stream,49875,Le Metroid,Le Metroid,,,,,,,153.606,H:\RadioTEDU Songs\lofi\Le Metroid\Black Hole\04 Le Metroid.flac,1,1,150.856,2026-08-25 13:13:17,2026-08-25 13:13:17
2,RadioTEDU Lo-Fi,/lofi,configured_stream,50425,Let It Go,Etro Anime,,,,,,,199.667,H:\RadioTEDU Songs\lofi\Various Artists\Erotic Lounge_ Sensual Passion\1-12 Etro Anime - Let It Go.mp3,1,1,196.751,2026-08-25 07:23:38,2026-08-25 07:23:38
2,RadioTEDU Lo-Fi,/lofi,configured_stream,50436,Let's Stay Together,Trinah,,,,,,,249.56,H:\RadioTEDU Songs\lofi\Various Artists\Erotic Lounge⁵_ Secret Affairs\2-03 Trinah - Let's Stay Together (1).mp3,1,1,246.598,2026-08-25 00:10:09,2026-08-25 00:10:09
2,RadioTEDU Lo-Fi,/lofi,configured_stream,50437,Let's Stay Together,Trinah,,,,,,,249.56,H:\RadioTEDU Songs\lofi\Various Artists\Erotic Lounge⁵_ Secret Affairs\2-03 Trinah - Let's Stay Together.mp3,1,1,248.05,2026-08-25 01:38:16,2026-08-25 01:38:16
2,RadioTEDU Lo-Fi,/lofi,configured_stream,50534,Letting Go,xander. × No Spirit,,,,,,,205.721,H:\RadioTEDU Songs\lofi\Various Artists\Lonely Days\24 xander. × No Spirit - Letting Go.flac,1,1,205.647,2026-08-25 04:40:28,2026-08-25 04:40:28
2,RadioTEDU Lo-Fi,/lofi,configured_stream,50628,Levitating,Dua Lipa feat. DaBaby,,,,,,,203.802,H:\RadioTEDU Songs\lofi\Various Artists\The Dome_ Summer 2021\1-06 Dua Lipa feat. DaBaby - Levitating.flac,1,1,201.668,2026-08-25 15:12:21,2026-08-25 15:12:21
2,RadioTEDU Lo-Fi,/lofi,configured_stream,50697,Lifted,"Virtua, Akraa",,,,,,,128.006,"H:\RadioTEDU Songs\lofi\Virtua, Akraa\Aether\06 Lifted.flac",1,1,125.249,2026-08-25 11:39:06,2026-08-25 11:39:06
2,RadioTEDU Lo-Fi,/lofi,configured_stream,50331,Lights in the Deepest Blue,"Alto, Lenny Loops & Two Scents",,,,,,,123.435,"H:\RadioTEDU Songs\lofi\Various Artists\Best‐of lofi hip‐hop 2023\19 Alto, Lenny Loops & Two Scents - Lights in the Deepest Blue.flac",1,1,120.635,2026-08-25 11:43:59,2026-08-25 11:43:59
2,RadioTEDU Lo-Fi,/lofi,configured_stream,47012,longwayhome,Eleftherios,,,,,,,131.998,H:\RadioTEDU Songs\lofi\Various Artists - lofi autumn vibes by Lola (2023) Mp3 320kbps [PMEDIA] ⭐️\93. Eleftherios - longwayhome.mp3,1,1,129.023,2026-08-25 22:37:36,2026-08-25 22:37:36
2,RadioTEDU Lo-Fi,/lofi,configured_stream,49534,lookout,"another silent weekend, Blurred Figures ft. Bitter Blossom",,,,,,,158.739,"H:\RadioTEDU Songs\lofi\another silent weekend, Blurred Figures\one particular moment\03 another silent weekend, Blurred Figures ft. Bitter Blossom - lookout.flac",1,1,155.96,2026-08-25 14:52:07,2026-08-25 14:52:07
2,RadioTEDU Lo-Fi,/lofi,configured_stream,45602,Loungerie,Jorge Milliano,,,,,,,195.456,H:\RadioTEDU Songs\lofi\100 Lo-Fi Beats to Relax and focus Playlist Spotify (2020) [320]  kbps Beats⭐\100 Lo-Fi Beats to Relax and focus Playlist Spotify (2020) [320]  kbps Beats⭐\Loungerie.mp3,1,1,192.664,2026-08-25 22:40:48,2026-08-25 22:40:48
2,RadioTEDU Lo-Fi,/lofi,configured_stream,50419,Love Can Sing,Pauline London,,,,,,,269.333,H:\RadioTEDU Songs\lofi\Various Artists\Erotic Lounge_ Sensual Passion\1-09 Pauline London - Love Can Sing (1).mp3,1,1,270.902,2026-08-25 07:05:59,2026-08-25 07:05:59
2,RadioTEDU Lo-Fi,/lofi,configured_stream,50420,Love Can Sing,Pauline London,,,,,,,269.333,H:\RadioTEDU Songs\lofi\Various Artists\Erotic Lounge_ Sensual Passion\1-09 Pauline London - Love Can Sing.mp3,1,1,266.469,2026-08-25 07:18:05,2026-08-25 07:18:05
2,RadioTEDU Lo-Fi,/lofi,configured_stream,50516,Love for Sale,Dianne Reeves,,,,,,,224.067,H:\RadioTEDU Songs\lofi\Various Artists\Jazz Ballads\22 Dianne Reeves - Love for Sale.mp3,1,1,221.257,2026-08-25 16:44:34,2026-08-25 16:44:34
2,RadioTEDU Lo-Fi,/lofi,configured_stream,50452,Love Theme From Seductive Souls,Seductive Souls,,,,,,,363.84,H:\RadioTEDU Songs\lofi\Various Artists\Erotic Lounge⁵_ Secret Affairs\2-12 Seductive Souls - Love Theme From Seductive Souls.mp3,1,1,362.057,2026-08-25 04:28:48,2026-08-25 04:28:48
2,RadioTEDU Lo-Fi,/lofi,configured_stream,50543,Love Theme From Spartacus,Terry Callier,,,,,,,303.813,H:\RadioTEDU Songs\lofi\Various Artists\Lounge\09 Terry Callier - Love Theme From Spartacus.mp3,1,1,302.792,2026-08-25 15:49:18,2026-08-25 15:49:18
2,RadioTEDU Lo-Fi,/lofi,configured_stream,45744,Loved Ones,BluntOne,,,,,,,99.762,H:\RadioTEDU Songs\lofi\185 Tracks ~Chill Lofi Study Beats Songs  Playlist Spotify  [320]  kbps Beats⭐\185 Tracks ~Chill Lofi Study Beats Songs  Playlist Spotify  [320]  kbps Beats⭐\Loved Ones.mp3,1,1,97.07,2026-08-25 22:06:30,2026-08-25 22:06:30
2,RadioTEDU Lo-Fi,/lofi,configured_stream,50570,Lullaby,Viktor Makhnovich,,,,,,,153.088,H:\RadioTEDU Songs\lofi\Various Artists\Peaceful Day\32 Viktor Makhnovich - Lullaby.flac,1,1,150.627,2026-08-25 10:15:38,2026-08-25 10:15:38
2,RadioTEDU Lo-Fi,/lofi,configured_stream,50698,Lunar,"Virtua, Akraa",,,,,,,182.406,"H:\RadioTEDU Songs\lofi\Virtua, Akraa\Aether\12 Lunar.flac",1,1,179.475,2026-08-25 12:44:12,2026-08-25 12:44:12
2,RadioTEDU Lo-Fi,/lofi,configured_stream,50606,"Lute Suite in G minor, BWV 995: I. Prelude",Johann Sebastian Bach,,,,,,,370.64,"H:\RadioTEDU Songs\lofi\Various Artists\The 99 Most Essential Baroque Masterpieces\31 Johann Sebastian Bach - Lute Suite in G minor, BWV 995_ I. Prelude.mp3",1,1,377.173,2026-08-25 04:12:55,2026-08-25 04:12:55
2,RadioTEDU Lo-Fi,/lofi,configured_stream,46657,Maberry - Save Someone,Maberry,,,,,,,159.846,H:\RadioTEDU Songs\lofi\Maberry - Save Someone.mp3,1,1,157.485,2026-08-25 21:33:37,2026-08-25 21:33:37
2,RadioTEDU Lo-Fi,/lofi,configured_stream,50412,Mad About You (Llorca's radio Shot),Hooverphonic,,,,,,,265.147,H:\RadioTEDU Songs\lofi\Various Artists\Erotic Lounge_ Sensual Passion\1-04 Hooverphonic - Mad About You (Llorca's radio Shot).mp3,1,1,264.023,2026-08-25 05:57:14,2026-08-25 05:57:14
2,RadioTEDU Lo-Fi,/lofi,configured_stream,46658,Madi Marie - late nights in my bed (prod. blue moon ring),Madi Marie,,,,,,,113.534,H:\RadioTEDU Songs\lofi\Madi Marie - late nights in my bed (prod. blue moon ring).mp3,1,1,116.606,2026-08-25 15:35:12,2026-08-25 15:35:12
2,RadioTEDU Lo-Fi,/lofi,configured_stream,49614,Madness,Ceremony,,,,,,,191.853,H:\RadioTEDU Songs\lofi\Ceremony\Tell Me Your Dream\03 Madness.flac,1,1,189.99,2026-08-25 14:09:33,2026-08-25 14:09:33
2,RadioTEDU Lo-Fi,/lofi,configured_stream,50236,Maiden Voyage,Herbie Hancock,,,,,,,477.113,H:\RadioTEDU Songs\lofi\Various Artists\100 Greatest Jazz Icons\65 Herbie Hancock - Maiden Voyage.mp3,1,1,474.906,2026-08-25 22:56:24,2026-08-25 22:56:24
2,RadioTEDU Lo-Fi,/lofi,configured_stream,50629,Make Me Lose My Mind,The Nutmegs,,,,,,,115.371,H:\RadioTEDU Songs\lofi\Various Artists\The Herald Records Doowop Collection 1953-63\1-16 The Nutmegs - Make Me Lose My Mind.mp3,1,1,112.698,2026-08-25 12:58:50,2026-08-25 12:58:50
2,RadioTEDU Lo-Fi,/lofi,configured_stream,45748,Many More,Jamie Toffler,,,,,,,96.758,H:\RadioTEDU Songs\lofi\185 Tracks ~Chill Lofi Study Beats Songs  Playlist Spotify  [320]  kbps Beats⭐\185 Tracks ~Chill Lofi Study Beats Songs  Playlist Spotify  [320]  kbps Beats⭐\Many More.mp3,1,1,94.078,2026-08-25 02:08:12,2026-08-25 02:08:12
2,RadioTEDU Lo-Fi,/lofi,configured_stream,45749,Marco,"Cold Frame, Gordon",,,,,,,124.238,H:\RadioTEDU Songs\lofi\185 Tracks ~Chill Lofi Study Beats Songs  Playlist Spotify  [320]  kbps Beats⭐\185 Tracks ~Chill Lofi Study Beats Songs  Playlist Spotify  [320]  kbps Beats⭐\Marco.mp3,1,1,121.935,2026-08-25 09:22:06,2026-08-25 09:22:06
2,RadioTEDU Lo-Fi,/lofi,configured_stream,50231,Matrix,Chick Corea,,,,,,,395.099,H:\RadioTEDU Songs\lofi\Various Artists\100 Greatest Jazz Icons\59 Chick Corea - Matrix.mp3,1,1,406.228,2026-08-25 20:56:28,2026-08-25 20:56:28
2,RadioTEDU Lo-Fi,/lofi,configured_stream,50287,Maverick,Synthnaut,,,,,,,158.406,H:\RadioTEDU Songs\lofi\Various Artists\3 A.M Chill Session\27 Synthnaut - Maverick.flac,1,1,155.678,2026-08-25 06:23:08,2026-08-25 06:23:08
2,RadioTEDU Lo-Fi,/lofi,configured_stream,50508,Maybe I’ll Come Back,Judy Garland,,,,,,,138.093,H:\RadioTEDU Songs\lofi\Various Artists\Jazz Ballads\14 Judy Garland - Maybe I’ll Come Back.mp3,1,1,135.62,2026-08-25 17:10:03,2026-08-25 17:10:03
2,RadioTEDU Lo-Fi,/lofi,configured_stream,50472,Meeting Tom Riddle,John Williams,,,,,,,217.992,H:\RadioTEDU Songs\lofi\Various Artists\Harry Potter_ Original Motion Picture Soundtracks I-V\04-03 John Williams - Meeting Tom Riddle.mp3,1,1,215.537,2026-08-25 09:57:31,2026-08-25 09:57:31
2,RadioTEDU Lo-Fi,/lofi,configured_stream,49602,Memories,BVG ft. møndberg,,,,,,,204.03,H:\RadioTEDU Songs\lofi\BVG\A Spirit’s Tale\02 BVG ft. møndberg - Memories.flac,1,1,201.391,2026-08-25 18:33:06,2026-08-25 18:33:06
2,RadioTEDU Lo-Fi,/lofi,configured_stream,49958,Memories We Made,No Spirit,,,,,,,227.539,H:\RadioTEDU Songs\lofi\No Spirit\Memories We Made\01 No Spirit - Memories We Made.flac,1,1,224.849,2026-08-25 21:50:31,2026-08-25 21:50:31
2,RadioTEDU Lo-Fi,/lofi,configured_stream,49882,Meteor Shower,Le Metroid,,,,,,,136.806,"H:\RadioTEDU Songs\lofi\Le Metroid\Blackhole, Pt. 2\01 Meteor Shower.flac",1,1,134.388,2026-08-25 13:18:02,2026-08-25 13:18:02
2,RadioTEDU Lo-Fi,/lofi,configured_stream,49902,Michael,"luv pug, Spaniel Mac",,,,,,,137.149,"H:\RadioTEDU Songs\lofi\luv pug, Spaniel Mac\Sunset\01 luv pug, Spaniel Mac - Michael.flac",1,1,135.682,2026-08-25 08:13:30,2026-08-25 08:13:30
2,RadioTEDU Lo-Fi,/lofi,configured_stream,46675,Mishaal - Stray Lines,Mishaal,,,,,,,140.597,H:\RadioTEDU Songs\lofi\Mishaal - Stray Lines.mp3,1,1,138.08,2026-08-25 10:40:39,2026-08-25 10:40:39
2,RadioTEDU Lo-Fi,/lofi,configured_stream,50511,Misty Blue,Ella Fitzgerald,,,,,,,147.2,H:\RadioTEDU Songs\lofi\Various Artists\Jazz Ballads\17 Ella Fitzgerald - Misty Blue.mp3,1,1,144.725,2026-08-25 21:27:47,2026-08-25 21:27:47
2,RadioTEDU Lo-Fi,/lofi,configured_stream,46677,Monty Datta & Kehard - On My Own,Monty Datta & Kehard,,,,,,,156.457,H:\RadioTEDU Songs\lofi\Monty Datta & Kehard - On My Own.mp3,1,1,156.171,2026-08-25 15:30:20,2026-08-25 15:30:20
2,RadioTEDU Lo-Fi,/lofi,configured_stream,49710,Moon Dust,Foudroie,,,,,,,187.901,H:\RadioTEDU Songs\lofi\Foudroie\The Journey\06 Foudroie - Moon Dust.flac,1,1,186.098,2026-08-25 15:06:37,2026-08-25 15:06:37
2,RadioTEDU Lo-Fi,/lofi,configured_stream,49898,Moonglow,Loafy Building ft. Mondo Loops,,,,,,,148.006,H:\RadioTEDU Songs\lofi\Loafy Building\High Flying\05 Loafy Building ft. Mondo Loops - Moonglow.flac,1,1,145.127,2026-08-25 22:25:34,2026-08-25 22:25:34
2,RadioTEDU Lo-Fi,/lofi,configured_stream,50361,Morning Mood,Edvard Grieg,,,,,,,222.052,H:\RadioTEDU Songs\lofi\Various Artists\Classical Highlights\01-02 Edvard Grieg - Morning Mood.mp3,1,1,219.45,2026-08-25 03:50:38,2026-08-25 03:50:38
2,RadioTEDU Lo-Fi,/lofi,configured_stream,50215,My Funny Valentine,Chet Baker,,,,,,,140.395,H:\RadioTEDU Songs\lofi\Various Artists\100 Greatest Jazz Icons\33 Chet Baker - My Funny Valentine.mp3,1,1,137.513,2026-08-25 21:04:17,2026-08-25 21:04:17
2,RadioTEDU Lo-Fi,/lofi,configured_stream,45754,My Love,"Kupla, j'san",,,,,,,162.194,H:\RadioTEDU Songs\lofi\185 Tracks ~Chill Lofi Study Beats Songs  Playlist Spotify  [320]  kbps Beats⭐\185 Tracks ~Chill Lofi Study Beats Songs  Playlist Spotify  [320]  kbps Beats⭐\My Love.mp3,1,1,162.866,2026-08-25 19:28:39,2026-08-25 19:28:39
2,RadioTEDU Lo-Fi,/lofi,configured_stream,45755,NEAR,SINY,,,,,,,95.269,H:\RadioTEDU Songs\lofi\185 Tracks ~Chill Lofi Study Beats Songs  Playlist Spotify  [320]  kbps Beats⭐\185 Tracks ~Chill Lofi Study Beats Songs  Playlist Spotify  [320]  kbps Beats⭐\NEAR.mp3,1,1,92.359,2026-08-25 10:49:48,2026-08-25 10:49:48
2,RadioTEDU Lo-Fi,/lofi,configured_stream,46923,Never Again,Jikuru,,,,,,,152.585,H:\RadioTEDU Songs\lofi\Various Artists - lofi autumn vibes by Lola (2023) Mp3 320kbps [PMEDIA] ⭐️\05. Jikuru - Never Again.mp3,1,1,150.682,2026-08-25 23:04:39,2026-08-25 23:04:39
2,RadioTEDU Lo-Fi,/lofi,configured_stream,50324,Never be prey to the winds,eugenio izzi,,,,,,,151.457,H:\RadioTEDU Songs\lofi\Various Artists\Best‐of lofi hip‐hop 2022\39 eugenio izzi - Never be prey to the winds (1).flac,1,1,148.668,2026-08-25 07:38:58,2026-08-25 07:38:58
2,RadioTEDU Lo-Fi,/lofi,configured_stream,50694,Never Letting Go,NTG,,,,,,,137.408,H:\RadioTEDU Songs\lofi\Various Artists\音ゲーROULETTE Vol1_\03 NTG - Never Letting Go.mp3,1,1,136.85,2026-08-25 22:00:41,2026-08-25 22:00:41
2,RadioTEDU Lo-Fi,/lofi,configured_stream,50478,Neville’s Waltz,Patrick Doyle,,,,,,,131.369,H:\RadioTEDU Songs\lofi\Various Artists\Harry Potter_ Original Motion Picture Soundtracks I-V\07-11 Patrick Doyle - Neville’s Waltz.mp3,1,1,128.564,2026-08-25 17:33:33,2026-08-25 17:33:33
2,RadioTEDU Lo-Fi,/lofi,configured_stream,49516,New Dreams,"Ahmad Evans, Erwin Do",,,,,,,121.565,"H:\RadioTEDU Songs\lofi\Ahmad Evans, Erwin Do\Explorations\08 New Dreams.flac",1,1,118.897,2026-08-25 19:13:57,2026-08-25 19:13:57
2,RadioTEDU Lo-Fi,/lofi,configured_stream,50023,Night Coffee,S N U G ft. Mondo Loops,,,,,,,153.606,H:\RadioTEDU Songs\lofi\S N U G\Moonglow\08 S N U G ft. Mondo Loops - Night Coffee.flac,1,1,151.002,2026-08-25 22:28:05,2026-08-25 22:28:05
2,RadioTEDU Lo-Fi,/lofi,configured_stream,50712,Night Stroll,xander.,,,,,,,198.864,H:\RadioTEDU Songs\lofi\xander_\Forest of Dreams\07 xander. - Night Stroll.flac,1,1,198.643,2026-08-25 06:26:27,2026-08-25 06:26:27
2,RadioTEDU Lo-Fi,/lofi,configured_stream,50223,Night Train,Lionel Hampton,,,,,,,183.587,H:\RadioTEDU Songs\lofi\Various Artists\100 Greatest Jazz Icons\47 Lionel Hampton - Night Train.mp3,1,1,180.937,2026-08-25 14:45:05,2026-08-25 14:45:05
2,RadioTEDU Lo-Fi,/lofi,configured_stream,50000,Nightrunner,Protocols ft. Kabes,,,,,,,140.232,H:\RadioTEDU Songs\lofi\Protocols\Planetarium\07 Protocols ft. Kabes - Nightrunner.flac,1,1,138.229,2026-08-25 09:03:48,2026-08-25 09:03:48
2,RadioTEDU Lo-Fi,/lofi,configured_stream,50282,Nites,Indo Silver,,,,,,,133.233,H:\RadioTEDU Songs\lofi\Various Artists\3 A.M Chill Session\10 Indo Silver - Nites.flac,1,1,130.517,2026-08-25 05:19:12,2026-08-25 05:19:12
2,RadioTEDU Lo-Fi,/lofi,configured_stream,50539,Now for Us,José Padilla,,,,,,,382.44,H:\RadioTEDU Songs\lofi\Various Artists\Lounge\05 José Padilla - Now for Us (1).mp3,1,1,381.07,2026-08-25 15:03:29,2026-08-25 15:03:29
2,RadioTEDU Lo-Fi,/lofi,configured_stream,50540,Now for Us,José Padilla,,,,,,,382.44,H:\RadioTEDU Songs\lofi\Various Artists\Lounge\05 José Padilla - Now for Us.mp3,1,1,379.88,2026-08-25 10:03:50,2026-08-25 10:03:50
2,RadioTEDU Lo-Fi,/lofi,configured_stream,45615,nubes,Loop Schrauber,,,,,,,105.768,H:\RadioTEDU Songs\lofi\100 Lo-Fi Beats to Relax and focus Playlist Spotify (2020) [320]  kbps Beats⭐\100 Lo-Fi Beats to Relax and focus Playlist Spotify (2020) [320]  kbps Beats⭐\nubes.mp3,1,1,102.926,2026-08-25 15:19:02,2026-08-25 15:19:02
2,RadioTEDU Lo-Fi,/lofi,configured_stream,50295,Nuit douce,Phlocalyst × Myríad,,,,,,,153.756,H:\RadioTEDU Songs\lofi\Various Artists\Afternoon Jazz\02 Phlocalyst × Myríad - Nuit douce.flac,1,1,151.05,2026-08-25 02:49:32,2026-08-25 02:49:32
2,RadioTEDU Lo-Fi,/lofi,configured_stream,46697,Nuxe - Find You (ft. Kaypo),Nuxe,,,,,,,107.299,H:\RadioTEDU Songs\lofi\Nuxe - Find You (ft. Kaypo).mp3,1,1,104.37,2026-08-25 11:37:01,2026-08-25 11:37:01
2,RadioTEDU Lo-Fi,/lofi,configured_stream,46698,Nuxe - s t a r s,Nuxe,,,,,,,133.793,H:\RadioTEDU Songs\lofi\Nuxe - s t a r s.mp3,1,1,131.235,2026-08-25 13:44:36,2026-08-25 13:44:36
2,RadioTEDU Lo-Fi,/lofi,configured_stream,46942,Ocean Walk,Mamoosh,,,,,,,129.917,H:\RadioTEDU Songs\lofi\Various Artists - lofi autumn vibes by Lola (2023) Mp3 320kbps [PMEDIA] ⭐️\23. Mamoosh - Ocean Walk.mp3,1,1,128.818,2026-08-25 07:57:34,2026-08-25 07:57:34
2,RadioTEDU Lo-Fi,/lofi,configured_stream,49510,Oddlife,"Ahmad Evans, Erwin Do",,,,,,,127.799,"H:\RadioTEDU Songs\lofi\Ahmad Evans, Erwin Do\Explorations\02 Oddlife.flac",1,1,125.857,2026-08-25 22:13:15,2026-08-25 22:13:15
2,RadioTEDU Lo-Fi,/lofi,configured_stream,45766,On Peets,Sidual.,,,,,,,118.282,H:\RadioTEDU Songs\lofi\185 Tracks ~Chill Lofi Study Beats Songs  Playlist Spotify  [320]  kbps Beats⭐\185 Tracks ~Chill Lofi Study Beats Songs  Playlist Spotify  [320]  kbps Beats⭐\On Peets.mp3,1,1,116.23,2026-08-25 08:09:08,2026-08-25 08:09:08
2,RadioTEDU Lo-Fi,/lofi,configured_stream,46714,Ondi Vil & Teqkoi - I'm Where You Left Me,Ondi Vil & Teqkoi,,,,,,,140.565,H:\RadioTEDU Songs\lofi\Ondi Vil & Teqkoi - I'm Where You Left Me.mp3,1,1,137.914,2026-08-25 22:32:25,2026-08-25 22:32:25
2,RadioTEDU Lo-Fi,/lofi,configured_stream,50313,Oops!... I Did It Again,Britney Spears,,,,,,,211.534,H:\RadioTEDU Songs\lofi\Various Artists\Best of Y2K Hits\27 Britney Spears - Oops!... I Did It Again.flac,1,1,208.789,2026-08-25 04:22:46,2026-08-25 04:22:46
2,RadioTEDU Lo-Fi,/lofi,configured_stream,45616,Orange Rooph,"goosetaf, Timothy Infinite, edddi p",,,,,,,163.992,H:\RadioTEDU Songs\lofi\100 Lo-Fi Beats to Relax and focus Playlist Spotify (2020) [320]  kbps Beats⭐\100 Lo-Fi Beats to Relax and focus Playlist Spotify (2020) [320]  kbps Beats⭐\Orange Rooph.mp3,1,1,161.262,2026-08-25 18:07:24,2026-08-25 18:07:24
2,RadioTEDU Lo-Fi,/lofi,configured_stream,46722,"osedtrunks - can't hide, won't hide. (ft. nevi & matt fletcher)",osedtrunks,,,,,,,141.247,"H:\RadioTEDU Songs\lofi\osedtrunks - can't hide, won't hide. (ft. nevi & matt fletcher).mp3",1,1,138.928,2026-08-25 13:24:08,2026-08-25 13:24:08
2,RadioTEDU Lo-Fi,/lofi,configured_stream,49900,Our Love (feat. Anané),Luisito Quintero,,,,,,,304.253,H:\RadioTEDU Songs\lofi\Luisito Quintero\Percussion Maddness\06 Our Love (feat. Anané).mp3,1,1,304.026,2026-08-25 19:21:24,2026-08-25 19:21:24
2,RadioTEDU Lo-Fi,/lofi,configured_stream,49546,Over Seas,Bcalm ft. Banks,,,,,,,126.799,H:\RadioTEDU Songs\lofi\Bcalm\Close to Home\06 Bcalm ft. Banks - Over Seas.flac,1,1,125.083,2026-08-25 19:11:55,2026-08-25 19:11:55
2,RadioTEDU Lo-Fi,/lofi,configured_stream,46980,Page 23,Paradiam,,,,,,,155.676,H:\RadioTEDU Songs\lofi\Various Artists - lofi autumn vibes by Lola (2023) Mp3 320kbps [PMEDIA] ⭐️\61. Paradiam - Page 23.mp3,1,1,156.818,2026-08-25 23:25:52,2026-08-25 23:25:52
2,RadioTEDU Lo-Fi,/lofi,configured_stream,50703,Paradise (original mix),Voyage,,,,,,,335.096,H:\RadioTEDU Songs\lofi\Voyage\Paradise\01 Paradise (original mix).flac,1,1,338.703,2026-08-25 04:56:00,2026-08-25 04:56:00
2,RadioTEDU Lo-Fi,/lofi,configured_stream,49776,Passage,Indo Silver ft. Redshifting,,,,,,,135.708,"H:\RadioTEDU Songs\lofi\Indo Silver\As They Left Together, Exploring Forever\06 Indo Silver ft. Redshifting - Passage.flac",1,1,132.926,2026-08-25 12:56:57,2026-08-25 12:56:57
2,RadioTEDU Lo-Fi,/lofi,configured_stream,50426,Passing By,Zero 7,,,,,,,292.0,H:\RadioTEDU Songs\lofi\Various Artists\Erotic Lounge_ Sensual Passion\1-13 Zero 7 - Passing By (1).mp3,1,1,289.977,2026-08-25 07:10:49,2026-08-25 07:10:49
2,RadioTEDU Lo-Fi,/lofi,configured_stream,50427,Passing By,Zero 7,,,,,,,292.0,H:\RadioTEDU Songs\lofi\Various Artists\Erotic Lounge_ Sensual Passion\1-13 Zero 7 - Passing By.mp3,1,1,290.767,2026-08-25 06:59:25,2026-08-25 06:59:25
2,RadioTEDU Lo-Fi,/lofi,configured_stream,50624,Pavane pour une infante défunte (Pavane for a Dead Princess),Maurice Ravel,,,,,,,398.84,H:\RadioTEDU Songs\lofi\Various Artists\The 99 Most Essential Pieces of the Romantic Era\66 Maurice Ravel - Pavane pour une infante défunte (Pavane for a Dead Princess).mp3,1,1,396.419,2026-08-25 16:00:35,2026-08-25 16:00:35
2,RadioTEDU Lo-Fi,/lofi,configured_stream,49767,Phase,Hotel Pools,,,,,,,237.199,H:\RadioTEDU Songs\lofi\Hotel Pools\Fall\02 Hotel Pools - Phase.flac,1,1,237.683,2026-08-25 08:32:10,2026-08-25 08:32:10
2,RadioTEDU Lo-Fi,/lofi,configured_stream,50696,Phases,"Virtua, Akraa",,,,,,,144.006,"H:\RadioTEDU Songs\lofi\Virtua, Akraa\Aether\01 Phases.flac",1,1,141.172,2026-08-25 10:38:21,2026-08-25 10:38:21
2,RadioTEDU Lo-Fi,/lofi,configured_stream,50360,Piano Concerto No. 1 in E Minor Op. 11 - Romance Larghetto,Fryderyk Chopin,,,,,,,545.112,H:\RadioTEDU Songs\lofi\Various Artists\Classical Gold_ The Greatest Classical Collection Ever\26-02 Fryderyk Chopin - Piano Concerto No. 1 in E Minor Op. 11 - Romance Larghetto.mp3,1,1,542.169,2026-08-25 04:03:11,2026-08-25 04:03:11
2,RadioTEDU Lo-Fi,/lofi,configured_stream,50359,Piano Concerto No. 1 in E Minor Op. 11 - Romance Larghetto (1),Fryderyk Chopin,,,,,,,545.112,H:\RadioTEDU Songs\lofi\Various Artists\Classical Gold_ The Greatest Classical Collection Ever\26-02 Fryderyk Chopin - Piano Concerto No. 1 in E Minor Op. 11 - Romance Larghetto (1).mp3,1,1,542.746,2026-08-25 13:58:01,2026-08-25 13:58:01
2,RadioTEDU Lo-Fi,/lofi,configured_stream,50292,"Piano Concerto No. 1 in e Minor, Op. 11: II. Romance: Larghetto",Guennadi Rozhdestvenski,,,,,,,649.966,"H:\RadioTEDU Songs\lofi\Various Artists\A Collection of the Most Relaxing Classical Music in the Universe\08 Guennadi Rozhdestvenski - Piano Concerto No. 1 in e Minor, Op. 11_ II. Romance_ Larghetto.mp3",1,1,647.314,2026-08-25 17:20:51,2026-08-25 17:20:51
2,RadioTEDU Lo-Fi,/lofi,configured_stream,50368,"Piano Concerto No. 23 in A major, K. 488: II. Andante",Wolfgang Amadeus Mozart,,,,,,,352.627,"H:\RadioTEDU Songs\lofi\Various Artists\Classical Top 100\3-08 Wolfgang Amadeus Mozart - Piano Concerto No. 23 in A major, K. 488_ II. Andante (1).mp3",1,1,349.673,2026-08-25 03:41:15,2026-08-25 03:41:15
2,RadioTEDU Lo-Fi,/lofi,configured_stream,50369,"Piano Concerto No. 23 in A major, K. 488: II. Andante",Wolfgang Amadeus Mozart,,,,,,,352.627,"H:\RadioTEDU Songs\lofi\Various Artists\Classical Top 100\3-08 Wolfgang Amadeus Mozart - Piano Concerto No. 23 in A major, K. 488_ II. Andante.mp3",1,1,349.754,2026-08-25 02:57:42,2026-08-25 02:57:42
2,RadioTEDU Lo-Fi,/lofi,configured_stream,50306,"Piano Trio in E-flat, op. 100",Franz Schubert,,,,,,,258.481,"H:\RadioTEDU Songs\lofi\Various Artists\Barry Lyndon\18 Franz Schubert - Piano Trio in E-flat, op. 100 (1).mp3",1,1,255.536,2026-08-25 02:40:12,2026-08-25 02:40:12
2,RadioTEDU Lo-Fi,/lofi,configured_stream,50307,"Piano Trio in E-flat, op. 100",Franz Schubert,,,,,,,258.455,"H:\RadioTEDU Songs\lofi\Various Artists\Barry Lyndon\18 Franz Schubert - Piano Trio in E-flat, op. 100 (2).mp3",1,1,255.928,2026-08-25 05:11:40,2026-08-25 05:11:40
2,RadioTEDU Lo-Fi,/lofi,configured_stream,50308,"Piano Trio in E-flat, op. 100",Franz Schubert,,,,,,,258.455,"H:\RadioTEDU Songs\lofi\Various Artists\Barry Lyndon\18 Franz Schubert - Piano Trio in E-flat, op. 100.mp3",1,1,255.655,2026-08-25 07:27:53,2026-08-25 07:27:53
2,RadioTEDU Lo-Fi,/lofi,configured_stream,49678,Pixels,dreamẅalker,,,,,,,170.006,H:\RadioTEDU Songs\lofi\dreamẅalker\Oscillations\12 dreamẅalker - Pixels.flac,1,1,168.854,2026-08-25 14:03:59,2026-08-25 14:03:59
2,RadioTEDU Lo-Fi,/lofi,configured_stream,45622,Pizza,Statistix,,,,,,,211.944,H:\RadioTEDU Songs\lofi\100 Lo-Fi Beats to Relax and focus Playlist Spotify (2020) [320]  kbps Beats⭐\100 Lo-Fi Beats to Relax and focus Playlist Spotify (2020) [320]  kbps Beats⭐\Pizza.mp3,1,1,211.582,2026-08-25 08:50:20,2026-08-25 08:50:20
2,RadioTEDU Lo-Fi,/lofi,configured_stream,50587,Plaisiere d'Amour,Giambattista Martini,,,,,,,216.04,H:\RadioTEDU Songs\lofi\Various Artists\Romantic Moods\14 Giambattista Martini - Plaisiere d'Amour.mp3,1,1,213.213,2026-08-25 06:00:47,2026-08-25 06:00:47
2,RadioTEDU Lo-Fi,/lofi,configured_stream,50386,Playtime Theme,The Strike Boys,,,,,,,263.467,H:\RadioTEDU Songs\lofi\Various Artists\Erotic Lounge 4_ Bare Jewels\2-03 The Strike Boys - Playtime Theme.mp3,1,1,260.979,2026-08-25 03:35:25,2026-08-25 03:35:25
2,RadioTEDU Lo-Fi,/lofi,configured_stream,46724,please never fall in love again,,,,,,,,121.856,H:\RadioTEDU Songs\lofi\please never fall in love again.mp3,1,1,120.437,2026-08-25 14:54:08,2026-08-25 14:54:08
2,RadioTEDU Lo-Fi,/lofi,configured_stream,50376,Poison,Alice Cooper,,,,,,,268.33,H:\RadioTEDU Songs\lofi\Various Artists\Die ultimative Chart Show_ Die erfolgreichsten Lieblingssongs der Männer\2-02 Alice Cooper - Poison.flac,1,1,265.421,2026-08-25 18:59:07,2026-08-25 18:59:07
2,RadioTEDU Lo-Fi,/lofi,configured_stream,50482,Potter Waltz,Patrick Doyle,,,,,,,139.598,H:\RadioTEDU Songs\lofi\Various Artists\Harry Potter_ Original Motion Picture Soundtracks I-V\07-13 Patrick Doyle - Potter Waltz.mp3,1,1,146.85,2026-08-25 03:46:58,2026-08-25 03:46:58
2,RadioTEDU Lo-Fi,/lofi,configured_stream,50631,Prelude in C sharp minor,Sergei Rachmaninov,,,,,,,243.0,H:\RadioTEDU Songs\lofi\Various Artists\The HMV Collection Sampler Set\2-09 Sergei Rachmaninov - Prelude in C sharp minor.flac,1,1,241.53,2026-08-25 06:30:29,2026-08-25 06:30:29
2,RadioTEDU Lo-Fi,/lofi,configured_stream,50302,Prelude No. 3 Op. 2 C sharp minor,Сергей Рахманинов,,,,,,,227.467,H:\RadioTEDU Songs\lofi\Various Artists\Arte Nova Classics - Sampler\09 Сергей Рахманинов - Prelude No. 3 Op. 2 C sharp minor.flac,1,1,229.198,2026-08-25 21:16:02,2026-08-25 21:16:02
2,RadioTEDU Lo-Fi,/lofi,configured_stream,45775,Progress,SPEECHLESS,,,,,,,96.026,H:\RadioTEDU Songs\lofi\185 Tracks ~Chill Lofi Study Beats Songs  Playlist Spotify  [320]  kbps Beats⭐\185 Tracks ~Chill Lofi Study Beats Songs  Playlist Spotify  [320]  kbps Beats⭐\Progress.mp3,1,1,93.199,2026-08-25 21:35:11,2026-08-25 21:35:11
2,RadioTEDU Lo-Fi,/lofi,configured_stream,50610,"Préludes, Op. 28: No. 15 in D-Flat Major, ""Raindrops"" (from Moonraker)",Peter Schmalfuss,,,,,,,313.64,"H:\RadioTEDU Songs\lofi\Various Artists\The 99 Most Essential Classical Pieces in Movies\33 Peter Schmalfuss - Préludes, Op. 28_ No. 15 in D-Flat Major, _Raindrops_ (from Moonraker).mp3",1,1,314.965,2026-08-25 09:14:19,2026-08-25 09:14:19
2,RadioTEDU Lo-Fi,/lofi,configured_stream,49550,pure,Bcalm,,,,,,,128.716,H:\RadioTEDU Songs\lofi\Bcalm\Innocence\01 Bcalm - pure.flac,1,1,126.387,2026-08-25 01:51:20,2026-08-25 01:51:20
2,RadioTEDU Lo-Fi,/lofi,configured_stream,49652,Purity,Dosi,,,,,,,184.622,H:\RadioTEDU Songs\lofi\Dosi\Under the Stars\02 Dosi - Purity.flac,1,1,181.773,2026-08-25 18:22:17,2026-08-25 18:22:17
2,RadioTEDU Lo-Fi,/lofi,configured_stream,46951,Puzzles,Sam Cross,,,,,,,122.98,H:\RadioTEDU Songs\lofi\Various Artists - lofi autumn vibes by Lola (2023) Mp3 320kbps [PMEDIA] ⭐️\32. Sam Cross - Puzzles.mp3,1,1,120.556,2026-08-25 12:51:37,2026-08-25 12:51:37
2,RadioTEDU Lo-Fi,/lofi,configured_stream,50677,Rain Forest,Jay Hoggard,,,,,,,331.175,H:\RadioTEDU Songs\lofi\Various Artists\The Very Best of Latin Jazz\1-15 Jay Hoggard - Rain Forest.mp3,1,1,328.47,2026-08-25 20:31:46,2026-08-25 20:31:46
2,RadioTEDU Lo-Fi,/lofi,configured_stream,50533,Rebirth Island,Le Metroid,,,,,,,172.806,H:\RadioTEDU Songs\lofi\Various Artists\Lofi Girl × chess.com_ Synthwave beats to play chess to\25 Le Metroid - Rebirth Island.flac,1,1,171.427,2026-08-25 03:31:05,2026-08-25 03:31:05
2,RadioTEDU Lo-Fi,/lofi,configured_stream,49473,Refuse To Be Used ｜ Trent Shelton,,,,,,,,215.806,H:\RadioTEDU Songs\lofi\24.04\Refuse To Be Used ｜ Trent Shelton [Ry-uUEZBTkU].mp3,1,1,213.502,2026-08-25 18:46:36,2026-08-25 18:46:36
2,RadioTEDU Lo-Fi,/lofi,configured_stream,46748,Rnla & Resident - Waves,Rnla & Resident,,,,,,,174.243,H:\RadioTEDU Songs\lofi\Rnla & Resident - Waves.mp3,1,1,172.284,2026-08-25 11:41:58,2026-08-25 11:41:58
2,RadioTEDU Lo-Fi,/lofi,configured_stream,50378,Rollin’,Limp Bizkit,,,,,,,242.707,H:\RadioTEDU Songs\lofi\Various Artists\Die ultimative Chart Show_ Die erfolgreichsten Lieblingssongs der Männer\2-03 Limp Bizkit - Rollin’.mp3,1,1,242.454,2026-08-25 01:16:17,2026-08-25 01:16:17
2,RadioTEDU Lo-Fi,/lofi,configured_stream,50569,Romance (freely),Jorrit Brodersen,,,,,,,101.447,H:\RadioTEDU Songs\lofi\Various Artists\Peaceful Day\31 Jorrit Brodersen - Romance (freely).flac,1,1,99.429,2026-08-25 17:31:24,2026-08-25 17:31:24
2,RadioTEDU Lo-Fi,/lofi,configured_stream,50642,Rosyln,Bon Iver & St. Vincent,,,,,,,289.619,H:\RadioTEDU Songs\lofi\Various Artists\The Twilight Saga_ New Moon_ Original Motion Picture Soundtrack\08 Bon Iver & St. Vincent - Rosyln (1).mp3,1,1,287.311,2026-08-25 17:01:41,2026-08-25 17:01:41
2,RadioTEDU Lo-Fi,/lofi,configured_stream,50643,Rosyln,Bon Iver & St. Vincent,,,,,,,289.619,H:\RadioTEDU Songs\lofi\Various Artists\The Twilight Saga_ New Moon_ Original Motion Picture Soundtrack\08 Bon Iver & St. Vincent - Rosyln.mp3,1,1,287.505,2026-08-25 18:54:36,2026-08-25 18:54:36
2,RadioTEDU Lo-Fi,/lofi,configured_stream,49751,Runaway,"Hevi, Kainbeats",,,,,,,126.699,"H:\RadioTEDU Songs\lofi\Hevi, Kainbeats\Drifting Away\03 Runaway.flac",1,1,123.903,2026-08-25 10:45:40,2026-08-25 10:45:40
2,RadioTEDU Lo-Fi,/lofi,configured_stream,47018,Running,Slow Moon,,,,,,,125.0,H:\RadioTEDU Songs\lofi\Various Artists - lofi autumn vibes by Lola (2023) Mp3 320kbps [PMEDIA] ⭐️\99. Slow Moon - Running.mp3,1,1,122.642,2026-08-25 21:23:24,2026-08-25 21:23:24
2,RadioTEDU Lo-Fi,/lofi,configured_stream,49995,Running Through the Rain,Powfu,,,,,,,135.339,H:\RadioTEDU Songs\lofi\Powfu\Running Through the Rain\01 Running Through the Rain.mp3,1,1,132.502,2026-08-25 01:40:28,2026-08-25 01:40:28
2,RadioTEDU Lo-Fi,/lofi,configured_stream,45787,SadPuppy,Rutah,,,,,,,156.003,H:\RadioTEDU Songs\lofi\185 Tracks ~Chill Lofi Study Beats Songs  Playlist Spotify  [320]  kbps Beats⭐\185 Tracks ~Chill Lofi Study Beats Songs  Playlist Spotify  [320]  kbps Beats⭐\SadPuppy.mp3,1,1,153.447,2026-08-25 20:45:17,2026-08-25 20:45:17
2,RadioTEDU Lo-Fi,/lofi,configured_stream,45789,Sake,Ludvig Freso,,,,,,,97.515,H:\RadioTEDU Songs\lofi\185 Tracks ~Chill Lofi Study Beats Songs  Playlist Spotify  [320]  kbps Beats⭐\185 Tracks ~Chill Lofi Study Beats Songs  Playlist Spotify  [320]  kbps Beats⭐\Sake.mp3,1,1,94.796,2026-08-25 19:09:49,2026-08-25 19:09:49
2,RadioTEDU Lo-Fi,/lofi,configured_stream,45626,Salt Lamp,Jobii,,,,,,,138.72,H:\RadioTEDU Songs\lofi\100 Lo-Fi Beats to Relax and focus Playlist Spotify (2020) [320]  kbps Beats⭐\100 Lo-Fi Beats to Relax and focus Playlist Spotify (2020) [320]  kbps Beats⭐\Salt Lamp.mp3,1,1,135.974,2026-08-25 22:11:07,2026-08-25 22:11:07
2,RadioTEDU Lo-Fi,/lofi,configured_stream,50679,Samba para dos,Lalo Schifrin & Bob Brookmeyer,,,,,,,602.881,H:\RadioTEDU Songs\lofi\Various Artists\The Very Best of Latin Jazz\2-10 Lalo Schifrin & Bob Brookmeyer - Samba para dos.mp3,1,1,600.084,2026-08-25 05:52:50,2026-08-25 05:52:50
2,RadioTEDU Lo-Fi,/lofi,configured_stream,46766,Sarcastic Sounds & Many Rooms - They Don't Need Me,Sarcastic Sounds & Many Rooms,,,,,,,95.979,H:\RadioTEDU Songs\lofi\Sarcastic Sounds & Many Rooms - They Don't Need Me.mp3,1,1,98.531,2026-08-25 21:21:14,2026-08-25 21:21:14
2,RadioTEDU Lo-Fi,/lofi,configured_stream,49507,Save Me,Acting Strange,,,,,,,160.363,H:\RadioTEDU Songs\lofi\Acting Strange\Save Me\01 Save Me.mp3,1,1,157.552,2026-08-25 21:06:54,2026-08-25 21:06:54
2,RadioTEDU Lo-Fi,/lofi,configured_stream,50518,Saxman,Dave Koz,,,,,,,265.096,H:\RadioTEDU Songs\lofi\Various Artists\Jazz Fusions One\01 Dave Koz - Saxman.mp3,1,1,262.154,2026-08-25 16:04:57,2026-08-25 16:04:57
2,RadioTEDU Lo-Fi,/lofi,configured_stream,46784,SEA & Rnla - I can't get over (ft. Vallin & yaeow),SEA & Rnla,,,,,,,178.921,H:\RadioTEDU Songs\lofi\SEA & Rnla - I can't get over (ft. Vallin & yaeow).mp3,1,1,180.554,2026-08-25 22:35:26,2026-08-25 22:35:26
2,RadioTEDU Lo-Fi,/lofi,configured_stream,46792,SEA - Moving On (ft. Fab Morris),SEA,,,,,,,163.77,H:\RadioTEDU Songs\lofi\SEA - Moving On (ft. Fab Morris).mp3,1,1,160.896,2026-08-25 20:59:08,2026-08-25 20:59:08
2,RadioTEDU Lo-Fi,/lofi,configured_stream,50323,Secret Waterfall,iamalex & Felty,,,,,,,123.536,H:\RadioTEDU Songs\lofi\Various Artists\Best‐of lofi hip‐hop 2022\34 iamalex & Felty - Secret Waterfall.flac,1,1,124.25,2026-08-25 06:48:09,2026-08-25 06:48:09
2,RadioTEDU Lo-Fi,/lofi,configured_stream,46797,sei - midnight conversations (ft. chloe),sei,,,,,,,86.4,H:\RadioTEDU Songs\lofi\sei - midnight conversations (ft. chloe).mp3,1,1,83.53,2026-08-25 13:03:31,2026-08-25 13:03:31
2,RadioTEDU Lo-Fi,/lofi,configured_stream,50090,Selenic,Soothing Spore,,,,,,,138.416,H:\RadioTEDU Songs\lofi\Soothing Spore\Lunar Analemma\14 Soothing Spore - Selenic.flac,1,1,138.927,2026-08-25 01:46:38,2026-08-25 01:46:38
2,RadioTEDU Lo-Fi,/lofi,configured_stream,50055,Sentiero,"So.Lo, Goson",,,,,,,157.005,"H:\RadioTEDU Songs\lofi\So.Lo, Goson\QuietPath, Vol. 2\04 Sentiero.flac",1,1,154.563,2026-08-25 09:09:05,2026-08-25 09:09:05
2,RadioTEDU Lo-Fi,/lofi,configured_stream,46922,Serendipity,ADYM,,,,,,,89.7,H:\RadioTEDU Songs\lofi\Various Artists - lofi autumn vibes by Lola (2023) Mp3 320kbps [PMEDIA] ⭐️\04. ADYM - Serendipity.mp3,1,1,89.945,2026-08-25 21:30:59,2026-08-25 21:30:59
2,RadioTEDU Lo-Fi,/lofi,configured_stream,50333,Set Sail,Krynoze & Juliàn,,,,,,,144.006,H:\RadioTEDU Songs\lofi\Various Artists\Best‐of lofi hip‐hop 2023\27 Krynoze & Juliàn - Set Sail.flac,1,1,141.303,2026-08-25 02:51:53,2026-08-25 02:51:53
2,RadioTEDU Lo-Fi,/lofi,configured_stream,50056,Silhouettes,"softy, Dimension 32",,,,,,,187.006,"H:\RadioTEDU Songs\lofi\softy, Dimension 32\Another Life\04 Silhouettes.flac",1,1,185.115,2026-08-25 23:57:38,2026-08-25 23:57:38
2,RadioTEDU Lo-Fi,/lofi,configured_stream,50379,"Sinfonie No. 5 c-Moll, Op. 67 ""Schicksals-Sinfonie"": I. Allegro con brio",Ludwig van Beethoven,,,,,,,334.733,"H:\RadioTEDU Songs\lofi\Various Artists\Dietrich Schwanitz_ Musik_ Alles, was man hören muss\05-07 Ludwig van Beethoven - Sinfonie No. 5 c-Moll, Op. 67 _Schicksals-Sinfonie__ I. Allegro con brio (1).mp3",1,1,333.024,2026-08-25 03:03:16,2026-08-25 03:03:16
2,RadioTEDU Lo-Fi,/lofi,configured_stream,50380,"Sinfonie No. 5 c-Moll, Op. 67 ""Schicksals-Sinfonie"": I. Allegro con brio",Ludwig van Beethoven,,,,,,,334.733,"H:\RadioTEDU Songs\lofi\Various Artists\Dietrich Schwanitz_ Musik_ Alles, was man hören muss\05-07 Ludwig van Beethoven - Sinfonie No. 5 c-Moll, Op. 67 _Schicksals-Sinfonie__ I. Allegro con brio.mp3",1,1,331.928,2026-08-25 06:42:24,2026-08-25 06:42:24
2,RadioTEDU Lo-Fi,/lofi,configured_stream,50201,"Sing, Sing, Sing (with a Swing)",Benny Goodman and His Orchestra,,,,,,,302.093,"H:\RadioTEDU Songs\lofi\Various Artists\100 Greatest Jazz Icons\14 Benny Goodman and His Orchestra - Sing, Sing, Sing (with a Swing).mp3",1,1,307.37,2026-08-25 19:33:48,2026-08-25 19:33:48
2,RadioTEDU Lo-Fi,/lofi,configured_stream,46804,Skinny Atlas & Monty Datta - Don't Wanna Let Go (ft. Dhan),Skinny Atlas & Monty Datta,,,,,,,164.455,H:\RadioTEDU Songs\lofi\Skinny Atlas & Monty Datta - Don't Wanna Let Go (ft. Dhan).mp3,1,1,161.868,2026-08-25 09:06:30,2026-08-25 09:06:30
2,RadioTEDU Lo-Fi,/lofi,configured_stream,49596,Skyline,Budsy ft. Virtua,,,,,,,141.16,H:\RadioTEDU Songs\lofi\Budsy\Nights Like These\04 Budsy ft. Virtua - Skyline.flac,1,1,138.926,2026-08-25 14:06:20,2026-08-25 14:06:20
2,RadioTEDU Lo-Fi,/lofi,configured_stream,49742,Skylines,"Guy Rickard, Fred Paci",,,,,,,147.506,"H:\RadioTEDU Songs\lofi\Guy Rickard, Fred Paci\City Sketches\08 Skylines.flac",1,1,144.838,2026-08-25 11:01:48,2026-08-25 11:01:48
2,RadioTEDU Lo-Fi,/lofi,configured_stream,49728,Skytrace,"Girl From Nowhere, Boy From Nowhere",,,,,,,185.006,"H:\RadioTEDU Songs\lofi\Girl From Nowhere, Boy From Nowhere\Between Phases\02 Skytrace.flac",1,1,182.176,2026-08-25 12:12:12,2026-08-25 12:12:12
2,RadioTEDU Lo-Fi,/lofi,configured_stream,49689,Smoke was rising,Ellis Laifer,,,,,,,116.52,H:\RadioTEDU Songs\lofi\Ellis Laifer\Sounds From My Room\08 Smoke was rising.flac,1,1,117.55,2026-08-25 10:59:22,2026-08-25 10:59:22
2,RadioTEDU Lo-Fi,/lofi,configured_stream,49502,Smooth Awakening,[unknown],,,,,,,472.76,H:\RadioTEDU Songs\lofi\[unknown]\Best Friends_ Best Of\02 Smooth Awakening.mp3,1,1,471.091,2026-08-25 21:58:25,2026-08-25 21:58:25
2,RadioTEDU Lo-Fi,/lofi,configured_stream,46815,Snøw & Laeland - All Without You,Snøw & Laeland,,,,,,,190.113,H:\RadioTEDU Songs\lofi\Snøw & Laeland - All Without You.mp3,1,1,190.293,2026-08-25 18:19:16,2026-08-25 18:19:16
2,RadioTEDU Lo-Fi,/lofi,configured_stream,46817,Snøw & Nuxe - Tell Me You Want Me,Snøw & Nuxe,,,,,,,96.247,H:\RadioTEDU Songs\lofi\Snøw & Nuxe - Tell Me You Want Me.mp3,1,1,93.488,2026-08-25 08:17:28,2026-08-25 08:17:28
2,RadioTEDU Lo-Fi,/lofi,configured_stream,50366,"Sonata for Cello and Piano in G minor, op. 19: III. Andante",Sergei Rachmaninoff,,,,,,,385.2,"H:\RadioTEDU Songs\lofi\Various Artists\Classical Music for Meditation and Yoga\47 Sergei Rachmaninoff - Sonata for Cello and Piano in G minor, op. 19_ III. Andante.mp3",1,1,382.513,2026-08-25 03:28:14,2026-08-25 03:28:14
2,RadioTEDU Lo-Fi,/lofi,configured_stream,50422,Soon (P Smoovah mix),Jazzanova,,,,,,,299.667,H:\RadioTEDU Songs\lofi\Various Artists\Erotic Lounge_ Sensual Passion\1-10 Jazzanova - Soon (P Smoovah mix).mp3,1,1,296.995,2026-08-25 15:17:19,2026-08-25 15:17:19
2,RadioTEDU Lo-Fi,/lofi,configured_stream,45805,Spanish Galleon,Wun Two,,,,,,,54.674,H:\RadioTEDU Songs\lofi\185 Tracks ~Chill Lofi Study Beats Songs  Playlist Spotify  [320]  kbps Beats⭐\185 Tracks ~Chill Lofi Study Beats Songs  Playlist Spotify  [320]  kbps Beats⭐\Spanish Galleon.mp3,1,1,51.762,2026-08-25 21:41:28,2026-08-25 21:41:28
2,RadioTEDU Lo-Fi,/lofi,configured_stream,49886,Star Factory,Le Metroid,,,,,,,160.006,"H:\RadioTEDU Songs\lofi\Le Metroid\Blackhole, Pt. 2\05 Star Factory.flac",1,1,157.533,2026-08-25 13:31:04,2026-08-25 13:31:04
2,RadioTEDU Lo-Fi,/lofi,configured_stream,50526,Starlight,Baton,,,,,,,367.238,H:\RadioTEDU Songs\lofi\Various Artists\Lofi Girl × chess.com_ Synthwave beats to play chess to\02 Baton - Starlight.flac,1,1,364.336,2026-08-25 05:32:48,2026-08-25 05:32:48
2,RadioTEDU Lo-Fi,/lofi,configured_stream,50198,Stolen Moments,Oliver Nelson,,,,,,,526.533,H:\RadioTEDU Songs\lofi\Various Artists\100 Greatest Jazz Icons\11 Oliver Nelson - Stolen Moments.mp3,1,1,523.626,2026-08-25 19:57:39,2026-08-25 19:57:39
2,RadioTEDU Lo-Fi,/lofi,configured_stream,49868,Struck out again,"Late Night Tones ft. jxsn, Nathan Kersey‐Wilson",,,,,,,122.709,"H:\RadioTEDU Songs\lofi\Late Night Tones\A night at the ballpark\04 Late Night Tones ft. jxsn, Nathan Kersey‐Wilson - Struck out again.flac",1,1,123.777,2026-08-25 21:45:14,2026-08-25 21:45:14
2,RadioTEDU Lo-Fi,/lofi,configured_stream,50599,"Suite no. 1 in G major for Solo Cello, BWV 1007: I. Prelude",Johann Sebastian Bach,,,,,,,132.0,"H:\RadioTEDU Songs\lofi\Various Artists\The 100 Most Essential Pieces of Classical Music\36 Johann Sebastian Bach - Suite no. 1 in G major for Solo Cello, BWV 1007_ I. Prelude.mp3",1,1,129.518,2026-08-25 06:50:20,2026-08-25 06:50:20
2,RadioTEDU Lo-Fi,/lofi,configured_stream,50517,Summertime,Wes Montgomery,,,,,,,239.96,H:\RadioTEDU Songs\lofi\Various Artists\Jazz Ballads\24 Wes Montgomery - Summertime.mp3,1,1,240.229,2026-08-25 06:20:33,2026-08-25 06:20:33
2,RadioTEDU Lo-Fi,/lofi,configured_stream,50580,Summertime (UFO Remix),Sarah Vaughan,,,,,,,408.573,H:\RadioTEDU Songs\lofi\Various Artists\Rencontres feutrées\05 Sarah Vaughan - Summertime (UFO Remix) (1).mp3,1,1,405.904,2026-08-25 09:42:06,2026-08-25 09:42:06
2,RadioTEDU Lo-Fi,/lofi,configured_stream,50581,Summertime (UFO Remix),Sarah Vaughan,,,,,,,408.573,H:\RadioTEDU Songs\lofi\Various Artists\Rencontres feutrées\05 Sarah Vaughan - Summertime (UFO Remix).mp3,1,1,407.273,2026-08-25 02:46:59,2026-08-25 02:46:59
2,RadioTEDU Lo-Fi,/lofi,configured_stream,49601,Sunday Morning,"BVG, møndberg ft. Spencer Hunt",,,,,,,192.03,"H:\RadioTEDU Songs\lofi\BVG, møndberg\Floating Dreams\01 BVG, møndberg ft. Spencer Hunt - Sunday Morning.flac",1,1,189.819,2026-08-25 09:20:02,2026-08-25 09:20:02
2,RadioTEDU Lo-Fi,/lofi,configured_stream,45810,Sunday Travels,"Guustavv, Timothy Infinite",,,,,,,143.882,H:\RadioTEDU Songs\lofi\185 Tracks ~Chill Lofi Study Beats Songs  Playlist Spotify  [320]  kbps Beats⭐\185 Tracks ~Chill Lofi Study Beats Songs  Playlist Spotify  [320]  kbps Beats⭐\Sunday Travels.mp3,1,1,141.047,2026-08-25 20:49:42,2026-08-25 20:49:42
2,RadioTEDU Lo-Fi,/lofi,configured_stream,50715,Sunny Vibes,xander.,,,,,,,158.406,H:\RadioTEDU Songs\lofi\xander_\Moment of Tranquility\02 Sunny Vibes.flac,1,1,156.058,2026-08-25 23:51:49,2026-08-25 23:51:49
2,RadioTEDU Lo-Fi,/lofi,configured_stream,45638,Swing Set,"goosetaf, Timothy Infinite",,,,,,,144.0,H:\RadioTEDU Songs\lofi\100 Lo-Fi Beats to Relax and focus Playlist Spotify (2020) [320]  kbps Beats⭐\100 Lo-Fi Beats to Relax and focus Playlist Spotify (2020) [320]  kbps Beats⭐\Swing Set.mp3,1,1,142.04,2026-08-25 22:08:52,2026-08-25 22:08:52
2,RadioTEDU Lo-Fi,/lofi,configured_stream,50528,Synthetic,VIQ,,,,,,,184.428,H:\RadioTEDU Songs\lofi\Various Artists\Lofi Girl × chess.com_ Synthwave beats to play chess to\07 VIQ - Synthetic.flac,1,1,186.739,2026-08-25 01:01:39,2026-08-25 01:01:39
2,RadioTEDU Lo-Fi,/lofi,configured_stream,50098,takeoff,,,,,,,,130.952,H:\RadioTEDU Songs\lofi\stream_error\polaris\01 takeoff.flac,1,1,128.256,2026-08-25 13:20:10,2026-08-25 13:20:10
2,RadioTEDU Lo-Fi,/lofi,configured_stream,46302,Tenksom,Gjenklang,,,,,,,159.006,H:\RadioTEDU Songs\lofi\Lofi\cool winds\Gjenklang\Gjenklang - Tenksom.flac,1,1,156.255,2026-08-25 02:27:25,2026-08-25 02:27:25
2,RadioTEDU Lo-Fi,/lofi,configured_stream,46847,Teqkoi & RNAQ - always on my mind (ft. Darkforestdrives),Teqkoi & RNAQ,,,,,,,149.734,H:\RadioTEDU Songs\lofi\Teqkoi & RNAQ - always on my mind (ft. Darkforestdrives).mp3,1,1,146.894,2026-08-25 08:07:11,2026-08-25 08:07:11
2,RadioTEDU Lo-Fi,/lofi,configured_stream,46853,Teqkoi - baby i'm falling (ft. Groundfold),Teqkoi,,,,,,,154.726,H:\RadioTEDU Songs\lofi\Teqkoi - baby i'm falling (ft. Groundfold).mp3,1,1,152.05,2026-08-25 12:33:54,2026-08-25 12:33:54
2,RadioTEDU Lo-Fi,/lofi,configured_stream,45639,Testing Tubes,Praizee,,,,,,,148.032,H:\RadioTEDU Songs\lofi\100 Lo-Fi Beats to Relax and focus Playlist Spotify (2020) [320]  kbps Beats⭐\100 Lo-Fi Beats to Relax and focus Playlist Spotify (2020) [320]  kbps Beats⭐\Testing Tubes.mp3,1,1,145.381,2026-08-25 02:22:29,2026-08-25 02:22:29
2,RadioTEDU Lo-Fi,/lofi,configured_stream,49597,TETHERED,bunii,,,,,,,202.868,H:\RadioTEDU Songs\lofi\bunii\TETHERED\01 TETHERED.flac,1,1,200.2,2026-08-25 11:52:40,2026-08-25 11:52:40
2,RadioTEDU Lo-Fi,/lofi,configured_stream,45816,The Ceremony,"Bertholet, Dontcry",,,,,,,95.53,H:\RadioTEDU Songs\lofi\185 Tracks ~Chill Lofi Study Beats Songs  Playlist Spotify  [320]  kbps Beats⭐\185 Tracks ~Chill Lofi Study Beats Songs  Playlist Spotify  [320]  kbps Beats⭐\The Ceremony.mp3,1,1,95.052,2026-08-25 13:21:45,2026-08-25 13:21:45
2,RadioTEDU Lo-Fi,/lofi,configured_stream,49741,The Distance Between,"Guy Rickard, Fred Paci",,,,,,,158.645,"H:\RadioTEDU Songs\lofi\Guy Rickard, Fred Paci\City Sketches\06 The Distance Between.flac",1,1,155.739,2026-08-25 10:48:16,2026-08-25 10:48:16
2,RadioTEDU Lo-Fi,/lofi,configured_stream,50075,The Good Ending,Soothing Spore & Runaway Horses,,,,,,,155.234,H:\RadioTEDU Songs\lofi\Soothing Spore & Runaway Horses\Spacescape\12 Soothing Spore & Runaway Horses - The Good Ending.flac,1,1,153.154,2026-08-25 09:16:53,2026-08-25 09:16:53
2,RadioTEDU Lo-Fi,/lofi,configured_stream,50634,The House of the Rising Sun,The Animals,,,,,,,269.907,H:\RadioTEDU Songs\lofi\Various Artists\The Liverpool Collection\06 The Animals - The House of the Rising Sun.flac,1,1,272.117,2026-08-25 17:55:24,2026-08-25 17:55:24
2,RadioTEDU Lo-Fi,/lofi,configured_stream,50357,"The Nutcracker, Op. 71, Act II, Scene XIV: Waltz of the Flowers",The City of Prague Philharmonic Orchestra,,,,,,,432.576,"H:\RadioTEDU Songs\lofi\Various Artists\Classical Christmas_ Greatest Orchestral Holiday Classics\14 The City of Prague Philharmonic Orchestra - The Nutcracker, Op. 71, Act II, Scene XIV_ Waltz of the Flowers (1).flac",1,1,429.76,2026-08-25 16:22:10,2026-08-25 16:22:10
2,RadioTEDU Lo-Fi,/lofi,configured_stream,50358,"The Nutcracker, Op. 71, Act II, Scene XIV: Waltz of the Flowers",The City of Prague Philharmonic Orchestra,,,,,,,432.576,"H:\RadioTEDU Songs\lofi\Various Artists\Classical Christmas_ Greatest Orchestral Holiday Classics\14 The City of Prague Philharmonic Orchestra - The Nutcracker, Op. 71, Act II, Scene XIV_ Waltz of the Flowers.flac",1,1,429.679,2026-08-25 16:38:02,2026-08-25 16:38:02
2,RadioTEDU Lo-Fi,/lofi,configured_stream,49939,The Prophecy,Mondo Loops,,,,,,,126.322,H:\RadioTEDU Songs\lofi\Mondo Loops\Golden Age\12 Mondo Loops - The Prophecy.flac,1,1,123.508,2026-08-25 22:30:08,2026-08-25 22:30:08
2,RadioTEDU Lo-Fi,/lofi,configured_stream,49817,there is you,Jorrit Brodersen,,,,,,,187.806,H:\RadioTEDU Songs\lofi\Jorrit Brodersen\Intimacy\15 there is you.flac,1,1,185.499,2026-08-25 14:01:06,2026-08-25 14:01:06
2,RadioTEDU Lo-Fi,/lofi,configured_stream,50230,These Are the Days,Jamie Cullum,,,,,,,201.051,H:\RadioTEDU Songs\lofi\Various Artists\100 Greatest Jazz Icons\57 Jamie Cullum - These Are the Days.mp3,1,1,201.24,2026-08-25 21:40:36,2026-08-25 21:40:36
2,RadioTEDU Lo-Fi,/lofi,configured_stream,50633,These Foolish Things (Remind Me of You),Billie Holiday with Teddy Wilson and His Orchestra,,,,,,,198.16,H:\RadioTEDU Songs\lofi\Various Artists\The Intern (Original Motion Picture Soundtrack)\08 Billie Holiday with Teddy Wilson and His Orchestra - These Foolish Things (Remind Me of You).mp3,1,1,195.313,2026-08-25 12:49:37,2026-08-25 12:49:37
2,RadioTEDU Lo-Fi,/lofi,configured_stream,50713,Thinking Spot,xander.,,,,,,,189.988,H:\RadioTEDU Songs\lofi\xander_\Forest of Dreams\08 xander. - Thinking Spot.flac,1,1,187.882,2026-08-25 12:54:44,2026-08-25 12:54:44
2,RadioTEDU Lo-Fi,/lofi,configured_stream,46868,Thomas Reid & Powfu - Hide In Your Blue Eyes,Thomas Reid & Powfu,,,,,,,174.123,H:\RadioTEDU Songs\lofi\Thomas Reid & Powfu - Hide In Your Blue Eyes.mp3,1,1,171.215,2026-08-25 23:28:46,2026-08-25 23:28:46
2,RadioTEDU Lo-Fi,/lofi,configured_stream,46874,Thomas Reid - If I Told You The Truth,Thomas Reid,,,,,,,175.891,H:\RadioTEDU Songs\lofi\Thomas Reid - If I Told You The Truth.mp3,1,1,172.979,2026-08-25 13:48:58,2026-08-25 13:48:58
2,RadioTEDU Lo-Fi,/lofi,configured_stream,50546,Timeless,The Weeknd & Playboi Carti,,,,,,,256.046,H:\RadioTEDU Songs\lofi\Various Artists\Megahits 2025_ Die Erste\1-04 The Weeknd & Playboi Carti - Timeless.flac,1,1,255.162,2026-08-25 06:54:35,2026-08-25 06:54:35
2,RadioTEDU Lo-Fi,/lofi,configured_stream,46945,Timeless Space,Jikuru,,,,,,,133.989,H:\RadioTEDU Songs\lofi\Various Artists - lofi autumn vibes by Lola (2023) Mp3 320kbps [PMEDIA] ⭐️\26. Jikuru - Timeless Space.mp3,1,1,132.644,2026-08-25 23:37:38,2026-08-25 23:37:38
2,RadioTEDU Lo-Fi,/lofi,configured_stream,46879,timmies - cruel wind (ft. nineteen95),timmies,,,,,,,140.817,H:\RadioTEDU Songs\lofi\timmies - cruel wind (ft. nineteen95).mp3,1,1,140.463,2026-08-25 15:21:23,2026-08-25 15:21:23
2,RadioTEDU Lo-Fi,/lofi,configured_stream,46883,timmies - ugly (ft. nineteen95),timmies,,,,,,,120.361,H:\RadioTEDU Songs\lofi\timmies - ugly (ft. nineteen95).mp3,1,1,118.521,2026-08-25 18:43:02,2026-08-25 18:43:02
2,RadioTEDU Lo-Fi,/lofi,configured_stream,50438,Together,Kieser Velten feat. Jen,,,,,,,363.147,H:\RadioTEDU Songs\lofi\Various Artists\Erotic Lounge⁵_ Secret Affairs\2-04 Kieser Velten feat. Jen - Together.mp3,1,1,360.755,2026-08-25 02:20:03,2026-08-25 02:20:03
2,RadioTEDU Lo-Fi,/lofi,configured_stream,45826,Touching Skin,High John,,,,,,,86.988,H:\RadioTEDU Songs\lofi\185 Tracks ~Chill Lofi Study Beats Songs  Playlist Spotify  [320]  kbps Beats⭐\185 Tracks ~Chill Lofi Study Beats Songs  Playlist Spotify  [320]  kbps Beats⭐\Touching Skin.mp3,1,1,86.423,2026-08-25 08:20:53,2026-08-25 08:20:53
2,RadioTEDU Lo-Fi,/lofi,configured_stream,46894,TRA$H - ＳＡＦＥ,TRA$H,,,,,,,166.116,H:\RadioTEDU Songs\lofi\TRA$H - ＳＡＦＥ.mp3,1,1,166.234,2026-08-25 23:18:06,2026-08-25 23:18:06
2,RadioTEDU Lo-Fi,/lofi,configured_stream,50654,Trumpet Voluntary (The Prince Of Denmark's March),Jeremiah Clarke,,,,,,,177.32,H:\RadioTEDU Songs\lofi\Various Artists\The Ultimate Wedding Album\07 Jeremiah Clarke - Trumpet Voluntary (The Prince Of Denmark's March) (1).mp3,1,1,174.54,2026-08-25 15:40:22,2026-08-25 15:40:22
2,RadioTEDU Lo-Fi,/lofi,configured_stream,50655,Trumpet Voluntary (The Prince Of Denmark's March),Jeremiah Clarke,,,,,,,177.32,H:\RadioTEDU Songs\lofi\Various Artists\The Ultimate Wedding Album\07 Jeremiah Clarke - Trumpet Voluntary (The Prince Of Denmark's March).mp3,1,1,174.57,2026-08-25 17:07:48,2026-08-25 17:07:48
2,RadioTEDU Lo-Fi,/lofi,configured_stream,50707,Trying to Sleep,WYS,,,,,,,174.081,H:\RadioTEDU Songs\lofi\WYS\South Pole\04 Trying to Sleep.flac,1,1,171.232,2026-08-25 16:40:53,2026-08-25 16:40:53
2,RadioTEDU Lo-Fi,/lofi,configured_stream,45827,Tsunami Sky,Elijah Nang,,,,,,,227.161,H:\RadioTEDU Songs\lofi\185 Tracks ~Chill Lofi Study Beats Songs  Playlist Spotify  [320]  kbps Beats⭐\185 Tracks ~Chill Lofi Study Beats Songs  Playlist Spotify  [320]  kbps Beats⭐\Tsunami Sky.mp3,1,1,230.152,2026-08-25 13:39:41,2026-08-25 13:39:41
2,RadioTEDU Lo-Fi,/lofi,configured_stream,50695,u and i,vhs ghost,,,,,,,123.507,H:\RadioTEDU Songs\lofi\vhs ghost\u and i\01 u and i.flac,1,1,121.605,2026-08-25 07:01:26,2026-08-25 07:01:26
2,RadioTEDU Lo-Fi,/lofi,configured_stream,49845,u're mine,Kina,,,,,,,138.403,H:\RadioTEDU Songs\lofi\Kina\Roses\04 u're mine.mp3,1,1,135.591,2026-08-25 15:37:28,2026-08-25 15:37:28
2,RadioTEDU Lo-Fi,/lofi,configured_stream,50498,Unchain My Heart,Nancy Wilson,,,,,,,124.333,H:\RadioTEDU Songs\lofi\Various Artists\Jazz Ballads\04 Nancy Wilson - Unchain My Heart.mp3,1,1,123.723,2026-08-25 04:33:02,2026-08-25 04:33:02
2,RadioTEDU Lo-Fi,/lofi,configured_stream,49688,Uneven,"Elijah Lee, Casiio",,,,,,,116.843,"H:\RadioTEDU Songs\lofi\Elijah Lee, Casiio\Phantasm\03 Uneven.flac",1,1,114.134,2026-08-25 13:28:26,2026-08-25 13:28:26
2,RadioTEDU Lo-Fi,/lofi,configured_stream,50338,Unknown Realms,Prithvi × sftspkn,,,,,,,147.699,H:\RadioTEDU Songs\lofi\Various Artists\Blissful Dreams\20 Prithvi × sftspkn - Unknown Realms.flac,1,1,145.132,2026-08-25 03:14:50,2026-08-25 03:14:50
2,RadioTEDU Lo-Fi,/lofi,configured_stream,50283,"Us, always",Foudroie,,,,,,,201.197,"H:\RadioTEDU Songs\lofi\Various Artists\3 A.M Chill Session\13 Foudroie - Us, always.flac",1,1,198.276,2026-08-25 13:02:08,2026-08-25 13:02:08
2,RadioTEDU Lo-Fi,/lofi,configured_stream,50675,Vera Cruz,Stanley Turrentine,,,,,,,311.0,H:\RadioTEDU Songs\lofi\Various Artists\The Very Best of Latin Jazz\1-06 Stanley Turrentine - Vera Cruz.mp3,1,1,308.232,2026-08-25 08:39:22,2026-08-25 08:39:22
2,RadioTEDU Lo-Fi,/lofi,configured_stream,45647,Vibes from Another Universe,.ihaveaface,,,,,,,89.592,H:\RadioTEDU Songs\lofi\100 Lo-Fi Beats to Relax and focus Playlist Spotify (2020) [320]  kbps Beats⭐\100 Lo-Fi Beats to Relax and focus Playlist Spotify (2020) [320]  kbps Beats⭐\Vibes from Another Universe.mp3,1,1,86.779,2026-08-25 23:59:04,2026-08-25 23:59:04
2,RadioTEDU Lo-Fi,/lofi,configured_stream,50363,"Violin Concerto in A minor, BWV 1041: I. Allegro",Johann Sebastian Bach,,,,,,,232.427,"H:\RadioTEDU Songs\lofi\Various Artists\Classical Masterworks\02-01 Johann Sebastian Bach - Violin Concerto in A minor, BWV 1041_ I. Allegro.mp3",1,1,229.661,2026-08-25 03:18:40,2026-08-25 03:18:40
2,RadioTEDU Lo-Fi,/lofi,configured_stream,49937,Visions in the Swamp,Mondo Loops,,,,,,,137.149,H:\RadioTEDU Songs\lofi\Mondo Loops\Forest Kingdom\06 Visions in the Swamp.flac,1,1,134.821,2026-08-25 10:52:02,2026-08-25 10:52:02
2,RadioTEDU Lo-Fi,/lofi,configured_stream,50603,"Vocalise No. 14 for Cello and Piano, Op. 34: Lentamente",Sergei Rachmaninoff,,,,,,,388.227,"H:\RadioTEDU Songs\lofi\Various Artists\The 50 Most Essential Pieces of Classical Music\22 Sergei Rachmaninoff - Vocalise No. 14 for Cello and Piano, Op. 34_ Lentamente.mp3",1,1,385.293,2026-08-25 10:22:04,2026-08-25 10:22:04
2,RadioTEDU Lo-Fi,/lofi,configured_stream,47024,w00ds & Roiael - Cry Me A River,w00ds & Roiael,,,,,,,150.443,H:\RadioTEDU Songs\lofi\w00ds & Roiael - Cry Me A River.mp3,1,1,147.704,2026-08-25 07:55:25,2026-08-25 07:55:25
2,RadioTEDU Lo-Fi,/lofi,configured_stream,49842,Walk Out,Khutko ft. Blue Wednesday,,,,,,,153.513,H:\RadioTEDU Songs\lofi\Khutko\Violet\01 Khutko ft. Blue Wednesday - Walk Out.flac,1,1,150.63,2026-08-25 14:12:05,2026-08-25 14:12:05
2,RadioTEDU Lo-Fi,/lofi,configured_stream,49974,Wanderlust,Opal,,,,,,,180.006,H:\RadioTEDU Songs\lofi\Opal\Skyward\10 Wanderlust.flac,1,1,178.241,2026-08-25 10:43:37,2026-08-25 10:43:37
2,RadioTEDU Lo-Fi,/lofi,configured_stream,50672,Wedding March (from A Midsummer Night's Dream),Felix Mendelssohn,,,,,,,248.987,H:\RadioTEDU Songs\lofi\Various Artists\The Ultimate Wedding Album\19 Felix Mendelssohn - Wedding March (from A Midsummer Night's Dream) (1).mp3,1,1,246.153,2026-08-25 22:04:53,2026-08-25 22:04:53
2,RadioTEDU Lo-Fi,/lofi,configured_stream,50673,Wedding March (from A Midsummer Night's Dream),Felix Mendelssohn,,,,,,,248.987,H:\RadioTEDU Songs\lofi\Various Artists\The Ultimate Wedding Album\19 Felix Mendelssohn - Wedding March (from A Midsummer Night's Dream).mp3,1,1,246.073,2026-08-25 20:35:53,2026-08-25 20:35:53
2,RadioTEDU Lo-Fi,/lofi,configured_stream,50604,We’re Not Gonna Take It,Twisted Sister,,,,,,,391.814,H:\RadioTEDU Songs\lofi\Various Artists\The 5CD Megabox_ 80s\2-09 Twisted Sister - We’re Not Gonna Take It.flac,1,1,389.332,2026-08-25 16:28:39,2026-08-25 16:28:39
2,RadioTEDU Lo-Fi,/lofi,configured_stream,50605,We’re Not Gonna Take It,Twisted Sister,,,,,,,391.814,H:\RadioTEDU Songs\lofi\Various Artists\The 5CD Megabox_ 80s\2-09 Twisted Sister - We’re Not Gonna Take It.mp3,1,1,390.501,2026-08-25 19:05:37,2026-08-25 19:05:37
2,RadioTEDU Lo-Fi,/lofi,configured_stream,47027,"What's meant for you, will always be for you",,,,,,,,140.928,"H:\RadioTEDU Songs\lofi\What's meant for you, will always be for you.mp3",1,1,138.184,2026-08-25 07:50:55,2026-08-25 07:50:55
2,RadioTEDU Lo-Fi,/lofi,configured_stream,49801,when i close my eyes,Jhove ft. dillan witherow,,,,,,,130.975,H:\RadioTEDU Songs\lofi\Jhove\dream tapes\07 Jhove ft. dillan witherow - when i close my eyes.flac,1,1,128.189,2026-08-25 07:46:07,2026-08-25 07:46:07
2,RadioTEDU Lo-Fi,/lofi,configured_stream,50705,When It Feels Right,WYS,,,,,,,162.756,H:\RadioTEDU Songs\lofi\WYS\South Pole\01 When It Feels Right.flac,1,1,161.075,2026-08-25 07:36:29,2026-08-25 07:36:29
2,RadioTEDU Lo-Fi,/lofi,configured_stream,50312,"Whenever, Wherever",Shakira,,,,,,,196.162,"H:\RadioTEDU Songs\lofi\Various Artists\Best of Y2K Hits\10 Shakira - Whenever, Wherever.flac",1,1,193.4,2026-08-25 17:04:54,2026-08-25 17:04:54
2,RadioTEDU Lo-Fi,/lofi,configured_stream,47029,where are you？,,,,,,,,126.016,H:\RadioTEDU Songs\lofi\where are you？.mp3,1,1,123.912,2026-08-25 21:37:14,2026-08-25 21:37:14
2,RadioTEDU Lo-Fi,/lofi,configured_stream,47030,white shinobi - alone. again.,white shinobi,,,,,,,165.696,H:\RadioTEDU Songs\lofi\white shinobi - alone. again..mp3,1,1,163.562,2026-08-25 23:54:33,2026-08-25 23:54:33
2,RadioTEDU Lo-Fi,/lofi,configured_stream,50362,William Tell Overture,Gioachino Rossini,,,,,,,711.146,H:\RadioTEDU Songs\lofi\Various Artists\Classical Masterpieces_ The Best of Classical Favorites\01 Gioachino Rossini - William Tell Overture.mp3,1,1,708.68,2026-08-25 09:53:55,2026-08-25 09:53:55
2,RadioTEDU Lo-Fi,/lofi,configured_stream,45651,Within,"Kavv, Dontcry",,,,,,,83.736,H:\RadioTEDU Songs\lofi\100 Lo-Fi Beats to Relax and focus Playlist Spotify (2020) [320]  kbps Beats⭐\100 Lo-Fi Beats to Relax and focus Playlist Spotify (2020) [320]  kbps Beats⭐\Within.mp3,1,1,81.185,2026-08-25 01:41:49,2026-08-25 01:41:49
2,RadioTEDU Lo-Fi,/lofi,configured_stream,50304,Without You,Braden Ross,,,,,,,161.123,"H:\RadioTEDU Songs\lofi\Various Artists\Bangers Only, Vol. 1\11 Braden Ross - Without You.mp3",1,1,158.667,2026-08-25 00:27:59,2026-08-25 00:27:59
2,RadioTEDU Lo-Fi,/lofi,configured_stream,50298,Worries,Raphaël Novarina,,,,,,,279.0,"H:\RadioTEDU Songs\lofi\Various Artists\Ambient Music for Sleeping, Studying, Yoga, Meditation, Chill, Massage, Spa\06 Raphaël Novarina - Worries.mp3",1,1,284.577,2026-08-25 00:58:25,2026-08-25 00:58:25
2,RadioTEDU Lo-Fi,/lofi,configured_stream,47034,XAM - FADE AWAY (Prod. CXLD BLXXD),XAM,,,,,,,162.645,H:\RadioTEDU Songs\lofi\XAM - FADE AWAY (Prod. CXLD BLXXD).mp3,1,1,161.555,2026-08-25 22:23:08,2026-08-25 22:23:08
2,RadioTEDU Lo-Fi,/lofi,configured_stream,47035,xiv - if only you knew. (prod. Rook1e),xiv,,,,,,,67.84,H:\RadioTEDU Songs\lofi\xiv - if only you knew. (prod. Rook1e).mp3,1,1,65.112,2026-08-25 23:35:24,2026-08-25 23:35:24
2,RadioTEDU Lo-Fi,/lofi,configured_stream,47049,yaeow - i'm just a ghost,yaeow,,,,,,,181.557,H:\RadioTEDU Songs\lofi\yaeow - i'm just a ghost.mp3,1,1,180.116,2026-08-25 18:16:05,2026-08-25 18:16:05
2,RadioTEDU Lo-Fi,/lofi,configured_stream,50641,You Don't Love Me Anymore,Morris Chestnut,,,,,,,121.408,H:\RadioTEDU Songs\lofi\Various Artists\The Renfro Soul Story_ Priceless Los Angeles Northern Soul\12 Morris Chestnut - You Don't Love Me Anymore.mp3,1,1,118.811,2026-08-25 08:19:26,2026-08-25 08:19:26
2,RadioTEDU Lo-Fi,/lofi,configured_stream,50052,You Don't Want Me Anymore,Snøw & Teqkoi,,,,,,,165.454,H:\RadioTEDU Songs\lofi\Snøw & Teqkoi\You Don't Want Me Anymore\01 You Don't Want Me Anymore.mp3,1,1,162.636,2026-08-25 12:06:56,2026-08-25 12:06:56
2,RadioTEDU Lo-Fi,/lofi,configured_stream,50544,You Said You Loved Me,Lloyd Robinson,,,,,,,133.155,H:\RadioTEDU Songs\lofi\Various Artists\Mash It! (More) Jamaican R&B and the Birth of Ska\1-21 Lloyd Robinson - You Said You Loved Me.mp3,1,1,132.846,2026-08-25 16:30:51,2026-08-25 16:30:51
2,RadioTEDU Lo-Fi,/lofi,configured_stream,50512,You’re Always on My Mind,Lou Rawls,,,,,,,171.867,H:\RadioTEDU Songs\lofi\Various Artists\Jazz Ballads\18 Lou Rawls - You’re Always on My Mind.mp3,1,1,169.384,2026-08-25 07:13:39,2026-08-25 07:13:39
2,RadioTEDU Lo-Fi,/lofi,configured_stream,47070,"⧸KXLD. - if cupid's got a gun, then he's shooting",⧸KXLD,,,,,,,146.411,"H:\RadioTEDU Songs\lofi\⧸KXLD. - if cupid's got a gun, then he's shooting.mp3",1,1,143.668,2026-08-25 07:43:59,2026-08-25 07:43:59
4,RadioTEDU Pop,/radio,configured_stream,51055,All the Things She Said,t.A.T.u.,,,,,,,214.44,H:\RadioTEDU Songs\Pop\t.A.T.u_\All the Things She Said.mp3,2,2,423.165,2026-08-25 03:05:35,2026-08-25 23:56:37
4,RadioTEDU Pop,/radio,configured_stream,50752,Angel (Remastered 2019),,,,,,,,382.667,H:\RadioTEDU Songs\Pop\077 - Angel (Remastered 2019).mp3,2,2,760.334,2026-08-25 00:18:16,2026-08-25 21:07:38
4,RadioTEDU Pop,/radio,configured_stream,50880,Arcade,John Coldrain ft. Franco Carter,,,,,,,148.092,H:\RadioTEDU Songs\Pop\John Coldrain\Future Thoughts\02 John Coldrain ft. Franco Carter - Arcade.flac,2,2,294.481,2026-08-25 02:58:36,2026-08-25 23:49:46
4,RadioTEDU Pop,/radio,configured_stream,51051,back to friends,sombr,,,,,,,199.032,H:\RadioTEDU Songs\Pop\sombr\I Barely Know Her\04 back to friends.flac,2,2,395.692,2026-08-25 02:05:29,2026-08-25 22:56:13
4,RadioTEDU Pop,/radio,configured_stream,51023,Breakin' Dishes,Rihanna,,,,,,,200.574,H:\RadioTEDU Songs\Pop\Rihanna\Good Girl Gone Bad_ Reloaded\04 Rihanna - Breakin' Dishes.flac,2,2,400.71,2026-08-25 03:08:55,2026-08-25 23:59:57
4,RadioTEDU Pop,/radio,configured_stream,51078,Can’t Feel My Face,The Weeknd,,,,,,,213.52,H:\RadioTEDU Songs\Pop\The Weeknd\Beauty Behind the Madness\07 The Weeknd - Can’t Feel My Face.flac,2,2,428.805,2026-08-25 02:42:08,2026-08-25 23:33:28
4,RadioTEDU Pop,/radio,configured_stream,50890,CAN’T STOP THE FEELING! (original song from DreamWorks Animation’s “TROLLS”),Justin Timberlake,,,,,,,236.002,H:\RadioTEDU Songs\Pop\Justin Timberlake\CAN’T STOP THE FEELING!\01 CAN’T STOP THE FEELING! (original song from DreamWorks Animation’s “TROLLS”).flac,2,2,471.151,2026-08-25 01:02:57,2026-08-25 21:53:39
4,RadioTEDU Pop,/radio,configured_stream,51098,CHANEL,Tyla,,,,,,,189.44,H:\RadioTEDU Songs\Pop\Tyla\CHANEL\01 CHANEL.flac,2,2,376.099,2026-08-25 00:21:22,2026-08-25 21:10:48
4,RadioTEDU Pop,/radio,configured_stream,50782,Choose Your Fighter,Ava Max,,,,,,,137.514,H:\RadioTEDU Songs\Pop\Ava Max\Choose Your Fighter.mp3,2,2,272.234,2026-08-25 01:18:17,2026-08-25 22:09:04
4,RadioTEDU Pop,/radio,configured_stream,50792,Damage,Bazanji,,,,,,,166.08,H:\RadioTEDU Songs\Pop\Bazanji\Damage\01 Damage.mp3,2,2,330.008,2026-08-25 02:15:11,2026-08-25 23:06:11
4,RadioTEDU Pop,/radio,configured_stream,51018,Diamonds,Rihanna,,,,,,,225.147,H:\RadioTEDU Songs\Pop\Rihanna\Diamonds.mp3,2,2,449.218,2026-08-25 00:58:46,2026-08-25 21:49:44
4,RadioTEDU Pop,/radio,configured_stream,52308,Do Nothin' Till You Hear From Me,Robbie Williams,,,,,,,178.059,H:\RadioTEDU Songs\Pop\Robbie Williams\Swing When You're Winning\04 Robbie Williams - Do Nothin' Till You Hear From Me.mp3,2,2,356.46,2026-08-25 00:01:58,2026-08-25 20:51:29
4,RadioTEDU Pop,/radio,configured_stream,50756,Dracula,,,,,,,,205.309,H:\RadioTEDU Songs\Pop\084 - Dracula.mp3,2,2,407.878,2026-08-25 02:26:20,2026-08-25 23:17:36
4,RadioTEDU Pop,/radio,configured_stream,50881,End of Time,John Coldrain ft. Downtown Binary,,,,,,,216.528,H:\RadioTEDU Songs\Pop\John Coldrain\Future Thoughts\03 John Coldrain ft. Downtown Binary - End of Time.flac,2,2,431.672,2026-08-25 02:09:05,2026-08-25 22:59:57
4,RadioTEDU Pop,/radio,configured_stream,50743,Excess,,,,,,,,277.375,H:\RadioTEDU Songs\Pop\042 - Excess.mp3,2,2,550.619,2026-08-25 01:52:49,2026-08-25 22:43:40
4,RadioTEDU Pop,/radio,configured_stream,51048,Freedom Bus,Sheryl Crow feat. Jesse Welles,,,,,,,283.115,H:\RadioTEDU Songs\Pop\Sheryl Crow\Freedom Bus\01 Freedom Bus.flac,2,2,563.978,2026-08-25 01:15:58,2026-08-25 22:06:44
4,RadioTEDU Pop,/radio,configured_stream,50850,Godzilla,Eminem feat. Juice WRLD,,,,,,,210.791,H:\RadioTEDU Songs\Pop\Eminem\Music to Be Murdered By\07 Eminem feat. Juice WRLD - Godzilla.flac,2,2,417.878,2026-08-25 01:42:30,2026-08-25 22:33:38
4,RadioTEDU Pop,/radio,configured_stream,50829,God’s Plan,Drake,,,,,,,198.972,H:\RadioTEDU Songs\Pop\Drake\Scorpion\1-05 Drake - God’s Plan.flac,2,2,395.127,2026-08-25 02:49:08,2026-08-25 23:40:20
4,RadioTEDU Pop,/radio,configured_stream,50830,God’s Plan,Drake,,,,,,,198.973,H:\RadioTEDU Songs\Pop\Drake\Scorpion\1-05 Drake - God’s Plan.mp3,2,2,392.572,2026-08-25 02:12:28,2026-08-25 23:03:13
4,RadioTEDU Pop,/radio,configured_stream,51100,I Forgot to Be Your Lover,William Bell,,,,,,,138.96,H:\RadioTEDU Songs\Pop\William Bell\The Very Best of William Bell\11 William Bell - I Forgot to Be Your Lover.flac,2,2,287.07,2026-08-25 01:55:19,2026-08-25 22:45:58
4,RadioTEDU Pop,/radio,configured_stream,51073,I Love You So,The Walters,,,,,,,160.24,H:\RadioTEDU Songs\Pop\The Walters\Songs For Dads\01 I Love You So.mp3,2,2,320.659,2026-08-25 01:32:48,2026-08-25 22:23:43
4,RadioTEDU Pop,/radio,configured_stream,50733,I Wanna Dance with Somebody (Who Loves Me),Whitney Houston,,,,,,,291.293,H:\RadioTEDU Songs\Pop\007 - I Wanna Dance with Somebody (Who Loves Me).mp3,2,2,580.481,2026-08-25 02:31:11,2026-08-25 23:22:33
4,RadioTEDU Pop,/radio,configured_stream,50822,Just Fine,David Ruis,,,,,,,230.688,H:\RadioTEDU Songs\Pop\David Ruis\Sweet Mercies\04 Just Fine.flac,2,2,461.519,2026-08-25 01:30:01,2026-08-25 22:20:57
4,RadioTEDU Pop,/radio,configured_stream,50783,Kings & Queens,Ava Max,,,,,,,162.399,H:\RadioTEDU Songs\Pop\Ava Max\Kings & Queens.mp3,2,2,326.301,2026-08-25 00:42:35,2026-08-25 21:33:33
4,RadioTEDU Pop,/radio,configured_stream,51013,Kiss,Prince,,,,,,,226.005,H:\RadioTEDU Songs\Pop\Prince\Parade - Music From the Motion Picture Under the Cherry Moon\10 Kiss.flac,2,2,450.368,2026-08-25 00:08:23,2026-08-25 20:57:51
4,RadioTEDU Pop,/radio,configured_stream,50987,La La La,Naughty Boy feat. Sam Smith,,,,,,,222.2,H:\RadioTEDU Songs\Pop\Naughty Boy\Hotel Cabana (deluxe version)\08 Naughty Boy feat. Sam Smith - La La La.flac,2,2,444.044,2026-08-25 02:38:33,2026-08-25 23:29:43
4,RadioTEDU Pop,/radio,configured_stream,50800,Like You,Bow Wow feat. Ciara,,,,,,,205.868,H:\RadioTEDU Songs\Pop\Bow Wow\Wanted\06 Bow Wow feat. Ciara - Like You.flac,2,2,409.387,2026-08-25 00:28:28,2026-08-25 21:18:29
4,RadioTEDU Pop,/radio,configured_stream,50843,Love Me Like You Do,Ellie Goulding,,,,,,,253.52,H:\RadioTEDU Songs\Pop\Ellie Goulding\Love Me Like You Do.mp3,2,2,506.491,2026-08-25 02:19:25,2026-08-25 23:10:35
4,RadioTEDU Pop,/radio,configured_stream,50958,LoveGame,Lady Gaga,,,,,,,216.333,H:\RadioTEDU Songs\Pop\Lady Gaga\The Fame\02 Lady Gaga - LoveGame.flac,2,2,458.488,2026-08-25 00:24:58,2026-08-25 21:15:01
4,RadioTEDU Pop,/radio,configured_stream,50889,No Surprises,Juliana Chahayed,,,,,,,120.962,H:\RadioTEDU Songs\Pop\Juliana Chahayed\No Surprises\01 No Surprises.flac,2,2,242.48,2026-08-25 01:48:00,2026-08-25 22:39:06
4,RadioTEDU Pop,/radio,configured_stream,50968,Old Town Road (remix),Lil Nas X feat. Billy Ray Cyrus,,,,,,,157.067,H:\RadioTEDU Songs\Pop\Lil Nas X\7\01 Lil Nas X feat. Billy Ray Cyrus - Old Town Road (remix).mp3,2,2,308.507,2026-08-25 00:04:40,2026-08-25 20:54:05
4,RadioTEDU Pop,/radio,configured_stream,52313,One for My Baby,Robbie Williams,,,,,,,257.993,H:\RadioTEDU Songs\Pop\Robbie Williams\Swing When You're Winning\11 Robbie Williams - One for My Baby.mp3,2,2,510.72,2026-08-25 00:39:56,2026-08-25 21:30:41
4,RadioTEDU Pop,/radio,configured_stream,51054,Polaroid,Syndrome,,,,,,,132.139,H:\RadioTEDU Songs\Pop\Syndrome\Wish You Well\02 Polaroid.mp3,2,2,261.333,2026-08-25 01:08:38,2026-08-25 21:59:28
4,RadioTEDU Pop,/radio,configured_stream,50844,Rocket Man (I Think It’s Going to Be a Long Long Time),Elton John,,,,,,,281.613,H:\RadioTEDU Songs\Pop\Elton John\Honky Château\05 Rocket Man (I Think It’s Going to Be a Long Long Time).flac,2,2,561.514,2026-08-25 00:54:56,2026-08-25 21:45:53
4,RadioTEDU Pop,/radio,configured_stream,50768,She Looks So Perfect,5 Seconds of Summer,,,,,,,202.496,H:\RadioTEDU Songs\Pop\5 Seconds of Summer\5 Seconds of Summer\01 She Looks So Perfect.flac,2,2,402.319,2026-08-25 01:38:51,2026-08-25 22:30:09
4,RadioTEDU Pop,/radio,configured_stream,50755,She's My Collar (feat. Kali Uchis),,,,,,,,209.56,H:\RadioTEDU Songs\Pop\083 - She's My Collar (feat. Kali Uchis).mp3,2,2,415.75,2026-08-25 02:56:10,2026-08-25 23:47:18
4,RadioTEDU Pop,/radio,configured_stream,50837,Spooky,Dusty Springfield,,,,,,,164.173,H:\RadioTEDU Songs\Pop\Dusty Springfield\Dusty… Definitely\16 Spooky.flac,2,2,325.504,2026-08-25 01:35:29,2026-08-25 22:26:27
4,RadioTEDU Pop,/radio,configured_stream,52310,Straighten Up and Fly Right,Robbie Williams,,,,,,,156.351,H:\RadioTEDU Songs\Pop\Robbie Williams\Swing When You're Winning\07 Robbie Williams - Straighten Up and Fly Right.mp3,2,2,307.016,2026-08-25 01:11:18,2026-08-25 22:02:01
4,RadioTEDU Pop,/radio,configured_stream,51093,Stressed Out,twenty one pilots,,,,,,,202.339,H:\RadioTEDU Songs\Pop\twenty one pilots\Blurryface\02 Stressed Out (1).flac,2,2,408.047,2026-08-25 00:31:47,2026-08-25 21:21:57
4,RadioTEDU Pop,/radio,configured_stream,50754,São Paulo,,,,,,,,301.623,H:\RadioTEDU Songs\Pop\082 - São Paulo.mp3,2,2,606.392,2026-08-25 01:26:09,2026-08-25 22:16:55
4,RadioTEDU Pop,/radio,configured_stream,51047,Teach Me How to Love,Shawn Mendes,,,,,,,202.357,H:\RadioTEDU Songs\Pop\Shawn Mendes\Wonder\05 Shawn Mendes - Teach Me How to Love.flac,2,2,402.058,2026-08-25 00:11:47,2026-08-25 21:01:18
4,RadioTEDU Pop,/radio,configured_stream,50764,Telephone,,,,,,,,220.627,H:\RadioTEDU Songs\Pop\093 - Telephone.mp3,2,2,438.553,2026-08-25 00:46:15,2026-08-25 21:37:20
4,RadioTEDU Pop,/radio,configured_stream,50811,That's What I Like,Bruno Mars,,,,,,,206.693,H:\RadioTEDU Songs\Pop\Bruno Mars\24K Magic\04 That's What I Like.flac,2,2,411.016,2026-08-25 02:22:57,2026-08-25 23:14:07
4,RadioTEDU Pop,/radio,configured_stream,50860,That’s So True,Gracie Abrams,,,,,,,166.777,H:\RadioTEDU Songs\Pop\Gracie Abrams\The Secret of Us (deluxe)\15 Gracie Abrams - That’s So True.mp3,2,2,329.173,2026-08-25 01:21:10,2026-08-25 22:11:48
4,RadioTEDU Pop,/radio,configured_stream,51067,The Bar Is Set So Low,The Format,,,,,,,165.94,H:\RadioTEDU Songs\Pop\The Format\The Bar Is Set So Low\01 The Bar Is Set So Low.flac,2,2,327.848,2026-08-25 02:02:13,2026-08-25 22:52:53
4,RadioTEDU Pop,/radio,configured_stream,51049,The Greatest,Sia feat. Kendrick Lamar,,,,,,,210.233,H:\RadioTEDU Songs\Pop\Sia\This Is Acting\14 Sia feat. Kendrick Lamar - The Greatest.flac,2,2,415.219,2026-08-25 02:34:52,2026-08-25 23:26:00
4,RadioTEDU Pop,/radio,configured_stream,50903,The One That Got Away,Katy Perry,,,,,,,227.333,H:\RadioTEDU Songs\Pop\Katy Perry\Teenage Dream\07 Katy Perry - The One That Got Away.flac,2,2,457.523,2026-08-25 00:35:34,2026-08-25 21:26:25
4,RadioTEDU Pop,/radio,configured_stream,51007,Timber,Pitbull feat. Ke$ha,,,,,,,204.16,H:\RadioTEDU Songs\Pop\Pitbull\Global Warming_ Meltdown (Deluxe Version)\13 Pitbull feat. Ke$ha - Timber.flac,2,2,405.632,2026-08-25 02:52:31,2026-08-25 23:43:49
4,RadioTEDU Pop,/radio,configured_stream,50836,Training Season,Dua Lipa,,,,,,,209.488,H:\RadioTEDU Songs\Pop\Dua Lipa\Training Season.mp3,2,2,416.505,2026-08-25 01:06:26,2026-08-25 21:57:09
4,RadioTEDU Pop,/radio,configured_stream,50894,Use This Gospel,Kanye West feat. Clipse & Kenny G,,,,,,,216.747,H:\RadioTEDU Songs\Pop\Kanye West\Jesus Is King\10 Kanye West feat. Clipse & Kenny G - Use This Gospel.flac,2,2,428.05,2026-08-25 02:45:52,2026-08-25 23:37:02
4,RadioTEDU Pop,/radio,configured_stream,51052,Wasting My Time,Stefanie Heinzmann,,,,,,,202.768,H:\RadioTEDU Songs\Pop\Stefanie Heinzmann\Roots to Grow\14 Stefanie Heinzmann - Wasting My Time.mp3,2,2,408.16,2026-08-25 01:45:55,2026-08-25 22:37:01
4,RadioTEDU Pop,/radio,configured_stream,51044,"Whenever, Wherever",Shakira,,,,,,,196.16,"H:\RadioTEDU Songs\Pop\Shakira\Whenever, Wherever.mp3",2,2,393.1,2026-08-25 03:01:55,2026-08-25 23:53:06
4,RadioTEDU Pop,/radio,configured_stream,51081,Will I See You Again?,Thee Sacred Souls,,,,,,,240.653,H:\RadioTEDU Songs\Pop\Thee Sacred Souls\Will I See You Again_\01 Will I See You Again_.flac,2,2,483.575,2026-08-25 01:59:19,2026-08-25 22:50:09
4,RadioTEDU Pop,/radio,configured_stream,52303,You're the Inspiration,David Foster,,,,,,,235.0,H:\RadioTEDU Songs\Pop\David Foster\Rechordings\02 You're the Inspiration.flac,2,2,464.494,2026-08-25 00:50:17,2026-08-25 21:41:12
4,RadioTEDU Pop,/radio,configured_stream,50774,(There Is) No Greater Love,Amy Winehouse,,,,,,,128.933,H:\RadioTEDU Songs\Pop\Amy Winehouse\Frank\10 (There Is) No Greater Love.flac,1,1,127.224,2026-08-25 03:38:13,2026-08-25 03:38:13
4,RadioTEDU Pop,/radio,configured_stream,50839,21 Reasons,Nathan Dawe feat. Ella Henderson,,,,,,,155.249,H:\RadioTEDU Songs\Pop\Ella Henderson\Everything I Didn’t Say and More\2-01 Nathan Dawe feat. Ella Henderson - 21 Reasons.flac,1,1,156.212,2026-08-25 19:26:12,2026-08-25 19:26:12
4,RadioTEDU Pop,/radio,configured_stream,50840,21 Reasons,Nathan Dawe feat. Ella Henderson,,,,,,,155.253,H:\RadioTEDU Songs\Pop\Ella Henderson\Everything I Didn’t Say and More\2-01 Nathan Dawe feat. Ella Henderson - 21 Reasons.mp3,1,1,156.428,2026-08-25 06:10:59,2026-08-25 06:10:59
4,RadioTEDU Pop,/radio,configured_stream,50810,24K Magic,Bruno Mars,,,,,,,225.983,H:\RadioTEDU Songs\Pop\Bruno Mars\24K Magic\01 24K Magic.flac,1,1,223.243,2026-08-25 17:37:51,2026-08-25 17:37:51
4,RadioTEDU Pop,/radio,configured_stream,50861,A Minute of Your Time,Günter Kallmann Choir,,,,,,,155.328,H:\RadioTEDU Songs\Pop\Gunter Kallmann Choir\Lounge Legends\17 A Minute of Your Time.mp3,1,1,152.469,2026-08-25 16:15:40,2026-08-25 16:15:40
4,RadioTEDU Pop,/radio,configured_stream,50736,Abracadabra,Lady Gaga,,,,,,,221.158,H:\RadioTEDU Songs\Pop\010 - Lady Gaga - Abracadabra (Lyrics).mp3,1,1,220.085,2026-08-25 05:57:26,2026-08-25 05:57:26
4,RadioTEDU Pop,/radio,configured_stream,50955,Abracadabra,Lady Gaga,,,,,,,223.398,H:\RadioTEDU Songs\Pop\Lady Gaga\Abracadabra.mp3,1,1,221.761,2026-08-25 11:53:59,2026-08-25 11:53:59
4,RadioTEDU Pop,/radio,configured_stream,50956,Abracadabra,Lady Gaga,,,,,,,223.399,H:\RadioTEDU Songs\Pop\Lady Gaga\MAYHEM\02 Lady Gaga - Abracadabra.flac,1,1,222.145,2026-08-25 19:40:23,2026-08-25 19:40:23
4,RadioTEDU Pop,/radio,configured_stream,50779,Active,Asake & Travis Scott,,,,,,,184.32,H:\RadioTEDU Songs\Pop\Asake\Lungu Boy\06 Asake & Travis Scott - Active.flac,1,1,182.018,2026-08-25 14:23:41,2026-08-25 14:23:41
4,RadioTEDU Pop,/radio,configured_stream,50780,Active,Asake & Travis Scott,,,,,,,184.32,H:\RadioTEDU Songs\Pop\Asake\Lungu Boy\06 Asake & Travis Scott - Active.mp3,1,1,181.648,2026-08-25 10:52:15,2026-08-25 10:52:15
4,RadioTEDU Pop,/radio,configured_stream,50819,Adventure of a Lifetime,Coldplay,,,,,,,263.787,H:\RadioTEDU Songs\Pop\Coldplay\A Head Full of Dreams\05 Coldplay - Adventure of a Lifetime.flac,1,1,261.283,2026-08-25 11:43:04,2026-08-25 11:43:04
4,RadioTEDU Pop,/radio,configured_stream,52314,Ain't That a Kick in the Head,Robbie Williams,,,,,,,147.992,H:\RadioTEDU Songs\Pop\Robbie Williams\Swing When You're Winning\13 Robbie Williams - Ain't That a Kick in the Head.mp3,1,1,146.656,2026-08-25 19:48:51,2026-08-25 19:48:51
4,RadioTEDU Pop,/radio,configured_stream,50979,Ain’t No Mountain High Enough,Marvin Gaye & Tammi Terrell,,,,,,,151.667,H:\RadioTEDU Songs\Pop\Marvin Gaye & Tammi Terrell\United\01 Ain’t No Mountain High Enough.flac,1,1,149.538,2026-08-25 08:18:39,2026-08-25 08:18:39
4,RadioTEDU Pop,/radio,configured_stream,50868,All My Friends (intro),Indigo,,,,,,,173.333,H:\RadioTEDU Songs\Pop\Indigo\All My Friends\01 Indigo - All My Friends (intro).mp3,1,1,173.295,2026-08-25 11:48:03,2026-08-25 11:48:03
4,RadioTEDU Pop,/radio,configured_stream,50757,All The Stars,,,,,,,,232.187,H:\RadioTEDU Songs\Pop\085 - All The Stars.mp3,1,1,229.292,2026-08-25 10:16:32,2026-08-25 10:16:32
4,RadioTEDU Pop,/radio,configured_stream,50753,All The Things She Said,,,,,,,,212.267,H:\RadioTEDU Songs\Pop\080 - All The Things She Said.mp3,1,1,209.627,2026-08-25 11:19:45,2026-08-25 11:19:45
4,RadioTEDU Pop,/radio,configured_stream,51056,All the Things She Said (radio version),t.A.T.u.,,,,,,,214.436,H:\RadioTEDU Songs\Pop\t.A.T.u_\All the Things She Said\01 All the Things She Said (radio version).flac,1,1,216.628,2026-08-25 16:27:06,2026-08-25 16:27:06
4,RadioTEDU Pop,/radio,configured_stream,50992,Am I Wrong,Nico & Vinz,,,,,,,245.867,H:\RadioTEDU Songs\Pop\Nico & Vinz\Black Star Elephant\02 Am I Wrong.flac,1,1,246.041,2026-08-25 19:57:13,2026-08-25 19:57:13
4,RadioTEDU Pop,/radio,configured_stream,50895,Animal,KATSEYE,,,,,,,158.494,H:\RadioTEDU Songs\Pop\KATSEYE\Animal\01 Animal.flac,1,1,158.599,2026-08-25 19:03:39,2026-08-25 19:03:39
4,RadioTEDU Pop,/radio,configured_stream,50978,Animals,Maroon 5,,,,,,,230.92,H:\RadioTEDU Songs\Pop\Maroon 5\V\02 Maroon 5 - Animals.flac,1,1,228.074,2026-08-25 09:33:52,2026-08-25 09:33:52
4,RadioTEDU Pop,/radio,configured_stream,51027,APT.,ROSÉ & Bruno Mars,,,,,,,173.383,H:\RadioTEDU Songs\Pop\ROSÉ\rosie\06 ROSÉ & Bruno Mars - APT..flac,1,1,173.022,2026-08-25 04:04:01,2026-08-25 04:04:01
4,RadioTEDU Pop,/radio,configured_stream,51028,APT.,ROSÉ & Bruno Mars,,,,,,,173.383,H:\RadioTEDU Songs\Pop\ROSÉ\rosie\06 ROSÉ & Bruno Mars - APT..mp3,1,1,170.722,2026-08-25 07:36:54,2026-08-25 07:36:54
4,RadioTEDU Pop,/radio,configured_stream,50827,Babydoll,Dominic Fike,,,,,,,97.96,"H:\RadioTEDU Songs\Pop\Dominic Fike\Don’t Forget About Me, Demos\03 Babydoll.flac",1,1,95.629,2026-08-25 15:08:44,2026-08-25 15:08:44
4,RadioTEDU Pop,/radio,configured_stream,50790,Backseat,Balu Brigada,,,,,,,383.4,H:\RadioTEDU Songs\Pop\Balu Brigada\Backseat\01 Backseat.flac,1,1,381.063,2026-08-25 06:08:23,2026-08-25 06:08:23
4,RadioTEDU Pop,/radio,configured_stream,50973,bad enough,Madison Beer,,,,,,,222.513,H:\RadioTEDU Songs\Pop\Madison Beer\locket\05 bad enough.flac,1,1,219.844,2026-08-25 13:19:27,2026-08-25 13:19:27
4,RadioTEDU Pop,/radio,configured_stream,50778,Bang Bang,Jessie J + Ariana Grande + Nicki Minaj,,,,,,,199.32,H:\RadioTEDU Songs\Pop\Ariana Grande\My Everything\13 Jessie J + Ariana Grande + Nicki Minaj - Bang Bang.flac,1,1,199.271,2026-08-25 07:58:56,2026-08-25 07:58:56
4,RadioTEDU Pop,/radio,configured_stream,50878,Bang Bang,"Jessie J, Ariana Grande & Nicki Minaj",,,,,,,199.32,"H:\RadioTEDU Songs\Pop\Jessie J, Ariana Grande & Nicki Minaj\Bang Bang.mp3",1,1,196.752,2026-08-25 12:51:30,2026-08-25 12:51:30
4,RadioTEDU Pop,/radio,configured_stream,50841,Be Her,Ella Langley,,,,,,,217.24,H:\RadioTEDU Songs\Pop\Ella Langley\Dandelion\06 Ella Langley - Be Her.flac,1,1,215.472,2026-08-25 08:40:38,2026-08-25 08:40:38
4,RadioTEDU Pop,/radio,configured_stream,50984,Been By Now,Morgan Wallen,,,,,,,213.806,H:\RadioTEDU Songs\Pop\Morgan Wallen\Been By Now\01 Been By Now.flac,1,1,211.243,2026-08-25 09:55:19,2026-08-25 09:55:19
4,RadioTEDU Pop,/radio,configured_stream,50865,Believer,Imagine Dragons,,,,,,,204.347,H:\RadioTEDU Songs\Pop\Imagine Dragons\Believer.mp3,1,1,201.613,2026-08-25 17:58:53,2026-08-25 17:58:53
4,RadioTEDU Pop,/radio,configured_stream,50814,Big Strong Man,Cavetown,,,,,,,229.682,H:\RadioTEDU Songs\Pop\Cavetown\Big Strong Man\01 Big Strong Man.flac,1,1,228.567,2026-08-25 19:21:25,2026-08-25 19:21:25
4,RadioTEDU Pop,/radio,configured_stream,50738,Bloody Mary,Lady Gaga,,,,,,,244.76,H:\RadioTEDU Songs\Pop\019 - Bloody Mary.mp3,1,1,247.368,2026-08-25 18:46:51,2026-08-25 18:46:51
4,RadioTEDU Pop,/radio,configured_stream,47349,Bloody Mary Wednesday Soner Karaca Remix,Lady Gaga,,,,,,,197.01,H:\RadioTEDU Songs\Pop\NA - Lady_Gaga_-_Bloody_Mary_Wednesday_Soner_Karaca_Remix.flac,1,1,197.987,2026-08-25 15:21:56,2026-08-25 15:21:56
4,RadioTEDU Pop,/radio,configured_stream,51053,Boston,STELLA LEFTY,,,,,,,170.859,H:\RadioTEDU Songs\Pop\STELLA LEFTY\Boston\01 Boston.flac,1,1,169.389,2026-08-25 04:30:06,2026-08-25 04:30:06
4,RadioTEDU Pop,/radio,configured_stream,51017,Breakin’ Dishes,Rihanna,,,,,,,200.573,H:\RadioTEDU Songs\Pop\Rihanna\Breakin’ Dishes.mp3,1,1,198.046,2026-08-25 10:41:18,2026-08-25 10:41:18
4,RadioTEDU Pop,/radio,configured_stream,50959,Brooklyn Baby,Lana Del Rey,,,,,,,351.64,H:\RadioTEDU Songs\Pop\Lana Del Rey\Greatest Hits\2-15 Lana Del Rey - Brooklyn Baby.mp3,1,1,351.623,2026-08-25 12:27:50,2026-08-25 12:27:50
4,RadioTEDU Pop,/radio,configured_stream,50746,Bye Bye Bye,,,,,,,,200.4,H:\RadioTEDU Songs\Pop\060 - Bye Bye Bye.mp3,1,1,201.102,2026-08-25 13:15:37,2026-08-25 13:15:37
4,RadioTEDU Pop,/radio,configured_stream,50902,California Gurls,Katy Perry & Snoop Dogg,,,,,,,233.964,H:\RadioTEDU Songs\Pop\Katy Perry\Teenage Dream\03 Katy Perry & Snoop Dogg - California Gurls.flac,1,1,234.203,2026-08-25 12:08:20,2026-08-25 12:08:20
4,RadioTEDU Pop,/radio,configured_stream,50900,California Gurls,Katy Perry feat. Snoop Dogg,,,,,,,233.918,H:\RadioTEDU Songs\Pop\Katy Perry feat. Snoop Dogg\California Gurls.mp3,1,1,233.654,2026-08-25 18:28:14,2026-08-25 18:28:14
4,RadioTEDU Pop,/radio,configured_stream,50771,Can You Imagine?,African Children's Choir,,,,,,,192.017,H:\RadioTEDU Songs\Pop\African Children's Choir\Gifts of Love\08 Can You Imagine_.mp3,1,1,189.166,2026-08-25 04:07:10,2026-08-25 04:07:10
4,RadioTEDU Pop,/radio,configured_stream,51097,CHANEL,Tyla,,,,,,,189.44,H:\RadioTEDU Songs\Pop\Tyla\CHANEL.mp3,1,1,186.864,2026-08-25 03:57:26,2026-08-25 03:57:26
4,RadioTEDU Pop,/radio,configured_stream,50972,closer to heaven,Madelline,,,,,,,175.624,H:\RadioTEDU Songs\Pop\Madelline\closer to heaven\01 closer to heaven.flac,1,1,179.865,2026-08-25 17:30:22,2026-08-25 17:30:22
4,RadioTEDU Pop,/radio,configured_stream,51062,Come Together,The Beatles,,,,,,,259.947,H:\RadioTEDU Songs\Pop\The Beatles\Abbey Road\01 Come Together.flac,1,1,257.101,2026-08-25 13:36:54,2026-08-25 13:36:54
4,RadioTEDU Pop,/radio,configured_stream,50884,Cosmic Dust,John Coldrain ft. Franco Carter,,,,,,,205.34,H:\RadioTEDU Songs\Pop\John Coldrain\Future Thoughts\06 John Coldrain ft. Franco Carter - Cosmic Dust.flac,1,1,206.533,2026-08-25 17:50:20,2026-08-25 17:50:20
4,RadioTEDU Pop,/radio,configured_stream,47419,Counting Stars,OneRepublic,,,,,,,283.098,H:\RadioTEDU Songs\Pop\NA - OneRepublic_-_Counting_Stars.flac,1,1,280.515,2026-08-25 11:24:26,2026-08-25 11:24:26
4,RadioTEDU Pop,/radio,configured_stream,50794,Crazy in Love,Beyoncé featuring Jay‐Z,,,,,,,236.739,H:\RadioTEDU Songs\Pop\Beyoncé\Dangerously in Love\01 Beyoncé featuring Jay‐Z - Crazy in Love.flac,1,1,234.244,2026-08-25 10:26:33,2026-08-25 10:26:33
4,RadioTEDU Pop,/radio,configured_stream,44942,cult leader,daisy angel,,,,,,,114.01,H:\RadioTEDU Songs\Pop\daisy angel - cult leader.flac,1,1,111.159,2026-08-25 07:52:09,2026-08-25 07:52:09
4,RadioTEDU Pop,/radio,configured_stream,50852,Damn Your Eyes,Etta James,,,,,,,251.333,H:\RadioTEDU Songs\Pop\Etta James\Seven Year Itch\05 Damn Your Eyes.flac,1,1,248.599,2026-08-25 08:48:19,2026-08-25 08:48:19
4,RadioTEDU Pop,/radio,configured_stream,50734,Dancing Queen,ABBA,,,,,,,230.4,H:\RadioTEDU Songs\Pop\008 - Dancing Queen.mp3,1,1,238.327,2026-08-25 20:28:51,2026-08-25 20:28:51
4,RadioTEDU Pop,/radio,configured_stream,50740,Determinate,Bridgit Mendler feat. Adam Hicks,,,,,,,198.107,H:\RadioTEDU Songs\Pop\022 - Determinate (From ＂Lemonade Mouth＂).mp3,1,1,197.978,2026-08-25 03:51:36,2026-08-25 03:51:36
4,RadioTEDU Pop,/radio,configured_stream,51025,Diamonds,Rihanna,,,,,,,225.141,H:\RadioTEDU Songs\Pop\Rihanna\Greatest Hits\20 Rihanna - Diamonds.flac,1,1,225.159,2026-08-25 16:23:18,2026-08-25 16:23:18
4,RadioTEDU Pop,/radio,configured_stream,50957,Die With a Smile,Lady Gaga & Bruno Mars,,,,,,,251.668,H:\RadioTEDU Songs\Pop\Lady Gaga\MAYHEM\15 Lady Gaga & Bruno Mars - Die With a Smile.mp3,1,1,249.809,2026-08-25 03:36:06,2026-08-25 03:36:06
4,RadioTEDU Pop,/radio,configured_stream,50798,Diva,Beyoncé,,,,,,,200.613,H:\RadioTEDU Songs\Pop\Beyoncé\I Am… Sasha Fierce\11 Beyoncé - Diva.flac,1,1,197.79,2026-08-25 07:46:54,2026-08-25 07:46:54
4,RadioTEDU Pop,/radio,configured_stream,50816,Do It to It,Cherish feat. Sean Paul,,,,,,,223.434,H:\RadioTEDU Songs\Pop\Cherish\Unappreciated\02 Cherish feat. Sean Paul - Do It to It.flac,1,1,223.332,2026-08-25 14:41:21,2026-08-25 14:41:21
4,RadioTEDU Pop,/radio,configured_stream,51099,Dobro,Westside Cowboy,,,,,,,165.259,H:\RadioTEDU Songs\Pop\Westside Cowboy\Dobro\01 Dobro.flac,1,1,170.925,2026-08-25 03:20:59,2026-08-25 03:20:59
4,RadioTEDU Pop,/radio,configured_stream,51061,Don't Leave Me Here Alone,The Barrier Brothers,,,,,,,147.865,H:\RadioTEDU Songs\Pop\The Barrier Brothers\Pickin' And Singin'\10 Don't Leave Me Here Alone.mp3,1,1,145.79,2026-08-25 09:09:24,2026-08-25 09:09:24
4,RadioTEDU Pop,/radio,configured_stream,51019,Don’t Stop the Music,Rihanna,,,,,,,267.08,H:\RadioTEDU Songs\Pop\Rihanna\Don’t Stop the Music.mp3,1,1,266.93,2026-08-25 06:01:52,2026-08-25 06:01:52
4,RadioTEDU Pop,/radio,configured_stream,51022,Don’t Stop the Music,Rihanna,,,,,,,267.08,H:\RadioTEDU Songs\Pop\Rihanna\Good Girl Gone Bad_ Reloaded\03 Rihanna - Don’t Stop the Music.flac,1,1,265.398,2026-08-25 20:11:17,2026-08-25 20:11:17
4,RadioTEDU Pop,/radio,configured_stream,51024,Don’t Stop the Music,Rihanna,,,,,,,267.076,H:\RadioTEDU Songs\Pop\Rihanna\Greatest Hits\07 Rihanna - Don’t Stop the Music.flac,1,1,266.885,2026-08-25 11:16:07,2026-08-25 11:16:07
4,RadioTEDU Pop,/radio,configured_stream,50961,Dreamer,Laufey,,,,,,,210.827,H:\RadioTEDU Songs\Pop\Laufey\Bewitched\01 Laufey - Dreamer.flac,1,1,208.093,2026-08-25 17:27:23,2026-08-25 17:27:23
4,RadioTEDU Pop,/radio,configured_stream,50995,drop dead,Olivia Rodrigo,,,,,,,224.999,H:\RadioTEDU Songs\Pop\Olivia Rodrigo\you seem pretty sad for a girl so in love\01 Olivia Rodrigo - drop dead.flac,1,1,237.027,2026-08-25 10:34:06,2026-08-25 10:34:06
4,RadioTEDU Pop,/radio,configured_stream,50993,Dying for Attention,"nothing,nowhere.",,,,,,,205.6,"H:\RadioTEDU Songs\Pop\nothing,nowhere_\Dying for Attention\01 Dying for Attention.flac",1,1,205.523,2026-08-25 17:04:28,2026-08-25 17:04:28
4,RadioTEDU Pop,/radio,configured_stream,51080,Easier Said Than Done,Thee Sacred Souls,,,,,,,173.353,H:\RadioTEDU Songs\Pop\Thee Sacred Souls\The Instrumentals\03 Easier Said Than Done.flac,1,1,173.95,2026-08-25 19:43:17,2026-08-25 19:43:17
4,RadioTEDU Pop,/radio,configured_stream,50988,Embrace It,Ndotz,,,,,,,104.618,H:\RadioTEDU Songs\Pop\Ndotz\Embrace It\01 Embrace It.flac,1,1,102.007,2026-08-25 13:51:20,2026-08-25 13:51:20
4,RadioTEDU Pop,/radio,configured_stream,50989,Embrace It,Ndotz,,,,,,,104.618,H:\RadioTEDU Songs\Pop\Ndotz\Embrace It\01 Embrace It.mp3,1,1,101.958,2026-08-25 05:36:56,2026-08-25 05:36:56
4,RadioTEDU Pop,/radio,configured_stream,50766,Escapism,,,,,,,,272.373,H:\RadioTEDU Songs\Pop\096 - Escapism..mp3,1,1,280.366,2026-08-25 17:55:30,2026-08-25 17:55:30
4,RadioTEDU Pop,/radio,configured_stream,51030,Espresso,Sabrina Carpenter,,,,,,,175.45,H:\RadioTEDU Songs\Pop\Sabrina Carpenter\Short n' Sweet\07 Espresso.flac,1,1,172.539,2026-08-25 12:34:42,2026-08-25 12:34:42
4,RadioTEDU Pop,/radio,configured_stream,51031,Espresso,Sabrina Carpenter,,,,,,,175.459,H:\RadioTEDU Songs\Pop\Sabrina Carpenter\Short n' Sweet\07 Espresso.mp3,1,1,175.386,2026-08-25 13:39:49,2026-08-25 13:39:49
4,RadioTEDU Pop,/radio,configured_stream,52317,Eternity (Orchestral version),Robbie Williams,,,,,,,335.812,H:\RadioTEDU Songs\Pop\Robbie Williams\Swing When You're Winning\21 Robbie Williams - Eternity (Orchestral version).mp3,1,1,333.078,2026-08-25 05:23:42,2026-08-25 05:23:42
4,RadioTEDU Pop,/radio,configured_stream,52319,Ev'ry Time We Say Goodbye,Robbie Williams,,,,,,,183.283,H:\RadioTEDU Songs\Pop\Robbie Williams\Swing When You're Winning\23 Robbie Williams - Ev'ry Time We Say Goodbye.mp3,1,1,180.563,2026-08-25 06:27:43,2026-08-25 06:27:43
4,RadioTEDU Pop,/radio,configured_stream,50788,Every Time I Close My Eyes,Babyface,,,,,,,298.713,H:\RadioTEDU Songs\Pop\Babyface\The Day\01 Every Time I Close My Eyes (1).flac,1,1,300.572,2026-08-25 18:33:17,2026-08-25 18:33:17
4,RadioTEDU Pop,/radio,configured_stream,50789,Every Time I Close My Eyes,Babyface,,,,,,,296.448,H:\RadioTEDU Songs\Pop\Babyface\The Day\01 Every Time I Close My Eyes.flac,1,1,293.862,2026-08-25 17:23:54,2026-08-25 17:23:54
4,RadioTEDU Pop,/radio,configured_stream,50758,FE!N,,,,,,,,191.701,H:\RadioTEDU Songs\Pop\086 - FE!N.mp3,1,1,189.119,2026-08-25 04:42:25,2026-08-25 04:42:25
4,RadioTEDU Pop,/radio,configured_stream,51091,FE!N,Travis Scott feat. Playboi Carti,,,,,,,191.704,H:\RadioTEDU Songs\Pop\Travis Scott\UTOPIA\1-08 Travis Scott feat. Playboi Carti - FE!N.flac,1,1,194.761,2026-08-25 11:27:41,2026-08-25 11:27:41
4,RadioTEDU Pop,/radio,configured_stream,51092,FE!N,Travis Scott feat. Playboi Carti,,,,,,,191.701,H:\RadioTEDU Songs\Pop\Travis Scott\UTOPIA\1-08 Travis Scott feat. Playboi Carti - FE!N.mp3,1,1,189.209,2026-08-25 04:59:49,2026-08-25 04:59:49
4,RadioTEDU Pop,/radio,configured_stream,50762,Feel Good Inc,,,,,,,,222.64,H:\RadioTEDU Songs\Pop\090 - Feel Good Inc..mp3,1,1,219.833,2026-08-25 06:39:02,2026-08-25 06:39:02
4,RadioTEDU Pop,/radio,configured_stream,51083,FLOWERS,Tiffany Day,,,,,,,148.066,H:\RadioTEDU Songs\Pop\Tiffany Day\FLOWERS\01 FLOWERS.flac,1,1,145.172,2026-08-25 09:30:04,2026-08-25 09:30:04
4,RadioTEDU Pop,/radio,configured_stream,50742,Footloose,Kenny Loggins,,,,,,,226.827,H:\RadioTEDU Songs\Pop\024 - Footloose (From ＂Footloose＂ Soundtrack).mp3,1,1,224.33,2026-08-25 18:24:20,2026-08-25 18:24:20
4,RadioTEDU Pop,/radio,configured_stream,50815,For me... formidable,Charles Aznavour,,,,,,,143.587,H:\RadioTEDU Songs\Pop\Charles Aznavour\Qui _\01 For me... formidable.flac,1,1,141.646,2026-08-25 15:49:37,2026-08-25 15:49:37
4,RadioTEDU Pop,/radio,configured_stream,50962,From the Start,Laufey,,,,,,,169.573,H:\RadioTEDU Songs\Pop\Laufey\Bewitched\10 Laufey - From the Start.flac,1,1,170.827,2026-08-25 18:53:09,2026-08-25 18:53:09
4,RadioTEDU Pop,/radio,configured_stream,50749,Fun.： We Are Young ft. Janelle Monáe,,,,,,,,252.25,H:\RadioTEDU Songs\Pop\063 - Fun.： We Are Young ft. Janelle Monáe [OFFICIAL VIDEO].mp3,1,1,252.147,2026-08-25 03:25:21,2026-08-25 03:25:21
4,RadioTEDU Pop,/radio,configured_stream,50818,Genie in a Bottle,Christina Aguilera,,,,,,,217.573,H:\RadioTEDU Songs\Pop\Christina Aguilera\Christina Aguilera_ Special Edition\01 Genie in a Bottle.flac,1,1,214.714,2026-08-25 15:47:16,2026-08-25 15:47:16
4,RadioTEDU Pop,/radio,configured_stream,50875,Get Right,Jennifer Lopez,,,,,,,225.533,H:\RadioTEDU Songs\Pop\Jennifer Lopez\Rebirth\01 Jennifer Lopez - Get Right.flac,1,1,225.92,2026-08-25 08:33:33,2026-08-25 08:33:33
4,RadioTEDU Pop,/radio,configured_stream,50731,Ghostbusters,Ray Parker Jr.,,,,,,,245.6,H:\RadioTEDU Songs\Pop\005 - Ghostbusters.mp3,1,1,245.555,2026-08-25 11:38:34,2026-08-25 11:38:34
4,RadioTEDU Pop,/radio,configured_stream,50899,GIMME GIMME,Katy Perry feat. 21 Savage,,,,,,,177.842,H:\RadioTEDU Songs\Pop\Katy Perry feat. 21 Savage\GIMME GIMME.mp3,1,1,175.545,2026-08-25 12:44:56,2026-08-25 12:44:56
4,RadioTEDU Pop,/radio,configured_stream,50901,GIMME GIMME,Katy Perry feat. 21 Savage,,,,,,,177.842,H:\RadioTEDU Songs\Pop\Katy Perry\143_ I Love You IRL\02 Katy Perry feat. 21 Savage - GIMME GIMME.flac,1,1,203.552,2026-08-25 04:56:08,2026-08-25 04:56:08
4,RadioTEDU Pop,/radio,configured_stream,50748,Girls Just Want to Have Fun,,,,,,,,238.267,H:\RadioTEDU Songs\Pop\062 - Girls Just Want to Have Fun.mp3,1,1,235.469,2026-08-25 09:51:48,2026-08-25 09:51:48
4,RadioTEDU Pop,/radio,configured_stream,50847,Godzilla,Eminem ft. Juice WRLD,,,,,,,210.8,H:\RadioTEDU Songs\Pop\Eminem ft. Juice WRLD\Godzilla.mp3,1,1,208.299,2026-08-25 18:50:19,2026-08-25 18:50:19
4,RadioTEDU Pop,/radio,configured_stream,51057,greedy,Tate McRae,,,,,,,129.687,H:\RadioTEDU Songs\Pop\Tate McRae\greedy.mp3,1,1,127.115,2026-08-25 14:53:34,2026-08-25 14:53:34
4,RadioTEDU Pop,/radio,configured_stream,50812,Grenade,Bruno Mars,,,,,,,222.091,H:\RadioTEDU Songs\Pop\Bruno Mars\Doo-Wops & Hooligans\01 Bruno Mars - Grenade.flac,1,1,222.291,2026-08-25 15:33:07,2026-08-25 15:33:07
4,RadioTEDU Pop,/radio,configured_stream,50796,Halo,Beyoncé,,,,,,,261.64,H:\RadioTEDU Songs\Pop\Beyoncé\Halo.mp3,1,1,261.742,2026-08-25 05:17:54,2026-08-25 05:17:54
4,RadioTEDU Pop,/radio,configured_stream,50797,Halo,Beyoncé,,,,,,,261.642,H:\RadioTEDU Songs\Pop\Beyoncé\Halo\01 Halo.flac,1,1,259.915,2026-08-25 16:39:50,2026-08-25 16:39:50
4,RadioTEDU Pop,/radio,configured_stream,52304,Hard to Say I'm Sorry,David Foster,,,,,,,274.333,H:\RadioTEDU Songs\Pop\David Foster\Rechordings\09 Hard to Say I'm Sorry.flac,1,1,276.505,2026-08-25 04:11:46,2026-08-25 04:11:46
4,RadioTEDU Pop,/radio,configured_stream,52316,Have You Met Miss Jones?,Robbie Williams,,,,,,,154.157,H:\RadioTEDU Songs\Pop\Robbie Williams\Swing When You're Winning\16 Robbie Williams - Have You Met Miss Jones_.mp3,1,1,153.353,2026-08-25 12:11:02,2026-08-25 12:11:02
4,RadioTEDU Pop,/radio,configured_stream,51086,He Wasn’t Man Enough,Toni Braxton,,,,,,,261.933,H:\RadioTEDU Songs\Pop\Toni Braxton\The Heat\01 Toni Braxton - He Wasn’t Man Enough.flac,1,1,262.412,2026-08-25 08:55:25,2026-08-25 08:55:25
4,RadioTEDU Pop,/radio,configured_stream,50823,Heart Attack,Demi Lovato,,,,,,,210.837,H:\RadioTEDU Songs\Pop\Demi Lovato\Heart Attack\01 Heart Attack.flac,1,1,209.284,2026-08-25 19:29:49,2026-08-25 19:29:49
4,RadioTEDU Pop,/radio,configured_stream,50824,Heartattack,Demi Lovato,,,,,,,210.84,H:\RadioTEDU Songs\Pop\Demi Lovato\Heartattack.mp3,1,1,209.013,2026-08-25 04:48:31,2026-08-25 04:48:31
4,RadioTEDU Pop,/radio,configured_stream,50857,Heat Waves,Glass Animals,,,,,,,238.817,H:\RadioTEDU Songs\Pop\Glass Animals\Dreamland\14 Glass Animals - Heat Waves.flac,1,1,238.793,2026-08-25 15:43:34,2026-08-25 15:43:34
4,RadioTEDU Pop,/radio,configured_stream,50858,Heat Waves,Glass Animals,,,,,,,238.805,H:\RadioTEDU Songs\Pop\Glass Animals\Dreamland\14 Glass Animals - Heat Waves.mp3,1,1,235.987,2026-08-25 11:07:24,2026-08-25 11:07:24
4,RadioTEDU Pop,/radio,configured_stream,51063,Here Comes the Sun,The Beatles,,,,,,,185.733,H:\RadioTEDU Songs\Pop\The Beatles\Abbey Road\07 Here Comes the Sun.flac,1,1,182.798,2026-08-25 13:46:44,2026-08-25 13:46:44
4,RadioTEDU Pop,/radio,configured_stream,51008,Hey Baby (Drop It to the Floor),Pitbull feat. T‐Pain,,,,,,,235.903,H:\RadioTEDU Songs\Pop\Pitbull\Planet Pit\04 Pitbull feat. T‐Pain - Hey Baby (Drop It to the Floor).flac,1,1,233.53,2026-08-25 07:26:29,2026-08-25 07:26:29
4,RadioTEDU Pop,/radio,configured_stream,51041,Hips Don't Lie,Shakira feat. Wyclef Jean,,,,,,,218.21,"H:\RadioTEDU Songs\Pop\Shakira\Oral Fixation, Vol. 2\03 Shakira feat. Wyclef Jean - Hips Don't Lie (1).flac",1,1,215.658,2026-08-25 18:37:06,2026-08-25 18:37:06
4,RadioTEDU Pop,/radio,configured_stream,51042,Hips Don't Lie,Shakira feat. Wyclef Jean,,,,,,,220.357,"H:\RadioTEDU Songs\Pop\Shakira\Oral Fixation, Vol. 2\03 Shakira feat. Wyclef Jean - Hips Don't Lie.flac",1,1,218.493,2026-08-25 15:15:29,2026-08-25 15:15:29
4,RadioTEDU Pop,/radio,configured_stream,51043,Hips Don't Lie,Shakira feat. Wyclef Jean,,,,,,,220.36,"H:\RadioTEDU Songs\Pop\Shakira\Oral Fixation, Vol. 2\03 Shakira feat. Wyclef Jean - Hips Don't Lie.mp3",1,1,222.14,2026-08-25 20:42:34,2026-08-25 20:42:34
4,RadioTEDU Pop,/radio,configured_stream,47335,Hit Me Up,Darin,,,,,,,125.005,H:\RadioTEDU Songs\Pop\NA - Darin_-_Hit_Me_Up_Visualizer.flac,1,1,126.553,2026-08-25 11:45:10,2026-08-25 11:45:10
4,RadioTEDU Pop,/radio,configured_stream,51068,Ho Hey,The Lumineers,,,,,,,163.133,H:\RadioTEDU Songs\Pop\The Lumineers\The Lumineers\05 Ho Hey.flac,1,1,163.177,2026-08-25 13:49:28,2026-08-25 13:49:28
4,RadioTEDU Pop,/radio,configured_stream,51032,"Hold On, I’m Comin’",Sam & Dave,,,,,,,155.707,"H:\RadioTEDU Songs\Pop\Sam & Dave\Hold On, I’m Comin’\01 Hold On, I’m Comin’.flac",1,1,155.687,2026-08-25 12:16:57,2026-08-25 12:16:57
4,RadioTEDU Pop,/radio,configured_stream,50898,Hootie Frutti,KATSEYE,,,,,,,140.72,H:\RadioTEDU Songs\Pop\KATSEYE\WILD\03 Hootie Frutti.flac,1,1,147.823,2026-08-25 10:12:36,2026-08-25 10:12:36
4,RadioTEDU Pop,/radio,configured_stream,50831,Houdini,Dua Lipa,,,,,,,185.918,H:\RadioTEDU Songs\Pop\Dua Lipa\Houdini.mp3,1,1,183.062,2026-08-25 15:36:26,2026-08-25 15:36:26
4,RadioTEDU Pop,/radio,configured_stream,50833,Houdini,Dua Lipa,,,,,,,185.922,H:\RadioTEDU Songs\Pop\Dua Lipa\Radical Optimism\02 Houdini.flac,1,1,185.797,2026-08-25 20:38:39,2026-08-25 20:38:39
4,RadioTEDU Pop,/radio,configured_stream,50848,Houdini,Eminem,,,,,,,227.3,H:\RadioTEDU Songs\Pop\Eminem\Houdini\01 Houdini.flac,1,1,224.714,2026-08-25 10:01:51,2026-08-25 10:01:51
4,RadioTEDU Pop,/radio,configured_stream,50849,Houdini,Eminem,,,,,,,227.3,H:\RadioTEDU Songs\Pop\Eminem\Houdini\01 Houdini.mp3,1,1,227.262,2026-08-25 04:22:58,2026-08-25 04:22:58
4,RadioTEDU Pop,/radio,configured_stream,51101,How Many Days,William Hall,,,,,,,155.69,H:\RadioTEDU Songs\Pop\William Hall\Goodbye Home\02 How Many Days.mp3,1,1,155.595,2026-08-25 11:03:22,2026-08-25 11:03:22
4,RadioTEDU Pop,/radio,configured_stream,51005,I Can’t Wait,Phoebe Bridgers,,,,,,,217.205,H:\RadioTEDU Songs\Pop\Phoebe Bridgers\Lost Weekend\14 I Can’t Wait (1).flac,1,1,214.418,2026-08-25 06:21:15,2026-08-25 06:21:15
4,RadioTEDU Pop,/radio,configured_stream,51006,I Can’t Wait,Phoebe Bridgers,,,,,,,217.205,H:\RadioTEDU Songs\Pop\Phoebe Bridgers\Lost Weekend\14 I Can’t Wait.flac,1,1,214.495,2026-08-25 09:41:14,2026-08-25 09:41:14
4,RadioTEDU Pop,/radio,configured_stream,50969,I Don't Need,Lily Locksmith,,,,,,,151.723,H:\RadioTEDU Songs\Pop\Lily Locksmith\I Don't Need\01 I Don't Need.mp3,1,1,153.89,2026-08-25 05:39:30,2026-08-25 05:39:30
4,RadioTEDU Pop,/radio,configured_stream,50985,I Got Better,Morgan Wallen,,,,,,,204.964,H:\RadioTEDU Songs\Pop\Morgan Wallen\I’m the Problem\02 Morgan Wallen - I Got Better.flac,1,1,205.565,2026-08-25 14:10:46,2026-08-25 14:10:46
4,RadioTEDU Pop,/radio,configured_stream,51064,I Gotta Feeling,The Black Eyed Peas,,,,,,,289.133,H:\RadioTEDU Songs\Pop\The Black Eyed Peas\I Gotta Feeling.mp3,1,1,286.272,2026-08-25 07:08:57,2026-08-25 07:08:57
4,RadioTEDU Pop,/radio,configured_stream,51066,I Gotta Feeling,The Black Eyed Peas,,,,,,,289.135,H:\RadioTEDU Songs\Pop\The Black Eyed Peas\The E•N•D\1-05 I Gotta Feeling.flac,1,1,286.508,2026-08-25 08:29:48,2026-08-25 08:29:48
4,RadioTEDU Pop,/radio,configured_stream,50813,I Just Might,Bruno Mars,,,,,,,212.974,H:\RadioTEDU Songs\Pop\Bruno Mars\The Romantic\03 I Just Might.flac,1,1,210.309,2026-08-25 09:44:44,2026-08-25 09:44:44
4,RadioTEDU Pop,/radio,configured_stream,50998,I Like U,One Track Mind,,,,,,,192.61,H:\RadioTEDU Songs\Pop\One Track Mind\I Like U\01 I Like U.mp3,1,1,189.93,2026-08-25 15:18:38,2026-08-25 15:18:38
4,RadioTEDU Pop,/radio,configured_stream,50775,I Miss You the Most,Andy Griggs,,,,,,,183.252,H:\RadioTEDU Songs\Pop\Andy Griggs\You Won't Ever Be Lonely\03 I Miss You the Most.mp3,1,1,184.769,2026-08-25 03:11:59,2026-08-25 03:11:59
4,RadioTEDU Pop,/radio,configured_stream,51104,I Still Dream of You,Yea‐Ming and The Rumours,,,,,,,219.605,"H:\RadioTEDU Songs\Pop\Yea‐Ming and The Rumours\So, Bird.._\10 I Still Dream of You.mp3",1,1,219.438,2026-08-25 09:37:31,2026-08-25 09:37:31
4,RadioTEDU Pop,/radio,configured_stream,52315,I Will Talk and Hollywood Will Listen,Robbie Williams,,,,,,,197.755,H:\RadioTEDU Songs\Pop\Robbie Williams\Swing When You're Winning\15 Robbie Williams - I Will Talk and Hollywood Will Listen.mp3,1,1,196.904,2026-08-25 05:13:32,2026-08-25 05:13:32
4,RadioTEDU Pop,/radio,configured_stream,50965,I Wish You Love,Laufey,,,,,,,155.139,H:\RadioTEDU Songs\Pop\Laufey\Typical of Me\04 I Wish You Love.flac,1,1,152.632,2026-08-25 03:14:43,2026-08-25 03:14:43
4,RadioTEDU Pop,/radio,configured_stream,51033,I Wish You Love,Sam Cooke,,,,,,,145.125,H:\RadioTEDU Songs\Pop\Sam Cooke\Mr. Soul\01 I Wish You Love.flac,1,1,145.024,2026-08-25 14:29:24,2026-08-25 14:29:24
4,RadioTEDU Pop,/radio,configured_stream,50804,If U Seek Amy,Britney Spears,,,,,,,216.52,H:\RadioTEDU Songs\Pop\Britney Spears\Circus\1-06 If U Seek Amy.flac,1,1,216.69,2026-08-25 18:11:32,2026-08-25 18:11:32
4,RadioTEDU Pop,/radio,configured_stream,51000,In the Air Tonight,Phil Collins,,,,,,,335.973,H:\RadioTEDU Songs\Pop\Phil Collins\Face Value\01 In the Air Tonight.flac,1,1,335.785,2026-08-25 05:31:50,2026-08-25 05:31:50
4,RadioTEDU Pop,/radio,configured_stream,50781,In The Middle,Austin Burke,,,,,,,154.552,H:\RadioTEDU Songs\Pop\Austin Burke\In The Middle\01 In The Middle.flac,1,1,151.832,2026-08-25 06:57:45,2026-08-25 06:57:45
4,RadioTEDU Pop,/radio,configured_stream,51077,In Your Eyes (remix),The Weeknd feat. Kenny G,,,,,,,257.556,H:\RadioTEDU Songs\Pop\The Weeknd feat. Kenny G\In Your Eyes (remix)\01 In Your Eyes (remix).flac,1,1,255.661,2026-08-25 11:11:40,2026-08-25 11:11:40
4,RadioTEDU Pop,/radio,configured_stream,50793,Irreplaceable,Beyoncé,,,,,,,227.667,H:\RadioTEDU Songs\Pop\Beyoncé\B’Day (deluxe edition)\02 Beyoncé - Irreplaceable.flac,1,1,228.134,2026-08-25 20:22:06,2026-08-25 20:22:06
4,RadioTEDU Pop,/radio,configured_stream,50745,IYDKMIGTHTKY (Gimme That),,,,,,,,380.24,H:\RadioTEDU Songs\Pop\044 - IYDKMIGTHTKY (Gimme That).mp3,1,1,377.422,2026-08-25 15:07:09,2026-08-25 15:07:09
4,RadioTEDU Pop,/radio,configured_stream,51071,I’m Gonna Be (500 Miles),The Proclaimers,,,,,,,219.467,H:\RadioTEDU Songs\Pop\The Proclaimers\Sunshine on Leith\01 I’m Gonna Be (500 Miles).flac,1,1,218.504,2026-08-25 11:31:28,2026-08-25 11:31:28
4,RadioTEDU Pop,/radio,configured_stream,51003,Kill Me,Phoebe Bridgers,,,,,,,281.544,H:\RadioTEDU Songs\Pop\Phoebe Bridgers\Lost Weekend\03 Kill Me.flac,1,1,278.965,2026-08-25 03:45:40,2026-08-25 03:45:40
4,RadioTEDU Pop,/radio,configured_stream,50892,Killin’ It Girl,j-hope feat. GloRilla,,,,,,,148.724,H:\RadioTEDU Songs\Pop\j‐hope\Killin’ It Girl\01 j-hope feat. GloRilla - Killin’ It Girl.flac,1,1,145.92,2026-08-25 17:46:53,2026-08-25 17:46:53
4,RadioTEDU Pop,/radio,configured_stream,50893,Killin’ It Girl,j-hope feat. GloRilla,,,,,,,148.714,H:\RadioTEDU Songs\Pop\j‐hope\Killin’ It Girl\01 j-hope feat. GloRilla - Killin’ It Girl.mp3,1,1,154.409,2026-08-25 03:54:20,2026-08-25 03:54:20
4,RadioTEDU Pop,/radio,configured_stream,50886,Leave (Get Out),JoJo,,,,,,,242.84,H:\RadioTEDU Songs\Pop\JoJo\JoJo\07 Leave (Get Out).flac,1,1,240.098,2026-08-25 07:43:37,2026-08-25 07:43:37
4,RadioTEDU Pop,/radio,configured_stream,52309,Let's Face the Music and Dance,Robbie Williams,,,,,,,161.366,H:\RadioTEDU Songs\Pop\Robbie Williams\Swing When You're Winning\06 Robbie Williams - Let's Face the Music and Dance.mp3,1,1,158.558,2026-08-25 03:48:19,2026-08-25 03:48:19
4,RadioTEDU Pop,/radio,configured_stream,50980,Let’s Get It On,Marvin Gaye,,,,,,,291.36,H:\RadioTEDU Songs\Pop\Marvin Gaye\Let’s Get It On\01 Let’s Get It On.flac,1,1,288.708,2026-08-25 07:34:04,2026-08-25 07:34:04
4,RadioTEDU Pop,/radio,configured_stream,51010,Let’s Go Crazy,Prince and The Revolution,,,,,,,279.616,H:\RadioTEDU Songs\Pop\Prince and The Revolution\Purple Rain\01 Let’s Go Crazy.flac,1,1,277.643,2026-08-25 13:24:05,2026-08-25 13:24:05
4,RadioTEDU Pop,/radio,configured_stream,50832,Levitating,Dua Lipa,,,,,,,203.808,H:\RadioTEDU Songs\Pop\Dua Lipa\Levitating.mp3,1,1,200.915,2026-08-25 09:20:39,2026-08-25 09:20:39
4,RadioTEDU Pop,/radio,configured_stream,50964,Like the Movies,Laufey,,,,,,,162.759,H:\RadioTEDU Songs\Pop\Laufey\Typical of Me\03 Like the Movies.flac,1,1,161.772,2026-08-25 05:10:09,2026-08-25 05:10:09
4,RadioTEDU Pop,/radio,configured_stream,51014,Locked Away,R. City feat. Adam Levine,,,,,,,226.429,H:\RadioTEDU Songs\Pop\R. City\What Dreams Are Made Of\02 R. City feat. Adam Levine - Locked Away.flac,1,1,224.208,2026-08-25 20:35:34,2026-08-25 20:35:34
4,RadioTEDU Pop,/radio,configured_stream,50853,Lose a Friend,Evan Honer & Winyah,,,,,,,203.093,H:\RadioTEDU Songs\Pop\Evan Honer\Everything I Wanted (& more)\15 Evan Honer & Winyah - Lose a Friend.mp3,1,1,200.215,2026-08-25 08:37:03,2026-08-25 08:37:03
4,RadioTEDU Pop,/radio,configured_stream,51002,Lost Boys,Phoebe Bridgers,,,,,,,254.615,H:\RadioTEDU Songs\Pop\Phoebe Bridgers\Lost Weekend\02 Lost Boys.flac,1,1,251.86,2026-08-25 19:53:06,2026-08-25 19:53:06
4,RadioTEDU Pop,/radio,configured_stream,50773,Love Is a Losing Game,Amy Winehouse,,,,,,,154.16,H:\RadioTEDU Songs\Pop\Amy Winehouse\Back to Black\06 Love Is a Losing Game.flac,1,1,154.137,2026-08-25 06:35:16,2026-08-25 06:35:16
4,RadioTEDU Pop,/radio,configured_stream,50885,Love Me Again,John Newman,,,,,,,239.894,H:\RadioTEDU Songs\Pop\John Newman\Tribute\02 Love Me Again.flac,1,1,239.704,2026-08-25 17:41:50,2026-08-25 17:41:50
4,RadioTEDU Pop,/radio,configured_stream,50983,Love Me More,Mitski,,,,,,,212.661,H:\RadioTEDU Songs\Pop\Mitski\Laurel Hell\07 Love Me More.flac,1,1,212.56,2026-08-25 04:00:59,2026-08-25 04:00:59
4,RadioTEDU Pop,/radio,configured_stream,51038,Love You Like a Love Song,Selena Gomez & the Scene,,,,,,,188.453,H:\RadioTEDU Songs\Pop\Selena Gomez & the Scene\Love You Like a Love Song.mp3,1,1,189.034,2026-08-25 20:48:25,2026-08-25 20:48:25
4,RadioTEDU Pop,/radio,configured_stream,51039,Love You Like a Love Song,Selena Gomez & the Scene,,,,,,,188.067,H:\RadioTEDU Songs\Pop\Selena Gomez & the Scene\When the Sun Goes Down\01 Selena Gomez & the Scene - Love You Like a Love Song.flac,1,1,188.157,2026-08-25 12:48:04,2026-08-25 12:48:04
4,RadioTEDU Pop,/radio,configured_stream,50960,Lover Girl,Laufey,,,,,,,164.4,H:\RadioTEDU Songs\Pop\Laufey\A Matter of Time\02 Lover Girl.flac,1,1,161.58,2026-08-25 12:21:59,2026-08-25 12:21:59
4,RadioTEDU Pop,/radio,configured_stream,50801,Lovey Dovey Kind of Love,Brenton Wood,,,,,,,125.64,H:\RadioTEDU Songs\Pop\Brenton Wood\Brenton Wood’s 18 Best\07 Lovey Dovey Kind of Love.flac,1,1,123.89,2026-08-25 15:55:12,2026-08-25 15:55:12
4,RadioTEDU Pop,/radio,configured_stream,52307,Mack the Knife,Robbie Williams,,,,,,,198.748,H:\RadioTEDU Songs\Pop\Robbie Williams\Swing When You're Winning\02 Robbie Williams - Mack the Knife.mp3,1,1,195.816,2026-08-25 04:19:11,2026-08-25 04:19:11
4,RadioTEDU Pop,/radio,configured_stream,50994,Man I Need,Olivia Dean,,,,,,,183.716,H:\RadioTEDU Songs\Pop\Olivia Dean\Man I Need\01 Man I Need.flac,1,1,180.839,2026-08-25 11:34:29,2026-08-25 11:34:29
4,RadioTEDU Pop,/radio,configured_stream,50977,Maps,Maroon 5,,,,,,,190.267,H:\RadioTEDU Songs\Pop\Maroon 5\V\01 Maroon 5 - Maps.flac,1,1,189.427,2026-08-25 14:37:38,2026-08-25 14:37:38
4,RadioTEDU Pop,/radio,configured_stream,50999,Mariposa,Peach Tree Rascals,,,,,,,210.0,H:\RadioTEDU Songs\Pop\Peach Tree Rascals\Mariposa\01 Mariposa.flac,1,1,213.136,2026-08-25 10:30:06,2026-08-25 10:30:06
4,RadioTEDU Pop,/radio,configured_stream,52305,Mary Jane vs Graeme Blevins.,RAYE w/ The Heritage Orchestra & Graeme Blevins,,,,,,,91.78,H:\RadioTEDU Songs\Pop\RAYE w_ The Heritage Orchestra\My 21st Century Symphony. (live at the Royal Albert Hall)\07 RAYE w_ The Heritage Orchestra & Graeme Blevins - Mary Jane vs Graeme Blevins..flac,1,1,89.093,2026-08-25 16:28:35,2026-08-25 16:28:35
4,RadioTEDU Pop,/radio,configured_stream,50795,"Me, Myself and I",Beyoncé,,,,,,,301.173,"H:\RadioTEDU Songs\Pop\Beyoncé\Dangerously in Love\06 Beyoncé - Me, Myself and I.flac",1,1,298.613,2026-08-25 06:55:14,2026-08-25 06:55:14
4,RadioTEDU Pop,/radio,configured_stream,51035,Medley: Try a Little Tenderness / (I Love You) For Sentimental Reasons / You Send Me,Sam Cooke,,,,,,,295.627,H:\RadioTEDU Songs\Pop\Sam Cooke\Sam Cooke at the Copa\06 Medley_ Try a Little Tenderness _ (I Love You) For Sentimental Reasons _ You Send Me.flac,1,1,292.711,2026-08-25 18:58:19,2026-08-25 18:58:19
4,RadioTEDU Pop,/radio,configured_stream,51108,MIDNIGHT PRETENDERS,亜蘭知子,,,,,,,345.267,H:\RadioTEDU Songs\Pop\亜蘭知子\浮遊空間\05 MIDNIGHT PRETENDERS.flac,1,1,345.111,2026-08-25 06:50:06,2026-08-25 06:50:06
4,RadioTEDU Pop,/radio,configured_stream,50891,Mirrors,Justin Timberlake,,,,,,,484.147,H:\RadioTEDU Songs\Pop\Justin Timberlake\The 20_20 Experience\09 Mirrors.flac,1,1,484.087,2026-08-25 07:17:01,2026-08-25 07:17:01
4,RadioTEDU Pop,/radio,configured_stream,50981,Missing You Now,Michael Bolton feat. Kenny G,,,,,,,265.985,"H:\RadioTEDU Songs\Pop\Michael Bolton\Time, Love & Tenderness\03 Michael Bolton feat. Kenny G - Missing You Now.flac",1,1,264.877,2026-08-25 08:16:05,2026-08-25 08:16:05
4,RadioTEDU Pop,/radio,configured_stream,50777,Moody Wind,Anthony Lazaro,,,,,,,192.261,H:\RadioTEDU Songs\Pop\Anthony Lazaro\Midnight Pilots\05 Moody Wind.flac,1,1,190.254,2026-08-25 15:39:36,2026-08-25 15:39:36
4,RadioTEDU Pop,/radio,configured_stream,50976,Moves Like Jagger,Maroon 5 feat. Christina Aguilera,,,,,,,201.493,H:\RadioTEDU Songs\Pop\Maroon 5\Hands All Over\13 Maroon 5 feat. Christina Aguilera - Moves Like Jagger.flac,1,1,200.539,2026-08-25 19:33:09,2026-08-25 19:33:09
4,RadioTEDU Pop,/radio,configured_stream,52311,Mr. Bojangles,Robbie Williams,,,,,,,197.833,H:\RadioTEDU Songs\Pop\Robbie Williams\Swing When You're Winning\09 Robbie Williams - Mr. Bojangles.mp3,1,1,197.733,2026-08-25 07:50:11,2026-08-25 07:50:11
4,RadioTEDU Pop,/radio,configured_stream,51072,My Girl,The Temptations,,,,,,,165.0,H:\RadioTEDU Songs\Pop\The Temptations\The Temptations Sing Smokey\03 My Girl.flac,1,1,162.306,2026-08-25 20:45:16,2026-08-25 20:45:16
4,RadioTEDU Pop,/radio,configured_stream,50784,My Oh My,Ava Max,,,,,,,156.155,H:\RadioTEDU Songs\Pop\Ava Max\My Oh My\01 My Oh My.flac,1,1,155.975,2026-08-25 07:39:29,2026-08-25 07:39:29
4,RadioTEDU Pop,/radio,configured_stream,50785,My Oh My,Ava Max,,,,,,,156.155,H:\RadioTEDU Songs\Pop\Ava Max\My Oh My\01 My Oh My.mp3,1,1,153.487,2026-08-25 05:26:15,2026-08-25 05:26:15
4,RadioTEDU Pop,/radio,configured_stream,52318,My Way,Robbie Williams,,,,,,,285.683,H:\RadioTEDU Songs\Pop\Robbie Williams\Swing When You're Winning\22 Robbie Williams - My Way.mp3,1,1,287.928,2026-08-25 13:32:36,2026-08-25 13:32:36
4,RadioTEDU Pop,/radio,configured_stream,51105,Need Someone,Zara Larsson,,,,,,,177.361,H:\RadioTEDU Songs\Pop\Zara Larsson\Poster Girl\03 Zara Larsson - Need Someone.flac,1,1,177.572,2026-08-25 15:11:41,2026-08-25 15:11:41
4,RadioTEDU Pop,/radio,configured_stream,50761,Nightcrawler,,,,,,,,321.553,H:\RadioTEDU Songs\Pop\089 - Nightcrawler.mp3,1,1,318.754,2026-08-25 06:44:20,2026-08-25 06:44:20
4,RadioTEDU Pop,/radio,configured_stream,50854,NOBLE,F3miii,,,,,,,185.806,H:\RadioTEDU Songs\Pop\F3miii\NOBLE\01 NOBLE.flac,1,1,185.818,2026-08-25 16:42:56,2026-08-25 16:42:56
4,RadioTEDU Pop,/radio,configured_stream,50970,Not Afraid,Lontalius,,,,,,,199.211,H:\RadioTEDU Songs\Pop\Lontalius\How Can We Lose When We’re So Sincere_!\13 Not Afraid.mp3,1,1,199.294,2026-08-25 15:52:58,2026-08-25 15:52:58
4,RadioTEDU Pop,/radio,configured_stream,50856,Not Enough,Futuristic,,,,,,,146.453,H:\RadioTEDU Songs\Pop\Futuristic\The Rise\05 Futuristic - Not Enough.mp3,1,1,146.374,2026-08-25 14:20:29,2026-08-25 14:20:29
4,RadioTEDU Pop,/radio,configured_stream,51034,Nothing Can Change This Love,Sam Cooke,,,,,,,158.68,H:\RadioTEDU Songs\Pop\Sam Cooke\Mr. Soul\10 Nothing Can Change This Love.flac,1,1,159.44,2026-08-25 10:43:57,2026-08-25 10:43:57
4,RadioTEDU Pop,/radio,configured_stream,51082,Oh No Now My,This Is Lorelei,,,,,,,188.454,H:\RadioTEDU Songs\Pop\This Is Lorelei\Oh No Now My\01 Oh No Now My.flac,1,1,189.476,2026-08-25 16:31:44,2026-08-25 16:31:44
4,RadioTEDU Pop,/radio,configured_stream,50967,Old Town Road (remix),Lil Nas X feat. Billy Ray Cyrus,,,,,,,157.06,H:\RadioTEDU Songs\Pop\Lil Nas X\7\01 Lil Nas X feat. Billy Ray Cyrus - Old Town Road (remix).flac,1,1,154.232,2026-08-25 14:56:09,2026-08-25 14:56:09
4,RadioTEDU Pop,/radio,configured_stream,50874,On the Floor,Jennifer Lopez & Pitbull,,,,,,,284.967,H:\RadioTEDU Songs\Pop\Jennifer Lopez\Love_\01 Jennifer Lopez & Pitbull - On the Floor.flac,1,1,282.198,2026-08-25 05:53:46,2026-08-25 05:53:46
4,RadioTEDU Pop,/radio,configured_stream,50873,On the Floor (radio edit),Jennifer Lopez & Pitbull,,,,,,,230.907,H:\RadioTEDU Songs\Pop\Jennifer Lopez & Pitbull\On the Floor (radio edit).mp3,1,1,232.537,2026-08-25 16:57:19,2026-08-25 16:57:19
4,RadioTEDU Pop,/radio,configured_stream,51026,Only Girl (in the World),Rihanna,,,,,,,235.497,H:\RadioTEDU Songs\Pop\Rihanna\Loud\05 Rihanna - Only Girl (in the World).flac,1,1,232.734,2026-08-25 16:19:33,2026-08-25 16:19:33
4,RadioTEDU Pop,/radio,configured_stream,50807,Oops!...I Did It Again,Britney Spears,,,,,,,211.537,H:\RadioTEDU Songs\Pop\Britney Spears\Oops!...I Did It Again.mp3,1,1,211.586,2026-08-25 10:55:46,2026-08-25 10:55:46
4,RadioTEDU Pop,/radio,configured_stream,50882,Parallel,John Coldrain ft. Franco Carter & Dr. Luv,,,,,,,137.938,H:\RadioTEDU Songs\Pop\John Coldrain\Future Thoughts\04 John Coldrain ft. Franco Carter & Dr. Luv - Parallel.flac,1,1,138.034,2026-08-25 07:00:04,2026-08-25 07:00:04
4,RadioTEDU Pop,/radio,configured_stream,50864,Party Ppl,Henny,,,,,,,168.078,"H:\RadioTEDU Songs\Pop\Henny\Get 'em Drunk, Volume 1\05 Party Ppl.mp3",1,1,170.966,2026-08-25 08:24:57,2026-08-25 08:24:57
4,RadioTEDU Pop,/radio,configured_stream,47320,Plastic Love,Mariya Takeuchi,,,,,,,296.589,H:\RadioTEDU Songs\Pop\Mariya Takeuchi - Plastic Love.flac,1,1,294.79,2026-08-25 14:34:25,2026-08-25 14:34:25
4,RadioTEDU Pop,/radio,configured_stream,50763,Poker Face,,,,,,,,237.2,H:\RadioTEDU Songs\Pop\092 - Poker Face.mp3,1,1,237.104,2026-08-25 14:00:12,2026-08-25 14:00:12
4,RadioTEDU Pop,/radio,configured_stream,50879,Polar,John Coldrain ft. Franco Carter,,,,,,,176.006,H:\RadioTEDU Songs\Pop\John Coldrain\Future Thoughts\01 John Coldrain ft. Franco Carter - Polar.flac,1,1,178.123,2026-08-25 19:46:18,2026-08-25 19:46:18
4,RadioTEDU Pop,/radio,configured_stream,50887,Powerless,Judah & the Lion,,,,,,,212.064,H:\RadioTEDU Songs\Pop\Judah & the Lion\I AM A PRISM\08 Powerless.flac,1,1,209.105,2026-08-25 03:28:50,2026-08-25 03:28:50
4,RadioTEDU Pop,/radio,configured_stream,50971,pretty little wreck,LØLØ,,,,,,,118.027,H:\RadioTEDU Songs\Pop\LØLØ\pretty little wreck\01 pretty little wreck.flac,1,1,118.031,2026-08-25 18:20:28,2026-08-25 18:20:28
4,RadioTEDU Pop,/radio,configured_stream,50876,Price Tag,Jessie J feat. B.o.B,,,,,,,221.24,H:\RadioTEDU Songs\Pop\Jessie J feat. B.o.B\Price Tag\01 Price Tag.flac,1,1,220.139,2026-08-25 13:43:41,2026-08-25 13:43:41
4,RadioTEDU Pop,/radio,configured_stream,50877,Price Tag,Jessie J feat. B.o.B,,,,,,,221.24,H:\RadioTEDU Songs\Pop\Jessie J feat. B.o.B\Price Tag\01 Price Tag.mp3,1,1,231.147,2026-08-25 17:12:56,2026-08-25 17:12:56
4,RadioTEDU Pop,/radio,configured_stream,50990,Promiscuous,Nelly Furtado,,,,,,,242.927,H:\RadioTEDU Songs\Pop\Nelly Furtado\Loose\04 Promiscuous.flac,1,1,240.12,2026-08-25 04:15:56,2026-08-25 04:15:56
4,RadioTEDU Pop,/radio,configured_stream,51012,Purple Rain,Prince and The Revolution,,,,,,,521.555,H:\RadioTEDU Songs\Pop\Prince and The Revolution\Purple Rain\09 Purple Rain.flac,1,1,521.54,2026-08-25 13:03:27,2026-08-25 13:03:27
4,RadioTEDU Pop,/radio,configured_stream,50735,Rasputin,Boney M.,,,,,,,351.573,H:\RadioTEDU Songs\Pop\009 - Rasputin.mp3,1,1,352.831,2026-08-25 10:22:24,2026-08-25 10:22:24
4,RadioTEDU Pop,/radio,configured_stream,50820,REDRED,CORTIS,,,,,,,163.002,H:\RadioTEDU Songs\Pop\CORTIS\REDRED.mp3,1,1,160.818,2026-08-25 18:39:47,2026-08-25 18:39:47
4,RadioTEDU Pop,/radio,configured_stream,50821,REDRED,CORTIS,,,,,,,163.002,H:\RadioTEDU Songs\Pop\CORTIS\REDRED\01 REDRED.flac,1,1,162.787,2026-08-25 03:40:56,2026-08-25 03:40:56
4,RadioTEDU Pop,/radio,configured_stream,50862,Rich Girl,Gwen Stefani featuring Eve,,,,,,,236.681,H:\RadioTEDU Songs\Pop\Gwen Stefani\Love. Angel. Music. Baby_\02 Gwen Stefani featuring Eve - Rich Girl.flac,1,1,233.88,2026-08-25 12:31:49,2026-08-25 12:31:49
4,RadioTEDU Pop,/radio,configured_stream,51016,Right Here Waiting,Richard Marx,,,,,,,264.333,H:\RadioTEDU Songs\Pop\Richard Marx\Repeat Offender\05 Right Here Waiting.flac,1,1,266.241,2026-08-25 08:11:19,2026-08-25 08:11:19
4,RadioTEDU Pop,/radio,configured_stream,50772,Right Now (Na Na Na),Akon,,,,,,,240.747,H:\RadioTEDU Songs\Pop\Akon\Freedom\01 Akon - Right Now (Na Na Na).flac,1,1,238.266,2026-08-25 14:18:03,2026-08-25 14:18:03
4,RadioTEDU Pop,/radio,configured_stream,50855,Right Round,Flo Rida feat. Ke$ha,,,,,,,209.874,H:\RadioTEDU Songs\Pop\Flo Rida\R.O.O.T.S_\05 Flo Rida feat. Ke$ha - Right Round.flac,1,1,209.656,2026-08-25 14:51:18,2026-08-25 14:51:18
4,RadioTEDU Pop,/radio,configured_stream,50776,Robin Hood (Sarcastic Sounds Remix),Anson Seabra & Sarcastic Sounds,,,,,,,127.06,H:\RadioTEDU Songs\Pop\Anson Seabra\Robin Hood (Sarcastic Sounds Remix)\01 Robin Hood (Sarcastic Sounds Remix).mp3,1,1,127.842,2026-08-25 19:23:33,2026-08-25 19:23:33
4,RadioTEDU Pop,/radio,configured_stream,51065,Rock That Body,The Black Eyed Peas,,,,,,,268.84,H:\RadioTEDU Songs\Pop\The Black Eyed Peas\The E•N•D\1-02 Rock That Body.flac,1,1,268.154,2026-08-25 08:03:31,2026-08-25 08:03:31
4,RadioTEDU Pop,/radio,configured_stream,51079,Running Away,Thee Sacred Souls,,,,,,,195.087,H:\RadioTEDU Songs\Pop\Thee Sacred Souls\Running Away\01 Running Away.flac,1,1,195.62,2026-08-25 08:21:54,2026-08-25 08:21:54
4,RadioTEDU Pop,/radio,configured_stream,50765,Running Up That Hill (A Deal With God) (2018 Remaster),,,,,,,,300.84,H:\RadioTEDU Songs\Pop\095 - Running Up That Hill (A Deal With God) (2018 Remaster).mp3,1,1,298.696,2026-08-25 06:32:41,2026-08-25 06:32:41
4,RadioTEDU Pop,/radio,configured_stream,50767,Sasha (Sex Secret),2raumwohnung,,,,,,,212.253,H:\RadioTEDU Songs\Pop\2raumwohnung\Es wird Morgen\07 Sasha (Sex Secret).mp3,1,1,209.653,2026-08-25 10:38:00,2026-08-25 10:38:00
4,RadioTEDU Pop,/radio,configured_stream,50991,Say It Right,Nelly Furtado,,,,,,,223.08,H:\RadioTEDU Songs\Pop\Nelly Furtado\Loose\10 Say It Right.flac,1,1,220.35,2026-08-25 13:12:16,2026-08-25 13:12:16
4,RadioTEDU Pop,/radio,configured_stream,51103,See You Again,Wiz Khalifa feat. Charlie Puth,,,,,,,237.366,H:\RadioTEDU Songs\Pop\Wiz Khalifa feat. Charlie Puth\See You Again\01 See You Again.flac,1,1,235.375,2026-08-25 11:00:47,2026-08-25 11:00:47
4,RadioTEDU Pop,/radio,configured_stream,50759,SexyBack,,,,,,,,242.8,H:\RadioTEDU Songs\Pop\087 - SexyBack.mp3,1,1,243.354,2026-08-25 09:06:51,2026-08-25 09:06:51
4,RadioTEDU Pop,/radio,configured_stream,50870,She Knows,J. Cole feat. Amber Coffman & Cults,,,,,,,297.041,H:\RadioTEDU Songs\Pop\J. Cole\Born Sinner\08 J. Cole feat. Amber Coffman & Cults - She Knows.flac,1,1,294.884,2026-08-25 13:56:14,2026-08-25 13:56:14
4,RadioTEDU Pop,/radio,configured_stream,50871,She Knows,J. Cole feat. Amber Coffman & Cults,,,,,,,297.041,H:\RadioTEDU Songs\Pop\J. Cole\Born Sinner\08 J. Cole feat. Amber Coffman & Cults - She Knows.mp3,1,1,297.304,2026-08-25 10:49:11,2026-08-25 10:49:11
4,RadioTEDU Pop,/radio,configured_stream,47404,Show Me Love,WizTheMc bees & honey Tyla,,,,,,,61.951,H:\RadioTEDU Songs\Pop\WizTheMc_bees_honey - Show_Me_Love.flac,1,1,59.162,2026-08-25 10:56:52,2026-08-25 10:56:52
4,RadioTEDU Pop,/radio,configured_stream,50744,Smooth Criminal,Michael Jackson,,,,,,,257.76,H:\RadioTEDU Songs\Pop\043 - Smooth Criminal (2012 Remaster).mp3,1,1,258.28,2026-08-25 11:58:18,2026-08-25 11:58:18
4,RadioTEDU Pop,/radio,configured_stream,50869,Somebody Else,Isac Elliot,,,,,,,161.643,H:\RadioTEDU Songs\Pop\Isac Elliot\Somebody Else\01 Somebody Else.mp3,1,1,163.564,2026-08-25 16:12:50,2026-08-25 16:12:50
4,RadioTEDU Pop,/radio,configured_stream,50859,Somebody That I Used to Know,Gotye feat. Kimbra,,,,,,,243.891,H:\RadioTEDU Songs\Pop\Gotye\Making Mirrors\03 Gotye feat. Kimbra - Somebody That I Used to Know.flac,1,1,243.948,2026-08-25 19:17:20,2026-08-25 19:17:20
4,RadioTEDU Pop,/radio,configured_stream,50751,Somebody's Watching Me,,,,,,,,237.96,H:\RadioTEDU Songs\Pop\075 - Somebody's Watching Me.mp3,1,1,238.598,2026-08-25 16:02:44,2026-08-25 16:02:44
4,RadioTEDU Pop,/radio,configured_stream,50791,Someone to You,BANNERS,,,,,,,221.576,H:\RadioTEDU Songs\Pop\BANNERS\Where the Shadow Ends\03 BANNERS - Someone to You.flac,1,1,218.794,2026-08-25 16:35:31,2026-08-25 16:35:31
4,RadioTEDU Pop,/radio,configured_stream,50786,Spot a Fake,Ava Max,,,,,,,167.288,H:\RadioTEDU Songs\Pop\Ava Max\Spot a Fake.mp3,1,1,167.398,2026-08-25 20:06:42,2026-08-25 20:06:42
4,RadioTEDU Pop,/radio,configured_stream,50888,"sry, i like u",Julia Alexa & Oui Lele,,,,,,,111.653,"H:\RadioTEDU Songs\Pop\Julia Alexa & Oui Lele\sry, i like u\01 sry, i like u.mp3",1,1,108.929,2026-08-25 09:11:15,2026-08-25 09:11:15
4,RadioTEDU Pop,/radio,configured_stream,51069,Stargazing,The Neighbourhood,,,,,,,217.027,H:\RadioTEDU Songs\Pop\The Neighbourhood\Chip Chrome & The Mono‐Tones\1-01 Stargazing.flac,1,1,216.872,2026-08-25 13:27:42,2026-08-25 13:27:42
4,RadioTEDU Pop,/radio,configured_stream,50883,Stars Aligned,John Coldrain ft. Virtua,,,,,,,171.041,H:\RadioTEDU Songs\Pop\John Coldrain\Future Thoughts\05 John Coldrain ft. Virtua - Stars Aligned.flac,1,1,170.295,2026-08-25 20:31:49,2026-08-25 20:31:49
4,RadioTEDU Pop,/radio,configured_stream,51040,Stay Asleep,Seth Power,,,,,,,224.171,H:\RadioTEDU Songs\Pop\Seth Power\Souvenir\12 Stay Asleep.mp3,1,1,221.766,2026-08-25 17:01:02,2026-08-25 17:01:02
4,RadioTEDU Pop,/radio,configured_stream,51045,Stitches,Shawn Mendes,,,,,,,206.88,H:\RadioTEDU Songs\Pop\Shawn Mendes\Handwritten\02 Shawn Mendes - Stitches.flac,1,1,207.065,2026-08-25 10:09:56,2026-08-25 10:09:56
4,RadioTEDU Pop,/radio,configured_stream,51094,Stressed Out,twenty one pilots,,,,,,,202.333,H:\RadioTEDU Songs\Pop\twenty one pilots\Blurryface\02 Stressed Out.flac,1,1,200.888,2026-08-25 12:04:25,2026-08-25 12:04:25
4,RadioTEDU Pop,/radio,configured_stream,51096,Stressed Out,twenty one pilots,,,,,,,202.333,H:\RadioTEDU Songs\Pop\twenty one pilots\Stressed Out.mp3,1,1,199.416,2026-08-25 20:03:55,2026-08-25 20:03:55
4,RadioTEDU Pop,/radio,configured_stream,50905,Stronger (What Doesn’t Kill You),Kelly Clarkson,,,,,,,220.938,H:\RadioTEDU Songs\Pop\Kelly Clarkson\Stronger (What Doesn’t Kill You).mp3,1,1,218.178,2026-08-25 09:02:48,2026-08-25 09:02:48
4,RadioTEDU Pop,/radio,configured_stream,50996,stupid song,Olivia Rodrigo,,,,,,,209.68,H:\RadioTEDU Songs\Pop\Olivia Rodrigo\you seem pretty sad for a girl so in love\02 Olivia Rodrigo - stupid song.flac,1,1,207.625,2026-08-25 07:55:36,2026-08-25 07:55:36
4,RadioTEDU Pop,/radio,configured_stream,52320,Summertime,The Platters,,,,,,,151.272,H:\RadioTEDU Songs\Pop\The Platters\Encore of Broadway Golden Hits\01 Summertime.mp3,1,1,150.187,2026-08-25 17:44:28,2026-08-25 17:44:28
4,RadioTEDU Pop,/radio,configured_stream,51009,Sunflower (Spider‐Man: Into the Spider‐Verse),Post Malone & Swae Lee,,,,,,,157.56,H:\RadioTEDU Songs\Pop\Post Malone\Hollywood’s Bleeding\12 Post Malone & Swae Lee - Sunflower (Spider‐Man_ Into the Spider‐Verse).flac,1,1,159.833,2026-08-25 18:01:32,2026-08-25 18:01:32
4,RadioTEDU Pop,/radio,configured_stream,50770,Super Trouper,ABBA,,,,,,,252.853,H:\RadioTEDU Songs\Pop\ABBA\Super Trouper\01 Super Trouper.flac,1,1,253.479,2026-08-25 04:52:44,2026-08-25 04:52:44
4,RadioTEDU Pop,/radio,configured_stream,51070,Sweater Weather,The Neighbourhood,,,,,,,240.4,H:\RadioTEDU Songs\Pop\The Neighbourhood\I Love You_\04 Sweater Weather.flac,1,1,237.66,2026-08-25 07:04:10,2026-08-25 07:04:10
4,RadioTEDU Pop,/radio,configured_stream,50730,Sweet Dreams (Are Made of This),Eurythmics,,,,,,,216.933,H:\RadioTEDU Songs\Pop\003 - Sweet Dreams (Are Made of This) (2005 Remaster).mp3,1,1,214.371,2026-08-25 05:43:20,2026-08-25 05:43:20
4,RadioTEDU Pop,/radio,configured_stream,51074,São Paulo,The Weeknd feat. Anitta,,,,,,,301.976,H:\RadioTEDU Songs\Pop\The Weeknd & Anitta\São Paulo\01 São Paulo.flac,1,1,301.974,2026-08-25 13:08:35,2026-08-25 13:08:35
4,RadioTEDU Pop,/radio,configured_stream,51075,São Paulo,The Weeknd feat. Anitta,,,,,,,301.976,H:\RadioTEDU Songs\Pop\The Weeknd & Anitta\São Paulo\01 São Paulo.mp3,1,1,300.287,2026-08-25 19:08:54,2026-08-25 19:08:54
4,RadioTEDU Pop,/radio,configured_stream,50741,Take On Me,a-ha,,,,,,,225.28,H:\RadioTEDU Songs\Pop\023 - Take on Me.mp3,1,1,232.674,2026-08-25 10:05:44,2026-08-25 10:05:44
4,RadioTEDU Pop,/radio,configured_stream,50787,Take On Me,a‐ha,,,,,,,225.28,H:\RadioTEDU Songs\Pop\a‐ha\Hunting High and Low\01 Take On Me.flac,1,1,223.633,2026-08-25 15:25:57,2026-08-25 15:25:57
4,RadioTEDU Pop,/radio,configured_stream,50838,Talk It Out,dwsdmusic,,,,,,,170.922,H:\RadioTEDU Songs\Pop\dwsdmusic\Talk It Out\01 Talk It Out.mp3,1,1,170.988,2026-08-25 06:13:49,2026-08-25 06:13:49
4,RadioTEDU Pop,/radio,configured_stream,51095,Tear in My Heart,twenty one pilots,,,,,,,188.493,H:\RadioTEDU Songs\Pop\twenty one pilots\Blurryface\05 Tear in My Heart.flac,1,1,190.214,2026-08-25 08:06:41,2026-08-25 08:06:41
4,RadioTEDU Pop,/radio,configured_stream,51029,Tears,Sabrina Carpenter,,,,,,,160.184,H:\RadioTEDU Songs\Pop\Sabrina Carpenter\Man's Best Friend\02 Tears.mp3,1,1,161.518,2026-08-25 19:01:00,2026-08-25 19:01:00
4,RadioTEDU Pop,/radio,configured_stream,50769,Teeth,5 Seconds of Summer,,,,,,,205.503,H:\RadioTEDU Songs\Pop\5 Seconds of Summer\CALM\05 Teeth.mp3,1,1,202.697,2026-08-25 16:46:25,2026-08-25 16:46:25
4,RadioTEDU Pop,/radio,configured_stream,50966,Tell Me If You Love Me,Levi Ransom,,,,,,,180.001,H:\RadioTEDU Songs\Pop\Levi Ransom\True Intentions\06 Tell Me If You Love Me.mp3,1,1,177.171,2026-08-25 16:49:22,2026-08-25 16:49:22
4,RadioTEDU Pop,/radio,configured_stream,51037,Temperature,Sean Paul,,,,,,,216.32,H:\RadioTEDU Songs\Pop\Sean Paul\The Trinity\11 Sean Paul - Temperature.flac,1,1,214.589,2026-08-25 18:18:27,2026-08-25 18:18:27
4,RadioTEDU Pop,/radio,configured_stream,51084,The Best,Tina Turner,,,,,,,328.917,H:\RadioTEDU Songs\Pop\Tina Turner\Foreign Affair\1-02 The Best.flac,1,1,326.026,2026-08-25 07:22:36,2026-08-25 07:22:36
4,RadioTEDU Pop,/radio,configured_stream,50872,The Boss,James Brown,,,,,,,194.038,H:\RadioTEDU Songs\Pop\James Brown\Black Caesar\05 James Brown - The Boss.flac,1,1,192.904,2026-08-25 12:42:00,2026-08-25 12:42:00
4,RadioTEDU Pop,/radio,configured_stream,50737,The Dead Dance,Lady Gaga,,,,,,,228.577,H:\RadioTEDU Songs\Pop\011 - Lady Gaga - The Dead Dance (Lyrics).mp3,1,1,228.897,2026-08-25 16:53:10,2026-08-25 16:53:10
4,RadioTEDU Pop,/radio,configured_stream,51060,The Fate of Ophelia,Taylor Swift,,,,,,,226.074,H:\RadioTEDU Songs\Pop\Taylor Swift\The Life of a Showgirl\01 Taylor Swift - The Fate of Ophelia.mp3,1,1,223.327,2026-08-25 06:17:41,2026-08-25 06:17:41
4,RadioTEDU Pop,/radio,configured_stream,51058,The Fate of Ophelia (Loud Luxury remix),Taylor Swift,,,,,,,156.294,H:\RadioTEDU Songs\Pop\Taylor Swift\The Fate of Ophelia (Loud Luxury remix)\01 The Fate of Ophelia (Loud Luxury remix).flac,1,1,158.303,2026-08-25 09:57:57,2026-08-25 09:57:57
4,RadioTEDU Pop,/radio,configured_stream,51059,The Fate of Ophelia (Loud Luxury remix),Taylor Swift,,,,,,,156.302,H:\RadioTEDU Songs\Pop\Taylor Swift\The Fate of Ophelia (Loud Luxury remix)\01 The Fate of Ophelia (Loud Luxury remix).mp3,1,1,166.019,2026-08-25 20:24:53,2026-08-25 20:24:53
4,RadioTEDU Pop,/radio,configured_stream,51004,The Governor’s Waltz,Phoebe Bridgers,,,,,,,207.205,H:\RadioTEDU Songs\Pop\Phoebe Bridgers\Lost Weekend\04 The Governor’s Waltz.flac,1,1,205.196,2026-08-25 20:15:01,2026-08-25 20:15:01
4,RadioTEDU Pop,/radio,configured_stream,51050,The Greatest,Sia feat. Kendrick Lamar,,,,,,,210.227,H:\RadioTEDU Songs\Pop\Sia\This Is Acting\14 Sia feat. Kendrick Lamar - The Greatest.mp3,1,1,208.157,2026-08-25 15:29:25,2026-08-25 15:29:25
4,RadioTEDU Pop,/radio,configured_stream,52312,The Lady Is a Tramp,Robbie Williams,,,,,,,216.459,H:\RadioTEDU Songs\Pop\Robbie Williams\Swing When You're Winning\10 Robbie Williams - The Lady Is a Tramp.mp3,1,1,213.656,2026-08-25 17:34:08,2026-08-25 17:34:08
4,RadioTEDU Pop,/radio,configured_stream,51001,The Outside,Phoebe Bridgers,,,,,,,237.708,H:\RadioTEDU Songs\Pop\Phoebe Bridgers\Lost Weekend\01 The Outside.flac,1,1,237.716,2026-08-25 12:38:39,2026-08-25 12:38:39
4,RadioTEDU Pop,/radio,configured_stream,50739,The Purple People Eater,Sheb Wooley,,,,,,,133.759,H:\RadioTEDU Songs\Pop\021 - Sheb Wooley ＂The Purple People Eater＂ (Official Video).mp3,1,1,132.88,2026-08-25 12:19:16,2026-08-25 12:19:16
4,RadioTEDU Pop,/radio,configured_stream,50982,The Way I Love You,Michal Leah,,,,,,,163.178,H:\RadioTEDU Songs\Pop\Michal Leah\The Way I Love You\01 The Way I Love You.mp3,1,1,160.272,2026-08-25 12:01:05,2026-08-25 12:01:05
4,RadioTEDU Pop,/radio,configured_stream,52306,The Well Swing Intro - Have You Met Miss Jones?,Robbie Williams,,,,,,,150.996,H:\RadioTEDU Songs\Pop\Robbie Williams\Swing When You're Winning\01 Robbie Williams - The Well Swing Intro - Have You Met Miss Jones_.mp3,1,1,150.942,2026-08-25 04:44:55,2026-08-25 04:44:55
4,RadioTEDU Pop,/radio,configured_stream,50863,The Wolf,half•alive,,,,,,,179.096,H:\RadioTEDU Songs\Pop\half•alive\The Wolf\01 The Wolf.flac,1,1,178.891,2026-08-25 03:31:48,2026-08-25 03:31:48
4,RadioTEDU Pop,/radio,configured_stream,51046,There’s Nothing Holdin’ Me Back,Shawn Mendes,,,,,,,199.44,H:\RadioTEDU Songs\Pop\Shawn Mendes\There’s Nothing Holdin’ Me Back.mp3,1,1,196.737,2026-08-25 12:14:22,2026-08-25 12:14:22
4,RadioTEDU Pop,/radio,configured_stream,51085,Thief,Tommy Lefroy,,,,,,,166.366,H:\RadioTEDU Songs\Pop\Tommy Lefroy\Thief\01 Thief.flac,1,1,163.918,2026-08-25 08:51:02,2026-08-25 08:51:02
4,RadioTEDU Pop,/radio,configured_stream,50986,This Will Be,Natalie Cole,,,,,,,171.96,H:\RadioTEDU Songs\Pop\Natalie Cole\Inseparable\05 This Will Be.flac,1,1,181.796,2026-08-25 05:07:15,2026-08-25 05:07:15
4,RadioTEDU Pop,/radio,configured_stream,50729,Thriller,Michael Jackson,,,,,,,357.8,H:\RadioTEDU Songs\Pop\002 - Thriller.mp3,1,1,357.698,2026-08-25 09:17:13,2026-08-25 09:17:13
4,RadioTEDU Pop,/radio,configured_stream,50866,Thunder,Imagine Dragons,,,,,,,187.147,H:\RadioTEDU Songs\Pop\Imagine Dragons\Thunder.mp3,1,1,184.387,2026-08-25 14:47:49,2026-08-25 14:47:49
4,RadioTEDU Pop,/radio,configured_stream,50904,TiK ToK,Ke$ha,,,,,,,199.693,H:\RadioTEDU Songs\Pop\Ke$ha\Animal\02 Ke$ha - TiK ToK.flac,1,1,197.123,2026-08-25 14:44:44,2026-08-25 14:44:44
4,RadioTEDU Pop,/radio,configured_stream,51076,Timeless,The Weeknd & Playboi Carti,,,,,,,256.0,H:\RadioTEDU Songs\Pop\The Weeknd & Playboi Carti\Timeless.mp3,1,1,258.55,2026-08-25 19:13:12,2026-08-25 19:13:12
4,RadioTEDU Pop,/radio,configured_stream,50954,Today I Started Loving You Again,Kenny Rogers,,,,,,,184.366,H:\RadioTEDU Songs\Pop\Kenny Rogers\The Best Of\3-13 Today I Started Loving You Again.flac,1,1,182.251,2026-08-25 18:04:49,2026-08-25 18:04:49
4,RadioTEDU Pop,/radio,configured_stream,50760,Too Many Nights,,,,,,,,199.92,H:\RadioTEDU Songs\Pop\088 - Too Many Nights.mp3,1,1,197.222,2026-08-25 14:07:21,2026-08-25 14:07:21
4,RadioTEDU Pop,/radio,configured_stream,47302,Top Of The Stairs,D. H. Grey,,,,,,,246.5,H:\RadioTEDU Songs\Pop\D. H. Grey - Top Of The Stairs.flac,1,1,263.949,2026-08-25 05:04:12,2026-08-25 05:04:12
4,RadioTEDU Pop,/radio,configured_stream,50896,Touch,KATSEYE,,,,,,,129.883,H:\RadioTEDU Songs\Pop\KATSEYE\Touch.mp3,1,1,127.199,2026-08-25 05:45:27,2026-08-25 05:45:27
4,RadioTEDU Pop,/radio,configured_stream,50897,Touch,KATSEYE,,,,,,,129.892,H:\RadioTEDU Songs\Pop\KATSEYE\Touch\01 Touch.flac,1,1,128.079,2026-08-25 11:50:18,2026-08-25 11:50:18
4,RadioTEDU Pop,/radio,configured_stream,50805,Toxic,Britney Spears,,,,,,,198.809,H:\RadioTEDU Songs\Pop\Britney Spears\In the Zone\06 Britney Spears - Toxic (1).flac,1,1,198.931,2026-08-25 08:43:59,2026-08-25 08:43:59
4,RadioTEDU Pop,/radio,configured_stream,50806,Toxic,Britney Spears,,,,,,,198.8,H:\RadioTEDU Songs\Pop\Britney Spears\In the Zone\06 Britney Spears - Toxic.flac,1,1,195.931,2026-08-25 20:00:35,2026-08-25 20:00:35
4,RadioTEDU Pop,/radio,configured_stream,50808,Toxic,Britney Spears,,,,,,,198.8,H:\RadioTEDU Songs\Pop\Britney Spears\Toxic.mp3,1,1,198.771,2026-08-25 06:24:33,2026-08-25 06:24:33
4,RadioTEDU Pop,/radio,configured_stream,50834,Training Season,Dua Lipa,,,,,,,210.419,H:\RadioTEDU Songs\Pop\Dua Lipa\Radical Optimism\03 Training Season (1).flac,1,1,210.41,2026-08-25 05:48:57,2026-08-25 05:48:57
4,RadioTEDU Pop,/radio,configured_stream,50835,Training Season,Dua Lipa,,,,,,,209.488,H:\RadioTEDU Songs\Pop\Dua Lipa\Radical Optimism\03 Training Season.flac,1,1,206.764,2026-08-25 03:18:09,2026-08-25 03:18:09
4,RadioTEDU Pop,/radio,configured_stream,50817,TRUTH OR DARE,CHRI$00,,,,,,,154.499,H:\RadioTEDU Songs\Pop\CHRI$00\TRUTH OR DARE\01 TRUTH OR DARE.flac,1,1,155.347,2026-08-25 07:29:05,2026-08-25 07:29:05
4,RadioTEDU Pop,/radio,configured_stream,51020,Umbrella,Rihanna feat. Jay‐Z,,,,,,,275.992,H:\RadioTEDU Songs\Pop\Rihanna\Good Girl Gone Bad_ Reloaded\01 Rihanna feat. Jay‐Z - Umbrella.flac,1,1,275.866,2026-08-25 15:00:44,2026-08-25 15:00:44
4,RadioTEDU Pop,/radio,configured_stream,51021,Umbrella,Rihanna feat. Jay‐Z,,,,,,,275.987,H:\RadioTEDU Songs\Pop\Rihanna\Good Girl Gone Bad_ Reloaded\01 Rihanna feat. Jay‐Z - Umbrella.mp3,1,1,275.895,2026-08-25 04:34:42,2026-08-25 04:34:42
4,RadioTEDU Pop,/radio,configured_stream,50975,Uptown Funk,Mark Ronson feat. Bruno Mars,,,,,,,270.396,H:\RadioTEDU Songs\Pop\Mark Ronson\Uptown Special\04 Mark Ronson feat. Bruno Mars - Uptown Funk.flac,1,1,269.146,2026-08-25 17:09:04,2026-08-25 17:09:04
4,RadioTEDU Pop,/radio,configured_stream,50732,Uptown Funk!,Mark Ronson feat. Bruno Mars,,,,,,,269.667,H:\RadioTEDU Songs\Pop\006 - Uptown Funk.mp3,1,1,266.79,2026-08-25 16:10:06,2026-08-25 16:10:06
4,RadioTEDU Pop,/radio,configured_stream,50963,Valentine,Laufey,,,,,,,168.907,H:\RadioTEDU Songs\Pop\Laufey\Everything I Know About Love\03 Valentine.flac,1,1,166.069,2026-08-25 16:05:40,2026-08-25 16:05:40
4,RadioTEDU Pop,/radio,configured_stream,50747,Video Killed The Radio Star,,,,,,,,253.8,H:\RadioTEDU Songs\Pop\061 - Video Killed The Radio Star.mp3,1,1,250.946,2026-08-25 04:27:16,2026-08-25 04:27:16
4,RadioTEDU Pop,/radio,configured_stream,50799,Vienna,Billy Joel,,,,,,,214.24,H:\RadioTEDU Songs\Pop\Billy Joel\The Stranger\05 Vienna.flac,1,1,212.363,2026-08-25 15:58:45,2026-08-25 15:58:45
4,RadioTEDU Pop,/radio,configured_stream,50851,Walking On Clouds,Emperose & Esthie,,,,,,,187.327,H:\RadioTEDU Songs\Pop\Emperose & Esthie\Walking On Clouds\01 Walking On Clouds.mp3,1,1,187.68,2026-08-25 20:18:09,2026-08-25 20:18:09
4,RadioTEDU Pop,/radio,configured_stream,52321,Water,Tyla x Marshmello,,,,,,,191.734,H:\RadioTEDU Songs\Pop\Tyla x Marshmello\Water\01 Water.flac,1,1,198.295,2026-08-25 19:36:27,2026-08-25 19:36:27
4,RadioTEDU Pop,/radio,configured_stream,50974,We Belong Together,Mariah Carey,,,,,,,201.4,H:\RadioTEDU Songs\Pop\Mariah Carey\The Emancipation of Mimi\02 Mariah Carey - We Belong Together.flac,1,1,198.624,2026-08-25 14:26:59,2026-08-25 14:26:59
4,RadioTEDU Pop,/radio,configured_stream,50842,weren’t for the wind,Ella Langley,,,,,,,193.667,H:\RadioTEDU Songs\Pop\Ella Langley\still hungover\16 Ella Langley - weren’t for the wind.flac,1,1,191.72,2026-08-25 18:14:52,2026-08-25 18:14:52
4,RadioTEDU Pop,/radio,configured_stream,51015,What a Difference a Day Makes,RAYE,,,,,,,261.176,H:\RadioTEDU Songs\Pop\RAYE\What a Difference a Day Makes (from the Netflix Limited Series _Black Rabbit_)\01 What a Difference a Day Makes.flac,1,1,263.006,2026-08-25 04:39:13,2026-08-25 04:39:13
4,RadioTEDU Pop,/radio,configured_stream,50825,What It Is (solo version),Doechii,,,,,,,189.823,H:\RadioTEDU Songs\Pop\Doechii\Booty Drop\02 What It Is (solo version).flac,1,1,187.01,2026-08-25 14:14:04,2026-08-25 14:14:04
4,RadioTEDU Pop,/radio,configured_stream,50826,What It Is (solo version),Doechii,,,,,,,189.825,H:\RadioTEDU Songs\Pop\Doechii\What It Is (solo version).mp3,1,1,186.876,2026-08-25 18:07:55,2026-08-25 18:07:55
4,RadioTEDU Pop,/radio,configured_stream,50997,What Makes You Beautiful,One Direction,,,,,,,199.987,H:\RadioTEDU Songs\Pop\One Direction\Up All Night\01 What Makes You Beautiful.flac,1,1,197.465,2026-08-25 05:35:15,2026-08-25 05:35:15
4,RadioTEDU Pop,/radio,configured_stream,51011,When Doves Cry,Prince and The Revolution,,,,,,,354.929,H:\RadioTEDU Songs\Pop\Prince and The Revolution\Purple Rain\06 When Doves Cry.flac,1,1,354.741,2026-08-25 17:18:51,2026-08-25 17:18:51
4,RadioTEDU Pop,/radio,configured_stream,50750,WHERE IS MY HUSBAND!,,,,,,,,196.796,H:\RadioTEDU Songs\Pop\064 - WHERE IS MY HUSBAND!.mp3,1,1,194.0,2026-08-25 09:23:54,2026-08-25 09:23:54
4,RadioTEDU Pop,/radio,configured_stream,50803,Womanizer,Britney Spears,,,,,,,224.4,H:\RadioTEDU Songs\Pop\Britney Spears\Circus\1-01 Womanizer.flac,1,1,225.399,2026-08-25 14:04:04,2026-08-25 14:04:04
4,RadioTEDU Pop,/radio,configured_stream,50867,You and Me Against the World,India Ramey,,,,,,,217.28,H:\RadioTEDU Songs\Pop\India Ramey\Shallow Graves\06 You and Me Against the World.mp3,1,1,214.344,2026-08-25 08:59:10,2026-08-25 08:59:10
4,RadioTEDU Pop,/radio,configured_stream,51036,You Send Me,Sam Cooke,,,,,,,163.736,H:\RadioTEDU Songs\Pop\Sam Cooke\The Best of Sam Cooke\12 You Send Me.flac,1,1,164.322,2026-08-25 18:42:32,2026-08-25 18:42:32
4,RadioTEDU Pop,/radio,configured_stream,51102,Yours Not Mine,Willowake,,,,,,,181.157,H:\RadioTEDU Songs\Pop\Willowake\This Wasn't What I Meant\03 Yours Not Mine.flac,1,1,181.959,2026-08-25 09:47:45,2026-08-25 09:47:45
4,RadioTEDU Pop,/radio,configured_stream,50802,You’re Everything I Need,Brenton Wood,,,,,,,198.008,H:\RadioTEDU Songs\Pop\Brenton Wood\Come Softly\06 You’re Everything I Need.mp3,1,1,196.494,2026-08-25 12:54:46,2026-08-25 12:54:46
4,RadioTEDU Pop,/radio,configured_stream,50809,…Baby One More Time,Britney Spears,,,,,,,211.067,H:\RadioTEDU Songs\Pop\Britney Spears\…Baby One More Time\01 Britney Spears - …Baby One More Time.flac,1,1,210.942,2026-08-25 09:27:24,2026-08-25 09:27:24
5,RadioTEDU Jazz,/cazz,configured_stream,51322,Little Girl Blue (vocal version),Chet Baker,,,,,,,270.132,H:\RadioTEDU Songs\Jazz\Chet Baker\Embraceable You\12 Little Girl Blue (vocal version).mp3,3,3,802.541,2026-08-25 00:05:47,2026-08-25 02:55:29
5,RadioTEDU Jazz,/cazz,configured_stream,51622,Your Heart Is as Black as Night,Melody Gardot,,,,,,,161.715,H:\RadioTEDU Songs\Jazz\Melody Gardot\My One and Only Thrill\04 Melody Gardot - Your Heart Is as Black as Night (1).mp3,3,3,485.707,2026-08-25 00:01:01,2026-08-25 02:50:50
5,RadioTEDU Jazz,/cazz,configured_stream,51501,And I Love Her,"Harry Connick, Jr.",,,,,,,192.077,"H:\RadioTEDU Songs\Jazz\Harry Connick, Jr_\Your Songs\04 And I Love Her.mp3",2,2,384.787,2026-08-25 01:00:50,2026-08-25 02:25:55
5,RadioTEDU Jazz,/cazz,configured_stream,51415,Basin Street Blues,Ella Fitzgerald,,,,,,,187.824,H:\RadioTEDU Songs\Jazz\Ella Fitzgerald\Lullabies of Birdland\09 Basin Street Blues.mp3,2,2,371.198,2026-08-25 00:41:34,2026-08-25 02:06:39
5,RadioTEDU Jazz,/cazz,configured_stream,51479,Breezin',George Benson,,,,,,,341.733,H:\RadioTEDU Songs\Jazz\George Benson\Breezin'\01 Breezin'.flac,2,2,691.564,2026-08-25 20:24:04,2026-08-25 23:41:23
5,RadioTEDU Jazz,/cazz,configured_stream,51329,Butterfly,Courtney Pine featuring Omar,,,,,,,236.813,H:\RadioTEDU Songs\Jazz\Courtney Pine\Black Notes From the Deep\09 Courtney Pine featuring Omar - Butterfly.mp3,2,2,474.821,2026-08-25 00:21:57,2026-08-25 01:46:38
5,RadioTEDU Jazz,/cazz,configured_stream,51328,Cloud Message,Chris Potter,,,,,,,425.24,H:\RadioTEDU Songs\Jazz\Chris Potter\Eagle's Point\02 Cloud Message.flac,2,2,845.832,2026-08-25 20:31:39,2026-08-25 23:48:36
5,RadioTEDU Jazz,/cazz,configured_stream,51379,In a Sentimental Mood,Duke Ellington & John Coltrane,,,,,,,257.437,H:\RadioTEDU Songs\Jazz\Duke Ellington & John Coltrane\Duke Ellington & John Coltrane\01 In a Sentimental Mood.flac,2,2,510.456,2026-08-25 00:15:49,2026-08-25 01:40:25
5,RadioTEDU Jazz,/cazz,configured_stream,51775,In the Still of the Night,Stacey Kent,,,,,,,308.955,H:\RadioTEDU Songs\Jazz\Stacey Kent\The Tender Trap\04 In the Still of the Night (1).mp3,2,2,612.684,2026-08-25 19:54:08,2026-08-25 23:11:39
5,RadioTEDU Jazz,/cazz,configured_stream,51776,In the Still of the Night,Stacey Kent,,,,,,,308.305,H:\RadioTEDU Songs\Jazz\Stacey Kent\The Tender Trap\04 In the Still of the Night.mp3,2,2,611.203,2026-08-25 19:59:13,2026-08-25 23:16:44
5,RadioTEDU Jazz,/cazz,configured_stream,51566,La Vie en Rose,Louis Armstrong,,,,,,,205.73,H:\RadioTEDU Songs\Jazz\Louis Armstrong\Highlights From His Decca Years\2-08 La Vie en Rose.flac,2,2,408.228,2026-08-25 00:09:12,2026-08-25 01:33:48
5,RadioTEDU Jazz,/cazz,configured_stream,51181,Laurie,Bill Evans Trio,,,,,,,408.443,H:\RadioTEDU Songs\Jazz\Bill Evans Trio\The Complete Balboa Jazz Club Performances\2-03 Laurie.mp3,2,2,817.215,2026-08-25 00:33:49,2026-08-25 01:58:39
5,RadioTEDU Jazz,/cazz,configured_stream,51182,Like Someone in Love,Bill Evans Trio,,,,,,,434.54,H:\RadioTEDU Songs\Jazz\Bill Evans Trio\The Complete Balboa Jazz Club Performances\2-04 Like Someone in Love.mp3,2,2,863.873,2026-08-25 20:38:53,2026-08-25 23:55:47
5,RadioTEDU Jazz,/cazz,configured_stream,51481,Little Train,George Benson,,,,,,,345.796,H:\RadioTEDU Songs\Jazz\George Benson\White Rabbit\03 Little Train.mp3,2,2,686.032,2026-08-25 01:11:38,2026-08-25 02:36:40
5,RadioTEDU Jazz,/cazz,configured_stream,51133,Londonderry Air,Ben Webster,,,,,,,272.356,H:\RadioTEDU Songs\Jazz\Ben Webster\Stormy Weather\04 Londonderry Air.mp3,2,2,539.492,2026-08-25 00:38:28,2026-08-25 02:03:34
5,RadioTEDU Jazz,/cazz,configured_stream,51271,Love Is Blindness,Cassandra Wilson,,,,,,,293.133,H:\RadioTEDU Songs\Jazz\Cassandra Wilson\New Moon Daughter\02 Love Is Blindness.mp3,2,2,582.029,2026-08-25 01:05:54,2026-08-25 02:30:57
5,RadioTEDU Jazz,/cazz,configured_stream,51789,Luz negra,Stefano Bollani,,,,,,,303.773,H:\RadioTEDU Songs\Jazz\Stefano Bollani\BollaniCarioca\01 Luz negra.mp3,2,2,602.458,2026-08-25 01:23:06,2026-08-25 02:48:08
5,RadioTEDU Jazz,/cazz,configured_stream,51426,Mai Tai,"Erwin Do, Miguel Carne",,,,,,,151.274,"H:\RadioTEDU Songs\Jazz\Erwin Do, Miguel Carne\Cocktail Bar Jazz\06 Mai Tai.flac",2,2,299.293,2026-08-25 01:18:05,2026-08-25 02:43:02
5,RadioTEDU Jazz,/cazz,configured_stream,51422,Margarita,"Erwin Do, Miguel Carne",,,,,,,132.18,"H:\RadioTEDU Songs\Jazz\Erwin Do, Miguel Carne\Cocktail Bar Jazz\02 Margarita.flac",2,2,264.439,2026-08-25 00:11:24,2026-08-25 01:36:00
5,RadioTEDU Jazz,/cazz,configured_stream,51309,My Funny Valentine,Chet Baker,,,,,,,136.168,H:\RadioTEDU Songs\Jazz\Chet Baker\Chet Baker Sings\10 My Funny Valentine.flac,2,2,266.831,2026-08-25 00:27:01,2026-08-25 01:51:49
5,RadioTEDU Jazz,/cazz,configured_stream,51223,My Romance (take 2),Bill Evans,,,,,,,433.973,H:\RadioTEDU Songs\Jazz\Bill Evans\The Complete Riverside Recordings\06-06 My Romance (take 2).mp3,2,2,869.017,2026-08-25 00:48:49,2026-08-25 02:13:54
5,RadioTEDU Jazz,/cazz,configured_stream,51158,Re: Person I Knew,Bill Evans Trio,,,,,,,304.333,H:\RadioTEDU Songs\Jazz\Bill Evans Trio\In Buenos Aires - Vol. 1\01 Re_ Person I Knew.mp3,2,2,606.471,2026-08-25 00:54:04,2026-08-25 02:19:11
5,RadioTEDU Jazz,/cazz,configured_stream,51444,September Second (Live),Michel Petrucciani,,,,,,,319.303,H:\RadioTEDU Songs\Jazz\Frank Sinatra\Hi-Res Masters_ 50 Jazz Tracks to Test Your Speakers\17 Michel Petrucciani - September Second (Live).flac,2,2,633.415,2026-08-25 20:11:13,2026-08-25 23:28:40
5,RadioTEDU Jazz,/cazz,configured_stream,51585,Somethin’ Grand,Madeleine Peyroux,,,,,,,224.213,H:\RadioTEDU Songs\Jazz\Madeleine Peyroux\Bare Bones\11 Somethin’ Grand.mp3,2,2,448.991,2026-08-25 01:15:22,2026-08-25 02:40:24
5,RadioTEDU Jazz,/cazz,configured_stream,51513,Transfiguration,James Brandon Lewis Quartet,,,,,,,424.066,H:\RadioTEDU Songs\Jazz\James Brandon Lewis Quartet\Transfiguration\01 Transfiguration.flac,2,2,843.233,2026-08-25 20:18:15,2026-08-25 23:35:41
5,RadioTEDU Jazz,/cazz,configured_stream,51734,You Don't Know What Love Is,Sonny Rollins,,,,,,,389.752,H:\RadioTEDU Songs\Jazz\Sonny Rollins\Saxophone Colossus\02 You Don't Know What Love Is.mp3,2,2,781.538,2026-08-25 20:05:44,2026-08-25 23:23:14
5,RadioTEDU Jazz,/cazz,configured_stream,51623,Your Heart Is as Black as Night,Melody Gardot,,,,,,,163.72,H:\RadioTEDU Songs\Jazz\Melody Gardot\My One and Only Thrill\04 Melody Gardot - Your Heart Is as Black as Night.mp3,2,2,323.959,2026-08-25 00:24:47,2026-08-25 01:49:34
5,RadioTEDU Jazz,/cazz,configured_stream,51506,Your Song,"Harry Connick, Jr.",,,,,,,216.691,"H:\RadioTEDU Songs\Jazz\Harry Connick, Jr_\Your Songs\09 Your Song.mp3",2,2,427.888,2026-08-25 00:57:38,2026-08-25 02:22:44
5,RadioTEDU Jazz,/cazz,configured_stream,52419,You’re All the World to Me,Tony Bennett,,,,,,,134.56,H:\RadioTEDU Songs\Jazz\Tony Bennett\MTV Unplugged\1-08 Tony Bennett - You’re All the World to Me.mp3,2,2,265.739,2026-08-25 00:18:00,2026-08-25 01:42:39
5,RadioTEDU Jazz,/cazz,configured_stream,51129,100 Fuites,Bada-Bada,,,,,,,233.447,H:\RadioTEDU Songs\Jazz\Bada-Bada\Portraits\06 Bada-Bada - 100 Fuites.flac,1,1,236.121,2026-08-25 10:42:58,2026-08-25 10:42:58
5,RadioTEDU Jazz,/cazz,configured_stream,51198,11 Why Did I Choose You,Bill Evans,,,,,,,260.493,H:\RadioTEDU Songs\Jazz\Bill Evans\From Left to Right\11 Why Did I Choose You_ [Quartet].mp3,1,1,257.59,2026-08-25 22:07:40,2026-08-25 22:07:40
5,RadioTEDU Jazz,/cazz,configured_stream,51282,13 32-20,Cassandra Wilson,,,,,,,323.347,H:\RadioTEDU Songs\Jazz\Cassandra Wilson\New Moon Daughter\13 32-20.mp3,1,1,320.512,2026-08-25 22:40:40,2026-08-25 22:40:40
5,RadioTEDU Jazz,/cazz,configured_stream,51229,34 Skidoo,Bill Evans,,,,,,,384.36,H:\RadioTEDU Songs\Jazz\Bill Evans\The Complete Riverside Recordings\08-04 34 Skidoo.mp3,1,1,384.171,2026-08-25 10:04:51,2026-08-25 10:04:51
5,RadioTEDU Jazz,/cazz,configured_stream,51548,Across the Universe,Katie Noonan,,,,,,,371.0,H:\RadioTEDU Songs\Jazz\Katie Noonan\Blackbird_ The Music of Lennon & McCartney\08 Across the Universe.mp3,1,1,368.37,2026-08-25 11:05:31,2026-08-25 11:05:31
5,RadioTEDU Jazz,/cazz,configured_stream,51416,Air Mail Special,Ella Fitzgerald,,,,,,,182.625,H:\RadioTEDU Songs\Jazz\Ella Fitzgerald\Lullabies of Birdland\10 Air Mail Special.mp3,1,1,179.935,2026-08-25 15:32:13,2026-08-25 15:32:13
5,RadioTEDU Jazz,/cazz,configured_stream,51445,All Roads Lead To Los Angeles,High Pulp,,,,,,,282.067,H:\RadioTEDU Songs\Jazz\Frank Sinatra\Hi-Res Masters_ 50 Jazz Tracks to Test Your Speakers\20 High Pulp - All Roads Lead To Los Angeles.flac,1,1,292.855,2026-08-25 11:10:23,2026-08-25 11:10:23
5,RadioTEDU Jazz,/cazz,configured_stream,51437,All the Way / One for My Baby (and One More for the Road),Frank Sinatra with Kenny G,,,,,,,363.938,H:\RadioTEDU Songs\Jazz\Frank Sinatra\Duets and Duets II (limited edition)\1-13 Frank Sinatra with Kenny G - All the Way _ One for My Baby (and One More for the Road).flac,1,1,362.577,2026-08-25 17:02:21,2026-08-25 17:02:21
5,RadioTEDU Jazz,/cazz,configured_stream,51691,Alone With My Thoughts,Norah Jones,,,,,,,254.608,H:\RadioTEDU Songs\Jazz\Norah Jones\Visions\11 Alone With My Thoughts.flac,1,1,253.343,2026-08-25 17:22:58,2026-08-25 17:22:58
5,RadioTEDU Jazz,/cazz,configured_stream,52408,Always,Kenny G,,,,,,,334.16,H:\RadioTEDU Songs\Jazz\Kenny G\The Moment\04 Kenny G - Always.flac,1,1,336.956,2026-08-25 12:04:39,2026-08-25 12:04:39
5,RadioTEDU Jazz,/cazz,configured_stream,51606,Autumn in New York,Marilyn Scott,,,,,,,310.544,H:\RadioTEDU Songs\Jazz\Marilyn Scott\Every Time We Say Goodbye\06 Autumn in New York.mp3,1,1,313.175,2026-08-25 18:18:30,2026-08-25 18:18:30
5,RadioTEDU Jazz,/cazz,configured_stream,52328,Azul,Bebel Gilberto,,,,,,,191.429,H:\RadioTEDU Songs\Jazz\Bebel Gilberto\Momento\05 Bebel Gilberto - Azul (1).mp3,1,1,188.736,2026-08-25 03:51:26,2026-08-25 03:51:26
5,RadioTEDU Jazz,/cazz,configured_stream,52329,Azul,Bebel Gilberto,,,,,,,191.429,H:\RadioTEDU Songs\Jazz\Bebel Gilberto\Momento\05 Bebel Gilberto - Azul.mp3,1,1,193.139,2026-08-25 03:58:41,2026-08-25 03:58:41
5,RadioTEDU Jazz,/cazz,configured_stream,52383,Baby G,Kenny G,,,,,,,215.8,H:\RadioTEDU Songs\Jazz\Kenny G\Greatest Hits\1-12 Kenny G - Baby G.flac,1,1,215.373,2026-08-25 03:06:41,2026-08-25 03:06:41
5,RadioTEDU Jazz,/cazz,configured_stream,51551,Because,Katie Noonan,,,,,,,163.373,H:\RadioTEDU Songs\Jazz\Katie Noonan\Blackbird_ The Music of Lennon & McCartney\11 Because.mp3,1,1,162.364,2026-08-25 12:39:36,2026-08-25 12:39:36
5,RadioTEDU Jazz,/cazz,configured_stream,51388,Bend One,Duke Ellington & Johnny Hodges,,,,,,,181.189,H:\RadioTEDU Songs\Jazz\Duke Ellington & Johnny Hodges\Side by Side\08 Bend One.mp3,1,1,182.378,2026-08-25 11:47:59,2026-08-25 11:47:59
5,RadioTEDU Jazz,/cazz,configured_stream,51268,Beyond the Sea,Bobby Darin,,,,,,,172.48,H:\RadioTEDU Songs\Jazz\Bobby Darin\That's All\02 Beyond the Sea.flac,1,1,169.959,2026-08-25 19:08:32,2026-08-25 19:08:32
5,RadioTEDU Jazz,/cazz,configured_stream,51533,Blue Moon,Julie London,,,,,,,153.253,"H:\RadioTEDU Songs\Jazz\Julie London\Julie Is Her Name, Volume Two\01 Blue Moon.flac",1,1,150.707,2026-08-25 07:53:47,2026-08-25 07:53:47
5,RadioTEDU Jazz,/cazz,configured_stream,52418,Body and Soul,Tony Bennett & Amy Winehouse,,,,,,,200.587,H:\RadioTEDU Songs\Jazz\Tony Bennett\Duets II\03 Tony Bennett & Amy Winehouse - Body and Soul.flac,1,1,197.692,2026-08-25 04:18:20,2026-08-25 04:18:20
5,RadioTEDU Jazz,/cazz,configured_stream,51672,Broken,Norah Jones,,,,,,,201.013,H:\RadioTEDU Songs\Jazz\Norah Jones\Not Too Late\07 Broken.mp3,1,1,198.7,2026-08-25 10:39:01,2026-08-25 10:39:01
5,RadioTEDU Jazz,/cazz,configured_stream,51496,Bugle Call Rag,Glenn Miller,,,,,,,174.974,H:\RadioTEDU Songs\Jazz\Glenn Miller\Jazz Moods - Hot\14 Bugle Call Rag.mp3,1,1,175.072,2026-08-25 08:31:26,2026-08-25 08:31:26
5,RadioTEDU Jazz,/cazz,configured_stream,51515,But for Now,Jamie Cullum,,,,,,,235.547,H:\RadioTEDU Songs\Jazz\Jamie Cullum\Twentysomething\05 But for Now (1).mp3,1,1,233.043,2026-08-25 17:45:29,2026-08-25 17:45:29
5,RadioTEDU Jazz,/cazz,configured_stream,52373,By the Time This Night Is Over,Kenny G with Peabo Bryson,,,,,,,283.04,H:\RadioTEDU Songs\Jazz\Kenny G\Breathless\05 Kenny G with Peabo Bryson - By the Time This Night Is Over.flac,1,1,280.131,2026-08-25 07:41:24,2026-08-25 07:41:24
5,RadioTEDU Jazz,/cazz,configured_stream,51510,Cantaloupe Island,Herbie Hancock,,,,,,,333.947,H:\RadioTEDU Songs\Jazz\Herbie Hancock\Empyrean Isles\03 Cantaloupe Island.flac,1,1,333.96,2026-08-25 20:44:26,2026-08-25 20:44:26
5,RadioTEDU Jazz,/cazz,configured_stream,52331,Caçada,Bebel Gilberto,,,,,,,272.878,H:\RadioTEDU Songs\Jazz\Bebel Gilberto\Momento\06 Bebel Gilberto - Caçada.mp3,1,1,272.883,2026-08-25 05:00:28,2026-08-25 05:00:28
5,RadioTEDU Jazz,/cazz,configured_stream,51433,Change Partners,Antônio Carlos Jobim & Frank Sinatra,,,,,,,163.187,H:\RadioTEDU Songs\Jazz\Frank Sinatra & Antônio Carlos Jobim\Sinatra_Jobim_ The Complete Reprise Recordings\03 Change Partners.flac,1,1,160.55,2026-08-25 19:44:00,2026-08-25 19:44:00
5,RadioTEDU Jazz,/cazz,configured_stream,52352,Chez Clerambault,De‐Phazz,,,,,,,245.678,H:\RadioTEDU Songs\Jazz\De‐Phazz\Lala 2.0\10 Chez Clerambault.mp3,1,1,246.257,2026-08-25 17:57:35,2026-08-25 17:57:35
5,RadioTEDU Jazz,/cazz,configured_stream,52325,Close to You,Bebel Gilberto,,,,,,,198.769,H:\RadioTEDU Songs\Jazz\Bebel Gilberto\Momento\03 Bebel Gilberto - Close to You.mp3,1,1,198.694,2026-08-25 11:13:41,2026-08-25 11:13:41
5,RadioTEDU Jazz,/cazz,configured_stream,51664,Come Away With Me,Norah Jones,,,,,,,198.147,H:\RadioTEDU Songs\Jazz\Norah Jones\Come Away With Me\05 Come Away With Me.flac,1,1,198.028,2026-08-25 16:20:08,2026-08-25 16:20:08
5,RadioTEDU Jazz,/cazz,configured_stream,51705,Come Rain or Come Shine,Ray Charles,,,,,,,222.733,H:\RadioTEDU Songs\Jazz\Ray Charles\The Genius of Ray Charles\12 Come Rain or Come Shine.flac,1,1,220.868,2026-08-25 12:12:16,2026-08-25 12:12:16
5,RadioTEDU Jazz,/cazz,configured_stream,51650,Come With Me,Myriam Alter,,,,,,,443.724,H:\RadioTEDU Songs\Jazz\Myriam Alter\Where Is There\03 Come With Me.mp3,1,1,440.859,2026-08-25 05:33:07,2026-08-25 05:33:07
5,RadioTEDU Jazz,/cazz,configured_stream,51651,Continuum 2,Nala Sinephro,,,,,,,421.813,H:\RadioTEDU Songs\Jazz\Nala Sinephro\Endlessness\02 Continuum 2.flac,1,1,418.938,2026-08-25 08:00:46,2026-08-25 08:00:46
5,RadioTEDU Jazz,/cazz,configured_stream,51591,Cousin John,Marcus Miller,,,,,,,642.25,H:\RadioTEDU Songs\Jazz\Marcus Miller\The Ozell Tapes_ The Official Bootleg\1-05 Marcus Miller - Cousin John.mp3,1,1,639.511,2026-08-25 06:20:37,2026-08-25 06:20:37
5,RadioTEDU Jazz,/cazz,configured_stream,51538,Creep,Karen Souza,,,,,,,210.001,H:\RadioTEDU Songs\Jazz\Karen Souza\Essentials\02 Karen Souza - Creep.flac,1,1,207.386,2026-08-25 10:25:01,2026-08-25 10:25:01
5,RadioTEDU Jazz,/cazz,configured_stream,51608,Cry Me a River,Marilyn Scott,,,,,,,304.927,H:\RadioTEDU Songs\Jazz\Marilyn Scott\Every Time We Say Goodbye\08 Cry Me a River.mp3,1,1,304.804,2026-08-25 16:32:19,2026-08-25 16:32:19
5,RadioTEDU Jazz,/cazz,configured_stream,51244,Dancing in the Dark,Bill Evans,,,,,,,276.64,H:\RadioTEDU Songs\Jazz\Bill Evans\Trio 64\07 Dancing in the Dark.mp3,1,1,277.242,2026-08-25 21:32:46,2026-08-25 21:32:46
5,RadioTEDU Jazz,/cazz,configured_stream,51750,Day In Day Out,Stacey Kent,,,,,,,347.617,H:\RadioTEDU Songs\Jazz\Stacey Kent\Close Your Eyes\11 Day In Day Out (1).mp3,1,1,351.37,2026-08-25 15:04:54,2026-08-25 15:04:54
5,RadioTEDU Jazz,/cazz,configured_stream,51604,Detour Ahead,Marilyn Scott,,,,,,,269.793,H:\RadioTEDU Songs\Jazz\Marilyn Scott\Every Time We Say Goodbye\04 Detour Ahead.mp3,1,1,270.509,2026-08-25 09:26:52,2026-08-25 09:26:52
5,RadioTEDU Jazz,/cazz,configured_stream,51224,Detour Ahead (take 2),Bill Evans,,,,,,,457.907,H:\RadioTEDU Songs\Jazz\Bill Evans\The Complete Riverside Recordings\06-08 Detour Ahead (take 2).mp3,1,1,455.047,2026-08-25 06:45:00,2026-08-25 06:45:00
5,RadioTEDU Jazz,/cazz,configured_stream,51302,Don Quixote,Charlie Haden / Egberto Gismonti,,,,,,,722.498,H:\RadioTEDU Songs\Jazz\Charlie Haden _ Egberto Gismonti\In Montreal\09 Don Quixote.mp3,1,1,719.628,2026-08-25 16:49:41,2026-08-25 16:49:41
5,RadioTEDU Jazz,/cazz,configured_stream,52377,Don't Make Me Wait for Love,Kenny G,,,,,,,245.773,H:\RadioTEDU Songs\Jazz\Kenny G\Duotones\03 Don't Make Me Wait for Love.flac,1,1,243.111,2026-08-25 12:20:49,2026-08-25 12:20:49
5,RadioTEDU Jazz,/cazz,configured_stream,51636,Don't You Worry Baby,Melody Gardot,,,,,,,248.613,H:\RadioTEDU Songs\Jazz\Melody Gardot\Some Lessons\04 Don't You Worry Baby.flac,1,1,248.338,2026-08-25 12:24:57,2026-08-25 12:24:57
5,RadioTEDU Jazz,/cazz,configured_stream,52415,Door of the Cosmos,Sun Ra,,,,,,,539.755,H:\RadioTEDU Songs\Jazz\Sun Ra\Sleeping Beauty\02 Door of the Cosmos.mp3,1,1,537.565,2026-08-25 03:44:57,2026-08-25 03:44:57
5,RadioTEDU Jazz,/cazz,configured_stream,51721,Downtime,Robert Glasper Trio,,,,,,,321.58,H:\RadioTEDU Songs\Jazz\Robert Glasper\Double Booked\04 Robert Glasper Trio - Downtime.mp3,1,1,319.173,2026-08-25 08:28:28,2026-08-25 08:28:28
5,RadioTEDU Jazz,/cazz,configured_stream,52361,Dream a Little Dream of Me,Doris Day with Paul Weston & His Music from Hollywood,,,,,,,223.637,H:\RadioTEDU Songs\Jazz\Doris Day with Paul Weston & His Music from Hollywood\Day by Night\04 Dream a Little Dream of Me.flac,1,1,223.708,2026-08-25 21:36:30,2026-08-25 21:36:30
5,RadioTEDU Jazz,/cazz,configured_stream,51406,Dream a Little Dream of Me,Ella Fitzgerald,,,,,,,187.147,H:\RadioTEDU Songs\Jazz\Ella Fitzgerald\Ella_ The Legendary Decca Recordings\2-02 Ella Fitzgerald - Dream a Little Dream of Me.flac,1,1,184.863,2026-08-25 22:59:56,2026-08-25 22:59:56
5,RadioTEDU Jazz,/cazz,configured_stream,51739,Dream Dancing,Stacey Kent,,,,,,,263.244,H:\RadioTEDU Songs\Jazz\Stacey Kent\Close Your Eyes\02 Dream Dancing.mp3,1,1,263.223,2026-08-25 15:39:06,2026-08-25 15:39:06
5,RadioTEDU Jazz,/cazz,configured_stream,51464,Drinking Again,Frank Sinatra,,,,,,,190.347,H:\RadioTEDU Songs\Jazz\Frank Sinatra\The World We Knew\09 Drinking Again.flac,1,1,189.352,2026-08-25 13:39:30,2026-08-25 13:39:30
5,RadioTEDU Jazz,/cazz,configured_stream,51413,Ella Hums the Blues,Ella Fitzgerald,,,,,,,313.238,H:\RadioTEDU Songs\Jazz\Ella Fitzgerald\Lullabies of Birdland\07 Ella Hums the Blues.mp3,1,1,310.856,2026-08-25 22:56:51,2026-08-25 22:56:51
5,RadioTEDU Jazz,/cazz,configured_stream,51368,Este seu olhar,Diana Krall,,,,,,,165.973,H:\RadioTEDU Songs\Jazz\Diana Krall\Quiet Nights\07 Este seu olhar.mp3,1,1,164.826,2026-08-25 11:31:47,2026-08-25 11:31:47
5,RadioTEDU Jazz,/cazz,configured_stream,51230,Ev'rything I Love,Bill Evans,,,,,,,255.293,H:\RadioTEDU Songs\Jazz\Bill Evans\The Complete Riverside Recordings\08-08 Ev'rything I Love.mp3,1,1,252.421,2026-08-25 12:48:55,2026-08-25 12:48:55
5,RadioTEDU Jazz,/cazz,configured_stream,51680,Even Though,Norah Jones,,,,,,,232.2,H:\RadioTEDU Songs\Jazz\Norah Jones\The Fall\02 Even Though.mp3,1,1,238.703,2026-08-25 10:32:03,2026-08-25 10:32:03
5,RadioTEDU Jazz,/cazz,configured_stream,52410,Everlasting,Kenny G,,,,,,,256.52,H:\RadioTEDU Songs\Jazz\Kenny G\Ultimate Kenny G\01 Kenny G - Everlasting.flac,1,1,261.574,2026-08-25 18:13:15,2026-08-25 18:13:15
5,RadioTEDU Jazz,/cazz,configured_stream,51540,Every Breath You Take,Karen Souza,,,,,,,167.706,H:\RadioTEDU Songs\Jazz\Karen Souza\Essentials\06 Karen Souza - Every Breath You Take.flac,1,1,184.872,2026-08-25 19:38:11,2026-08-25 19:38:11
5,RadioTEDU Jazz,/cazz,configured_stream,51602,Every Time We Say Goodbye,Marilyn Scott,,,,,,,356.963,H:\RadioTEDU Songs\Jazz\Marilyn Scott\Every Time We Say Goodbye\01 Every Time We Say Goodbye.mp3,1,1,354.173,2026-08-25 10:54:42,2026-08-25 10:54:42
5,RadioTEDU Jazz,/cazz,configured_stream,51245,Everything Happens to Me,Bill Evans,,,,,,,278.886,H:\RadioTEDU Songs\Jazz\Bill Evans\Trio 64\08 Everything Happens to Me.mp3,1,1,278.745,2026-08-25 09:52:29,2026-08-25 09:52:29
5,RadioTEDU Jazz,/cazz,configured_stream,51703,Ev’ry Time We Say Goodbye,Ray Charles & Betty Carter,,,,,,,283.907,H:\RadioTEDU Songs\Jazz\Ray Charles & Betty Carter\Ray Charles and Betty Carter\01 Ev’ry Time We Say Goodbye.flac,1,1,281.988,2026-08-25 20:49:20,2026-08-25 20:49:20
5,RadioTEDU Jazz,/cazz,configured_stream,51342,Faces of the Heart,Dave Koz,,,,,,,220.296,H:\RadioTEDU Songs\Jazz\Dave Koz\Lucky Man\11 Dave Koz - Faces of the Heart.mp3,1,1,218.651,2026-08-25 06:30:38,2026-08-25 06:30:38
5,RadioTEDU Jazz,/cazz,configured_stream,52385,Fall Again,Kenny G feat. Robin Thicke,,,,,,,249.684,H:\RadioTEDU Songs\Jazz\Kenny G\Heart and Soul\03 Kenny G feat. Robin Thicke - Fall Again.flac,1,1,249.606,2026-08-25 20:57:50,2026-08-25 20:57:50
5,RadioTEDU Jazz,/cazz,configured_stream,51111,Fandango,Al Di Meola,,,,,,,430.973,H:\RadioTEDU Songs\Jazz\Al Di Meola\Twentyfour\01 Fandango.flac,1,1,430.874,2026-08-25 06:58:45,2026-08-25 06:58:45
5,RadioTEDU Jazz,/cazz,configured_stream,51830,Fascinatin' Rhythm,Yehudi Menuhin & Stéphane Grappelli,,,,,,,143.729,H:\RadioTEDU Songs\Jazz\Yehudi Menuhin & Stéphane Grappelli\Menuhin & Grappelli Play\1-01 Fascinatin' Rhythm (1).mp3,1,1,140.884,2026-08-25 14:21:08,2026-08-25 14:21:08
5,RadioTEDU Jazz,/cazz,configured_stream,51658,Father Daughter,Neil Cowley Trio,,,,,,,288.067,H:\RadioTEDU Songs\Jazz\Neil Cowley Trio\Entity\04 Father Daughter.flac,1,1,290.964,2026-08-25 13:36:06,2026-08-25 13:36:06
5,RadioTEDU Jazz,/cazz,configured_stream,52357,Fear Is My Business,De‐Phazz,,,,,,,168.584,H:\RadioTEDU Songs\Jazz\De‐Phazz\Lala 2.0\15 Fear Is My Business.mp3,1,1,165.76,2026-08-25 03:09:27,2026-08-25 03:09:27
5,RadioTEDU Jazz,/cazz,configured_stream,51660,Feeling Good,Nina Simone,,,,,,,174.0,H:\RadioTEDU Songs\Jazz\Nina Simone\I Put a Spell on You\07 Feeling Good.flac,1,1,172.683,2026-08-25 19:35:07,2026-08-25 19:35:07
5,RadioTEDU Jazz,/cazz,configured_stream,51275,Find Him,Cassandra Wilson,,,,,,,279.8,H:\RadioTEDU Songs\Jazz\Cassandra Wilson\New Moon Daughter\06 Find Him.mp3,1,1,277.916,2026-08-25 12:53:32,2026-08-25 12:53:32
5,RadioTEDU Jazz,/cazz,configured_stream,51178,Five,Bill Evans Trio,,,,,,,330.585,H:\RadioTEDU Songs\Jazz\Bill Evans Trio\The Complete Balboa Jazz Club Performances\1-09 Five.mp3,1,1,329.557,2026-08-25 21:03:34,2026-08-25 21:03:34
5,RadioTEDU Jazz,/cazz,configured_stream,52392,Fly Me to the Moon / You Make Me Feel So Young,Kenny G,,,,,,,210.227,H:\RadioTEDU Songs\Jazz\Kenny G\I'm in the Mood for Love... The Most Romantic Melodies of All Time\11 Fly Me to the Moon _ You Make Me Feel So Young.flac,1,1,207.556,2026-08-25 18:25:02,2026-08-25 18:25:02
5,RadioTEDU Jazz,/cazz,configured_stream,51543,For No One,Katie Noonan,,,,,,,190.24,H:\RadioTEDU Songs\Jazz\Katie Noonan\Blackbird_ The Music of Lennon & McCartney\03 For No One.mp3,1,1,190.329,2026-08-25 22:23:46,2026-08-25 22:23:46
5,RadioTEDU Jazz,/cazz,configured_stream,52371,Forever in Love,Kenny G,,,,,,,299.493,H:\RadioTEDU Songs\Jazz\Kenny G\Breathless\02 Kenny G - Forever in Love.flac,1,1,296.748,2026-08-25 07:18:37,2026-08-25 07:18:37
5,RadioTEDU Jazz,/cazz,configured_stream,51318,Forgetful,Chet Baker,,,,,,,155.246,H:\RadioTEDU Songs\Jazz\Chet Baker\Embraceable You\08 Forgetful.mp3,1,1,152.667,2026-08-25 14:23:41,2026-08-25 14:23:41
5,RadioTEDU Jazz,/cazz,configured_stream,51219,Gee Baby Ain't I Good to You,Bill Evans,,,,,,,281.24,H:\RadioTEDU Songs\Jazz\Bill Evans\The Complete Gus Wildi Recordings\2-11 Gee Baby Ain't I Good to You.mp3,1,1,278.545,2026-08-25 21:55:23,2026-08-25 21:55:23
5,RadioTEDU Jazz,/cazz,configured_stream,51124,Gershwin Medley: The Man I Love / Summertime / I’ve Got Plenty of Nothin’ / It Ain’t Necessarily So,Art Tatum,,,,,,,269.561,H:\RadioTEDU Songs\Jazz\Art Tatum\The V-Discs\05 Gershwin Medley_ The Man I Love _ Summertime _ I’ve Got Plenty of Nothin’ _ It Ain’t Necessarily So.mp3,1,1,266.646,2026-08-25 21:41:08,2026-08-25 21:41:08
5,RadioTEDU Jazz,/cazz,configured_stream,51235,Gloria’s Step (take 3),Bill Evans,,,,,,,420.784,"H:\RadioTEDU Songs\Jazz\Bill Evans\The Complete Village Vanguard Recordings, 1961\3-02 Gloria’s Step (take 3).mp3",1,1,418.173,2026-08-25 12:36:54,2026-08-25 12:36:54
5,RadioTEDU Jazz,/cazz,configured_stream,51119,Go Away Little Girl,Al Jarreau,,,,,,,343.04,H:\RadioTEDU Songs\Jazz\Al Jarreau\Tenderness\12 Al Jarreau - Go Away Little Girl.mp3,1,1,340.553,2026-08-25 09:15:22,2026-08-25 09:15:22
5,RadioTEDU Jazz,/cazz,configured_stream,51252,God Bless the Child,Billie Holiday,,,,,,,177.325,H:\RadioTEDU Songs\Jazz\Billie Holiday\Greatest Hits\10 God Bless the Child.mp3,1,1,174.666,2026-08-25 21:06:28,2026-08-25 21:06:28
5,RadioTEDU Jazz,/cazz,configured_stream,52384,Going Home,Kenny G,,,,,,,256.507,H:\RadioTEDU Songs\Jazz\Kenny G\Greatest Hits\10 Kenny G - Going Home.flac,1,1,254.353,2026-08-25 03:36:00,2026-08-25 03:36:00
5,RadioTEDU Jazz,/cazz,configured_stream,51825,Gone With the Wind,Wes Montgomery,,,,,,,382.65,H:\RadioTEDU Songs\Jazz\Wes Montgomery\The Incredible Jazz Guitar of Wes Montgomery\08 Gone With the Wind.mp3,1,1,383.626,2026-08-25 19:05:31,2026-08-25 19:05:31
5,RadioTEDU Jazz,/cazz,configured_stream,51281,Harvest Moon,Cassandra Wilson,,,,,,,315.4,H:\RadioTEDU Songs\Jazz\Cassandra Wilson\New Moon Daughter\12 Harvest Moon.mp3,1,1,313.815,2026-08-25 14:37:48,2026-08-25 14:37:48
5,RadioTEDU Jazz,/cazz,configured_stream,52407,Havana,Kenny G,,,,,,,440.4,H:\RadioTEDU Songs\Jazz\Kenny G\The Moment\03 Kenny G - Havana.flac,1,1,441.839,2026-08-25 15:58:42,2026-08-25 15:58:42
5,RadioTEDU Jazz,/cazz,configured_stream,52369,Heart and Soul (live),Kenny G,,,,,,,281.907,H:\RadioTEDU Songs\Jazz\Kenny G\Brazilian Nights\14 Heart and Soul (live).flac,1,1,279.251,2026-08-25 07:28:29,2026-08-25 07:28:29
5,RadioTEDU Jazz,/cazz,configured_stream,51564,"Hello, Dolly!",Louis Armstrong,,,,,,,147.0,"H:\RadioTEDU Songs\Jazz\Louis Armstrong\Hello, Dolly!\01 Hello, Dolly!.flac",1,1,144.205,2026-08-25 16:27:15,2026-08-25 16:27:15
5,RadioTEDU Jazz,/cazz,configured_stream,52356,Hot Little Harp,De‐Phazz,,,,,,,166.358,H:\RadioTEDU Songs\Jazz\De‐Phazz\Lala 2.0\14 Hot Little Harp.mp3,1,1,173.203,2026-08-25 10:27:55,2026-08-25 10:27:55
5,RadioTEDU Jazz,/cazz,configured_stream,52380,How Could an Angel Break My Heart,Kenny G with Toni Braxton,,,,,,,260.04,H:\RadioTEDU Songs\Jazz\Kenny G\Greatest Hits\1-07 Kenny G with Toni Braxton - How Could an Angel Break My Heart.flac,1,1,258.244,2026-08-25 20:53:40,2026-08-25 20:53:40
5,RadioTEDU Jazz,/cazz,configured_stream,51414,How High the Moon,Ella Fitzgerald,,,,,,,195.504,H:\RadioTEDU Songs\Jazz\Ella Fitzgerald\Lullabies of Birdland\08 How High the Moon.mp3,1,1,193.466,2026-08-25 18:36:05,2026-08-25 18:36:05
5,RadioTEDU Jazz,/cazz,configured_stream,51772,I Didn't Know About You,Stacey Kent,,,,,,,283.41,H:\RadioTEDU Songs\Jazz\Stacey Kent\The Tender Trap\02 I Didn't Know About You.mp3,1,1,283.428,2026-08-25 09:39:52,2026-08-25 09:39:52
5,RadioTEDU Jazz,/cazz,configured_stream,51392,I Fall in Love Too Easily,Eliane Elias,,,,,,,231.053,H:\RadioTEDU Songs\Jazz\Eliane Elias\Everything I Love\04 I Fall in Love Too Easily.mp3,1,1,229.177,2026-08-25 18:01:26,2026-08-25 18:01:26
5,RadioTEDU Jazz,/cazz,configured_stream,51704,I Got a Woman,Ray Charles,,,,,,,171.467,H:\RadioTEDU Songs\Jazz\Ray Charles\Ray Charles\14 I Got a Woman.flac,1,1,169.611,2026-08-25 09:58:27,2026-08-25 09:58:27
5,RadioTEDU Jazz,/cazz,configured_stream,51844,I Got Rhythm,Yehudi Menuhin & Stéphane Grappelli,,,,,,,182.39,H:\RadioTEDU Songs\Jazz\Yehudi Menuhin & Stéphane Grappelli\Menuhin & Grappelli Play\1-09 I Got Rhythm.mp3,1,1,179.487,2026-08-25 09:55:38,2026-08-25 09:55:38
5,RadioTEDU Jazz,/cazz,configured_stream,51798,I Hate U,Terrace Martin,,,,,,,168.2,H:\RadioTEDU Songs\Jazz\Terrace Martin\Her Thoughts\06 Terrace Martin - I Hate U.flac,1,1,169.0,2026-08-25 05:46:30,2026-08-25 05:46:30
5,RadioTEDU Jazz,/cazz,configured_stream,51141,I Hear a Rhapsody,Bill Evans & Jim Hall,,,,,,,278.293,H:\RadioTEDU Songs\Jazz\Bill Evans & Jim Hall\Undercurrent\02 I Hear a Rhapsody.mp3,1,1,278.507,2026-08-25 19:48:44,2026-08-25 19:48:44
5,RadioTEDU Jazz,/cazz,configured_stream,51584,I Must Be Saved,Madeleine Peyroux,,,,,,,285.267,H:\RadioTEDU Songs\Jazz\Madeleine Peyroux\Bare Bones\10 I Must Be Saved.mp3,1,1,282.682,2026-08-25 16:56:16,2026-08-25 16:56:16
5,RadioTEDU Jazz,/cazz,configured_stream,51232,I'll Never Smile Again (take Re-6),Bill Evans,,,,,,,398.045,H:\RadioTEDU Songs\Jazz\Bill Evans\The Complete Riverside Recordings\09-06 I'll Never Smile Again (take Re-6).mp3,1,1,395.328,2026-08-25 06:51:35,2026-08-25 06:51:35
5,RadioTEDU Jazz,/cazz,configured_stream,51475,I'll Win Your Heart,Fredrika Stahl,,,,,,,184.547,H:\RadioTEDU Songs\Jazz\Fredrika Stahl\Tributaries\08 I'll Win Your Heart (1).mp3,1,1,186.08,2026-08-25 06:06:24,2026-08-25 06:06:24
5,RadioTEDU Jazz,/cazz,configured_stream,51420,I'm in the Mood for Love,Erroll Garner,,,,,,,269.294,H:\RadioTEDU Songs\Jazz\Erroll Garner\Closeup in Swing\07 I'm in the Mood for Love.flac,1,1,270.256,2026-08-25 10:59:12,2026-08-25 10:59:12
5,RadioTEDU Jazz,/cazz,configured_stream,51534,I'm in the Mood for Love,Julie London,,,,,,,149.827,H:\RadioTEDU Songs\Jazz\Julie London\Julie Is Her Name\03 I'm in the Mood for Love.flac,1,1,147.877,2026-08-25 15:07:42,2026-08-25 15:07:42
5,RadioTEDU Jazz,/cazz,configured_stream,52389,I'm in the Mood for Love,Kenny G,,,,,,,242.027,H:\RadioTEDU Songs\Jazz\Kenny G\I'm in the Mood for Love... The Most Romantic Melodies of All Time\04 I'm in the Mood for Love.flac,1,1,239.341,2026-08-25 08:35:35,2026-08-25 08:35:35
5,RadioTEDU Jazz,/cazz,configured_stream,51745,I'm Old Fashioned,Stacey Kent,,,,,,,179.208,H:\RadioTEDU Songs\Jazz\Stacey Kent\Close Your Eyes\07 I'm Old Fashioned.mp3,1,1,188.759,2026-08-25 04:55:55,2026-08-25 04:55:55
5,RadioTEDU Jazz,/cazz,configured_stream,51827,I've got my love to keep me warm,Berlin,,,,,,,211.7,H:\RadioTEDU Songs\Jazz\Yehudi Menuhin & Stephane Grappelli\For All Seasons\03 Berlin - I've got my love to keep me warm.mp3,1,1,208.981,2026-08-25 16:16:49,2026-08-25 16:16:49
5,RadioTEDU Jazz,/cazz,configured_stream,52390,If,Kenny G,,,,,,,205.16,H:\RadioTEDU Songs\Jazz\Kenny G\I'm in the Mood for Love... The Most Romantic Melodies of All Time\05 If.flac,1,1,202.4,2026-08-25 02:58:51,2026-08-25 02:58:51
5,RadioTEDU Jazz,/cazz,configured_stream,51208,If You Could See Me Now,Bill Evans,,,,,,,349.051,H:\RadioTEDU Songs\Jazz\Bill Evans\His Last Concert in Germany\09 If You Could See Me Now.mp3,1,1,353.464,2026-08-25 08:12:36,2026-08-25 08:12:36
5,RadioTEDU Jazz,/cazz,configured_stream,51803,If You Could See Me Now,The Bill Evans Trio,,,,,,,268.507,H:\RadioTEDU Songs\Jazz\The Bill Evans Trio\Moon Beams\05 If You Could See Me Now.mp3,1,1,267.4,2026-08-25 17:49:56,2026-08-25 17:49:56
5,RadioTEDU Jazz,/cazz,configured_stream,52362,In the Mood,The Glenn Miller Orchestra,,,,,,,216.107,H:\RadioTEDU Songs\Jazz\Glenn Miller & His Orchestra\Glenn Miller Greatest Hits\01 In the Mood.flac,1,1,217.298,2026-08-25 18:08:53,2026-08-25 18:08:53
5,RadioTEDU Jazz,/cazz,configured_stream,52372,In the Rain,Kenny G,,,,,,,300.467,H:\RadioTEDU Songs\Jazz\Kenny G\Breathless\03 Kenny G - In the Rain.flac,1,1,297.841,2026-08-25 04:15:03,2026-08-25 04:15:03
5,RadioTEDU Jazz,/cazz,configured_stream,51231,In Your Own Sweet Way (Take 2),Bill Evans,,,,,,,356.2,H:\RadioTEDU Songs\Jazz\Bill Evans\The Complete Riverside Recordings\08-12 In Your Own Sweet Way (Take 2).mp3,1,1,357.57,2026-08-25 05:57:07,2026-08-25 05:57:07
5,RadioTEDU Jazz,/cazz,configured_stream,51575,Instead,Madeleine Peyroux,,,,,,,313.08,H:\RadioTEDU Songs\Jazz\Madeleine Peyroux\Bare Bones\01 Instead.mp3,1,1,310.441,2026-08-25 11:56:10,2026-08-25 11:56:10
5,RadioTEDU Jazz,/cazz,configured_stream,51110,Ishmael,Abdullah Ibrahim feat. Noah Jackson & Cleve Guyton Jr.,,,,,,,102.92,H:\RadioTEDU Songs\Jazz\Abdullah Ibrahim\3\1-05 Abdullah Ibrahim feat. Noah Jackson & Cleve Guyton Jr. - Ishmael.flac,1,1,102.899,2026-08-25 16:51:23,2026-08-25 16:51:23
5,RadioTEDU Jazz,/cazz,configured_stream,51758,It Might as Well Be Spring,Stacey Kent,,,,,,,279.589,H:\RadioTEDU Songs\Jazz\Stacey Kent\In Love Again_ The Music of Richard Rodgers\07 It Might as Well Be Spring.mp3,1,1,276.914,2026-08-25 13:31:15,2026-08-25 13:31:15
5,RadioTEDU Jazz,/cazz,configured_stream,51784,It's a Wonderful World,Stacey Kent,,,,,,,261.206,H:\RadioTEDU Songs\Jazz\Stacey Kent\The Tender Trap\12 It's a Wonderful World.mp3,1,1,261.461,2026-08-25 05:12:08,2026-08-25 05:12:08
5,RadioTEDU Jazz,/cazz,configured_stream,51742,It's Delovely,Stacey Kent,,,,,,,205.04,H:\RadioTEDU Songs\Jazz\Stacey Kent\Close Your Eyes\05 It's Delovely (1).mp3,1,1,203.677,2026-08-25 14:10:10,2026-08-25 14:10:10
5,RadioTEDU Jazz,/cazz,configured_stream,51743,It's Delovely,Stacey Kent,,,,,,,205.696,H:\RadioTEDU Songs\Jazz\Stacey Kent\Close Your Eyes\05 It's Delovely.mp3,1,1,205.725,2026-08-25 05:25:46,2026-08-25 05:25:46
5,RadioTEDU Jazz,/cazz,configured_stream,51685,It's Gonna Be,Norah Jones,,,,,,,191.467,H:\RadioTEDU Songs\Jazz\Norah Jones\The Fall\1-07 It's Gonna Be.mp3,1,1,190.178,2026-08-25 17:31:18,2026-08-25 17:31:18
5,RadioTEDU Jazz,/cazz,configured_stream,51806,I’ll Always Love You,The C.A. Warren Players,,,,,,,151.847,H:\RadioTEDU Songs\Jazz\The C.A. Warren Players\Down to Earth With Soul\05 I’ll Always Love You.mp3,1,1,149.036,2026-08-25 15:34:43,2026-08-25 15:34:43
5,RadioTEDU Jazz,/cazz,configured_stream,51262,I’ll Look Around,Billie Holiday,,,,,,,195.587,H:\RadioTEDU Songs\Jazz\Billie Holiday\The Lady Sings\10 Billie Holiday - I’ll Look Around.flac,1,1,197.116,2026-08-25 06:09:44,2026-08-25 06:09:44
5,RadioTEDU Jazz,/cazz,configured_stream,51454,I’ve Got You Under My Skin,Frank Sinatra,,,,,,,223.0,H:\RadioTEDU Songs\Jazz\Frank Sinatra\Platinum\1-12 I’ve Got You Under My Skin.flac,1,1,220.217,2026-08-25 19:12:13,2026-08-25 19:12:13
5,RadioTEDU Jazz,/cazz,configured_stream,52414,Jasmine Flower,Kenny G,,,,,,,276.813,H:\RadioTEDU Songs\Jazz\Kenny G\Ultimate Kenny G\12 Kenny G - Jasmine Flower.flac,1,1,280.146,2026-08-25 12:29:39,2026-08-25 12:29:39
5,RadioTEDU Jazz,/cazz,configured_stream,52350,Jazz Is the Move,De‐Phazz,,,,,,,208.451,H:\RadioTEDU Songs\Jazz\De‐Phazz\Lala 2.0\08 Jazz Is the Move.mp3,1,1,207.375,2026-08-25 14:32:35,2026-08-25 14:32:35
5,RadioTEDU Jazz,/cazz,configured_stream,52343,Just a File,De‐Phazz,,,,,,,180.931,H:\RadioTEDU Songs\Jazz\De‐Phazz\Lala 2.0\01 Just a File.mp3,1,1,178.635,2026-08-25 05:39:34,2026-08-25 05:39:34
5,RadioTEDU Jazz,/cazz,configured_stream,51499,Just the Way You Are,"Harry Connick, Jr.",,,,,,,227.866,"H:\RadioTEDU Songs\Jazz\Harry Connick, Jr_\Your Songs\02 Just the Way You Are.mp3",1,1,227.649,2026-08-25 15:11:30,2026-08-25 15:11:30
5,RadioTEDU Jazz,/cazz,configured_stream,51294,La Santa Espina,Charlie Haden & Carla Bley,,,,,,,418.24,H:\RadioTEDU Songs\Jazz\Charlie Haden & Carla Bley\The Ballad of the Fallen\10 La Santa Espina.mp3,1,1,415.329,2026-08-25 13:56:58,2026-08-25 13:56:58
5,RadioTEDU Jazz,/cazz,configured_stream,51569,La Vie en rose,Louis Armstrong,,,,,,,205.231,H:\RadioTEDU Songs\Jazz\Louis Armstrong\The Very Best of Louis Armstrong\42 Louis Armstrong - La Vie en rose.mp3,1,1,204.134,2026-08-25 18:43:37,2026-08-25 18:43:37
5,RadioTEDU Jazz,/cazz,configured_stream,51352,Latin Blues,Dave Pike,,,,,,,176.44,H:\RadioTEDU Songs\Jazz\Dave Pike\Manhattan Latin\08 Latin Blues.mp3,1,1,173.691,2026-08-25 14:42:10,2026-08-25 14:42:10
5,RadioTEDU Jazz,/cazz,configured_stream,51857,Laura,Yehudi Menuhin & Stéphane Grappelli,,,,,,,272.565,H:\RadioTEDU Songs\Jazz\Yehudi Menuhin & Stéphane Grappelli\Menuhin & Grappelli Play\1-17 Laura (1).mp3,1,1,272.472,2026-08-25 03:13:59,2026-08-25 03:13:59
5,RadioTEDU Jazz,/cazz,configured_stream,51626,Les Étoiles,Melody Gardot,,,,,,,200.333,H:\RadioTEDU Songs\Jazz\Melody Gardot\My One and Only Thrill\07 Melody Gardot - Les Étoiles (1).mp3,1,1,198.352,2026-08-25 11:44:57,2026-08-25 11:44:57
5,RadioTEDU Jazz,/cazz,configured_stream,51374,Let’s Fall in Love,Diana Krall,,,,,,,258.96,H:\RadioTEDU Songs\Jazz\Diana Krall\When I Look in Your Eyes\03 Let’s Fall in Love.flac,1,1,263.509,2026-08-25 18:32:51,2026-08-25 18:32:51
5,RadioTEDU Jazz,/cazz,configured_stream,51681,Light as a Feather,Norah Jones,,,,,,,232.493,H:\RadioTEDU Songs\Jazz\Norah Jones\The Fall\03 Light as a Feather.mp3,1,1,232.392,2026-08-25 18:52:15,2026-08-25 18:52:15
5,RadioTEDU Jazz,/cazz,configured_stream,51792,Little Wing,Sting & Gil Evans,,,,,,,584.311,H:\RadioTEDU Songs\Jazz\Sting & Gil Evans\Last Session\04 Little Wing.mp3,1,1,585.184,2026-08-25 13:26:39,2026-08-25 13:26:39
5,RadioTEDU Jazz,/cazz,configured_stream,51590,Lonnie's Lament,Marcus Miller,,,,,,,651.289,H:\RadioTEDU Songs\Jazz\Marcus Miller\The Ozell Tapes_ The Official Bootleg\1-04 Marcus Miller - Lonnie's Lament.mp3,1,1,651.272,2026-08-25 22:51:31,2026-08-25 22:51:31
5,RadioTEDU Jazz,/cazz,configured_stream,51194,Lullaby for Helene,Bill Evans,,,,,,,175.467,H:\RadioTEDU Songs\Jazz\Bill Evans\From Left to Right\07 Lullaby for Helene.mp3,1,1,173.813,2026-08-25 19:41:18,2026-08-25 19:41:18
5,RadioTEDU Jazz,/cazz,configured_stream,51269,Lulluaby of Birdland,Ella Fitzgerald,,,,,,,171.079,H:\RadioTEDU Songs\Jazz\Brad Mehldau\Ma femme est une actrice\02 Ella Fitzgerald - Lulluaby of Birdland.mp3,1,1,171.123,2026-08-25 05:22:11,2026-08-25 05:22:11
5,RadioTEDU Jazz,/cazz,configured_stream,51348,Mambo Dinero,Dave Pike,,,,,,,159.867,H:\RadioTEDU Songs\Jazz\Dave Pike\Manhattan Latin\04 Mambo Dinero.mp3,1,1,161.18,2026-08-25 08:19:15,2026-08-25 08:19:15
5,RadioTEDU Jazz,/cazz,configured_stream,51421,Martini,"Erwin Do, Miguel Carne",,,,,,,165.889,"H:\RadioTEDU Songs\Jazz\Erwin Do, Miguel Carne\Cocktail Bar Jazz\01 Martini.flac",1,1,164.471,2026-08-25 19:32:14,2026-08-25 19:32:14
5,RadioTEDU Jazz,/cazz,configured_stream,51280,Memphis,Cassandra Wilson,,,,,,,305.333,H:\RadioTEDU Songs\Jazz\Cassandra Wilson\New Moon Daughter\11 Memphis.mp3,1,1,303.079,2026-08-25 13:09:34,2026-08-25 13:09:34
5,RadioTEDU Jazz,/cazz,configured_stream,51443,Midnight Blue (2012 Remaster),Kenny Burrell,,,,,,,242.773,H:\RadioTEDU Songs\Jazz\Frank Sinatra\Hi-Res Masters_ 50 Jazz Tracks to Test Your Speakers\09 Kenny Burrell - Midnight Blue (2012 Remaster).flac,1,1,241.72,2026-08-25 22:20:34,2026-08-25 22:20:34
5,RadioTEDU Jazz,/cazz,configured_stream,52405,Missing You Now,Michael Bolton with Kenny G,,,,,,,279.313,H:\RadioTEDU Songs\Jazz\Kenny G\The Essential Kenny G\2-07 Michael Bolton with Kenny G - Missing You Now.flac,1,1,279.405,2026-08-25 14:06:37,2026-08-25 14:06:37
5,RadioTEDU Jazz,/cazz,configured_stream,52363,Moonlight Serenade,Glenn Miller,,,,,,,200.5,H:\RadioTEDU Songs\Jazz\Glenn Miller and His Orchestra\The Complete Glenn Miller and His Orchestra (1938-1942)\01-10 Moonlight Serenade.flac,1,1,218.21,2026-08-25 21:24:17,2026-08-25 21:24:17
5,RadioTEDU Jazz,/cazz,configured_stream,51151,Mother of Earl,Bill Evans Trio,,,,,,,315.38,H:\RadioTEDU Songs\Jazz\Bill Evans Trio\At the Montreux Jazz Festival\03 Mother of Earl.mp3,1,1,313.332,2026-08-25 16:37:42,2026-08-25 16:37:42
5,RadioTEDU Jazz,/cazz,configured_stream,51673,My Dear Country,Norah Jones,,,,,,,205.227,H:\RadioTEDU Songs\Jazz\Norah Jones\Not Too Late\08 My Dear Country.mp3,1,1,202.388,2026-08-25 18:59:08,2026-08-25 18:59:08
5,RadioTEDU Jazz,/cazz,configured_stream,51527,My Favorite Things (Part I),John Coltrane,,,,,,,167.031,H:\RadioTEDU Songs\Jazz\John Coltrane\My Favorite Things\01 My Favorite Things (Part I) (1).mp3,1,1,165.222,2026-08-25 05:07:44,2026-08-25 05:07:44
5,RadioTEDU Jazz,/cazz,configured_stream,51528,My Favorite Things (Part I),John Coltrane,,,,,,,167.03,H:\RadioTEDU Songs\Jazz\John Coltrane\My Favorite Things\01 My Favorite Things (Part I).mp3,1,1,164.469,2026-08-25 06:33:24,2026-08-25 06:33:24
5,RadioTEDU Jazz,/cazz,configured_stream,51529,My Favorite Things (Part II),John Coltrane,,,,,,,182.286,H:\RadioTEDU Songs\Jazz\John Coltrane\My Favorite Things\02 My Favorite Things (Part II) (1).mp3,1,1,180.022,2026-08-25 05:19:20,2026-08-25 05:19:20
5,RadioTEDU Jazz,/cazz,configured_stream,51184,My Foolish Heart,Bill Evans Trio,,,,,,,294.824,H:\RadioTEDU Songs\Jazz\Bill Evans Trio\Waltz for Debby\01 My Foolish Heart.flac,1,1,291.962,2026-08-25 16:03:35,2026-08-25 16:03:35
5,RadioTEDU Jazz,/cazz,configured_stream,51140,My Funny Valentine,Bill Evans & Jim Hall,,,,,,,321.8,H:\RadioTEDU Songs\Jazz\Bill Evans & Jim Hall\Undercurrent\01 My Funny Valentine.mp3,1,1,321.991,2026-08-25 21:50:32,2026-08-25 21:50:32
5,RadioTEDU Jazz,/cazz,configured_stream,51214,My Heart Stood Still,Bill Evans,,,,,,,70.743,H:\RadioTEDU Songs\Jazz\Bill Evans\The Complete Bill Evans on Verve\03-07 My Heart Stood Still.mp3,1,1,73.632,2026-08-25 14:39:06,2026-08-25 14:39:06
5,RadioTEDU Jazz,/cazz,configured_stream,51233,My Heart Stood Still,Bill Evans,,,,,,,285.94,H:\RadioTEDU Songs\Jazz\Bill Evans\The Complete Riverside Recordings\12-10 My Heart Stood Still.mp3,1,1,286.012,2026-08-25 04:33:32,2026-08-25 04:33:32
5,RadioTEDU Jazz,/cazz,configured_stream,52399,My Heart Will Go On (Love Theme From “Titanic”),Kenny G,,,,,,,261.453,H:\RadioTEDU Songs\Jazz\Kenny G\Songbird_ The Best of Kenny G\1-13 My Heart Will Go On (Love Theme From “Titanic”).flac,1,1,261.637,2026-08-25 12:57:54,2026-08-25 12:57:54
5,RadioTEDU Jazz,/cazz,configured_stream,51169,My Man’s Gone Now,Bill Evans Trio,,,,,,,389.0,H:\RadioTEDU Songs\Jazz\Bill Evans Trio\The Complete Balboa Jazz Club Performances\1-03 My Man’s Gone Now (1).mp3,1,1,386.288,2026-08-25 13:04:31,2026-08-25 13:04:31
5,RadioTEDU Jazz,/cazz,configured_stream,51736,My Queen Is Ada Eastman,Sons of Kemet,,,,,,,401.187,H:\RadioTEDU Songs\Jazz\Sons of Kemet\Your Queen Is a Reptile\01 My Queen Is Ada Eastman.flac,1,1,398.43,2026-08-25 04:45:21,2026-08-25 04:45:21
5,RadioTEDU Jazz,/cazz,configured_stream,51163,My Romance,Bill Evans Trio,,,,,,,545.04,H:\RadioTEDU Songs\Jazz\Bill Evans Trio\In Buenos Aires - Vol. 1\06 My Romance.mp3,1,1,542.428,2026-08-25 09:03:28,2026-08-25 09:03:28
5,RadioTEDU Jazz,/cazz,configured_stream,51423,Negroni,"Erwin Do, Miguel Carne",,,,,,,147.952,"H:\RadioTEDU Songs\Jazz\Erwin Do, Miguel Carne\Cocktail Bar Jazz\03 Negroni.flac",1,1,146.407,2026-08-25 14:44:36,2026-08-25 14:44:36
5,RadioTEDU Jazz,/cazz,configured_stream,51438,"New York, New York",Frank Sinatra,,,,,,,206.616,"H:\RadioTEDU Songs\Jazz\Frank Sinatra\Evergreen Selection\1-01 New York, New York.mp3",1,1,206.826,2026-08-25 04:48:47,2026-08-25 04:48:47
5,RadioTEDU Jazz,/cazz,configured_stream,52333,Night and Day,Bebel Gilberto,,,,,,,295.239,H:\RadioTEDU Songs\Jazz\Bebel Gilberto\Momento\07 Bebel Gilberto - Night and Day.mp3,1,1,292.49,2026-08-25 08:54:23,2026-08-25 08:54:23
5,RadioTEDU Jazz,/cazz,configured_stream,51596,Nikki's Groove,Marcus Miller,,,,,,,304.122,H:\RadioTEDU Songs\Jazz\Marcus Miller\The Ozell Tapes_ The Official Bootleg\2-03 Marcus Miller - Nikki's Groove.mp3,1,1,301.211,2026-08-25 09:35:09,2026-08-25 09:35:09
5,RadioTEDU Jazz,/cazz,configured_stream,51759,Nobody's Heart (Belongs to Me),Stacey Kent,,,,,,,228.885,H:\RadioTEDU Songs\Jazz\Stacey Kent\In Love Again_ The Music of Richard Rodgers\08 Nobody's Heart (Belongs to Me).mp3,1,1,226.43,2026-08-25 12:08:36,2026-08-25 12:08:36
5,RadioTEDU Jazz,/cazz,configured_stream,51218,Nouroog,Bill Evans,,,,,,,271.114,H:\RadioTEDU Songs\Jazz\Bill Evans\The Complete Gus Wildi Recordings\2-05 Nouroog.mp3,1,1,268.764,2026-08-25 19:25:10,2026-08-25 19:25:10
5,RadioTEDU Jazz,/cazz,configured_stream,51692,Odyssey,Nubya Garcia,,,,,,,443.488,H:\RadioTEDU Songs\Jazz\Nubya Garcia\Odyssey\02 Nubya Garcia - Odyssey.flac,1,1,440.8,2026-08-25 11:21:11,2026-08-25 11:21:11
5,RadioTEDU Jazz,/cazz,configured_stream,51474,Oh Sunny Sunny Day,Fredrika Stahl,,,,,,,181.693,H:\RadioTEDU Songs\Jazz\Fredrika Stahl\Tributaries\06 Oh Sunny Sunny Day.mp3,1,1,183.508,2026-08-25 18:28:06,2026-08-25 18:28:06
5,RadioTEDU Jazz,/cazz,configured_stream,51853,"Oh, Lady Be Good",Yehudi Menuhin & Stéphane Grappelli,,,,,,,221.26,"H:\RadioTEDU Songs\Jazz\Yehudi Menuhin & Stéphane Grappelli\Menuhin & Grappelli Play\1-15 Oh, Lady Be Good (1).mp3",1,1,221.331,2026-08-25 06:37:05,2026-08-25 06:37:05
5,RadioTEDU Jazz,/cazz,configured_stream,51854,"Oh, Lady Be Good",Yehudi Menuhin & Stéphane Grappelli,,,,,,,221.26,"H:\RadioTEDU Songs\Jazz\Yehudi Menuhin & Stéphane Grappelli\Menuhin & Grappelli Play\1-15 Oh, Lady Be Good.mp3",1,1,220.812,2026-08-25 04:24:33,2026-08-25 04:24:33
5,RadioTEDU Jazz,/cazz,configured_stream,52417,One for My Baby (and One More for the Road),Tony Bennett & John Mayer,,,,,,,176.013,H:\RadioTEDU Songs\Jazz\Tony Bennett\Duets II\02 Tony Bennett & John Mayer - One for My Baby (and One More for the Road).flac,1,1,173.287,2026-08-25 11:59:03,2026-08-25 11:59:03
5,RadioTEDU Jazz,/cazz,configured_stream,52412,One More Time,Kenny G feat. Chanté Moore,,,,,,,244.541,H:\RadioTEDU Songs\Jazz\Kenny G\Ultimate Kenny G\07 Kenny G feat. Chanté Moore - One More Time (1).flac,1,1,242.051,2026-08-25 05:16:20,2026-08-25 05:16:20
5,RadioTEDU Jazz,/cazz,configured_stream,52413,One More Time,Kenny G feat. Chanté Moore,,,,,,,244.332,H:\RadioTEDU Songs\Jazz\Kenny G\Ultimate Kenny G\07 Kenny G feat. Chanté Moore - One More Time.flac,1,1,245.12,2026-08-25 19:29:16,2026-08-25 19:29:16
5,RadioTEDU Jazz,/cazz,configured_stream,52326,Os novos yorkinos,Bebel Gilberto,,,,,,,219.667,H:\RadioTEDU Songs\Jazz\Bebel Gilberto\Momento\04 Bebel Gilberto - Os novos yorkinos (1).mp3,1,1,219.677,2026-08-25 08:23:08,2026-08-25 08:23:08
5,RadioTEDU Jazz,/cazz,configured_stream,51852,Our Love is Here to Stay,Yehudi Menuhin & Stéphane Grappelli,,,,,,,241.845,H:\RadioTEDU Songs\Jazz\Yehudi Menuhin & Stéphane Grappelli\Menuhin & Grappelli Play\1-14 Our Love is Here to Stay.mp3,1,1,239.884,2026-08-25 03:55:25,2026-08-25 03:55:25
5,RadioTEDU Jazz,/cazz,configured_stream,51298,Palhaço,Charlie Haden / Egberto Gismonti,,,,,,,559.18,H:\RadioTEDU Songs\Jazz\Charlie Haden _ Egberto Gismonti\In Montreal\04 Palhaço.mp3,1,1,559.162,2026-08-25 08:49:20,2026-08-25 08:49:20
5,RadioTEDU Jazz,/cazz,configured_stream,52395,Paradise,Kenny G,,,,,,,254.64,H:\RadioTEDU Songs\Jazz\Kenny G\Paradise\02 Kenny G - Paradise.flac,1,1,251.955,2026-08-25 04:28:45,2026-08-25 04:28:45
5,RadioTEDU Jazz,/cazz,configured_stream,52364,Parce mihi domine,Cristóbal de Morales,,,,,,,404.94,H:\RadioTEDU Songs\Jazz\Jan Garbarek & The Hilliard Ensemble\Officium\01 Cristóbal de Morales - Parce mihi domine.flac,1,1,402.631,2026-08-25 03:26:17,2026-08-25 03:26:17
5,RadioTEDU Jazz,/cazz,configured_stream,51469,Pourquoi pas moi ?,Fredrika Stahl,,,,,,,219.08,H:\RadioTEDU Songs\Jazz\Fredrika Stahl\Tributaries\03 Pourquoi pas moi _ (1).mp3,1,1,217.231,2026-08-25 16:13:21,2026-08-25 16:13:21
5,RadioTEDU Jazz,/cazz,configured_stream,51611,Question Mark,Mark Guiliana,,,,,,,155.85,H:\RadioTEDU Songs\Jazz\Mark Guiliana\MARK\07 Question Mark.flac,1,1,157.24,2026-08-25 06:26:50,2026-08-25 06:26:50
5,RadioTEDU Jazz,/cazz,configured_stream,52353,Rat Pack,De‐Phazz,,,,,,,242.558,H:\RadioTEDU Songs\Jazz\De‐Phazz\Lala 2.0\11 Rat Pack.mp3,1,1,242.37,2026-08-25 03:02:53,2026-08-25 03:02:53
5,RadioTEDU Jazz,/cazz,configured_stream,51799,Re: Person I Knew,The Bill Evans Trio,,,,,,,344.16,H:\RadioTEDU Songs\Jazz\The Bill Evans Trio\Moon Beams\01 Re_ Person I Knew.mp3,1,1,344.109,2026-08-25 17:08:05,2026-08-25 17:08:05
5,RadioTEDU Jazz,/cazz,configured_stream,51677,Rosie's Lullaby,Norah Jones,,,,,,,236.773,H:\RadioTEDU Songs\Jazz\Norah Jones\Not Too Late\12 Rosie's Lullaby.mp3,1,1,236.737,2026-08-25 14:18:36,2026-08-25 14:18:36
5,RadioTEDU Jazz,/cazz,configured_stream,51409,Rough Ridin’,Ella Fitzgerald,,,,,,,194.668,H:\RadioTEDU Songs\Jazz\Ella Fitzgerald\Lullabies of Birdland\02 Rough Ridin’.mp3,1,1,195.531,2026-08-25 15:20:21,2026-08-25 15:20:21
5,RadioTEDU Jazz,/cazz,configured_stream,51866,RUSH,シートベルツ,,,,,,,214.173,H:\RadioTEDU Songs\Jazz\シートベルツ\COWBOY BEBOP\02 RUSH.flac,1,1,214.26,2026-08-25 14:48:11,2026-08-25 14:48:11
5,RadioTEDU Jazz,/cazz,configured_stream,52396,Sabor a mí,Kenny G,,,,,,,262.533,H:\RadioTEDU Songs\Jazz\Kenny G\Rhythm & Romance\03 Kenny G - Sabor a mí.flac,1,1,262.157,2026-08-25 07:03:19,2026-08-25 07:03:19
5,RadioTEDU Jazz,/cazz,configured_stream,51697,Samba D'Orpheu,Paul Desmond,,,,,,,258.305,H:\RadioTEDU Songs\Jazz\Paul Desmond\Feeling Blue\05 Samba D'Orpheu.mp3,1,1,258.795,2026-08-25 12:16:35,2026-08-25 12:16:35
5,RadioTEDU Jazz,/cazz,configured_stream,51115,Save Your Love for Me,Al Jarreau,,,,,,,354.847,H:\RadioTEDU Songs\Jazz\Al Jarreau\Tenderness\08 Al Jarreau - Save Your Love for Me.mp3,1,1,354.808,2026-08-25 07:51:07,2026-08-25 07:51:07
5,RadioTEDU Jazz,/cazz,configured_stream,51791,Shadows in the Rain,Sting & Gil Evans,,,,,,,354.982,H:\RadioTEDU Songs\Jazz\Sting & Gil Evans\Last Session\03 Shadows in the Rain.mp3,1,1,361.143,2026-08-25 21:20:38,2026-08-25 21:20:38
5,RadioTEDU Jazz,/cazz,configured_stream,51343,Show Me the Way,Dave Koz,,,,,,,322.095,H:\RadioTEDU Songs\Jazz\Dave Koz\Lucky Man\13 Dave Koz - Show Me the Way.mp3,1,1,322.889,2026-08-25 15:28:59,2026-08-25 15:28:59
5,RadioTEDU Jazz,/cazz,configured_stream,52397,Silhouette,Kenny G,,,,,,,327.6,H:\RadioTEDU Songs\Jazz\Kenny G\Silhouette\01 Silhouette.flac,1,1,325.59,2026-08-25 03:19:34,2026-08-25 03:19:34
5,RadioTEDU Jazz,/cazz,configured_stream,51144,Skating in Central Park,Bill Evans & Jim Hall,,,,,,,324.2,H:\RadioTEDU Songs\Jazz\Bill Evans & Jim Hall\Undercurrent\05 Skating in Central Park.flac,1,1,323.253,2026-08-25 13:44:53,2026-08-25 13:44:53
5,RadioTEDU Jazz,/cazz,configured_stream,51369,So Nice,Diana Krall,,,,,,,232.613,H:\RadioTEDU Songs\Jazz\Diana Krall\Quiet Nights\08 So Nice.mp3,1,1,233.571,2026-08-25 18:39:59,2026-08-25 18:39:59
5,RadioTEDU Jazz,/cazz,configured_stream,51272,Solomon Sang,Cassandra Wilson,,,,,,,356.36,H:\RadioTEDU Songs\Jazz\Cassandra Wilson\New Moon Daughter\03 Solomon Sang.mp3,1,1,354.138,2026-08-25 10:13:57,2026-08-25 10:13:57
5,RadioTEDU Jazz,/cazz,configured_stream,52366,Sometimes,Jazzamor,,,,,,,236.907,H:\RadioTEDU Songs\Jazz\Jazzamor\Lazy Sunday Afternoon\11 Sometimes.mp3,1,1,236.793,2026-08-25 04:09:56,2026-08-25 04:09:56
5,RadioTEDU Jazz,/cazz,configured_stream,52376,Songbird,Kenny G,,,,,,,303.333,H:\RadioTEDU Songs\Jazz\Kenny G\Duotones\01 Songbird.flac,1,1,300.612,2026-08-25 04:38:42,2026-08-25 04:38:42
5,RadioTEDU Jazz,/cazz,configured_stream,51120,Sonho ancestral,Amaro Freitas,,,,,,,292.947,H:\RadioTEDU Songs\Jazz\Amaro Freitas\Y’Y\05 Sonho ancestral.flac,1,1,295.499,2026-08-25 12:44:32,2026-08-25 12:44:32
5,RadioTEDU Jazz,/cazz,configured_stream,51833,Soon,Yehudi Menuhin & Stéphane Grappelli,,,,,,,232.101,H:\RadioTEDU Songs\Jazz\Yehudi Menuhin & Stéphane Grappelli\Menuhin & Grappelli Play\1-02 Soon.mp3,1,1,229.355,2026-08-25 07:45:13,2026-08-25 07:45:13
5,RadioTEDU Jazz,/cazz,configured_stream,51146,Stairway to the Stars,Bill Evans & Jim Hall,,,,,,,339.267,H:\RadioTEDU Songs\Jazz\Bill Evans & Jim Hall\Undercurrent\05 Stairway to the Stars.mp3,1,1,339.242,2026-08-25 08:06:26,2026-08-25 08:06:26
5,RadioTEDU Jazz,/cazz,configured_stream,51466,Star‐Crossed Lovers,Fred Hersch,,,,,,,237.99,"H:\RadioTEDU Songs\Jazz\Fred Hersch\Silent, Listening\01 Star‐Crossed Lovers.flac",1,1,237.869,2026-08-25 11:28:52,2026-08-25 11:28:52
5,RadioTEDU Jazz,/cazz,configured_stream,51114,Summertime,Al Jarreau,,,,,,,377.571,H:\RadioTEDU Songs\Jazz\Al Jarreau\Tenderness\06 Al Jarreau - Summertime.mp3,1,1,378.469,2026-08-25 23:06:15,2026-08-25 23:06:15
5,RadioTEDU Jazz,/cazz,configured_stream,51226,Summertime,Bill Evans,,,,,,,358.29,H:\RadioTEDU Songs\Jazz\Bill Evans\The Complete Riverside Recordings\07-11 Summertime.mp3,1,1,358.266,2026-08-25 16:09:34,2026-08-25 16:09:34
5,RadioTEDU Jazz,/cazz,configured_stream,51647,Summertime,Miles Davis,,,,,,,199.035,H:\RadioTEDU Songs\Jazz\Miles Davis\Porgy And Bess\05 Summertime.mp3,1,1,196.394,2026-08-25 15:23:37,2026-08-25 15:23:37
5,RadioTEDU Jazz,/cazz,configured_stream,51834,Summertime,Yehudi Menuhin & Stéphane Grappelli,,,,,,,267.706,H:\RadioTEDU Songs\Jazz\Yehudi Menuhin & Stéphane Grappelli\Menuhin & Grappelli Play\1-03 Summertime.mp3,1,1,265.245,2026-08-25 08:40:00,2026-08-25 08:40:00
5,RadioTEDU Jazz,/cazz,configured_stream,51809,Take Five,The Dave Brubeck Quartet,,,,,,,325.133,H:\RadioTEDU Songs\Jazz\The Dave Brubeck Quartet\Time Out\03 Take Five.flac,1,1,325.058,2026-08-25 17:41:26,2026-08-25 17:41:26
5,RadioTEDU Jazz,/cazz,configured_stream,51810,Take Five,The Dave Brubeck Quartet,,,,,,,325.836,H:\RadioTEDU Songs\Jazz\The Dave Brubeck Quartet\Time Out\03 Take Five.mp3,1,1,323.236,2026-08-25 19:20:42,2026-08-25 19:20:42
5,RadioTEDU Jazz,/cazz,configured_stream,51688,Tell Yer Mama,Norah Jones,,,,,,,205.933,H:\RadioTEDU Songs\Jazz\Norah Jones\The Fall\1-12 Tell Yer Mama.mp3,1,1,206.093,2026-08-25 22:03:13,2026-08-25 22:03:13
5,RadioTEDU Jazz,/cazz,configured_stream,52409,That Somebody Was You,Kenny G feat. Toni Braxton,,,,,,,306.933,H:\RadioTEDU Songs\Jazz\Kenny G\The Moment\05 Kenny G feat. Toni Braxton - That Somebody Was You.flac,1,1,306.445,2026-08-25 09:47:51,2026-08-25 09:47:51
5,RadioTEDU Jazz,/cazz,configured_stream,52402,That Somebody Was You,Kenny G with Toni Braxton,,,,,,,302.267,H:\RadioTEDU Songs\Jazz\Kenny G\The Essential Kenny G 3.0\3-06 Kenny G with Toni Braxton - That Somebody Was You.flac,1,1,302.155,2026-08-25 07:23:39,2026-08-25 07:23:39
5,RadioTEDU Jazz,/cazz,configured_stream,52400,The Champion’s Theme,Kenny G,,,,,,,261.333,H:\RadioTEDU Songs\Jazz\Kenny G\Songbird_ The Best of Kenny G\1-15 The Champion’s Theme.flac,1,1,258.54,2026-08-25 04:06:00,2026-08-25 04:06:00
5,RadioTEDU Jazz,/cazz,configured_stream,51441,The Girl From Ipanema,Stan Getz,,,,,,,320.262,H:\RadioTEDU Songs\Jazz\Frank Sinatra\Hi-Res Masters_ 50 Jazz Tracks to Test Your Speakers\03 Stan Getz - The Girl From Ipanema (1).flac,1,1,321.131,2026-08-25 15:16:51,2026-08-25 15:16:51
5,RadioTEDU Jazz,/cazz,configured_stream,51488,The Lady's in Love With You,Glenn Miller,,,,,,,182.967,H:\RadioTEDU Songs\Jazz\Glenn Miller\Jazz Moods - Hot\06 The Lady's in Love With You.mp3,1,1,180.936,2026-08-25 10:08:01,2026-08-25 10:08:01
5,RadioTEDU Jazz,/cazz,configured_stream,51842,The Man I Love,Yehudi Menuhin & Stéphane Grappelli,,,,,,,280.976,H:\RadioTEDU Songs\Jazz\Yehudi Menuhin & Stéphane Grappelli\Menuhin & Grappelli Play\1-08 The Man I Love.mp3,1,1,280.885,2026-08-25 15:51:09,2026-08-25 15:51:09
5,RadioTEDU Jazz,/cazz,configured_stream,52404,The Moment,Kenny G,,,,,,,361.467,H:\RadioTEDU Songs\Jazz\Kenny G\The Essential Kenny G\2-05 Kenny G - The Moment.flac,1,1,362.241,2026-08-25 09:09:31,2026-08-25 09:09:31
5,RadioTEDU Jazz,/cazz,configured_stream,51334,The Pink Panther,Dave Koz,,,,,,,218.173,H:\RadioTEDU Songs\Jazz\Dave Koz\At the Movies\06 Dave Koz - The Pink Panther.mp3,1,1,219.998,2026-08-25 04:52:46,2026-08-25 04:52:46
5,RadioTEDU Jazz,/cazz,configured_stream,52386,The Promise,Kenny G,,,,,,,313.56,H:\RadioTEDU Songs\Jazz\Kenny G\Heart and Soul\05 Kenny G - The Promise.flac,1,1,317.095,2026-08-25 03:31:36,2026-08-25 03:31:36
5,RadioTEDU Jazz,/cazz,configured_stream,51512,The Proposal,Ibrahim Maalouf,,,,,,,299.0,H:\RadioTEDU Songs\Jazz\Ibrahim Maalouf\Trumpets of Michel-Ange\01 Ibrahim Maalouf - The Proposal.flac,1,1,298.995,2026-08-25 13:49:51,2026-08-25 13:49:51
5,RadioTEDU Jazz,/cazz,configured_stream,51816,The Quest Begins,Tigran Hamasyan,,,,,,,271.911,H:\RadioTEDU Songs\Jazz\Tigran Hamasyan\The bird of a thousand voices\06 The Quest Begins.flac,1,1,269.427,2026-08-25 14:14:40,2026-08-25 14:14:40
5,RadioTEDU Jazz,/cazz,configured_stream,51628,The Rain,Melody Gardot,,,,,,,203.893,H:\RadioTEDU Songs\Jazz\Melody Gardot\My One and Only Thrill\08 Melody Gardot - The Rain.mp3,1,1,202.936,2026-08-25 21:28:03,2026-08-25 21:28:03
5,RadioTEDU Jazz,/cazz,configured_stream,52391,The Shadow of Your Smile,Kenny G,,,,,,,246.333,H:\RadioTEDU Songs\Jazz\Kenny G\I'm in the Mood for Love... The Most Romantic Melodies of All Time\10 The Shadow of Your Smile.flac,1,1,244.013,2026-08-25 07:32:33,2026-08-25 07:32:33
5,RadioTEDU Jazz,/cazz,configured_stream,51559,The Sidewinder,Lee Morgan,,,,,,,627.549,H:\RadioTEDU Songs\Jazz\Lee Morgan\The Sidewinder\01 The Sidewinder.flac,1,1,624.796,2026-08-25 17:18:45,2026-08-25 17:18:45
5,RadioTEDU Jazz,/cazz,configured_stream,52387,The Way We Were,Kenny G,,,,,,,170.36,H:\RadioTEDU Songs\Jazz\Kenny G\I'm in the Mood for Love... The Most Romantic Melodies of All Time\02 The Way We Were.flac,1,1,171.178,2026-08-25 04:01:42,2026-08-25 04:01:42
5,RadioTEDU Jazz,/cazz,configured_stream,51504,The Way You Look Tonight,"Harry Connick, Jr.",,,,,,,226.982,"H:\RadioTEDU Songs\Jazz\Harry Connick, Jr_\Your Songs\07 The Way You Look Tonight.mp3",1,1,224.182,2026-08-25 11:24:55,2026-08-25 11:24:55
5,RadioTEDU Jazz,/cazz,configured_stream,51462,The World We Knew (Over and Over),Frank Sinatra,,,,,,,170.053,H:\RadioTEDU Songs\Jazz\Frank Sinatra\The World We Knew\01 The World We Knew (Over and Over).flac,1,1,167.157,2026-08-25 15:42:03,2026-08-25 15:42:03
5,RadioTEDU Jazz,/cazz,configured_stream,51171,Theme From Mash,Bill Evans Trio,,,,,,,268.76,H:\RadioTEDU Songs\Jazz\Bill Evans Trio\The Complete Balboa Jazz Club Performances\1-04 Theme From Mash (1).mp3,1,1,265.847,2026-08-25 05:51:10,2026-08-25 05:51:10
5,RadioTEDU Jazz,/cazz,configured_stream,51172,Theme From Mash,Bill Evans Trio,,,,,,,268.805,H:\RadioTEDU Songs\Jazz\Bill Evans Trio\The Complete Balboa Jazz Club Performances\1-04 Theme From Mash.mp3,1,1,266.018,2026-08-25 15:46:29,2026-08-25 15:46:29
5,RadioTEDU Jazz,/cazz,configured_stream,51315,There's a Lull in My Life,Chet Baker,,,,,,,173.035,H:\RadioTEDU Songs\Jazz\Chet Baker\Embraceable You\05 There's a Lull in My Life.mp3,1,1,170.304,2026-08-25 18:21:35,2026-08-25 18:21:35
5,RadioTEDU Jazz,/cazz,configured_stream,51741,There's a Lull in My Life,Stacey Kent,,,,,,,266.614,H:\RadioTEDU Songs\Jazz\Stacey Kent\Close Your Eyes\04 There's a Lull in My Life.mp3,1,1,263.991,2026-08-25 21:59:46,2026-08-25 21:59:46
5,RadioTEDU Jazz,/cazz,configured_stream,51850,They All Laughed,Yehudi Menuhin & Stéphane Grappelli,,,,,,,184.428,H:\RadioTEDU Songs\Jazz\Yehudi Menuhin & Stéphane Grappelli\Menuhin & Grappelli Play\1-12 They All Laughed.mp3,1,1,181.581,2026-08-25 09:30:08,2026-08-25 09:30:08
5,RadioTEDU Jazz,/cazz,configured_stream,51847,They Can't Take That Away From Me,Yehudi Menuhin & Stéphane Grappelli,,,,,,,292.862,H:\RadioTEDU Songs\Jazz\Yehudi Menuhin & Stéphane Grappelli\Menuhin & Grappelli Play\1-11 They Can't Take That Away From Me (1).mp3,1,1,292.937,2026-08-25 07:12:26,2026-08-25 07:12:26
5,RadioTEDU Jazz,/cazz,configured_stream,51395,They Can’t Take That Away From Me,Ella & Louis,,,,,,,276.373,H:\RadioTEDU Songs\Jazz\Ella Fitzgerald & Louis Armstrong\Ella & Louis_ The Complete Anthology\1-06 They Can’t Take That Away From Me.flac,1,1,273.628,2026-08-25 16:24:51,2026-08-25 16:24:51
5,RadioTEDU Jazz,/cazz,configured_stream,51765,They Can’t Take That Away From Me,Stacey Kent,,,,,,,301.093,H:\RadioTEDU Songs\Jazz\Stacey Kent\Let Yourself Go_ Celebrating Fred Astaire\02 They Can’t Take That Away From Me.mp3,1,1,300.038,2026-08-25 14:01:58,2026-08-25 14:01:58
5,RadioTEDU Jazz,/cazz,configured_stream,51378,This Too + Untouched,DoomCannon,,,,,,,446.563,H:\RadioTEDU Songs\Jazz\DoomCannon\Qobuz Sessions at SXSW\01 This Too + Untouched.flac,1,1,446.498,2026-08-25 10:21:24,2026-08-25 10:21:24
5,RadioTEDU Jazz,/cazz,configured_stream,51323,Trav'lin' Light,Chet Baker,,,,,,,190.145,H:\RadioTEDU Songs\Jazz\Chet Baker\Embraceable You\13 Trav'lin' Light.mp3,1,1,196.18,2026-08-25 17:53:13,2026-08-25 17:53:13
5,RadioTEDU Jazz,/cazz,configured_stream,52334,Um segundo,Bebel Gilberto,,,,,,,190.384,H:\RadioTEDU Songs\Jazz\Bebel Gilberto\Momento\09 Bebel Gilberto - Um segundo (1).mp3,1,1,194.766,2026-08-25 10:35:39,2026-08-25 10:35:39
5,RadioTEDU Jazz,/cazz,configured_stream,52335,Um segundo,Bebel Gilberto,,,,,,,190.384,H:\RadioTEDU Songs\Jazz\Bebel Gilberto\Momento\09 Bebel Gilberto - Um segundo.mp3,1,1,190.291,2026-08-25 03:48:08,2026-08-25 03:48:08
5,RadioTEDU Jazz,/cazz,configured_stream,51176,Up With the Lark,Bill Evans Trio,,,,,,,316.897,H:\RadioTEDU Songs\Jazz\Bill Evans Trio\The Complete Balboa Jazz Club Performances\1-07 Up With the Lark.mp3,1,1,316.856,2026-08-25 14:28:57,2026-08-25 14:28:57
5,RadioTEDU Jazz,/cazz,configured_stream,52347,Uppercut,De‐Phazz,,,,,,,43.624,H:\RadioTEDU Songs\Jazz\De‐Phazz\Lala 2.0\05 Uppercut.mp3,1,1,42.067,2026-08-25 07:13:41,2026-08-25 07:13:41
5,RadioTEDU Jazz,/cazz,configured_stream,51805,Very Early,The Bill Evans Trio,,,,,,,305.6,H:\RadioTEDU Songs\Jazz\The Bill Evans Trio\Moon Beams\08 Very Early.mp3,1,1,302.633,2026-08-25 11:36:50,2026-08-25 11:36:50
5,RadioTEDU Jazz,/cazz,configured_stream,51408,Volare,Ella Fitzgerald,,,,,,,160.133,"H:\RadioTEDU Songs\Jazz\Ella Fitzgerald\Hello, Dolly!\08 Volare.flac",1,1,157.361,2026-08-25 06:03:18,2026-08-25 06:03:18
5,RadioTEDU Jazz,/cazz,configured_stream,51339,Wait a Little While,Dave Koz,,,,,,,339.493,H:\RadioTEDU Songs\Jazz\Dave Koz\Lucky Man\03 Dave Koz - Wait a Little While.mp3,1,1,337.107,2026-08-25 10:48:47,2026-08-25 10:48:47
5,RadioTEDU Jazz,/cazz,configured_stream,52359,Wait Till You See Him (De-Phazz Remix),Ella Fitzgerald,,,,,,,232.52,H:\RadioTEDU Songs\Jazz\De‐Phazz\New Collection\09 Ella Fitzgerald - Wait Till You See Him (De-Phazz Remix) (1).mp3,1,1,230.737,2026-08-25 14:59:02,2026-08-25 14:59:02
5,RadioTEDU Jazz,/cazz,configured_stream,51157,Walkin’ Up,Bill Evans Trio,,,,,,,214.965,H:\RadioTEDU Songs\Jazz\Bill Evans Trio\At the Montreux Jazz Festival\09 Walkin’ Up.mp3,1,1,214.465,2026-08-25 06:24:13,2026-08-25 06:24:13
5,RadioTEDU Jazz,/cazz,configured_stream,51225,Waltz For Debby (take 2),Bill Evans,,,,,,,418.145,H:\RadioTEDU Songs\Jazz\Bill Evans\The Complete Riverside Recordings\07-01 Waltz For Debby (take 2).mp3,1,1,422.905,2026-08-25 13:16:40,2026-08-25 13:16:40
5,RadioTEDU Jazz,/cazz,configured_stream,52398,We've Saved the Best for Last,Kenny G,,,,,,,258.467,H:\RadioTEDU Songs\Jazz\Kenny G\Silhouette\06 We've Saved the Best for Last.flac,1,1,255.633,2026-08-25 07:07:34,2026-08-25 07:07:34
5,RadioTEDU Jazz,/cazz,configured_stream,51376,What a Diff’rence a Day Makes,Dinah Washington,,,,,,,151.867,H:\RadioTEDU Songs\Jazz\Dinah Washington\What a Diff’rence a Day Makes!\07 What a Diff’rence a Day Makes.flac,1,1,157.153,2026-08-25 11:50:37,2026-08-25 11:50:37
5,RadioTEDU Jazz,/cazz,configured_stream,51167,When I Fall in Love,Bill Evans Trio,,,,,,,240.507,H:\RadioTEDU Songs\Jazz\Bill Evans Trio\The Complete Balboa Jazz Club Performances\1-02 When I Fall in Love (1).mp3,1,1,237.85,2026-08-25 08:16:33,2026-08-25 08:16:33
5,RadioTEDU Jazz,/cazz,configured_stream,51308,When Lights Are Low,Chet Baker,,,,,,,413.235,H:\RadioTEDU Songs\Jazz\Chet Baker\Chet Baker in New York\06 When Lights Are Low.mp3,1,1,411.329,2026-08-25 14:55:12,2026-08-25 14:55:12
5,RadioTEDU Jazz,/cazz,configured_stream,52348,When No Words Come,De‐Phazz,,,,,,,212.824,H:\RadioTEDU Songs\Jazz\De‐Phazz\Lala 2.0\06 When No Words Come.mp3,1,1,214.323,2026-08-25 18:05:04,2026-08-25 18:05:04
5,RadioTEDU Jazz,/cazz,configured_stream,51614,When Sunny Gets Blue,McCoy Tyner,,,,,,,282.32,H:\RadioTEDU Songs\Jazz\McCoy Tyner\Today and Tomorrow\06 When Sunny Gets Blue.flac,1,1,283.427,2026-08-25 18:48:20,2026-08-25 18:48:20
5,RadioTEDU Jazz,/cazz,configured_stream,51567,When You’re Smiling (The Whole World Smiles with You),Louis Armstrong,,,,,,,243.801,H:\RadioTEDU Songs\Jazz\Louis Armstrong\Highlights From His Decca Years\2-15 When You’re Smiling (The Whole World Smiles with You).flac,1,1,242.831,2026-08-25 21:45:10,2026-08-25 21:45:10
5,RadioTEDU Jazz,/cazz,configured_stream,51362,Where or When,Diana Krall,,,,,,,250.053,H:\RadioTEDU Songs\Jazz\Diana Krall\Quiet Nights\01 Where or When.mp3,1,1,247.285,2026-08-25 05:43:41,2026-08-25 05:43:41
5,RadioTEDU Jazz,/cazz,configured_stream,51621,Who Will Comfort Me,Melody Gardot,,,,,,,297.52,H:\RadioTEDU Songs\Jazz\Melody Gardot\My One and Only Thrill\03 Who Will Comfort Me.mp3,1,1,297.499,2026-08-25 17:27:56,2026-08-25 17:27:56
5,RadioTEDU Jazz,/cazz,configured_stream,51191,Why Did I Choose You?,Bill Evans,,,,,,,308.76,H:\RadioTEDU Songs\Jazz\Bill Evans\From Left to Right\03 Why Did I Choose You_.mp3,1,1,311.777,2026-08-25 21:14:33,2026-08-25 21:14:33
5,RadioTEDU Jazz,/cazz,configured_stream,51331,Wonderland,Daniel García Trio,,,,,,,368.267,H:\RadioTEDU Songs\Jazz\Daniel García Trio\Wonderland\03 Wonderland.flac,1,1,368.517,2026-08-25 22:29:55,2026-08-25 22:29:55
5,RadioTEDU Jazz,/cazz,configured_stream,52338,Words,Bebel Gilberto,,,,,,,150.103,H:\RadioTEDU Songs\Jazz\Bebel Gilberto\Momento\11 Bebel Gilberto - Words (1).mp3,1,1,148.532,2026-08-25 22:10:08,2026-08-25 22:10:08
5,RadioTEDU Jazz,/cazz,configured_stream,52339,Words,Bebel Gilberto,,,,,,,150.103,H:\RadioTEDU Songs\Jazz\Bebel Gilberto\Momento\11 Bebel Gilberto - Words.mp3,1,1,152.54,2026-08-25 21:09:00,2026-08-25 21:09:00
5,RadioTEDU Jazz,/cazz,configured_stream,51542,Yesterday,Katie Noonan,,,,,,,316.547,H:\RadioTEDU Songs\Jazz\Katie Noonan\Blackbird_ The Music of Lennon & McCartney\02 Yesterday.mp3,1,1,314.653,2026-08-25 22:35:19,2026-08-25 22:35:19
5,RadioTEDU Jazz,/cazz,configured_stream,51747,You Go to My Head,Stacey Kent,,,,,,,421.441,H:\RadioTEDU Songs\Jazz\Stacey Kent\Close Your Eyes\08 You Go to My Head.mp3,1,1,419.143,2026-08-25 09:22:21,2026-08-25 09:22:21
5,RadioTEDU Jazz,/cazz,configured_stream,51453,You Make Me Feel So Young,Frank Sinatra,,,,,,,175.587,H:\RadioTEDU Songs\Jazz\Frank Sinatra\Platinum\1-11 You Make Me Feel So Young.flac,1,1,175.772,2026-08-25 19:15:08,2026-08-25 19:15:08
5,RadioTEDU Jazz,/cazz,configured_stream,52394,You Raise Me Up,Kenny G,,,,,,,194.373,H:\RadioTEDU Songs\Jazz\Kenny G\I'm in the Mood for Love... The Most Romantic Melodies of All Time\13 You Raise Me Up.flac,1,1,194.725,2026-08-25 05:36:22,2026-08-25 05:36:22
5,RadioTEDU Jazz,/cazz,configured_stream,52382,You Send Me,Kenny G with Michael Bolton,,,,,,,240.547,H:\RadioTEDU Songs\Jazz\Kenny G\Greatest Hits\1-09 Kenny G with Michael Bolton - You Send Me.flac,1,1,241.042,2026-08-25 07:36:34,2026-08-25 07:36:34
5,RadioTEDU Jazz,/cazz,configured_stream,51215,You Stepped Out of a Dream,Bill Evans,,,,,,,283.98,H:\RadioTEDU Songs\Jazz\Bill Evans\The Complete Gus Wildi Recordings\1-01 You Stepped Out of a Dream.mp3,1,1,283.573,2026-08-25 17:36:01,2026-08-25 17:36:01
5,RadioTEDU Jazz,/cazz,configured_stream,51112,Your Song,Al Jarreau,,,,,,,365.322,H:\RadioTEDU Songs\Jazz\Al Jarreau\Tenderness\03 Al Jarreau - Your Song.mp3,1,1,366.206,2026-08-25 22:16:14,2026-08-25 22:16:14
5,RadioTEDU Jazz,/cazz,configured_stream,51206,Your Story,Bill Evans,,,,,,,279.383,H:\RadioTEDU Songs\Jazz\Bill Evans\His Last Concert in Germany\07 Your Story.mp3,1,1,279.264,2026-08-25 11:41:29,2026-08-25 11:41:29
5,RadioTEDU Jazz,/cazz,configured_stream,52341,You’re Nobody ’Til Somebody Loves You,Dean Martin with orchestra conducted by Nelson Riddle,,,,,,,133.933,H:\RadioTEDU Songs\Jazz\Dean Martin with orchestra conducted by Nelson Riddle\This Time I’m Swingin’!\03 You’re Nobody ’Til Somebody Loves You.flac,1,1,136.947,2026-08-25 04:20:36,2026-08-25 04:20:36
5,RadioTEDU Jazz,/cazz,configured_stream,51682,You’ve Ruined Me,Norah Jones,,,,,,,165.427,H:\RadioTEDU Songs\Jazz\Norah Jones\The Fall\08 You’ve Ruined Me.mp3,1,1,163.119,2026-08-25 09:42:45,2026-08-25 09:42:45
5,RadioTEDU Jazz,/cazz,configured_stream,51779,Zing! Went the Strings of My Heart,Stacey Kent,,,,,,,254.571,H:\RadioTEDU Songs\Jazz\Stacey Kent\The Tender Trap\07 Zing! Went the Strings of My Heart.mp3,1,1,258.565,2026-08-25 05:04:57,2026-08-25 05:04:57
5,RadioTEDU Jazz,/cazz,configured_stream,51600,Étude No. 3: Ballade,Marie Awadis,,,,,,,203.78,H:\RadioTEDU Songs\Jazz\Marie Awadis\Études Mélodiques\03 Étude No. 3_ Ballade (1).flac,1,1,203.844,2026-08-25 06:00:31,2026-08-25 06:00:31
5,RadioTEDU Jazz,/cazz,configured_stream,51601,Étude No. 3: Ballade,Marie Awadis,,,,,,,203.78,H:\RadioTEDU Songs\Jazz\Marie Awadis\Études Mélodiques\03 Étude No. 3_ Ballade.flac,1,1,200.949,2026-08-25 18:55:45,2026-08-25 18:55:45
8,RadioTEDU Rock,/rock,configured_stream,52193,1979,The Smashing Pumpkins,,,,,,,265.996,H:\RadioTEDU Songs\Rock\The Smashing Pumpkins\Mellon Collie and the Infinite Sadness\2-05 1979.flac,2,2,529.962,2026-08-25 11:04:34,2026-08-25 21:31:55
8,RadioTEDU Rock,/rock,configured_stream,47100,4.3 Forty,Knox,,,,,,,182.438,H:\RadioTEDU Songs\Rock\Knox - 4.3 Forty.flac,2,2,364.867,2026-08-25 16:21:37,2026-08-25 21:59:26
8,RadioTEDU Rock,/rock,configured_stream,52182,All Day and All of the Night,The Kinks,,,,,,,142.227,H:\RadioTEDU Songs\Rock\The Kinks\The Best of the Kinks\02 All Day and All of the Night.flac,2,2,286.07,2026-08-25 11:48:59,2026-08-25 22:10:41
8,RadioTEDU Rock,/rock,configured_stream,51977,American Pie,Don McLean,,,,,,,516.893,H:\RadioTEDU Songs\Rock\Don McLean\American Pie\01 American Pie.flac,2,2,1032.119,2026-08-25 06:53:18,2026-08-25 20:53:10
8,RadioTEDU Rock,/rock,configured_stream,52119,Another One Bites the Dust,Queen,,,,,,,214.653,H:\RadioTEDU Songs\Rock\Queen\The Game\03 Another One Bites the Dust.flac,2,2,426.462,2026-08-25 01:27:12,2026-08-25 12:11:38
8,RadioTEDU Rock,/rock,configured_stream,47096,Bang Bang,Dear Youth,,,,,,,164.241,H:\RadioTEDU Songs\Rock\Dear Youth - Bang Bang.flac,2,2,326.142,2026-08-25 16:14:38,2026-08-25 21:40:54
8,RadioTEDU Rock,/rock,configured_stream,52006,Barracuda,Heart,,,,,,,261.933,H:\RadioTEDU Songs\Rock\Heart\Little Queen\01 Barracuda.flac,2,2,522.317,2026-08-25 05:00:55,2026-08-25 19:17:46
8,RadioTEDU Rock,/rock,configured_stream,52036,Black Dog,Led Zeppelin,,,,,,,295.648,H:\RadioTEDU Songs\Rock\Led Zeppelin\[Led Zeppelin IV]\01 Black Dog.flac,2,2,586.863,2026-08-25 16:01:19,2026-08-25 20:11:50
8,RadioTEDU Rock,/rock,configured_stream,51951,Born in the U.S.A.,Bruce Springsteen,,,,,,,278.827,H:\RadioTEDU Songs\Rock\Bruce Springsteen\Born in the U.S.A_\01 Born in the U.S.A..flac,2,2,557.502,2026-08-25 04:05:08,2026-08-25 15:40:08
8,RadioTEDU Rock,/rock,configured_stream,47107,Bright Shadow,Mr. Bison,,,,,,,433.333,H:\RadioTEDU Songs\Rock\Mr. Bison - Bright Shadow.flac,2,2,866.044,2026-08-25 03:39:50,2026-08-25 13:45:38
8,RadioTEDU Rock,/rock,configured_stream,52068,Canyons,Man/Woman/Chainsaw,,,,,,,173.988,H:\RadioTEDU Songs\Rock\Man_Woman_Chainsaw\Cannonball\02 Canyons.flac,2,2,348.055,2026-08-25 02:59:18,2026-08-25 12:32:15
8,RadioTEDU Rock,/rock,configured_stream,47105,Clear,JonoJono,,,,,,,210.5,H:\RadioTEDU Songs\Rock\JonoJono - Clear.flac,2,2,419.74,2026-08-25 12:41:24,2026-08-25 22:50:48
8,RadioTEDU Rock,/rock,configured_stream,52092,Come as You Are,Nirvana,,,,,,,218.92,H:\RadioTEDU Songs\Rock\Nirvana\Nevermind\03 Come as You Are (1).flac,2,2,432.433,2026-08-25 02:56:24,2026-08-25 11:19:05
8,RadioTEDU Rock,/rock,configured_stream,52050,Crawling,Linkin Park,,,,,,,216.758,H:\RadioTEDU Songs\Rock\Linkin Park\Greatest Hits\1-17 Linkin Park - Crawling.flac,2,2,429.33,2026-08-25 00:38:15,2026-08-25 11:42:32
8,RadioTEDU Rock,/rock,configured_stream,52005,Crazy on You,Heart,,,,,,,293.44,H:\RadioTEDU Songs\Rock\Heart\Dreamboat Annie\03 Crazy on You.flac,2,2,584.492,2026-08-25 06:19:56,2026-08-25 20:16:44
8,RadioTEDU Rock,/rock,configured_stream,45418,Cup,Jawdropped,,,,,,,247.533,H:\RadioTEDU Songs\Rock\Jawdropped - Cup.flac,2,2,489.985,2026-08-25 12:25:50,2026-08-25 22:41:03
8,RadioTEDU Rock,/rock,configured_stream,45404,Divine Machine,Forest,,,,,,,170.884,H:\RadioTEDU Songs\Rock\Forest - Divine Machine.flac,2,2,339.571,2026-08-25 16:11:54,2026-08-25 21:38:01
8,RadioTEDU Rock,/rock,configured_stream,52004,Don’t Cry,Guns N’ Roses,,,,,,,283.733,H:\RadioTEDU Songs\Rock\Guns N’ Roses\Use Your Illusion I\04 Don’t Cry.flac,2,2,568.068,2026-08-25 06:58:01,2026-08-25 20:57:55
8,RadioTEDU Rock,/rock,configured_stream,51963,Don’t Dream It’s Over,Crowded House,,,,,,,236.933,H:\RadioTEDU Songs\Rock\Crowded House\Crowded House\04 Don’t Dream It’s Over.flac,2,2,471.718,2026-08-25 16:38:39,2026-08-25 23:41:22
8,RadioTEDU Rock,/rock,configured_stream,51892,Dragula,,,,,,,,222.827,H:\RadioTEDU Songs\Rock\046 - Dragula.mp3,2,2,442.765,2026-08-25 14:00:51,2026-08-25 23:32:58
8,RadioTEDU Rock,/rock,configured_stream,52075,Enter Sandman,Metallica,,,,,,,331.573,H:\RadioTEDU Songs\Rock\Metallica\Metallica\01 Enter Sandman.flac,2,2,663.281,2026-08-25 13:08:46,2026-08-25 23:09:53
8,RadioTEDU Rock,/rock,configured_stream,52076,Enter Sandman,Metallica,,,,,,,331.56,H:\RadioTEDU Songs\Rock\Metallica\Metallica\01-01 Metallica - Enter Sandman.flac,2,2,660.501,2026-08-25 12:51:09,2026-08-25 23:00:44
8,RadioTEDU Rock,/rock,configured_stream,52040,Fly Away,Lenny Kravitz,,,,,,,221.333,H:\RadioTEDU Songs\Rock\Lenny Kravitz\5\08 Fly Away.flac,2,2,441.953,2026-08-25 00:25:46,2026-08-25 11:30:49
8,RadioTEDU Rock,/rock,configured_stream,51970,Freakin’ Out,Dexter and The Moonrocks,,,,,,,217.898,H:\RadioTEDU Songs\Rock\Dexter and The Moonrocks\Freakin’ Out\01 Freakin’ Out.flac,2,2,432.96,2026-08-25 11:38:48,2026-08-25 21:56:21
8,RadioTEDU Rock,/rock,configured_stream,51887,Gallowdance,,,,,,,,231.912,H:\RadioTEDU Songs\Rock\038 - Gallowdance.mp3,2,2,466.856,2026-08-25 05:51:36,2026-08-25 19:54:23
8,RadioTEDU Rock,/rock,configured_stream,52189,Gimme Shelter,The Rolling Stones,,,,,,,270.773,H:\RadioTEDU Songs\Rock\The Rolling Stones\Let It Bleed\01 Gimme Shelter.flac,2,2,538.846,2026-08-25 03:28:03,2026-08-25 13:33:45
8,RadioTEDU Rock,/rock,configured_stream,52084,"Girls, Girls, Girls",Mötley Crüe,,,,,,,270.533,"H:\RadioTEDU Songs\Rock\Mötley Crüe\Girls, Girls, Girls\02 Girls, Girls, Girls.flac",2,2,617.002,2026-08-25 10:45:21,2026-08-25 21:14:28
8,RadioTEDU Rock,/rock,configured_stream,51882,Graveyard Love Song,,,,,,,,260.2,H:\RadioTEDU Songs\Rock\033 - Graveyard Love Song.mp3,2,2,521.092,2026-08-25 14:14:55,2026-08-25 23:50:49
8,RadioTEDU Rock,/rock,configured_stream,52025,Gravity,Jon Toogood,,,,,,,214.624,H:\RadioTEDU Songs\Rock\Jon Toogood\Last Of The Lonely Gods\04 Gravity.flac,2,2,428.727,2026-08-25 05:23:20,2026-08-25 19:30:04
8,RadioTEDU Rock,/rock,configured_stream,47110,Gummy Bear,Le Shiv,,,,,,,164.758,H:\RadioTEDU Songs\Rock\Le Shiv - Gummy Bear.flac,2,2,328.426,2026-08-25 01:29:58,2026-08-25 12:21:24
8,RadioTEDU Rock,/rock,configured_stream,51875,Hard Times for Dracula,,,,,,,,155.008,H:\RadioTEDU Songs\Rock\026 - Hard Times for Dracula.mp3,2,2,307.039,2026-08-25 12:34:57,2026-08-25 22:47:08
8,RadioTEDU Rock,/rock,configured_stream,51959,Have You Ever Seen the Rain,Creedence Clearwater Revival,,,,,,,160.133,H:\RadioTEDU Songs\Rock\Creedence Clearwater Revival\Pendulum\04 Have You Ever Seen the Rain.flac,2,2,318.3,2026-08-25 04:00:26,2026-08-25 15:13:27
8,RadioTEDU Rock,/rock,configured_stream,51922,Highway to Hell,AC/DC,,,,,,,208.4,H:\RadioTEDU Songs\Rock\AC_DC\Highway to Hell\01 Highway to Hell.flac,2,2,411.16,2026-08-25 03:15:10,2026-08-25 13:03:12
8,RadioTEDU Rock,/rock,configured_stream,52188,Honky Tonk Women,The Rolling Stones,,,,,,,178.77,H:\RadioTEDU Songs\Rock\The Rolling Stones\Hot Rocks 1964–1971\2-04 Honky Tonk Women.flac,2,2,352.842,2026-08-25 03:02:23,2026-08-25 12:37:54
8,RadioTEDU Rock,/rock,configured_stream,45378,How Much Love Have I Got Left,CHEEKY LEASH,,,,,,,237.542,H:\RadioTEDU Songs\Rock\CHEEKY LEASH - How Much Love Have I Got Left.flac,2,2,474.692,2026-08-25 16:30:22,2026-08-25 22:23:01
8,RadioTEDU Rock,/rock,configured_stream,52135,How to Live,Seeland,,,,,,,146.855,H:\RadioTEDU Songs\Rock\Seeland\How to Live\06 How to Live.mp3,2,2,291.46,2026-08-25 10:47:45,2026-08-25 21:16:56
8,RadioTEDU Rock,/rock,configured_stream,51978,Hungry Like the Wolf,Duran Duran,,,,,,,220.627,H:\RadioTEDU Songs\Rock\Duran Duran\Rio\04 Hungry Like the Wolf.flac,2,2,442.951,2026-08-25 11:26:54,2026-08-25 21:48:46
8,RadioTEDU Rock,/rock,configured_stream,52142,I Got You,Split Enz,,,,,,,209.467,H:\RadioTEDU Songs\Rock\Split Enz\True Colours\02 I Got You.flac,2,2,413.391,2026-08-25 13:57:09,2026-08-25 23:29:19
8,RadioTEDU Rock,/rock,configured_stream,51962,I'm Lost Without You,Crosstown Bus,,,,,,,600.491,H:\RadioTEDU Songs\Rock\Crosstown Bus\High Grass\10 I'm Lost Without You.mp3,2,2,1221.398,2026-08-25 11:00:04,2026-08-25 21:27:20
8,RadioTEDU Rock,/rock,configured_stream,51943,Iron Man,Black Sabbath,,,,,,,356.027,H:\RadioTEDU Songs\Rock\Black Sabbath\Paranoid\04 Iron Man.flac,2,2,709.847,2026-08-25 13:19:14,2026-08-25 23:15:50
8,RadioTEDU Rock,/rock,configured_stream,52210,Jump,Van Halen,,,,,,,241.871,H:\RadioTEDU Songs\Rock\Van Halen\The Collection\6-02 Jump.flac,2,2,483.914,2026-08-25 05:58:55,2026-08-25 20:01:40
8,RadioTEDU Rock,/rock,configured_stream,47108,knee/touch,Nautics,,,,,,,246.08,H:\RadioTEDU Songs\Rock\Nautics - kneetouch.flac,2,2,488.172,2026-08-25 01:14:28,2026-08-25 11:56:17
8,RadioTEDU Rock,/rock,configured_stream,52217,La Grange,ZZ Top,,,,,,,230.48,H:\RadioTEDU Songs\Rock\ZZ Top\Tres hombres\08 La Grange.flac,2,2,456.991,2026-08-25 16:18:37,2026-08-25 21:52:46
8,RadioTEDU Rock,/rock,configured_stream,51994,Learn to Fly,Foo Fighters,,,,,,,235.293,H:\RadioTEDU Songs\Rock\Foo Fighters\There Is Nothing Left to Lose\03 Learn to Fly.flac,2,2,467.378,2026-08-25 07:02:03,2026-08-25 21:02:03
8,RadioTEDU Rock,/rock,configured_stream,52170,Listen to the Music,The Doobie Brothers,,,,,,,227.267,H:\RadioTEDU Songs\Rock\The Doobie Brothers\Toulouse Street\01 Listen to the Music.flac,2,2,451.683,2026-08-25 00:11:25,2026-08-25 11:15:16
8,RadioTEDU Rock,/rock,configured_stream,51949,Livin’ on a Prayer,Bon Jovi,,,,,,,249.293,H:\RadioTEDU Songs\Rock\Bon Jovi\Slippery When Wet\03 Livin’ on a Prayer.flac,2,2,494.028,2026-08-25 12:08:04,2026-08-25 22:29:54
8,RadioTEDU Rock,/rock,configured_stream,51936,Loser,Beck,,,,,,,232.234,H:\RadioTEDU Songs\Rock\Beck\Mellow Gold\01 Loser.flac,2,2,476.282,2026-08-25 16:05:11,2026-08-25 20:26:53
8,RadioTEDU Rock,/rock,configured_stream,52202,Love Is a Long Road,Tom Petty,,,,,,,247.6,H:\RadioTEDU Songs\Rock\Tom Petty\Full Moon Fever\03 Love Is a Long Road.flac,2,2,493.081,2026-08-25 03:44:06,2026-08-25 13:49:45
8,RadioTEDU Rock,/rock,configured_stream,45530,Makes no Difference,The Rose Hips,,,,,,,252.209,H:\RadioTEDU Songs\Rock\The Rose Hips - Makes no Difference.flac,2,2,511.117,2026-08-25 06:37:22,2026-08-25 20:37:19
8,RadioTEDU Rock,/rock,configured_stream,51870,Mary On A Cross,Ghost,,,,,,,244.785,H:\RadioTEDU Songs\Rock\015 - Ghost - Mary On A Cross (Official Audio).mp3,2,2,486.643,2026-08-25 11:46:36,2026-08-25 22:08:17
8,RadioTEDU Rock,/rock,configured_stream,52031,NOTHING BETTER THAN THIS,Kasabian,,,,,,,158.244,H:\RadioTEDU Songs\Rock\Kasabian\NOTHING BETTER THAN THIS\01 NOTHING BETTER THAN THIS.flac,2,2,311.211,2026-08-25 12:03:56,2026-08-25 22:25:48
8,RadioTEDU Rock,/rock,configured_stream,45542,Paint a Picture,Trueblood,,,,,,,198.098,H:\RadioTEDU Songs\Rock\Trueblood - Paint a Picture.flac,2,2,390.329,2026-08-25 10:37:40,2026-08-25 21:05:19
8,RadioTEDU Rock,/rock,configured_stream,52034,Painting After Painting,Kiwi Jr.,,,,,,,228.584,H:\RadioTEDU Songs\Rock\Kiwi Jr_\Blowin’ Up\08 Painting After Painting.flac,2,2,457.294,2026-08-25 05:40:09,2026-08-25 19:42:20
8,RadioTEDU Rock,/rock,configured_stream,52209,Panama,Van Halen,,,,,,,210.21,H:\RadioTEDU Songs\Rock\Van Halen\1984\03 Panama.flac,2,2,420.376,2026-08-25 06:40:54,2026-08-25 20:40:50
8,RadioTEDU Rock,/rock,configured_stream,51910,Red Flags And Long Nights,,,,,,,,308.987,H:\RadioTEDU Songs\Rock\069 - Red Flags And Long Nights.mp3,2,2,612.584,2026-08-25 06:11:19,2026-08-25 20:06:57
8,RadioTEDU Rock,/rock,configured_stream,52021,Ricochet,Jamey Cassell,,,,,,,223.962,H:\RadioTEDU Songs\Rock\Jamey Cassell\Ricochet\01 Ricochet.flac,2,2,445.669,2026-08-25 13:53:40,2026-08-25 23:25:42
8,RadioTEDU Rock,/rock,configured_stream,45380,Robot,Clutter,,,,,,,178.75,H:\RadioTEDU Songs\Rock\Clutter - Robot.flac,2,2,367.964,2026-08-25 10:40:39,2026-08-25 21:08:27
8,RadioTEDU Rock,/rock,configured_stream,45457,Rock N Roll Ruined My Life,Ok Cowgirl,,,,,,,255.547,H:\RadioTEDU Songs\Rock\Ok Cowgirl - Rock N Roll Ruined My Life.flac,2,2,506.046,2026-08-25 03:19:23,2026-08-25 13:13:20
8,RadioTEDU Rock,/rock,configured_stream,52422,Samba de Sausalito,Santana,,,,,,,188.257,H:\RadioTEDU Songs\Rock\Santana\Welcome\03 Samba de Sausalito.mp3,2,2,370.963,2026-08-25 11:07:52,2026-08-25 21:35:10
8,RadioTEDU Rock,/rock,configured_stream,52190,Satisfaction,The Rolling Stones,,,,,,,222.813,H:\RadioTEDU Songs\Rock\The Rolling Stones\Out of Our Heads\07 Satisfaction.flac,2,2,441.982,2026-08-25 04:51:23,2026-08-25 19:08:05
8,RadioTEDU Rock,/rock,configured_stream,52061,Scavenger Hunt,Louie Zong,,,,,,,10.083,H:\RadioTEDU Songs\Rock\Louie Zong\Light\04 Scavenger Hunt (1).mp3,2,2,18.878,2026-08-25 01:30:18,2026-08-25 12:21:35
8,RadioTEDU Rock,/rock,configured_stream,51880,Scream!,Misfits,,,,,,,176.021,H:\RadioTEDU Songs\Rock\031 - Misfits - Scream! [OFFICIAL VIDEO].mp3,2,2,350.082,2026-08-25 13:29:13,2026-08-25 23:21:57
8,RadioTEDU Rock,/rock,configured_stream,52204,SEEIN’ STARS,Turnstile,,,,,,,186.277,H:\RadioTEDU Songs\Rock\Turnstile\NEVER ENOUGH\10 SEEIN’ STARS.flac,2,2,370.011,2026-08-25 11:52:12,2026-08-25 22:14:07
8,RadioTEDU Rock,/rock,configured_stream,52073,Seek & Destroy,Metallica,,,,,,,414.72,H:\RadioTEDU Songs\Rock\Metallica\Kill ’Em All\09 Seek & Destroy.flac,2,2,826.593,2026-08-25 12:18:43,2026-08-25 22:36:49
8,RadioTEDU Rock,/rock,configured_stream,52198,Semi-Charmed Life,Third Eye Blind,,,,,,,268.36,H:\RadioTEDU Songs\Rock\Third Eye Blind\Third Eye Blind\03 Semi-Charmed Life.flac,2,2,536.895,2026-08-25 05:36:09,2026-08-25 19:34:33
8,RadioTEDU Rock,/rock,configured_stream,52216,Sharp Dressed Man,ZZ Top,,,,,,,258.027,H:\RadioTEDU Songs\Rock\ZZ Top\Eliminator\03 Sharp Dressed Man.flac,2,2,513.427,2026-08-25 14:05:18,2026-08-25 23:37:16
8,RadioTEDU Rock,/rock,configured_stream,52168,Should I Stay or Should I Go,The Clash,,,,,,,188.987,H:\RadioTEDU Songs\Rock\The Clash\Combat Rock\03 Should I Stay or Should I Go.flac,2,2,375.021,2026-08-25 03:52:27,2026-08-25 14:31:16
8,RadioTEDU Rock,/rock,configured_stream,51991,Slow Ride,Foghat,,,,,,,232.533,H:\RadioTEDU Songs\Rock\Foghat\Slow Ride\01 Slow Ride.flac,2,2,462.46,2026-08-25 03:23:15,2026-08-25 13:26:20
8,RadioTEDU Rock,/rock,configured_stream,52090,Smells Like Teen Spirit,Nirvana,,,,,,,301.92,H:\RadioTEDU Songs\Rock\Nirvana\Nevermind\01 Smells Like Teen Spirit (1).flac,2,2,603.655,2026-08-25 03:57:46,2026-08-25 14:40:29
8,RadioTEDU Rock,/rock,configured_stream,52094,Smells Like Teen Spirit,Nirvana,,,,,,,301.92,H:\RadioTEDU Songs\Rock\Nirvana\Smells Like Teen Spirit.mp3,2,2,604.585,2026-08-25 03:11:33,2026-08-25 12:56:10
8,RadioTEDU Rock,/rock,configured_stream,52054,Somewhere I Belong,Linkin Park,,,,,,,225.768,H:\RadioTEDU Songs\Rock\Linkin Park\Meteora\03 Somewhere I Belong.mp3,2,2,460.397,2026-08-25 16:09:06,2026-08-25 20:33:06
8,RadioTEDU Rock,/rock,configured_stream,51947,Song 2,Blur,,,,,,,121.208,H:\RadioTEDU Songs\Rock\Blur\Blur\02 Song 2.flac,2,2,242.266,2026-08-25 06:33:03,2026-08-25 20:28:55
8,RadioTEDU Rock,/rock,configured_stream,51961,Southern Cross,"Crosby, Stills & Nash",,,,,,,281.0,"H:\RadioTEDU Songs\Rock\Crosby, Stills & Nash\Daylight Again\03 Southern Cross.flac",2,2,559.089,2026-08-25 16:26:17,2026-08-25 22:04:14
8,RadioTEDU Rock,/rock,configured_stream,51895,Spellbound,,,,,,,,197.013,H:\RadioTEDU Songs\Rock\049 - Spellbound.mp3,2,2,389.06,2026-08-25 05:54:54,2026-08-25 19:57:37
8,RadioTEDU Rock,/rock,configured_stream,51955,Sunshine of Your Love,Cream,,,,,,,250.0,H:\RadioTEDU Songs\Rock\Cream\Disraeli Gears\02 Sunshine of Your Love.flac,2,2,494.267,2026-08-25 03:06:31,2026-08-25 12:45:41
8,RadioTEDU Rock,/rock,configured_stream,52001,Sweet Child o’ Mine,Guns N’ Roses,,,,,,,356.067,H:\RadioTEDU Songs\Rock\Guns N’ Roses\Appetite for Destruction\09 Sweet Child o’ Mine.flac,2,2,710.285,2026-08-25 06:30:51,2026-08-25 20:22:49
8,RadioTEDU Rock,/rock,configured_stream,51923,T.N.T.,AC/DC,,,,,,,216.631,H:\RadioTEDU Songs\Rock\AC_DC\T.N.T..mp3,2,2,429.644,2026-08-25 06:44:40,2026-08-25 20:44:36
8,RadioTEDU Rock,/rock,configured_stream,52035,Take Me Away,Lash,,,,,,,213.8,H:\RadioTEDU Songs\Rock\Lash\The Beautiful and the Damned\01 Take Me Away.flac,2,2,422.272,2026-08-25 12:29:21,2026-08-25 22:44:34
8,RadioTEDU Rock,/rock,configured_stream,51981,Take Me Home Tonight,Eddie Money feat. Ronnie Spector,,,,,,,211.16,H:\RadioTEDU Songs\Rock\Eddie Money\Can’t Hold Back\01 Eddie Money feat. Ronnie Spector - Take Me Home Tonight.flac,2,2,417.112,2026-08-25 05:43:38,2026-08-25 19:45:50
8,RadioTEDU Rock,/rock,configured_stream,51971,The Fountain,DIIV,,,,,,,205.0,H:\RadioTEDU Songs\Rock\DIIV\The Fountain\01 The Fountain.flac,2,2,408.216,2026-08-25 05:04:18,2026-08-25 19:21:13
8,RadioTEDU Rock,/rock,configured_stream,45357,The Martyr,Ally Evenson,,,,,,,195.398,H:\RadioTEDU Songs\Rock\Ally Evenson - The Martyr.flac,2,2,393.177,2026-08-25 15:51:51,2026-08-25 19:37:54
8,RadioTEDU Rock,/rock,configured_stream,52017,The Number of the Beast,Iron Maiden,,,,,,,291.109,H:\RadioTEDU Songs\Rock\Iron Maiden\Virus\06 The Number of the Beast.flac,2,2,579.457,2026-08-25 15:48:35,2026-08-25 19:12:57
8,RadioTEDU Rock,/rock,configured_stream,52013,The Trooper,Iron Maiden,,,,,,,263.454,H:\RadioTEDU Songs\Rock\Iron Maiden\Rock in Rio\1-10 The Trooper.flac,2,2,521.404,2026-08-25 16:34:42,2026-08-25 22:55:08
8,RadioTEDU Rock,/rock,configured_stream,52016,The Trooper,Iron Maiden,,,,,,,263.407,H:\RadioTEDU Songs\Rock\Iron Maiden\The Trooper.mp3,2,2,524.432,2026-08-25 15:56:26,2026-08-25 19:50:15
8,RadioTEDU Rock,/rock,configured_stream,51924,Thunderstruck,AC/DC,,,,,,,292.88,H:\RadioTEDU Songs\Rock\AC_DC\The Razors Edge\01 Thunderstruck.flac,2,2,583.057,2026-08-25 12:01:09,2026-08-25 22:19:01
8,RadioTEDU Rock,/rock,configured_stream,52126,Under the Bridge,Red Hot Chili Peppers,,,,,,,264.307,H:\RadioTEDU Songs\Rock\Red Hot Chili Peppers\Blood Sugar Sex Magik\11 Under the Bridge.flac,2,2,525.666,2026-08-25 00:30:10,2026-08-25 11:35:11
8,RadioTEDU Rock,/rock,configured_stream,52081,Uprising,Muse,,,,,,,304.84,H:\RadioTEDU Songs\Rock\Muse\The Resistance\1-01 Uprising.flac,2,2,614.065,2026-08-25 05:09:47,2026-08-25 19:26:19
8,RadioTEDU Rock,/rock,configured_stream,51884,Voodoo Idol,,,,,,,,219.103,H:\RadioTEDU Songs\Rock\035 - Voodoo Idol.mp3,2,2,432.837,2026-08-25 00:04:26,2026-08-25 11:11:28
8,RadioTEDU Rock,/rock,configured_stream,52104,Walk,Pantera,,,,,,,315.861,H:\RadioTEDU Songs\Rock\Pantera\Walk.mp3,2,2,627.499,2026-08-25 03:49:19,2026-08-25 14:10:32
8,RadioTEDU Rock,/rock,configured_stream,51897,Wanderer,Këkht Aräkh,,,,,,,182.822,H:\RadioTEDU Songs\Rock\051 - Këkht Aräkh - Wanderer.mp3,2,2,362.741,2026-08-25 13:22:17,2026-08-25 23:19:00
8,RadioTEDU Rock,/rock,configured_stream,52002,Welcome to the Jungle,Guns N’ Roses,,,,,,,273.48,H:\RadioTEDU Songs\Rock\Guns N’ Roses\Greatest Hits\01 Welcome to the Jungle.flac,2,2,543.356,2026-08-25 03:32:35,2026-08-25 13:38:27
8,RadioTEDU Rock,/rock,configured_stream,51938,"White Wedding, Part 1",Billy Idol,,,,,,,252.2,"H:\RadioTEDU Songs\Rock\Billy Idol\Billy Idol\02 White Wedding, Part 1.flac",2,2,498.876,2026-08-25 11:23:14,2026-08-25 21:45:04
8,RadioTEDU Rock,/rock,configured_stream,51930,Would?,Alice in Chains,,,,,,,207.723,H:\RadioTEDU Songs\Rock\Alice in Chains\Would_.mp3,2,2,410.717,2026-08-25 12:59:46,2026-08-25 23:04:22
8,RadioTEDU Rock,/rock,configured_stream,51919,Zombie,,,,,,,,307.813,H:\RadioTEDU Songs\Rock\081 - Zombie.mp3,2,2,610.873,2026-08-25 16:43:53,2026-08-25 23:46:27
8,RadioTEDU Rock,/rock,configured_stream,51934,505,Arctic Monkeys,,,,,,,253.587,H:\RadioTEDU Songs\Rock\Arctic Monkeys\Favourite Worst Nightmare\12 505.flac,1,1,256.737,2026-08-25 18:02:01,2026-08-25 18:02:01
8,RadioTEDU Rock,/rock,configured_stream,51931,A Horse With No Name,America,,,,,,,226.0,H:\RadioTEDU Songs\Rock\America\Horse With No Name\04 A Horse With No Name.flac,1,1,226.7,2026-08-25 18:15:13,2026-08-25 18:15:13
8,RadioTEDU Rock,/rock,configured_stream,47386,A Little Love,Biffy Clyro,,,,,,,213.693,H:\RadioTEDU Songs\Rock\Biffy Clyro - A Little Love.flac,1,1,210.844,2026-08-25 00:14:55,2026-08-25 00:14:55
8,RadioTEDU Rock,/rock,configured_stream,47094,Adore You,LIA LIA,,,,,,,154.686,H:\RadioTEDU Songs\Rock\LIA LIA - Adore You.flac,1,1,154.444,2026-08-25 14:28:10,2026-08-25 14:28:10
8,RadioTEDU Rock,/rock,configured_stream,45424,After,Just Penelope,,,,,,,174.507,H:\RadioTEDU Songs\Rock\Just Penelope - After.flac,1,1,171.781,2026-08-25 17:15:37,2026-08-25 17:15:37
8,RadioTEDU Rock,/rock,configured_stream,52178,All Along the Watchtower,The Jimi Hendrix Experience,,,,,,,244.564,H:\RadioTEDU Songs\Rock\The Jimi Hendrix Experience\Electric Ladyland\15 All Along the Watchtower.flac,1,1,241.679,2026-08-25 07:56:58,2026-08-25 07:56:58
8,RadioTEDU Rock,/rock,configured_stream,45382,ALL WE HAVE IS US,Crawlers,,,,,,,236.239,H:\RadioTEDU Songs\Rock\Crawlers - ALL WE HAVE IS US.flac,1,1,233.723,2026-08-25 08:58:30,2026-08-25 08:58:30
8,RadioTEDU Rock,/rock,configured_stream,51939,ALWAYS LET YOU DOWN,Bilmuri feat. A Day to Remember,,,,,,,179.136,H:\RadioTEDU Songs\Rock\Bilmuri\KINDA HARD\10 Bilmuri feat. A Day to Remember - ALWAYS LET YOU DOWN.mp3,1,1,176.313,2026-08-25 07:16:17,2026-08-25 07:16:17
8,RadioTEDU Rock,/rock,configured_stream,52111,Andy's Gotta Bang,Petey USA,,,,,,,322.333,H:\RadioTEDU Songs\Rock\Petey USA\oooo\04 Andy's Gotta Bang.flac,1,1,320.264,2026-08-25 18:11:27,2026-08-25 18:11:27
8,RadioTEDU Rock,/rock,configured_stream,52112,Another Brick in the Wall (Part 2),Pink Floyd,,,,,,,238.747,H:\RadioTEDU Songs\Rock\Pink Floyd\The Wall\1-05 Another Brick in the Wall (Part 2).flac,1,1,236.041,2026-08-25 10:24:23,2026-08-25 10:24:23
8,RadioTEDU Rock,/rock,configured_stream,52118,Another One Bites the Dust,Queen,,,,,,,214.653,H:\RadioTEDU Songs\Rock\Queen\The Game\03 Another One Bites the Dust (1).flac,1,1,213.533,2026-08-25 09:13:08,2026-08-25 09:13:08
8,RadioTEDU Rock,/rock,configured_stream,52211,Antidote,Weathers,,,,,,,190.719,H:\RadioTEDU Songs\Rock\Weathers\Antidote\01 Antidote.flac,1,1,187.791,2026-08-25 15:00:59,2026-08-25 15:00:59
8,RadioTEDU Rock,/rock,configured_stream,52041,Are You Gonna Go My Way,Lenny Kravitz,,,,,,,211.933,H:\RadioTEDU Songs\Rock\Lenny Kravitz\Are You Gonna Go My Way\1-01 Are You Gonna Go My Way.flac,1,1,212.617,2026-08-25 18:48:20,2026-08-25 18:48:20
8,RadioTEDU Rock,/rock,configured_stream,52195,Baba O’Riley,The Who,,,,,,,300.4,H:\RadioTEDU Songs\Rock\The Who\Who’s Next\01 Baba O’Riley.flac,1,1,297.912,2026-08-25 06:24:53,2026-08-25 06:24:53
8,RadioTEDU Rock,/rock,configured_stream,52095,Baby Kool (Evelyn),Nothing But Thieves,,,,,,,224.2,H:\RadioTEDU Songs\Rock\Nothing But Thieves\Baby Kool (Evelyn)\01 Baby Kool (Evelyn).flac,1,1,223.961,2026-08-25 04:47:39,2026-08-25 04:47:39
8,RadioTEDU Rock,/rock,configured_stream,52133,Bad Apple,Sailor Honeymoon,,,,,,,157.536,H:\RadioTEDU Songs\Rock\Sailor Honeymoon\Sailor Honeymoon\01 Bad Apple.flac,1,1,154.623,2026-08-25 16:53:01,2026-08-25 16:53:01
8,RadioTEDU Rock,/rock,configured_stream,51958,Bad Moon Rising,Creedence Clearwater Revival,,,,,,,141.6,H:\RadioTEDU Songs\Rock\Creedence Clearwater Revival\Green River\05 Bad Moon Rising.flac,1,1,142.839,2026-08-25 00:40:38,2026-08-25 00:40:38
8,RadioTEDU Rock,/rock,configured_stream,45540,Beaver Pond,Trask,,,,,,,162.111,H:\RadioTEDU Songs\Rock\Trask - Beaver Pond.flac,1,1,162.375,2026-08-25 18:30:04,2026-08-25 18:30:04
8,RadioTEDU Rock,/rock,configured_stream,52196,Behind Blue Eyes,The Who,,,,,,,221.427,H:\RadioTEDU Songs\Rock\The Who\Who’s Next\08 Behind Blue Eyes.flac,1,1,219.615,2026-08-25 17:57:44,2026-08-25 17:57:44
8,RadioTEDU Rock,/rock,configured_stream,52140,Black Hole Sun,Soundgarden,,,,,,,318.587,H:\RadioTEDU Songs\Rock\Soundgarden\Superunknown\07 Black Hole Sun.flac,1,1,318.404,2026-08-25 02:35:40,2026-08-25 02:35:40
8,RadioTEDU Rock,/rock,configured_stream,52421,Black Magic Woman,Santana,,,,,,,196.467,H:\RadioTEDU Songs\Rock\Santana\Santana’s Greatest Hits\06 Black Magic Woman.flac,1,1,197.108,2026-08-25 04:08:36,2026-08-25 04:08:36
8,RadioTEDU Rock,/rock,configured_stream,51883,Black Party With Witches,,,,,,,,418.1,H:\RadioTEDU Songs\Rock\034 - Black Party With Witches.mp3,1,1,417.01,2026-08-25 02:52:48,2026-08-25 02:52:48
8,RadioTEDU Rock,/rock,configured_stream,52144,Born to Be Wild,Steppenwolf,,,,,,,210.373,H:\RadioTEDU Songs\Rock\Steppenwolf\Steppenwolf\05 Born to Be Wild.flac,1,1,208.821,2026-08-25 15:43:46,2026-08-25 15:43:46
8,RadioTEDU Rock,/rock,configured_stream,52027,Breaking the Law,Judas Priest,,,,,,,153.84,H:\RadioTEDU Songs\Rock\Judas Priest\British Steel\03 Breaking the Law.flac,1,1,150.979,2026-08-25 17:40:16,2026-08-25 17:40:16
8,RadioTEDU Rock,/rock,configured_stream,52043,Can You Hear My Voice,Let's Panic,,,,,,,150.656,H:\RadioTEDU Songs\Rock\Let's Panic\Let's Panic\02 Can You Hear My Voice.mp3,1,1,149.412,2026-08-25 01:42:32,2026-08-25 01:42:32
8,RadioTEDU Rock,/rock,configured_stream,51886,Cinnamon Girl,,,,,,,,248.333,H:\RadioTEDU Songs\Rock\037 - Cinnamon Girl.mp3,1,1,247.217,2026-08-25 09:49:27,2026-08-25 09:49:27
8,RadioTEDU Rock,/rock,configured_stream,52147,Coalesce,Stereo Wildlife feat. Izzy Chase,,,,,,,123.708,H:\RadioTEDU Songs\Rock\Stereo Wildlife\The Lighthouse\03 Stereo Wildlife feat. Izzy Chase - Coalesce.flac,1,1,120.822,2026-08-25 10:50:05,2026-08-25 10:50:05
8,RadioTEDU Rock,/rock,configured_stream,52093,Come as You Are,Nirvana,,,,,,,224.189,H:\RadioTEDU Songs\Rock\Nirvana\Nevermind\03 Come as You Are.flac,1,1,280.231,2026-08-25 04:56:03,2026-08-25 04:56:03
8,RadioTEDU Rock,/rock,configured_stream,52077,Counting Stars,Michelle Malone and Drag the River,,,,,,,283.04,H:\RadioTEDU Songs\Rock\Michelle Malone and Drag the River\Relentless\11 Counting Stars.mp3,1,1,282.283,2026-08-25 05:14:43,2026-08-25 05:14:43
8,RadioTEDU Rock,/rock,configured_stream,52048,Crawling,Linkin Park,,,,,,,216.758,H:\RadioTEDU Songs\Rock\Linkin Park\Crawling.mp3,1,1,214.637,2026-08-25 07:05:37,2026-08-25 07:05:37
8,RadioTEDU Rock,/rock,configured_stream,51906,Crazy Train,,,,,,,,293.183,H:\RadioTEDU Songs\Rock\065 - Crazy Train.mp3,1,1,290.496,2026-08-25 17:45:07,2026-08-25 17:45:07
8,RadioTEDU Rock,/rock,configured_stream,52100,Crazy Train,Ozzy Osbourne,,,,,,,293.183,H:\RadioTEDU Songs\Rock\Ozzy Osbourne\The Essential Ozzy Osbourne\1-01 Ozzy Osbourne - Crazy Train.flac,1,1,293.318,2026-08-25 17:53:56,2026-08-25 17:53:56
8,RadioTEDU Rock,/rock,configured_stream,51873,Demons,Imagine Dragons,,,,,,,236.135,H:\RadioTEDU Songs\Rock\020 - Imagine Dragons - Demons (Official Music Video).mp3,1,1,236.442,2026-08-25 01:57:34,2026-08-25 01:57:34
8,RadioTEDU Rock,/rock,configured_stream,52154,Departures,Stereo Wildlife,,,,,,,100.449,H:\RadioTEDU Songs\Rock\Stereo Wildlife\The Lighthouse\10 Stereo Wildlife - Departures.flac,1,1,99.942,2026-08-25 01:49:14,2026-08-25 01:49:14
8,RadioTEDU Rock,/rock,configured_stream,51879,Dig Up Her Bones,Misfits,,,,,,,177.354,H:\RadioTEDU Songs\Rock\030 - Misfits - Dig Up Her Bones.mp3,1,1,174.609,2026-08-25 10:03:30,2026-08-25 10:03:30
8,RadioTEDU Rock,/rock,configured_stream,52078,Dig Up Her Bones (album version),Misfits,,,,,,,177.4,H:\RadioTEDU Songs\Rock\Misfits\American Psycho\07 Dig Up Her Bones (album version).flac,1,1,177.966,2026-08-25 10:27:20,2026-08-25 10:27:20
8,RadioTEDU Rock,/rock,configured_stream,52079,Dig Up Her Bones (album version),Misfits,,,,,,,177.354,H:\RadioTEDU Songs\Rock\Misfits\American Psycho\07 Dig Up Her Bones (album version).mp3,1,1,177.478,2026-08-25 08:11:55,2026-08-25 08:11:55
8,RadioTEDU Rock,/rock,configured_stream,47112,Dog Leash,Megasound;Bad Bad Hats;Party Nails,,,,,,,267.4,H:\RadioTEDU Songs\Rock\Megasound - Dog Leash.flac,1,1,267.288,2026-08-25 08:54:27,2026-08-25 08:54:27
8,RadioTEDU Rock,/rock,configured_stream,51888,Don't Fear The Reaper,,,,,,,,384.16,H:\RadioTEDU Songs\Rock\039 - Don't Fear The Reaper.mp3,1,1,385.494,2026-08-25 09:23:36,2026-08-25 09:23:36
8,RadioTEDU Rock,/rock,configured_stream,52026,Don’t Stop Believin’,Journey,,,,,,,248.2,H:\RadioTEDU Songs\Rock\Journey\Escape\01 Don’t Stop Believin’.flac,1,1,250.827,2026-08-25 05:27:41,2026-08-25 05:27:41
8,RadioTEDU Rock,/rock,configured_stream,51987,Dreams,Fleetwood Mac,,,,,,,257.8,H:\RadioTEDU Songs\Rock\Fleetwood Mac\Rumours\02 Dreams.flac,1,1,260.28,2026-08-25 14:57:32,2026-08-25 14:57:32
8,RadioTEDU Rock,/rock,configured_stream,52155,Edge of Seventeen,Stevie Nicks,,,,,,,329.413,H:\RadioTEDU Songs\Rock\Stevie Nicks\Bella Donna\1-06 Stevie Nicks - Edge of Seventeen.flac,1,1,326.662,2026-08-25 02:03:22,2026-08-25 02:03:22
8,RadioTEDU Rock,/rock,configured_stream,51986,Epic,Faith No More,,,,,,,293.653,H:\RadioTEDU Songs\Rock\Faith No More\The Real Thing\02 Epic.flac,1,1,291.058,2026-08-25 23:55:53,2026-08-25 23:55:53
8,RadioTEDU Rock,/rock,configured_stream,52145,Everything Illuminated,Stereo Wildlife,,,,,,,125.999,H:\RadioTEDU Songs\Rock\Stereo Wildlife\The Lighthouse\01 Stereo Wildlife - Everything Illuminated.flac,1,1,126.06,2026-08-25 07:36:55,2026-08-25 07:36:55
8,RadioTEDU Rock,/rock,configured_stream,52141,Fake Friends,Sounds Like Color,,,,,,,219.231,H:\RadioTEDU Songs\Rock\Sounds Like Color\Fake Friends\01 Fake Friends.flac,1,1,216.416,2026-08-25 08:04:21,2026-08-25 08:04:21
8,RadioTEDU Rock,/rock,configured_stream,51912,Falling Away from Me,,,,,,,,270.92,H:\RadioTEDU Songs\Rock\071 - Falling Away from Me.mp3,1,1,268.168,2026-08-25 09:31:33,2026-08-25 09:31:33
8,RadioTEDU Rock,/rock,configured_stream,51877,Figurative Theater,,,,,,,,161.8,H:\RadioTEDU Songs\Rock\028 - Figurative Theater.mp3,1,1,159.027,2026-08-25 14:49:58,2026-08-25 14:49:58
8,RadioTEDU Rock,/rock,configured_stream,51932,For You,Anti-Nowhere League,,,,,,,208.724,H:\RadioTEDU Songs\Rock\Anti-Nowhere League\For You\11 For You.mp3,1,1,207.158,2026-08-25 08:00:25,2026-08-25 08:00:25
8,RadioTEDU Rock,/rock,configured_stream,51927,Garden,Alabama Shakes,,,,,,,299.042,H:\RadioTEDU Songs\Rock\Alabama Shakes\Garden\01 Garden.flac,1,1,296.174,2026-08-25 07:13:19,2026-08-25 07:13:19
8,RadioTEDU Rock,/rock,configured_stream,52158,Get It On,T. Rex,,,,,,,262.613,H:\RadioTEDU Songs\Rock\T. Rex\Electric Warrior\1-06 Get It On.flac,1,1,266.456,2026-08-25 07:29:16,2026-08-25 07:29:16
8,RadioTEDU Rock,/rock,configured_stream,52160,Get Set,Taxiride,,,,,,,193.893,H:\RadioTEDU Songs\Rock\Taxiride\Imaginate\02 Get Set.flac,1,1,194.125,2026-08-25 00:18:10,2026-08-25 00:18:10
8,RadioTEDU Rock,/rock,configured_stream,51985,Going Under,Evanescence,,,,,,,218.093,H:\RadioTEDU Songs\Rock\Evanescence\Going Under.mp3,1,1,215.184,2026-08-25 01:33:54,2026-08-25 01:33:54
8,RadioTEDU Rock,/rock,configured_stream,51868,Goo Goo Muck,The Cramps,,,,,,,186.178,H:\RadioTEDU Songs\Rock\001 - The Cramps - Goo Goo Muck (Lyric Video).mp3,1,1,186.135,2026-08-25 15:27:56,2026-08-25 15:27:56
8,RadioTEDU Rock,/rock,configured_stream,52167,Good Times Roll,The Cars,,,,,,,225.227,H:\RadioTEDU Songs\Rock\The Cars\The Elektra Years_ 1978–1987\1-01 Good Times Roll.flac,1,1,225.4,2026-08-25 02:07:07,2026-08-25 02:07:07
8,RadioTEDU Rock,/rock,configured_stream,45546,Grandpa Sweaters,Upon Your Dead Body,,,,,,,210.462,H:\RadioTEDU Songs\Rock\Upon Your Dead Body - Grandpa Sweaters.flac,1,1,207.833,2026-08-25 08:38:58,2026-08-25 08:38:58
8,RadioTEDU Rock,/rock,configured_stream,47097,Gut,Gliiico,,,,,,,145.267,H:\RadioTEDU Songs\Rock\Gliiico - Gut.flac,1,1,142.708,2026-08-25 15:24:49,2026-08-25 15:24:49
8,RadioTEDU Rock,/rock,configured_stream,51990,Hanging Out to Dry,Florence Road,,,,,,,210.133,H:\RadioTEDU Songs\Rock\Florence Road\Hanging Out to Dry\01 Hanging Out to Dry.flac,1,1,208.66,2026-08-25 14:21:40,2026-08-25 14:21:40
8,RadioTEDU Rock,/rock,configured_stream,51881,Hangman Hangten,,,,,,,,149.76,H:\RadioTEDU Songs\Rock\032 - Hangman Hangten.mp3,1,1,155.111,2026-08-25 10:29:56,2026-08-25 10:29:56
8,RadioTEDU Rock,/rock,configured_stream,52164,Hard to Handle,The Black Crowes,,,,,,,188.067,H:\RadioTEDU Songs\Rock\The Black Crowes\Shake Your Money Maker\06 Hard to Handle.flac,1,1,186.95,2026-08-25 18:41:17,2026-08-25 18:41:17
8,RadioTEDU Rock,/rock,configured_stream,52080,Hay Loft,Mother Mother,,,,,,,181.68,H:\RadioTEDU Songs\Rock\Mother Mother\O My ♥️\08 Hay Loft.flac,1,1,178.747,2026-08-25 07:40:03,2026-08-25 07:40:03
8,RadioTEDU Rock,/rock,configured_stream,51899,Helena,,,,,,,,199.945,H:\RadioTEDU Songs\Rock\053 - Helena.mp3,1,1,199.993,2026-08-25 10:20:16,2026-08-25 10:20:16
8,RadioTEDU Rock,/rock,configured_stream,52108,Hit Me With Your Best Shot,Pat Benatar,,,,,,,172.467,H:\RadioTEDU Songs\Rock\Pat Benatar\Crimes of Passion\04 Hit Me With Your Best Shot.flac,1,1,170.117,2026-08-25 14:43:22,2026-08-25 14:43:22
8,RadioTEDU Rock,/rock,configured_stream,52136,Home Again,Shihad,,,,,,,225.045,H:\RadioTEDU Songs\Rock\Shihad\Shihad\01 Home Again.flac,1,1,226.666,2026-08-25 14:25:26,2026-08-25 14:25:26
8,RadioTEDU Rock,/rock,configured_stream,52088,How You Remind Me,Nickelback,,,,,,,223.84,H:\RadioTEDU Songs\Rock\Nickelback\Silver Side Up\02 How You Remind Me.flac,1,1,222.597,2026-08-25 00:22:03,2026-08-25 00:22:03
8,RadioTEDU Rock,/rock,configured_stream,51907,I Don't Wanna Be Me,,,,,,,,308.827,H:\RadioTEDU Songs\Rock\066 - I Don't Wanna Be Me.mp3,1,1,307.963,2026-08-25 09:39:16,2026-08-25 09:39:16
8,RadioTEDU Rock,/rock,configured_stream,52138,I Don’t Need Anything from You,Slow Joy,,,,,,,133.851,H:\RadioTEDU Songs\Rock\Slow Joy\Esteban Flores\11 Slow Joy - I Don’t Need Anything from You.flac,1,1,133.751,2026-08-25 18:59:51,2026-08-25 18:59:51
8,RadioTEDU Rock,/rock,configured_stream,52200,I Hate Everything About You,Three Days Grace,,,,,,,219.777,H:\RadioTEDU Songs\Rock\Three Days Grace\Three Days Grace\2-01 I Hate Everything About You.flac,1,1,217.271,2026-08-25 02:20:21,2026-08-25 02:20:21
8,RadioTEDU Rock,/rock,configured_stream,52024,I Hate Myself for Loving You,Joan Jett and the Blackhearts,,,,,,,246.8,H:\RadioTEDU Songs\Rock\Joan Jett and the Blackhearts\Up Your Alley\01 I Hate Myself for Loving You.flac,1,1,249.711,2026-08-25 04:43:39,2026-08-25 04:43:39
8,RadioTEDU Rock,/rock,configured_stream,52130,I See You Now,Roger Taylor,,,,,,,196.973,H:\RadioTEDU Songs\Rock\Roger Taylor\I See You Now\01 I See You Now.flac,1,1,196.266,2026-08-25 10:14:17,2026-08-25 10:14:17
8,RadioTEDU Rock,/rock,configured_stream,52205,I Wanna Rock,Twisted Sister,,,,,,,183.391,H:\RadioTEDU Songs\Rock\Twisted Sister\Stay Hungry\05 I Wanna Rock.flac,1,1,182.242,2026-08-25 10:06:32,2026-08-25 10:06:32
8,RadioTEDU Rock,/rock,configured_stream,52106,I'll Be Okay,Paperback Tragedy,,,,,,,131.691,H:\RadioTEDU Songs\Rock\Paperback Tragedy\Threeshe!\08 I'll Be Okay.mp3,1,1,128.799,2026-08-25 07:34:48,2026-08-25 07:34:48
8,RadioTEDU Rock,/rock,configured_stream,52019,I'll Give You The Moon,Jad Fair & Kramer,,,,,,,156.053,H:\RadioTEDU Songs\Rock\Jad Fair & Kramer\The History Of Crying\05 I'll Give You The Moon.mp3,1,1,155.887,2026-08-25 07:08:13,2026-08-25 07:08:13
8,RadioTEDU Rock,/rock,configured_stream,52039,Immigrant Song,Led Zeppelin,,,,,,,146.25,H:\RadioTEDU Songs\Rock\Led Zeppelin\Led Zeppelin III\01 Immigrant Song.flac,1,1,146.102,2026-08-25 09:33:59,2026-08-25 09:33:59
8,RadioTEDU Rock,/rock,configured_stream,52051,In the End,Linkin Park,,,,,,,216.933,H:\RadioTEDU Songs\Rock\Linkin Park\Hybrid Theory\08 In the End.flac,1,1,216.912,2026-08-25 06:14:55,2026-08-25 06:14:55
8,RadioTEDU Rock,/rock,configured_stream,52052,In the End,Linkin Park,,,,,,,216.933,H:\RadioTEDU Songs\Rock\Linkin Park\In the End.mp3,1,1,219.971,2026-08-25 10:34:01,2026-08-25 10:34:01
8,RadioTEDU Rock,/rock,configured_stream,52156,Interstate Love Song,Stone Temple Pilots,,,,,,,193.613,H:\RadioTEDU Songs\Rock\Stone Temple Pilots\Purple\04 Stone Temple Pilots - Interstate Love Song.flac,1,1,191.049,2026-08-25 08:28:37,2026-08-25 08:28:37
8,RadioTEDU Rock,/rock,configured_stream,52173,Iris,The Goo Goo Dolls,,,,,,,289.533,H:\RadioTEDU Songs\Rock\The Goo Goo Dolls\Dizzy Up the Girl\11 Iris.flac,1,1,294.634,2026-08-25 10:00:23,2026-08-25 10:00:23
8,RadioTEDU Rock,/rock,configured_stream,52166,Just What I Needed,The Cars,,,,,,,225.627,H:\RadioTEDU Songs\Rock\The Cars\The Cars\03 Just What I Needed.flac,1,1,225.856,2026-08-25 15:07:11,2026-08-25 15:07:11
8,RadioTEDU Rock,/rock,configured_stream,52129,Katy Bar the Door,Rise Against,,,,,,,205.203,H:\RadioTEDU Songs\Rock\Rise Against\Katy Bar the Door _ Living Undercover\01 Katy Bar the Door.flac,1,1,209.269,2026-08-25 00:52:27,2026-08-25 00:52:27
8,RadioTEDU Rock,/rock,configured_stream,52194,Last Nite,The Strokes,,,,,,,193.507,H:\RadioTEDU Songs\Rock\The Strokes\Is This It\07 Last Nite.flac,1,1,191.598,2026-08-25 07:32:37,2026-08-25 07:32:37
8,RadioTEDU Rock,/rock,configured_stream,51969,Layla,Derek and the Dominos,,,,,,,423.84,H:\RadioTEDU Songs\Rock\Derek and the Dominos\Layla and Other Assorted Love Songs\13 Layla.flac,1,1,422.026,2026-08-25 06:06:07,2026-08-25 06:06:07
8,RadioTEDU Rock,/rock,configured_stream,52069,Let It Go,MASS OF THE FERMENTING DREGS,,,,,,,169.333,H:\RadioTEDU Songs\Rock\MASS OF THE FERMENTING DREGS\Iwaou\02 Let It Go.flac,1,1,166.379,2026-08-25 07:22:06,2026-08-25 07:22:06
8,RadioTEDU Rock,/rock,configured_stream,51995,Libra,French Police,,,,,,,167.279,H:\RadioTEDU Songs\Rock\French Police\Libra\01 Libra.flac,1,1,167.15,2026-08-25 02:23:08,2026-08-25 02:23:08
8,RadioTEDU Rock,/rock,configured_stream,51979,Life in the Fast Lane,Eagles,,,,,,,285.803,H:\RadioTEDU Songs\Rock\Eagles\Hotel California\03 Life in the Fast Lane.flac,1,1,286.007,2026-08-25 02:11:54,2026-08-25 02:11:54
8,RadioTEDU Rock,/rock,configured_stream,52172,Light My Fire,The Doors,,,,,,,429.76,H:\RadioTEDU Songs\Rock\The Doors\The Doors\06 Light My Fire.flac,1,1,427.142,2026-08-25 17:31:30,2026-08-25 17:31:30
8,RadioTEDU Rock,/rock,configured_stream,52007,Little Tea,HONEYMOAN,,,,,,,228.694,H:\RadioTEDU Songs\Rock\HONEYMOAN\LOVE DESTROY ME\03 HONEYMOAN - Little Tea.flac,1,1,227.156,2026-08-25 01:23:41,2026-08-25 01:23:41
8,RadioTEDU Rock,/rock,configured_stream,52175,Long Cool Woman (In a Black Dress),The Hollies,,,,,,,199.2,H:\RadioTEDU Songs\Rock\The Hollies\Distant Light\07 Long Cool Woman (In a Black Dress).flac,1,1,197.562,2026-08-25 02:30:22,2026-08-25 02:30:22
8,RadioTEDU Rock,/rock,configured_stream,52121,Losing My Religion 2 (demo),R.E.M.,,,,,,,273.968,H:\RadioTEDU Songs\Rock\R.E.M_\Out of Time\2-11 Losing My Religion 2 (demo).flac,1,1,275.391,2026-08-25 18:20:00,2026-08-25 18:20:00
8,RadioTEDU Rock,/rock,configured_stream,45381,Lost In Translation,Colorblind,,,,,,,147.77,H:\RadioTEDU Songs\Rock\Colorblind - Lost In Translation.flac,1,1,146.937,2026-08-25 15:03:25,2026-08-25 15:03:25
8,RadioTEDU Rock,/rock,configured_stream,52067,Lullaby,Low,,,,,,,589.107,H:\RadioTEDU Songs\Rock\Low\I Could Live in Hope\06 Lullaby.flac,1,1,590.453,2026-08-25 08:25:09,2026-08-25 08:25:09
8,RadioTEDU Rock,/rock,configured_stream,52009,Lust for Life,Iggy Pop,,,,,,,313.926,H:\RadioTEDU Songs\Rock\Iggy Pop\Lust for Life\01 Lust for Life.flac,1,1,314.718,2026-08-25 01:19:44,2026-08-25 01:19:44
8,RadioTEDU Rock,/rock,configured_stream,52099,"Mama, I’m Coming Home",Ozzy Osbourne,,,,,,,251.867,"H:\RadioTEDU Songs\Rock\Ozzy Osbourne\No More Tears\03 Mama, I’m Coming Home.flac",1,1,248.951,2026-08-25 15:22:26,2026-08-25 15:22:26
8,RadioTEDU Rock,/rock,configured_stream,52201,Mary Jane’s Last Dance,Tom Petty & the Heartbreakers,,,,,,,273.6,H:\RadioTEDU Songs\Rock\Tom Petty and the Heartbreakers\Greatest Hits\17 Tom Petty & the Heartbreakers - Mary Jane’s Last Dance.flac,1,1,270.837,2026-08-25 17:06:11,2026-08-25 17:06:11
8,RadioTEDU Rock,/rock,configured_stream,52074,Master of Puppets,Metallica,,,,,,,515.387,H:\RadioTEDU Songs\Rock\Metallica\Master of Puppets\02 Master of Puppets.flac,1,1,518.503,2026-08-25 09:09:22,2026-08-25 09:09:22
8,RadioTEDU Rock,/rock,configured_stream,45409,Mechanical Bull,Hannah Cole,,,,,,,214.147,H:\RadioTEDU Songs\Rock\Hannah Cole - Mechanical Bull.flac,1,1,211.467,2026-08-25 00:48:57,2026-08-25 00:48:57
8,RadioTEDU Rock,/rock,configured_stream,52018,Mr Brightside,It’s a Cover Up,,,,,,,222.973,"H:\RadioTEDU Songs\Rock\It’s a Cover Up\Most Requested Party Songs, Vol. 1\08 Mr Brightside.mp3",1,1,222.939,2026-08-25 17:37:35,2026-08-25 17:37:35
8,RadioTEDU Rock,/rock,configured_stream,52179,Mr. Brightside,The Killers,,,,,,,222.973,H:\RadioTEDU Songs\Rock\The Killers\Hot Fuss\02 Mr. Brightside (1).flac,1,1,220.032,2026-08-25 18:33:46,2026-08-25 18:33:46
8,RadioTEDU Rock,/rock,configured_stream,52180,Mr. Brightside,The Killers,,,,,,,222.973,H:\RadioTEDU Songs\Rock\The Killers\Hot Fuss\02 Mr. Brightside.flac,1,1,220.054,2026-08-25 18:57:38,2026-08-25 18:57:38
8,RadioTEDU Rock,/rock,configured_stream,51896,My Girlfriend's Girlfriend,,,,,,,,228.827,H:\RadioTEDU Songs\Rock\050 - My Girlfriend's Girlfriend.mp3,1,1,229.277,2026-08-25 04:21:39,2026-08-25 04:21:39
8,RadioTEDU Rock,/rock,configured_stream,52120,No One Knows,Queens of the Stone Age,,,,,,,278.747,H:\RadioTEDU Songs\Rock\Queens of the Stone Age\Songs for the Deaf\02 No One Knows.flac,1,1,275.977,2026-08-25 02:16:43,2026-08-25 02:16:43
8,RadioTEDU Rock,/rock,configured_stream,51944,No Rain,Blind Melon,,,,,,,217.107,H:\RadioTEDU Songs\Rock\Blind Melon\Blind Melon\07 No Rain.flac,1,1,220.252,2026-08-25 17:48:47,2026-08-25 17:48:47
8,RadioTEDU Rock,/rock,configured_stream,45541,On My Back,Triggerfinger,,,,,,,238.007,H:\RadioTEDU Songs\Rock\Triggerfinger - On My Back.flac,1,1,238.545,2026-08-25 14:35:14,2026-08-25 14:35:14
8,RadioTEDU Rock,/rock,configured_stream,52159,Once in a Lifetime,Talking Heads,,,,,,,259.907,H:\RadioTEDU Songs\Rock\Talking Heads\Remain in Light\1-04 Once in a Lifetime.flac,1,1,257.015,2026-08-25 04:25:56,2026-08-25 04:25:56
8,RadioTEDU Rock,/rock,configured_stream,51956,One Last Breath,Creed,,,,,,,239.456,H:\RadioTEDU Songs\Rock\Creed\One Last Breath.mp3,1,1,239.263,2026-08-25 05:47:37,2026-08-25 05:47:37
8,RadioTEDU Rock,/rock,configured_stream,51957,One Last Breath,Creed,,,,,,,239.456,H:\RadioTEDU Songs\Rock\Creed\Weathered\05 One Last Breath.flac,1,1,239.908,2026-08-25 04:12:36,2026-08-25 04:12:36
8,RadioTEDU Rock,/rock,configured_stream,52148,One of These Days,Stereo Wildlife feat. Kid Alaska & Izzy Chase,,,,,,,141.606,H:\RadioTEDU Songs\Rock\Stereo Wildlife\The Lighthouse\04 Stereo Wildlife feat. Kid Alaska & Izzy Chase - One of These Days (1).flac,1,1,141.492,2026-08-25 02:45:41,2026-08-25 02:45:41
8,RadioTEDU Rock,/rock,configured_stream,52149,One of These Days,Stereo Wildlife feat. Kid Alaska & Izzy Chase,,,,,,,131.955,H:\RadioTEDU Songs\Rock\Stereo Wildlife\The Lighthouse\04 Stereo Wildlife feat. Kid Alaska & Izzy Chase - One of These Days (2).flac,1,1,129.075,2026-08-25 01:10:24,2026-08-25 01:10:24
8,RadioTEDU Rock,/rock,configured_stream,51889,Out Of Control,,,,,,,,217.293,H:\RadioTEDU Songs\Rock\040 - Out Of Control.mp3,1,1,214.531,2026-08-25 02:39:24,2026-08-25 02:39:24
8,RadioTEDU Rock,/rock,configured_stream,52028,Painkiller,Judas Priest,,,,,,,368.431,H:\RadioTEDU Songs\Rock\Judas Priest\Metalogy_ Box Set Sampler\10 Painkiller.flac,1,1,370.533,2026-08-25 08:49:31,2026-08-25 08:49:31
8,RadioTEDU Rock,/rock,configured_stream,52029,Painkiller,Judas Priest,,,,,,,368.373,H:\RadioTEDU Songs\Rock\Judas Priest\Painkiller.mp3,1,1,370.801,2026-08-25 07:52:44,2026-08-25 07:52:44
8,RadioTEDU Rock,/rock,configured_stream,51872,Paint It Black,,,,,,,,145.333,H:\RadioTEDU Songs\Rock\018 - Paint It Black.mp3,1,1,142.442,2026-08-25 17:33:53,2026-08-25 17:33:53
8,RadioTEDU Rock,/rock,configured_stream,52187,Paint It Black,The Rolling Stones,,,,,,,202.267,H:\RadioTEDU Songs\Rock\The Rolling Stones\Aftermath\01 Paint It Black.flac,1,1,199.398,2026-08-25 17:09:30,2026-08-25 17:09:30
8,RadioTEDU Rock,/rock,configured_stream,51874,"Paint It, Black",,,,,,,,202.267,"H:\RadioTEDU Songs\Rock\025 - Paint It, Black.mp3",1,1,200.996,2026-08-25 16:56:21,2026-08-25 16:56:21
8,RadioTEDU Rock,/rock,configured_stream,51942,Paranoid,Black Sabbath,,,,,,,167.72,H:\RadioTEDU Songs\Rock\Black Sabbath\Paranoid\02 Paranoid.flac,1,1,165.384,2026-08-25 16:46:39,2026-08-25 16:46:39
8,RadioTEDU Rock,/rock,configured_stream,51937,Piece of My Heart,Big Brother & the Holding Company,,,,,,,253.333,H:\RadioTEDU Songs\Rock\Big Brother & the Holding Company\Cheap Thrills\04 Piece of My Heart.flac,1,1,250.661,2026-08-25 00:56:54,2026-08-25 00:56:54
8,RadioTEDU Rock,/rock,configured_stream,47113,Poles,Special Features,,,,,,,218.856,H:\RadioTEDU Songs\Rock\Special Features - Poles.flac,1,1,225.962,2026-08-25 02:27:04,2026-08-25 02:27:04
8,RadioTEDU Rock,/rock,configured_stream,52008,Prey for Me,If Not for Me,,,,,,,205.888,H:\RadioTEDU Songs\Rock\If Not For Me\Where the Light Begins to Fade\06 If Not for Me - Prey for Me.flac,1,1,202.935,2026-08-25 15:10:47,2026-08-25 15:10:47
8,RadioTEDU Rock,/rock,configured_stream,51901,Pumpkinhead,,,,,,,,136.04,H:\RadioTEDU Songs\Rock\055 - Pumpkinhead.mp3,1,1,133.171,2026-08-25 09:00:44,2026-08-25 09:00:44
8,RadioTEDU Rock,/rock,configured_stream,52177,Purple Haze,The Jimi Hendrix Experience,,,,,,,180.489,H:\RadioTEDU Songs\Rock\The Jimi Hendrix Experience\Are You Experienced\1-14 Purple Haze.flac,1,1,180.652,2026-08-25 08:35:15,2026-08-25 08:35:15
8,RadioTEDU Rock,/rock,configured_stream,52157,"Rapture, Or...",Sweeping Promises,,,,,,,218.812,"H:\RadioTEDU Songs\Rock\Sweeping Promises\You Say I Romanticize\04 Rapture, Or....flac",1,1,218.809,2026-08-25 16:50:17,2026-08-25 16:50:17
8,RadioTEDU Rock,/rock,configured_stream,51950,Rebel Rebel,Bowie,,,,,,,274.747,H:\RadioTEDU Songs\Rock\Bowie\Diamond Dogs\06 Rebel Rebel.flac,1,1,277.688,2026-08-25 15:18:05,2026-08-25 15:18:05
8,RadioTEDU Rock,/rock,configured_stream,52134,Rock You Like a Hurricane,Scorpions,,,,,,,253.667,H:\RadioTEDU Songs\Rock\Scorpions\Love at First Sting\02 Rock You Like a Hurricane.flac,1,1,253.646,2026-08-25 18:37:59,2026-08-25 18:37:59
8,RadioTEDU Rock,/rock,configured_stream,52015,Run to the Hills,Iron Maiden,,,,,,,233.507,H:\RadioTEDU Songs\Rock\Iron Maiden\The Number Of The Beast\06 Run to the Hills.flac,1,1,231.711,2026-08-25 18:06:06,2026-08-25 18:06:06
8,RadioTEDU Rock,/rock,configured_stream,52213,Say It Ain't So,Weezer,,,,,,,258.827,H:\RadioTEDU Songs\Rock\Weezer\Weezer\07 Say It Ain't So.flac,1,1,259.699,2026-08-25 08:43:18,2026-08-25 08:43:18
8,RadioTEDU Rock,/rock,configured_stream,52062,Scavenger Hunt,Louie Zong,,,,,,,10.083,H:\RadioTEDU Songs\Rock\Louie Zong\Light\04 Scavenger Hunt (2).mp3,1,1,8.273,2026-08-25 08:49:51,2026-08-25 08:49:51
8,RadioTEDU Rock,/rock,configured_stream,52063,Scavenger Hunt,Louie Zong,,,,,,,10.083,H:\RadioTEDU Songs\Rock\Louie Zong\Light\04 Scavenger Hunt (3).mp3,1,1,10.02,2026-08-25 08:00:35,2026-08-25 08:00:35
8,RadioTEDU Rock,/rock,configured_stream,52064,Scavenger Hunt,Louie Zong,,,,,,,10.083,H:\RadioTEDU Songs\Rock\Louie Zong\Light\04 Scavenger Hunt (4).mp3,1,1,9.05,2026-08-25 08:04:30,2026-08-25 08:04:30
8,RadioTEDU Rock,/rock,configured_stream,52065,Scavenger Hunt,Louie Zong,,,,,,,10.083,H:\RadioTEDU Songs\Rock\Louie Zong\Light\04 Scavenger Hunt (5).mp3,1,1,8.336,2026-08-25 08:50:00,2026-08-25 08:50:00
8,RadioTEDU Rock,/rock,configured_stream,52066,Scavenger Hunt,Louie Zong,,,,,,,10.083,H:\RadioTEDU Songs\Rock\Louie Zong\Light\04 Scavenger Hunt.mp3,1,1,10.187,2026-08-25 10:47:55,2026-08-25 10:47:55
8,RadioTEDU Rock,/rock,configured_stream,51928,School’s Out,Alice Cooper,,,,,,,210.493,H:\RadioTEDU Songs\Rock\Alice Cooper\School’s Out\01 School’s Out.flac,1,1,207.645,2026-08-25 15:31:33,2026-08-25 15:31:33
8,RadioTEDU Rock,/rock,configured_stream,52161,Self Aware,Temper City,,,,,,,180.741,H:\RadioTEDU Songs\Rock\Temper City\Self Aware\01 Self Aware.flac,1,1,180.878,2026-08-25 17:12:30,2026-08-25 17:12:30
8,RadioTEDU Rock,/rock,configured_stream,52089,Smells Like Teen Spirit,Nirvana,,,,,,,301.929,H:\RadioTEDU Songs\Rock\Nirvana\Gold\01 Smells Like Teen Spirit.flac,1,1,299.789,2026-08-25 05:19:42,2026-08-25 05:19:42
8,RadioTEDU Rock,/rock,configured_stream,52091,Smells Like Teen Spirit,Nirvana,,,,,,,301.92,H:\RadioTEDU Songs\Rock\Nirvana\Nevermind\01 Smells Like Teen Spirit.flac,1,1,301.956,2026-08-25 04:17:38,2026-08-25 04:17:38
8,RadioTEDU Rock,/rock,configured_stream,51911,So Far So Fake,,,,,,,,236.16,H:\RadioTEDU Songs\Rock\070 - So Far So Fake.mp3,1,1,236.085,2026-08-25 02:43:20,2026-08-25 02:43:20
8,RadioTEDU Rock,/rock,configured_stream,52110,Solsbury Hill,Peter Gabriel,,,,,,,261.56,H:\RadioTEDU Songs\Rock\Peter Gabriel\Peter Gabriel\02 Solsbury Hill.flac,1,1,262.837,2026-08-25 01:53:37,2026-08-25 01:53:37
8,RadioTEDU Rock,/rock,configured_stream,52053,Somewhere I Belong,Linkin Park,,,,,,,225.768,H:\RadioTEDU Songs\Rock\Linkin Park\Meteora\03 Somewhere I Belong.flac,1,1,226.221,2026-08-25 17:24:13,2026-08-25 17:24:13
8,RadioTEDU Rock,/rock,configured_stream,51917,Sonne,,,,,,,,245.853,H:\RadioTEDU Songs\Rock\078 - Sonne.mp3,1,1,243.024,2026-08-25 09:17:11,2026-08-25 09:17:11
8,RadioTEDU Rock,/rock,configured_stream,52191,Start Me Up,The Rolling Stones,,,,,,,213.124,H:\RadioTEDU Songs\Rock\The Rolling Stones\Tattoo You\01 Start Me Up.flac,1,1,211.643,2026-08-25 04:39:28,2026-08-25 04:39:28
8,RadioTEDU Rock,/rock,configured_stream,52208,Sunday Bloody Sunday,U2,,,,,,,279.44,H:\RadioTEDU Songs\Rock\U2\War\01 Sunday Bloody Sunday.flac,1,1,276.637,2026-08-25 00:45:26,2026-08-25 00:45:26
8,RadioTEDU Rock,/rock,configured_stream,45477,Sweet Devotion,Queen of Jeans,,,,,,,188.207,H:\RadioTEDU Songs\Rock\Queen of Jeans - Sweet Devotion.flac,1,1,187.711,2026-08-25 14:18:12,2026-08-25 14:18:12
8,RadioTEDU Rock,/rock,configured_stream,51921,T.N.T.,AC/DC,,,,,,,216.631,H:\RadioTEDU Songs\Rock\AC_DC\High Voltage\05 T.N.T..flac,1,1,216.526,2026-08-25 18:27:01,2026-08-25 18:27:01
8,RadioTEDU Rock,/rock,configured_stream,52082,Teenagers,My Chemical Romance,,,,,,,161.92,H:\RadioTEDU Songs\Rock\My Chemical Romance\The Black Parade\11 Teenagers.flac,1,1,159.174,2026-08-25 10:16:57,2026-08-25 10:16:57
8,RadioTEDU Rock,/rock,configured_stream,52131,Ten Over Ten,Royal Blood,,,,,,,197.324,H:\RadioTEDU Songs\Rock\Royal Blood\Ten Over Ten\01 Ten Over Ten.flac,1,1,194.448,2026-08-25 14:53:12,2026-08-25 14:53:12
8,RadioTEDU Rock,/rock,configured_stream,45550,Terminal Crew of Dudes,Whitmer Thomas,,,,,,,232.88,H:\RadioTEDU Songs\Rock\Whitmer Thomas - Terminal Crew of Dudes.flac,1,1,232.461,2026-08-25 05:31:36,2026-08-25 05:31:36
8,RadioTEDU Rock,/rock,configured_stream,51976,The Boys of Summer,Don Henley,,,,,,,288.733,H:\RadioTEDU Songs\Rock\Don Henley\Building the Perfect Beast\01 The Boys of Summer.flac,1,1,288.748,2026-08-25 01:47:20,2026-08-25 01:47:20
8,RadioTEDU Rock,/rock,configured_stream,52183,The Kids Aren't Alright,The Offspring,,,,,,,179.56,H:\RadioTEDU Songs\Rock\The Offspring\Americana\05 The Kids Aren't Alright.flac,1,1,180.412,2026-08-25 01:36:54,2026-08-25 01:36:54
8,RadioTEDU Rock,/rock,configured_stream,52184,The Kids Aren’t Alright,The Offspring,,,,,,,179.56,H:\RadioTEDU Songs\Rock\The Offspring\The Kids Aren’t Alright.mp3,1,1,176.971,2026-08-25 01:40:02,2026-08-25 01:40:02
8,RadioTEDU Rock,/rock,configured_stream,52014,The Number of the Beast,Iron Maiden,,,,,,,291.051,H:\RadioTEDU Songs\Rock\Iron Maiden\The Number of the Beast.mp3,1,1,288.896,2026-08-25 17:20:26,2026-08-25 17:20:26
8,RadioTEDU Rock,/rock,configured_stream,47098,The World Keeps Spinning,Alemeda;Fousheé,,,,,,,135.307,H:\RadioTEDU Songs\Rock\Alemeda - The World Keeps Spinning.flac,1,1,132.465,2026-08-25 09:41:30,2026-08-25 09:41:30
8,RadioTEDU Rock,/rock,configured_stream,51903,This Love,,,,,,,,393.706,H:\RadioTEDU Songs\Rock\057 - This Love.mp3,1,1,390.827,2026-08-25 07:46:33,2026-08-25 07:46:33
8,RadioTEDU Rock,/rock,configured_stream,51909,Thunderstruck,,,,,,,,292.88,H:\RadioTEDU Songs\Rock\068 - Thunderstruck.mp3,1,1,290.01,2026-08-25 18:53:58,2026-08-25 18:53:58
8,RadioTEDU Rock,/rock,configured_stream,51992,Times Like These (acoustic version),Foo Fighters,,,,,,,238.587,H:\RadioTEDU Songs\Rock\Foo Fighters\00020225\07 Times Like These (acoustic version).flac,1,1,235.769,2026-08-25 15:35:29,2026-08-25 15:35:29
8,RadioTEDU Rock,/rock,configured_stream,52132,Tom Sawyer,Rush,,,,,,,276.88,H:\RadioTEDU Songs\Rock\Rush\Moving Pictures\01 Tom Sawyer.flac,1,1,276.967,2026-08-25 04:30:32,2026-08-25 04:30:32
8,RadioTEDU Rock,/rock,configured_stream,52143,"Tonight, Tonight",Starbenders,,,,,,,264.213,"H:\RadioTEDU Songs\Rock\Starbenders\Tonight, Tonight\01 Tonight, Tonight.flac",1,1,261.495,2026-08-25 00:34:41,2026-08-25 00:34:41
8,RadioTEDU Rock,/rock,configured_stream,45522,Tossing & Turning,The Gringos,,,,,,,223.951,H:\RadioTEDU Songs\Rock\The Gringos - Tossing & Turning.flac,1,1,226.089,2026-08-25 14:47:08,2026-08-25 14:47:08
8,RadioTEDU Rock,/rock,configured_stream,52117,Under Pressure,Queen & David Bowie,,,,,,,253.051,H:\RadioTEDU Songs\Rock\Queen\Hot Space\11 Queen & David Bowie - Under Pressure.flac,1,1,254.327,2026-08-25 08:08:44,2026-08-25 08:08:44
8,RadioTEDU Rock,/rock,configured_stream,45416,Vincent Thomas,Jakobs Castle,,,,,,,164.867,H:\RadioTEDU Songs\Rock\Jakobs Castle - Vincent Thomas.flac,1,1,163.795,2026-08-25 07:24:49,2026-08-25 07:24:49
8,RadioTEDU Rock,/rock,configured_stream,52103,Walk,Pantera,,,,,,,315.861,H:\RadioTEDU Songs\Rock\Pantera\Vulgar Display of Power\03 Walk.flac,1,1,312.958,2026-08-25 04:35:56,2026-08-25 04:35:56
8,RadioTEDU Rock,/rock,configured_stream,52060,Walk on the Wild Side,Lou Reed,,,,,,,253.96,H:\RadioTEDU Songs\Rock\Lou Reed\Transformer\05 Walk on the Wild Side.flac,1,1,254.82,2026-08-25 10:10:49,2026-08-25 10:10:49
8,RadioTEDU Rock,/rock,configured_stream,51925,Walk This Way,Aerosmith,,,,,,,220.311,H:\RadioTEDU Songs\Rock\Aerosmith\Toys in the Attic\04 Walk This Way.flac,1,1,220.272,2026-08-25 09:45:10,2026-08-25 09:45:10
8,RadioTEDU Rock,/rock,configured_stream,52032,We Have Each Other,Kenny Smith,,,,,,,181.653,H:\RadioTEDU Songs\Rock\Kenny Smith\One More Day\14 Kenny Smith - We Have Each Other.mp3,1,1,181.598,2026-08-25 00:07:27,2026-08-25 00:07:27
8,RadioTEDU Rock,/rock,configured_stream,51948,Weather Me,BODEGA,,,,,,,202.835,H:\RadioTEDU Songs\Rock\BODEGA\Weather Me\01 Weather Me.flac,1,1,199.973,2026-08-25 00:00:49,2026-08-25 00:00:49
8,RadioTEDU Rock,/rock,configured_stream,52058,What I've Done,Linkin Park,,,,,,,205.613,H:\RadioTEDU Songs\Rock\Linkin Park\Minutes to Midnight\1-06 What I've Done.flac,1,1,202.967,2026-08-25 08:15:18,2026-08-25 08:15:18
8,RadioTEDU Rock,/rock,configured_stream,51996,What Is Life,George Harrison,,,,,,,264.406,H:\RadioTEDU Songs\Rock\George Harrison\All Things Must Pass\1-05 What Is Life.flac,1,1,261.57,2026-08-25 19:04:23,2026-08-25 19:04:23
8,RadioTEDU Rock,/rock,configured_stream,45411,Whatchu In The Rush For,Hendrix Frankenreiter,,,,,,,193.487,H:\RadioTEDU Songs\Rock\Hendrix Frankenreiter - Whatchu In The Rush For.flac,1,1,196.677,2026-08-25 09:27:03,2026-08-25 09:27:03
8,RadioTEDU Rock,/rock,configured_stream,52087,When I Come Home,New Jordal Swingers,,,,,,,219.2,H:\RadioTEDU Songs\Rock\New Jordal Swingers\New Jordal Swingers on Top\5-09 When I Come Home.mp3,1,1,217.338,2026-08-25 08:32:14,2026-08-25 08:32:14
8,RadioTEDU Rock,/rock,configured_stream,52207,Where the Streets Have No Name,U2,,,,,,,336.613,H:\RadioTEDU Songs\Rock\U2\The Joshua Tree\01 Where the Streets Have No Name.flac,1,1,333.75,2026-08-25 01:02:27,2026-08-25 01:02:27
8,RadioTEDU Rock,/rock,configured_stream,51980,Whole Lot Coming for You,Eddie 9V,,,,,,,173.291,H:\RadioTEDU Songs\Rock\Eddie 9V\Down Here\01 Whole Lot Coming for You.flac,1,1,173.267,2026-08-25 07:19:10,2026-08-25 07:19:10
8,RadioTEDU Rock,/rock,configured_stream,52038,Whole Lotta Love,Led Zeppelin,,,,,,,334.555,H:\RadioTEDU Songs\Rock\Led Zeppelin\Led Zeppelin II\01 Whole Lotta Love.flac,1,1,335.715,2026-08-25 01:08:02,2026-08-25 01:08:02
8,RadioTEDU Rock,/rock,configured_stream,51929,Would?,Alice in Chains,,,,,,,206.773,H:\RadioTEDU Songs\Rock\Alice in Chains\Dirt\13 Would_.flac,1,1,204.323,2026-08-25 18:23:25,2026-08-25 18:23:25
8,RadioTEDU Rock,/rock,configured_stream,51920,You Shook Me All Night Long,AC/DC,,,,,,,210.173,H:\RadioTEDU Songs\Rock\AC_DC\Back in Black\07 You Shook Me All Night Long.flac,1,1,208.714,2026-08-25 18:44:47,2026-08-25 18:44:47
8,RadioTEDU Rock,/rock,configured_stream,45517,Zombie - 2025 Remastered,The Cranberries,,,,,,,306.991,H:\RadioTEDU Songs\Rock\The Cranberries - Zombie - 2025 Remastered.flac,1,1,308.042,2026-08-25 17:01:30,2026-08-25 17:01:30
8,RadioTEDU Rock,/rock,configured_stream,51965,“Heroes”,David Bowie,,,,,,,363.347,H:\RadioTEDU Songs\Rock\David Bowie\“Heroes”\03 “Heroes”.flac,1,1,360.84,2026-08-25 09:55:28,2026-08-25 09:55:28
9,RadioTEDU Energize,/energize,configured_stream,52243,Beautiful People,David Guetta & Sia,,,,,,,187.087,H:\RadioTEDU Songs\Energize\David Guetta & Sia\Beautiful People\01 Beautiful People.mp3,8,8,1485.449,2026-08-25 03:49:35,2026-08-25 23:01:32
9,RadioTEDU Energize,/energize,configured_stream,52284,Easy Love,Sigala,,,,,,,229.813,H:\RadioTEDU Songs\Energize\Sigala\Brighter Days\16 Sigala - Easy Love.flac,8,8,1821.29,2026-08-25 04:03:09,2026-08-25 23:18:01
9,RadioTEDU Energize,/energize,configured_stream,52246,Forever Young,"David Guetta, Alphaville & Ava Max",,,,,,,156.003,"H:\RadioTEDU Songs\Energize\David Guetta, Alphaville & Ava Max\Forever Young\01 Forever Young.mp3",8,8,1230.088,2026-08-25 04:05:43,2026-08-25 23:20:35
9,RadioTEDU Energize,/energize,configured_stream,52249,Gettin’ Over You,David Guetta & Chris Willis feat. Fergie & LMFAO,,,,,,,188.0,H:\RadioTEDU Songs\Energize\David Guetta\One More Love\02 David Guetta & Chris Willis feat. Fergie & LMFAO - Gettin’ Over You.mp3,8,8,1495.598,2026-08-25 03:23:48,2026-08-25 22:47:04
9,RadioTEDU Energize,/energize,configured_stream,52219,Heads Will Roll,Yeah Yeah Yeahs,,,,,,,220.09,H:\RadioTEDU Songs\Energize\017 - Yeah Yeah Yeahs - Heads Will Roll (Official Music Video).mp3,8,8,1742.273,2026-08-25 02:57:16,2026-08-25 22:24:05
9,RadioTEDU Energize,/energize,configured_stream,52220,Hung Up,,,,,,,,337.733,H:\RadioTEDU Songs\Energize\091 - Hung Up.mp3,8,8,2683.437,2026-08-25 04:11:17,2026-08-25 23:26:12
9,RadioTEDU Energize,/energize,configured_stream,52231,Hypnotized,Anyma feat. Ellie Goulding,,,,,,,177.621,H:\RadioTEDU Songs\Energize\Anyma\The End of Genesys\03 Anyma feat. Ellie Goulding - Hypnotized.mp3,8,8,1403.197,2026-08-25 04:14:12,2026-08-25 23:29:07
9,RadioTEDU Energize,/energize,configured_stream,52292,I Follow Rivers,Tiësto feat. Oaks,,,,,,,198.972,H:\RadioTEDU Songs\Energize\Tiësto feat. Oaks\I Follow Rivers\01 I Follow Rivers.mp3,8,8,1574.617,2026-08-25 03:52:54,2026-08-25 23:04:51
9,RadioTEDU Energize,/energize,configured_stream,52240,If (A Better World),David Guetta & Cedric Gervais,,,,,,,170.806,H:\RadioTEDU Songs\Energize\David Guetta & Cedric Gervais\If (A Better World)\01 If (A Better World).flac,8,8,1353.278,2026-08-25 03:43:42,2026-08-25 22:55:45
9,RadioTEDU Energize,/energize,configured_stream,52276,It’s Not Right (But It’s Ok),Mr. Belt & Wezol,,,,,,,152.253,H:\RadioTEDU Songs\Energize\Mr. Belt & Wezol\It's Not Right But It's Okay\01 It’s Not Right (But It’s Ok).flac,8,8,1202.317,2026-08-25 03:26:17,2026-08-25 22:49:33
9,RadioTEDU Energize,/energize,configured_stream,52277,It’s Not Right (But It’s Ok),Mr. Belt & Wezol,,,,,,,152.253,H:\RadioTEDU Songs\Energize\Mr. Belt & Wezol\It's Not Right But It's Okay\01 It’s Not Right (But It’s Ok).mp3,8,8,1200.759,2026-08-25 03:55:26,2026-08-25 23:07:32
9,RadioTEDU Energize,/energize,configured_stream,47200,Lady Gaga - Bloody Mary // Wednesday (Soner Karaca Remix),Soner Karaca,,,,,,,197.01,H:\RadioTEDU Songs\Energize\037 - Lady Gaga - Bloody Mary ⧸⧸ Wednesday (Soner Karaca Remix).mp3,8,8,1560.32,2026-08-25 02:53:38,2026-08-25 22:20:25
9,RadioTEDU Energize,/energize,configured_stream,52263,Love and Imitation,Infusion,,,,,,,455.773,H:\RadioTEDU Songs\Energize\Infusion\Six Feet Above Yesterday\05 Love and Imitation.mp3,8,8,3625.92,2026-08-25 03:20:42,2026-08-25 22:43:58
9,RadioTEDU Energize,/energize,configured_stream,52260,Peanut Butter Jelly,Galantis,,,,,,,203.133,H:\RadioTEDU Songs\Energize\Galantis\Pharmacy\09 Peanut Butter Jelly.flac,8,8,1616.008,2026-08-25 03:33:21,2026-08-25 22:52:56
9,RadioTEDU Energize,/energize,configured_stream,52282,Reload (radio edit),"Sebastian Ingrosso, Tommy Trash & John Martin",,,,,,,221.28,"H:\RadioTEDU Songs\Energize\Sebastian Ingrosso, Tommy Trash & John Martin\Reload (vocal version _ radio edit)\01 Reload (radio edit).flac",8,8,1751.338,2026-08-25 03:00:54,2026-08-25 22:27:44
9,RadioTEDU Energize,/energize,configured_stream,52222,Rock That Body,,,,,,,,269.253,H:\RadioTEDU Songs\Energize\097 - Rock That Body.mp3,8,8,2140.771,2026-08-25 03:09:02,2026-08-25 22:32:16
9,RadioTEDU Energize,/energize,configured_stream,52293,Secrets,Tiësto & KSHMR feat. Vassy,,,,,,,250.947,"H:\RadioTEDU Songs\Energize\Tiësto\Club Life, Volume Four_ New York City\02 Tiësto & KSHMR feat. Vassy - Secrets.flac",8,8,1997.226,2026-08-25 03:13:10,2026-08-25 22:36:25
9,RadioTEDU Energize,/energize,configured_stream,52232,The Days,Avicii,,,,,,,278.48,H:\RadioTEDU Songs\Energize\Avicii\The Days _ Nights EP\01 The Days.flac,8,8,2219.431,2026-08-25 02:50:24,2026-08-25 22:17:11
9,RadioTEDU Energize,/energize,configured_stream,52289,Tired to Shine,The Chain Gang of 1974,,,,,,,240.0,H:\RadioTEDU Songs\Energize\The Chain Gang of 1974\Tired to Shine\01 Tired to Shine.flac,8,8,1904.541,2026-08-25 03:59:23,2026-08-25 23:14:13
9,RadioTEDU Energize,/energize,configured_stream,52221,Von dutch,,,,,,,,164.284,H:\RadioTEDU Songs\Energize\094 - Von dutch.mp3,8,8,1300.205,2026-08-25 03:46:29,2026-08-25 22:58:27
9,RadioTEDU Energize,/energize,configured_stream,52242,Beautiful People,David Guetta & Sia,,,,,,,187.083,H:\RadioTEDU Songs\Energize\David Guetta & Sia\Beautiful People\01 Beautiful People.flac,7,7,1309.811,2026-08-25 04:33:01,2026-08-25 21:14:18
9,RadioTEDU Energize,/energize,configured_stream,52278,Break it off,PinkPantheress,,,,,,,96.133,H:\RadioTEDU Songs\Energize\PinkPantheress\to hell with it\10 Break it off.flac,7,7,656.813,2026-08-25 04:37:23,2026-08-25 22:06:04
9,RadioTEDU Energize,/energize,configured_stream,52238,Cola,CamelPhat & Elderbrook,,,,,,,223.869,H:\RadioTEDU Songs\Energize\CamelPhat & Elderbrook\Cola\01 Cola.flac,7,7,1548.772,2026-08-25 03:30:00,2026-08-25 23:36:27
9,RadioTEDU Energize,/energize,configured_stream,52279,Ethereal,Punch Deck,,,,,,,216.433,H:\RadioTEDU Songs\Energize\Punch Deck\Ethereal\01 Ethereal.m4a,7,7,1499.672,2026-08-25 05:03:34,2026-08-25 22:12:33
9,RadioTEDU Energize,/energize,configured_stream,52223,Fireball,,,,,,,,235.012,H:\RadioTEDU Songs\Energize\098 - Fireball.mp3,7,7,1632.73,2026-08-25 03:40:54,2026-08-25 23:43:58
9,RadioTEDU Energize,/energize,configured_stream,52248,Gettin’ Over You,David Guetta & Chris Willis feat. Fergie & LMFAO,,,,,,,188.012,H:\RadioTEDU Songs\Energize\David Guetta\One More Love\02 David Guetta & Chris Willis feat. Fergie & LMFAO - Gettin’ Over You.flac,7,7,1304.861,2026-08-25 04:29:57,2026-08-25 21:11:05
9,RadioTEDU Energize,/energize,configured_stream,52230,Hypnotized,Anyma feat. Ellie Goulding,,,,,,,177.621,H:\RadioTEDU Songs\Energize\Anyma\The End of Genesys\03 Anyma feat. Ellie Goulding - Hypnotized.flac,7,7,1227.544,2026-08-25 05:00:01,2026-08-25 22:08:59
9,RadioTEDU Energize,/energize,configured_stream,52291,I Follow Rivers,Tiësto feat. Oaks,,,,,,,198.972,H:\RadioTEDU Songs\Energize\Tiësto feat. Oaks\I Follow Rivers\01 I Follow Rivers.flac,7,7,1383.634,2026-08-25 04:53:03,2026-08-25 21:32:56
9,RadioTEDU Energize,/energize,configured_stream,52241,If (A Better World),David Guetta & Cedric Gervais,,,,,,,170.806,H:\RadioTEDU Songs\Energize\David Guetta & Cedric Gervais\If (A Better World)\01 If (A Better World).mp3,7,7,1192.976,2026-08-25 04:35:49,2026-08-25 21:20:05
9,RadioTEDU Energize,/energize,configured_stream,52265,JAMMU,KSHMR,,,,,,,235.764,H:\RadioTEDU Songs\Energize\KSHMR\JAMMU\01 JAMMU.flac,7,7,1632.612,2026-08-25 04:57:06,2026-08-25 21:36:50
9,RadioTEDU Energize,/energize,configured_stream,52251,Mammoth,"Dimitri Vegas & Like Mike, MOGUAI & Like Mike",,,,,,,332.289,"H:\RadioTEDU Songs\Energize\Dimitri Vegas & Like Mike, MOGUAI & Like Mike\Mammoth\02 Mammoth.flac",7,7,2332.759,2026-08-25 04:42:56,2026-08-25 21:25:54
9,RadioTEDU Energize,/energize,configured_stream,52224,Memories (feat. Kid Cudi),,,,,,,,210.84,H:\RadioTEDU Songs\Energize\099 - Memories (feat. Kid Cudi).mp3,7,7,1459.18,2026-08-25 04:26:51,2026-08-25 21:07:57
9,RadioTEDU Energize,/energize,configured_stream,52280,Sugar,Robin Schulz feat. Francesco Yates,,,,,,,222.691,H:\RadioTEDU Songs\Energize\Robin Schulz\Sugar\02 Robin Schulz feat. Francesco Yates - Sugar.flac,7,7,1542.916,2026-08-25 03:04:35,2026-08-25 23:32:46
9,RadioTEDU Energize,/energize,configured_stream,52283,Sweet Lovin’,Sigala feat. Bryn Christopher,,,,,,,202.213,H:\RadioTEDU Songs\Energize\Sigala\Brighter Days\11 Sigala feat. Bryn Christopher - Sweet Lovin’.flac,7,7,1403.239,2026-08-25 04:49:45,2026-08-25 21:29:32
9,RadioTEDU Energize,/energize,configured_stream,52237,This Is What You Came For,Calvin Harris & Rihanna,,,,,,,221.901,H:\RadioTEDU Songs\Energize\Calvin Harris\96 Months\03 Calvin Harris & Rihanna - This Is What You Came For.flac,7,7,1544.001,2026-08-25 03:37:01,2026-08-25 23:40:06
9,RadioTEDU Energize,/energize,configured_stream,52229,All Things Burn,Amon Tobin,,,,,,,341.806,H:\RadioTEDU Songs\Energize\Amon Tobin\How Do You Live\10 Amon Tobin - All Things Burn.flac,6,6,2053.684,2026-08-25 04:19:51,2026-08-25 21:57:29
9,RadioTEDU Energize,/energize,configured_stream,52235,How Deep Is Your Love,Calvin Harris & Disciples,,,,,,,212.64,H:\RadioTEDU Songs\Energize\Calvin Harris & Disciples\How Deep Is Your Love.mp3,6,6,1265.843,2026-08-25 04:23:22,2026-08-25 22:00:59
9,RadioTEDU Energize,/energize,configured_stream,47183,Training Season,Dua Lipa,,,,,,,210.419,H:\RadioTEDU Songs\Energize\023 - Dua Lipa - Training Season .mp3,6,6,1246.784,2026-08-25 04:46:25,2026-08-25 22:04:27
9,RadioTEDU Energize,/energize,configured_stream,52218,Get Lucky (feat. Pharrell Williams and Nile Rodgers),,,,,,,,369.627,H:\RadioTEDU Songs\Energize\004 - Get Lucky (feat. Pharrell Williams and Nile Rodgers).mp3,5,5,1835.117,2026-08-25 00:28:26,2026-08-25 11:53:52
9,RadioTEDU Energize,/energize,configured_stream,52247,Hey Mama,David Guetta feat. Nicki Minaj & Afrojack,,,,,,,192.749,H:\RadioTEDU Songs\Energize\David Guetta\Listen\10 David Guetta feat. Nicki Minaj & Afrojack - Hey Mama.flac,5,5,951.293,2026-08-25 00:22:20,2026-08-25 11:47:45
9,RadioTEDU Energize,/energize,configured_stream,52268,Just Dance,"Lady Gaga, Colby O’Donis",,,,,,,241.933,"H:\RadioTEDU Songs\Energize\Lady Gaga, Colby O’Donis\Just Dance.mp3",5,5,1197.117,2026-08-25 00:08:59,2026-08-25 11:35:48
9,RadioTEDU Energize,/energize,configured_stream,52274,Light It Up (remix),Major Lazer feat. Nyla & Fuse ODG,,,,,,,166.174,H:\RadioTEDU Songs\Energize\Major Lazer\Peace Is the Mission (extended)\10 Major Lazer feat. Nyla & Fuse ODG - Light It Up (remix).flac,5,5,817.434,2026-08-25 15:46:27,2026-08-25 23:10:16
9,RadioTEDU Energize,/energize,configured_stream,52281,Missing Piece,Scorz & Sirolf feat. Diandra Faye,,,,,,,193.793,H:\RadioTEDU Songs\Energize\Scorz & Sirolf feat. Diandra Faye\Missing Piece\01 Missing Piece.flac,5,5,954.945,2026-08-25 00:12:10,2026-08-25 11:38:59
9,RadioTEDU Energize,/energize,configured_stream,52261,Resonance,HOME,,,,,,,212.945,H:\RadioTEDU Songs\Energize\HOME\Odyssey\09 Resonance.flac,5,5,1056.514,2026-08-25 00:37:29,2026-08-25 11:57:22
9,RadioTEDU Energize,/energize,configured_stream,52256,W.A.V.E,Emil Rottmayer,,,,,,,339.317,H:\RadioTEDU Songs\Energize\Emil Rottmayer\Descend\09 W.A.V.E.flac,5,5,1683.619,2026-08-25 00:19:10,2026-08-25 11:44:35
9,RadioTEDU Energize,/energize,configured_stream,52259,Ain’t Nobody (Loves Me Better),Felix Jaehn feat. Jasmine Thompson,,,,,,,188.372,H:\RadioTEDU Songs\Energize\Felix Jaehn\I\16 Felix Jaehn feat. Jasmine Thompson - Ain’t Nobody (Loves Me Better).flac,4,4,746.051,2026-08-25 01:58:54,2026-08-25 11:28:13
9,RadioTEDU Energize,/energize,configured_stream,52264,Fast Car,Jonas Blue feat. Dakota,,,,,,,215.818,H:\RadioTEDU Songs\Energize\Jonas Blue\Blue\15 Jonas Blue feat. Dakota - Fast Car.flac,4,4,857.377,2026-08-25 02:02:28,2026-08-25 11:31:49
9,RadioTEDU Energize,/energize,configured_stream,52239,Get Lucky,Daft Punk,,,,,,,369.627,H:\RadioTEDU Songs\Energize\Daft Punk\Random Access Memories\08 Get Lucky.flac,4,4,1468.439,2026-08-25 01:05:50,2026-08-25 11:08:52
9,RadioTEDU Energize,/energize,configured_stream,52288,No Ordinary Love (album version),Sweet Coffee,,,,,,,327.787,H:\RadioTEDU Songs\Energize\Sweet Coffee\Memory Lane\04 No Ordinary Love (album version).mp3,4,4,1300.139,2026-08-25 01:55:47,2026-08-25 11:25:05
9,RadioTEDU Energize,/energize,configured_stream,52286,Subway Surfers (Main Theme),Subway Surfers,,,,,,,137.996,H:\RadioTEDU Songs\Energize\Subway Surfers\Greatest Hits 2020\01 Subway Surfers (Main Theme).flac,4,4,541.445,2026-08-25 01:08:05,2026-08-25 11:11:08
9,RadioTEDU Energize,/energize,configured_stream,52287,Subway Surfers (Main Theme),Subway Surfers,,,,,,,138.0,H:\RadioTEDU Songs\Energize\Subway Surfers\Subway Surfers (Main Theme).mp3,4,4,543.378,2026-08-25 01:12:44,2026-08-25 11:13:24
9,RadioTEDU Energize,/energize,configured_stream,52285,Sure Thing,St Germain,,,,,,,380.498,H:\RadioTEDU Songs\Energize\St Germain\Tourist\06 Sure Thing.flac,4,4,1511.07,2026-08-25 01:33:12,2026-08-25 11:19:41
9,RadioTEDU Energize,/energize,configured_stream,52262,1,HOME,,,,,,,81.534,H:\RadioTEDU Songs\Energize\HOME\Resting State\01 1.flac,2,2,165.402,2026-08-25 00:13:34,2026-08-25 02:18:27
9,RadioTEDU Energize,/energize,configured_stream,52252,Call Me When You’re Sober,DJ Nate,,,,,,,152.404,H:\RadioTEDU Songs\Energize\DJ Nate\Da Trak Genious\06 Call Me When You’re Sober.mp3,2,2,302.62,2026-08-25 00:31:00,2026-08-25 02:35:50
9,RadioTEDU Energize,/energize,configured_stream,52227,Continuity,A.L.I.S.O.N,,,,,,,270.006,H:\RadioTEDU Songs\Energize\A.L.I.S.O.N\Éternité\04 Continuity.flac,2,2,534.407,2026-08-25 00:45:26,2026-08-25 23:48:26
9,RadioTEDU Energize,/energize,configured_stream,52253,Descend,Emil Rottmayer,,,,,,,253.097,H:\RadioTEDU Songs\Energize\Emil Rottmayer\Descend\01 Descend.flac,2,2,500.457,2026-08-25 00:53:35,2026-08-25 23:56:36
9,RadioTEDU Energize,/energize,configured_stream,52425,Fast and Loud,Stéphane Pompougnac feat. Juliette Oz,,,,,,,262.64,H:\RadioTEDU Songs\Energize\Stéphane Pompougnac\Living on the Edge\09 Stéphane Pompougnac feat. Juliette Oz - Fast and Loud.mp3,2,2,520.228,2026-08-25 00:01:58,2026-08-25 02:06:47
9,RadioTEDU Energize,/energize,configured_stream,52255,K.E.Y.S,Emil Rottmayer,,,,,,,242.481,H:\RadioTEDU Songs\Energize\Emil Rottmayer\Descend\08 K.E.Y.S.flac,2,2,479.529,2026-08-25 00:49:25,2026-08-25 23:52:25
9,RadioTEDU Energize,/energize,configured_stream,52294,Stardancer,Virtua,,,,,,,184.428,H:\RadioTEDU Songs\Energize\Virtua\The Last Descent\02 Stardancer.flac,2,2,363.07,2026-08-25 00:04:59,2026-08-25 02:09:49
9,RadioTEDU Energize,/energize,configured_stream,52245,Titanium (David Guetta & MORTEN Future Rave remix),David Guetta feat. Sia,,,,,,,211.429,H:\RadioTEDU Songs\Energize\David Guetta feat. Sia\Titanium (David Guetta & MORTEN Future Rave remix)\01 Titanium (David Guetta & MORTEN Future Rave remix).mp3,2,2,419.04,2026-08-25 00:40:59,2026-08-25 02:45:49
9,RadioTEDU Energize,/energize,configured_stream,52266,Whatever,Kygo with Ava Max,,,,,,,178.283,H:\RadioTEDU Songs\Energize\Kygo with Ava Max\Whatever\01 Whatever.flac,2,2,351.063,2026-08-25 00:33:59,2026-08-25 02:38:45
9,RadioTEDU Energize,/energize,configured_stream,52295,Dear Universe,Virtua,,,,,,,156.741,H:\RadioTEDU Songs\Energize\Virtua\The Last Descent\03 Dear Universe.flac,1,1,153.776,2026-08-25 01:35:45,2026-08-25 01:35:45
9,RadioTEDU Energize,/energize,configured_stream,52225,Eyes on Fire,,,,,,,,302.827,H:\RadioTEDU Songs\Energize\100 - Eyes on Fire.mp3,1,1,300.165,2026-08-25 08:16:41,2026-08-25 08:16:41
9,RadioTEDU Energize,/energize,configured_stream,52271,Ghosst(s),Lorn,,,,,,,260.005,H:\RadioTEDU Songs\Energize\Lorn\Ghosst(s)\01 Ghosst(s).flac,1,1,260.064,2026-08-25 08:25:06,2026-08-25 08:25:06
9,RadioTEDU Energize,/energize,configured_stream,52258,Glide,Emil Rottmayer,,,,,,,190.038,H:\RadioTEDU Songs\Energize\Emil Rottmayer\Drift\02 Glide.flac,1,1,188.368,2026-08-25 01:44:27,2026-08-25 01:44:27
9,RadioTEDU Energize,/energize,configured_stream,52250,GLOAMING,deadwinter w/ slavenciia,,,,,,,144.069,H:\RadioTEDU Songs\Energize\deadwinter w_ slavenciia\GLOAMING\01 GLOAMING.flac,1,1,144.12,2026-08-25 08:42:07,2026-08-25 08:42:07
9,RadioTEDU Energize,/energize,configured_stream,47179,Hit Me Up,Darin Music,,,,,,,125.005,H:\RadioTEDU Songs\Energize\019 - Darin - Hit Me Up .mp3,1,1,122.218,2026-08-25 01:26:55,2026-08-25 01:26:55
9,RadioTEDU Energize,/energize,configured_stream,52236,I Need Your Love,Calvin Harris feat. Ellie Goulding,,,,,,,234.545,H:\RadioTEDU Songs\Energize\Calvin Harris\18 Months\1-08 Calvin Harris feat. Ellie Goulding - I Need Your Love.flac,1,1,235.935,2026-08-25 08:11:40,2026-08-25 08:11:40
9,RadioTEDU Energize,/energize,configured_stream,52272,I s s u e s,LSDXOXO,,,,,,,160.67,H:\RadioTEDU Songs\Energize\LSDXOXO\Whorecore\11 LSDXOXO - I s s u e s.mp3,1,1,158.135,2026-08-25 08:59:22,2026-08-25 08:59:22
9,RadioTEDU Energize,/energize,configured_stream,52275,In the Name of Love,Martin Garrix & Bebe Rexha,,,,,,,195.707,H:\RadioTEDU Songs\Energize\Martin Garrix & Bebe Rexha\In the Name of Love\01 In the Name of Love.flac,1,1,193.294,2026-08-25 08:33:27,2026-08-25 08:33:27
9,RadioTEDU Energize,/energize,configured_stream,52269,Lapis Occultus,Lamia Vox,,,,,,,343.841,H:\RadioTEDU Songs\Energize\Lamia Vox\Sigillum Diaboli\02 Lapis Occultus.flac,1,1,341.222,2026-08-25 08:03:30,2026-08-25 08:03:30
9,RadioTEDU Energize,/energize,configured_stream,52273,Lean On,"Major Lazer, MØ & DJ Snake",,,,,,,180.663,"H:\RadioTEDU Songs\Energize\Major Lazer\Peace Is the Mission (extended)\04 Major Lazer, MØ & DJ Snake - Lean On.flac",1,1,178.927,2026-08-25 01:47:25,2026-08-25 01:47:25
9,RadioTEDU Energize,/energize,configured_stream,52257,Mega,Emil Rottmayer,,,,,,,371.141,H:\RadioTEDU Songs\Energize\Emil Rottmayer\Descend\11 Mega.flac,1,1,368.301,2026-08-25 00:59:44,2026-08-25 00:59:44
9,RadioTEDU Energize,/energize,configured_stream,52228,Rivals,AERwave,,,,,,,145.989,H:\RadioTEDU Songs\Energize\AERwave\Mirror City Underground\03 AERwave - Rivals.flac,1,1,143.042,2026-08-25 01:10:28,2026-08-25 01:10:28
9,RadioTEDU Energize,/energize,configured_stream,52254,S.O.L.O,Emil Rottmayer,,,,,,,248.981,H:\RadioTEDU Songs\Energize\Emil Rottmayer\Descend\03 S.O.L.O.flac,1,1,246.219,2026-08-25 01:21:19,2026-08-25 01:21:19
9,RadioTEDU Energize,/energize,configured_stream,47219,Show Me Love,"WizTheMc, bees & honey",,,,,,,61.952,H:\RadioTEDU Songs\Energize\056 - Show Me Love.mp3,1,1,59.153,2026-08-25 01:17:13,2026-08-25 01:17:13
9,RadioTEDU Energize,/energize,configured_stream,52296,Slow,憂鬱,,,,,,,333.745,H:\RadioTEDU Songs\Energize\憂鬱\Slow\01 Slow.flac,1,1,331.631,2026-08-25 01:41:16,2026-08-25 01:41:16
9,RadioTEDU Energize,/energize,configured_stream,52226,Space Echo,A.L.I.S.O.N,,,,,,,215.056,H:\RadioTEDU Songs\Energize\A.L.I.S.O.N\Space Station\02 A.L.I.S.O.N - Space Echo.flac,1,1,212.833,2026-08-25 01:24:51,2026-08-25 01:24:51
9,RadioTEDU Energize,/energize,configured_stream,52290,Starting Over,The Crystal Method,,,,,,,242.707,H:\RadioTEDU Songs\Energize\The Crystal Method\Legion of Boom\01 Starting Over.flac,1,1,254.779,2026-08-25 08:07:44,2026-08-25 08:07:44
9,RadioTEDU Energize,/energize,configured_stream,52234,The Sky is Dead,Ben Prunty,,,,,,,378.034,H:\RadioTEDU Songs\Energize\Ben Prunty\Dark Window\11 The Sky is Dead.flac,1,1,375.47,2026-08-25 08:39:42,2026-08-25 08:39:42
9,RadioTEDU Energize,/energize,configured_stream,52244,Titanium (David Guetta & MORTEN Future Rave remix),David Guetta feat. Sia,,,,,,,211.441,H:\RadioTEDU Songs\Energize\David Guetta feat. Sia\Titanium (David Guetta & MORTEN Future Rave remix)\01 Titanium (David Guetta & MORTEN Future Rave remix).flac,1,1,208.622,2026-08-25 01:16:14,2026-08-25 01:16:14
9,RadioTEDU Energize,/energize,configured_stream,52270,Twilight 1,Lapsed,,,,,,,309.172,H:\RadioTEDU Songs\Energize\Lapsed\Twilight\01 Twilight 1.mp3,1,1,306.387,2026-08-25 08:30:14,2026-08-25 08:30:14
9,RadioTEDU Energize,/energize,configured_stream,52233,Wake Me Up,Avicii,,,,,,,247.427,H:\RadioTEDU Songs\Energize\Avicii\True\01 Wake Me Up.flac,1,1,245.442,2026-08-25 08:20:46,2026-08-25 08:20:46
9,RadioTEDU Energize,/energize,configured_stream,52267,Whatever,Kygo with Ava Max,,,,,,,178.273,H:\RadioTEDU Songs\Energize\Kygo with Ava Max\Whatever\01 Whatever.mp3,1,1,175.947,2026-08-25 01:50:21,2026-08-25 01:50:21
10,RadioTEDU Situation Room,/situation,configured_stream,52617,'Awakening' by @SteffenDaum  🇩🇪 | Epic Piano Music (No Copyright) 🌿,BreakingCopyright — Royalty Free Music,,,,,,,144.961,H:\RadioTEDU Songs\Situation Room\⚔️ Copyright Free Battle Music\'Awakening' by @SteffenDaum  🇩🇪 ｜ Epic Piano Music (No Copyright) 🌿 [6lWNCilZo1A].webm,2,2,291.459,2026-08-25 10:07:51,2026-08-25 18:21:55
10,RadioTEDU Situation Room,/situation,configured_stream,52567,'Endless Storm' by @Makai-symphony  🇯🇵 | War Music (No Copyright) 💥,BreakingCopyright — Royalty Free Music,,,,,,,140.981,H:\RadioTEDU Songs\Situation Room\Intense Music (No Copyright) 🧨\'Endless Storm' by @Makai-symphony  🇯🇵 ｜ War Music (No Copyright) 💥 [TNs5JFYaTMk].webm,2,2,278.606,2026-08-25 06:53:20,2026-08-25 14:22:25
10,RadioTEDU Situation Room,/situation,configured_stream,52648,'Freedom' by @ScottBuckley  🇦🇺 | Epic Inspirational Music (No Copyright) 🍂,BreakingCopyright — Royalty Free Music,,,,,,,243.821,H:\RadioTEDU Songs\Situation Room\🦍 Powerful Music (No Copyright)\'Freedom' by @ScottBuckley  🇦🇺 ｜ Epic Inspirational Music (No Copyright) 🍂 [kNT52_UTsis].webm,2,2,484.671,2026-08-25 07:19:04,2026-08-25 14:48:07
10,RadioTEDU Situation Room,/situation,configured_stream,52649,'In The Desert' by @SavfkMusic  🇮🇹 | Epic Instrumental Music (No Copyright) 🎻,BreakingCopyright — Royalty Free Music,,,,,,,334.461,H:\RadioTEDU Songs\Situation Room\🦍 Powerful Music (No Copyright)\'In The Desert' by @SavfkMusic  🇮🇹 ｜ Epic Instrumental Music (No Copyright) 🎻 [UHuS6g41zKk].webm,2,2,672.292,2026-08-25 11:34:35,2026-08-25 21:12:43
10,RadioTEDU Situation Room,/situation,configured_stream,52618,'Light in Dark Places' by Scott Buckley 🇦🇺 | Calm Epic Music (No Copyright) 💡,BreakingCopyright — Royalty Free Music,,,,,,,135.421,H:\RadioTEDU Songs\Situation Room\⚔️ Copyright Free Battle Music\'Light in Dark Places' by Scott Buckley 🇦🇺 ｜ Calm Epic Music (No Copyright) 💡 [hrn0RA_y2LM].webm,2,2,266.561,2026-08-25 06:34:32,2026-08-25 14:03:23
10,RadioTEDU Situation Room,/situation,configured_stream,52650,'Omega' by @ScottBuckley  🇦🇺 | Epic Progressive Music (No Copyright) ⛰️,BreakingCopyright — Royalty Free Music,,,,,,,245.501,H:\RadioTEDU Songs\Situation Room\🦍 Powerful Music (No Copyright)\'Omega' by @ScottBuckley  🇦🇺 ｜ Epic Progressive Music (No Copyright) ⛰️ [AHsnHv-wkus].webm,2,2,486.413,2026-08-25 10:58:08,2026-08-25 19:53:14
10,RadioTEDU Situation Room,/situation,configured_stream,52651,'Rock Your World' by Audionautix 🇺🇸 | Rock Music (No Copyright) 🎸,BreakingCopyright — Royalty Free Music,,,,,,,132.161,H:\RadioTEDU Songs\Situation Room\🦍 Powerful Music (No Copyright)\'Rock Your World' by Audionautix 🇺🇸 ｜ Rock Music (No Copyright) 🎸 [OspIA4akQeI].webm,2,2,259.397,2026-08-25 12:18:05,2026-08-25 22:26:06
10,RadioTEDU Situation Room,/situation,configured_stream,52619,'Ronin' by Jantrax | Japanese 🗾 Trap Music (No Copyright),BreakingCopyright — Royalty Free Music,,,,,,,144.921,H:\RadioTEDU Songs\Situation Room\⚔️ Copyright Free Battle Music\'Ronin' by Jantrax ｜ Japanese 🗾 Trap Music (No Copyright) [6R85pUD2wbw].webm,2,2,286.07,2026-08-25 06:29:50,2026-08-25 13:58:36
10,RadioTEDU Situation Room,/situation,configured_stream,52568,'Six Coffin Nails' by Kerosyn | Electronic Metal Music (No Copyright) 🔥,BreakingCopyright — Royalty Free Music,,,,,,,330.821,H:\RadioTEDU Songs\Situation Room\Intense Music (No Copyright) 🧨\'Six Coffin Nails' by Kerosyn ｜ Electronic Metal Music (No Copyright) 🔥 [qNlTYQC67q4].webm,2,2,657.698,2026-08-25 09:59:03,2026-08-25 18:09:55
10,RadioTEDU Situation Room,/situation,configured_stream,52569,'The Army of Minotaur' by @Makai-symphony  🇯🇵 | Fighting Music (No Copyright) 💣,BreakingCopyright — Royalty Free Music,,,,,,,161.481,H:\RadioTEDU Songs\Situation Room\Intense Music (No Copyright) 🧨\'The Army of Minotaur' by @Makai-symphony  🇯🇵 ｜ Fighting Music (No Copyright) 💣 [J0YZKSwe2qU].webm,2,2,317.854,2026-08-25 11:10:38,2026-08-25 20:42:19
10,RadioTEDU Situation Room,/situation,configured_stream,52620,'The Grid' by @SavfkMusic  🇮🇹 |  Epic Music (No Copyright) 💪,BreakingCopyright — Royalty Free Music,,,,,,,313.241,H:\RadioTEDU Songs\Situation Room\⚔️ Copyright Free Battle Music\'The Grid' by @SavfkMusic  🇮🇹 ｜  Epic Music (No Copyright) 💪 [zTdzbNVf6lE].webm,2,2,621.534,2026-08-25 12:07:23,2026-08-25 22:07:27
10,RadioTEDU Situation Room,/situation,configured_stream,52621,'The Medieval Banquet' by Silvermansound 🇬🇧 | Medieval Music (No Copyright) 🏰,BreakingCopyright — Royalty Free Music,,,,,,,110.401,H:\RadioTEDU Songs\Situation Room\⚔️ Copyright Free Battle Music\'The Medieval Banquet' by Silvermansound 🇬🇧 ｜ Medieval Music (No Copyright) 🏰 [m8DsRTCtCHI].webm,2,2,217.272,2026-08-25 06:20:02,2026-08-25 13:48:50
10,RadioTEDU Situation Room,/situation,configured_stream,52652,[Free Music] @ContextSensitive  - Guardians [Classical],BreakingCopyright — Royalty Free Music,,,,,,,180.501,H:\RadioTEDU Songs\Situation Room\🦍 Powerful Music (No Copyright)\[Free Music] @ContextSensitive  - Guardians [Classical] [CyiF0YctsA8].webm,2,2,358.667,2026-08-25 11:21:39,2026-08-25 20:54:56
10,RadioTEDU Situation Room,/situation,configured_stream,52653,[No Copyright Music] @ScottBuckley  - Stars In Her Skies [Orchestral],BreakingCopyright — Royalty Free Music,,,,,,,277.201,H:\RadioTEDU Songs\Situation Room\🦍 Powerful Music (No Copyright)\[No Copyright Music] @ScottBuckley  - Stars In Her Skies [Orchestral] [HdBYkaOsLaI].webm,2,2,551.1,2026-08-25 07:50:43,2026-08-25 15:20:04
10,RadioTEDU Situation Room,/situation,configured_stream,52654,[No Copyright Music] Scott Buckley - Sanctum [Epic],BreakingCopyright — Royalty Free Music,,,,,,,255.181,H:\RadioTEDU Songs\Situation Room\🦍 Powerful Music (No Copyright)\[No Copyright Music] Scott Buckley - Sanctum [Epic] [G_LeTJhjMR8].webm,2,2,506.461,2026-08-25 06:38:45,2026-08-25 14:07:37
10,RadioTEDU Situation Room,/situation,configured_stream,52570,[Non Copyrighted Music] @AHimitsu  - Two Places [Epic],BreakingCopyright — Royalty Free Music,,,,,,,242.601,H:\RadioTEDU Songs\Situation Room\Intense Music (No Copyright) 🧨\[Non Copyrighted Music] @AHimitsu  - Two Places [Epic] [k4jDpkAWrdA].webm,2,2,483.698,2026-08-25 10:48:43,2026-08-25 19:28:21
10,RadioTEDU Situation Room,/situation,configured_stream,52571,[Non Copyrighted Music] @MiguelJohnson - Good Day To Die [Epic],BreakingCopyright — Royalty Free Music,,,,,,,365.741,H:\RadioTEDU Songs\Situation Room\Intense Music (No Copyright) 🧨\[Non Copyrighted Music] @MiguelJohnson - Good Day To Die [Epic] [M_k-RQA7lBE].webm,2,2,726.883,2026-08-25 09:42:17,2026-08-25 17:45:43
10,RadioTEDU Situation Room,/situation,configured_stream,52554,[Non Copyrighted Music] @ScottBuckley - Phoenix [Epic],BreakingCopyright — Royalty Free Music,,,,,,,412.961,H:\RadioTEDU Songs\Situation Room\Copyright Free Military Music 🎖️\[Non Copyrighted Music] @ScottBuckley - Phoenix [Epic] [4HhM66X978U].webm,2,2,823.312,2026-08-25 11:53:59,2026-08-25 21:47:34
10,RadioTEDU Situation Room,/situation,configured_stream,52657,[Non Copyrighted Music] Ethan Meixsell - Thor's Hammer [Rock],BreakingCopyright — Royalty Free Music,,,,,,,141.661,H:\RadioTEDU Songs\Situation Room\🦍 Powerful Music (No Copyright)\[Non Copyrighted Music] Ethan Meixsell - Thor's Hammer [Rock] [o6Gr0xn6U88].webm,2,2,279.384,2026-08-25 11:05:08,2026-08-25 20:17:29
10,RadioTEDU Situation Room,/situation,configured_stream,52572,[Non Copyrighted Music] Jingle Punks - Cataclysmic Molten Core [Epic],BreakingCopyright — Royalty Free Music,,,,,,,76.561,H:\RadioTEDU Songs\Situation Room\Intense Music (No Copyright) 🧨\[Non Copyrighted Music] Jingle Punks - Cataclysmic Molten Core [Epic] [Ue9ItPhn75M].webm,2,2,148.29,2026-08-25 09:02:24,2026-08-25 16:34:23
10,RadioTEDU Situation Room,/situation,configured_stream,52658,[Non Copyrighted Music] Savfk - Deep [Epic],BreakingCopyright — Royalty Free Music,,,,,,,156.201,H:\RadioTEDU Songs\Situation Room\🦍 Powerful Music (No Copyright)\[Non Copyrighted Music] Savfk - Deep [Epic] [Vypp7qgHrE0].webm,2,2,308.778,2026-08-25 07:26:01,2026-08-25 14:55:10
10,RadioTEDU Situation Room,/situation,configured_stream,52659,[Non Copyrighted Music] TheFatRat - Reminiscence [Epic],BreakingCopyright — Royalty Free Music,,,,,,,141.921,H:\RadioTEDU Songs\Situation Room\🦍 Powerful Music (No Copyright)\[Non Copyrighted Music] TheFatRat - Reminiscence [Epic] [0tBn4dv3F6Y].webm,2,2,279.127,2026-08-25 11:47:07,2026-08-25 21:37:52
10,RadioTEDU Situation Room,/situation,configured_stream,52583,Chase Tension Cinematic No Copyright Music / Tension Ticking by Soundridemusic,Soundridemusic,,,,,,,118.521,H:\RadioTEDU Songs\Situation Room\Serious Background Music No Copyright\Chase Tension Cinematic No Copyright Music ⧸ Tension Ticking by Soundridemusic [5-fXZ5dg8_g].webm,2,2,234.467,2026-08-25 08:22:42,2026-08-25 15:52:05
10,RadioTEDU Situation Room,/situation,configured_stream,52584,Cinematic Guitar Tension Drama Documentary No Copyright Music / Dark Secrets by Soundridemusic,Soundridemusic,,,,,,,135.021,H:\RadioTEDU Songs\Situation Room\Serious Background Music No Copyright\Cinematic Guitar Tension Drama Documentary No Copyright Music ⧸ Dark Secrets by Soundridemusic [YWIlDu55m6U].webm,2,2,266.559,2026-08-25 11:02:49,2026-08-25 20:12:54
10,RadioTEDU Situation Room,/situation,configured_stream,52585,Cinematic Suspense Tension NoCopyright Music Compilation by Artic Fox Music,ArcticFoxMusic - No Copyright Music,,,,,,,318.121,H:\RadioTEDU Songs\Situation Room\Serious Background Music No Copyright\Cinematic Suspense Tension NoCopyright Music Compilation by Artic Fox Music [nK8b3dpz4ME].webm,2,2,635.07,2026-08-25 10:22:15,2026-08-25 18:49:21
10,RadioTEDU Situation Room,/situation,configured_stream,52586,Cinematic Suspense Trailer NoCopyright Music for Video / Anomaly by Soundridemusic,Soundridemusic,,,,,,,141.661,H:\RadioTEDU Songs\Situation Room\Serious Background Music No Copyright\Cinematic Suspense Trailer NoCopyright Music for Video ⧸ Anomaly by Soundridemusic [iPqK_NvGtTI].webm,2,2,285.189,2026-08-25 06:44:37,2026-08-25 14:13:34
10,RadioTEDU Situation Room,/situation,configured_stream,52587,Cinematic Tension NoCopyright Background Music for Video / Tensions Run High by soundridemusic,Soundridemusic,,,,,,,86.301,H:\RadioTEDU Songs\Situation Room\Serious Background Music No Copyright\Cinematic Tension NoCopyright Background Music for Video ⧸ Tensions Run High by soundridemusic [Ly9H63SLJJo].webm,2,2,168.525,2026-08-25 11:18:39,2026-08-25 20:51:58
10,RadioTEDU Situation Room,/situation,configured_stream,52588,Cinematic Tension Suspense No Copyright Music 2024 / Dirty Money by soundridemusic,Soundridemusic,,,,,,,132.061,H:\RadioTEDU Songs\Situation Room\Serious Background Music No Copyright\Cinematic Tension Suspense No Copyright Music 2024 ⧸ Dirty Money by soundridemusic [k3S516OtsrE].webm,2,2,262.63,2026-08-25 10:39:07,2026-08-25 19:11:37
10,RadioTEDU Situation Room,/situation,configured_stream,52589,Crime Detective Tension Suspense No Copyright Music / Criminal Investigation by Soundridemusic,Soundridemusic,,,,,,,139.321,H:\RadioTEDU Songs\Situation Room\Serious Background Music No Copyright\Crime Detective Tension Suspense No Copyright Music ⧸ Criminal Investigation by Soundridemusic [DDfcYMFGDB8].webm,2,2,273.833,2026-08-25 11:56:16,2026-08-25 21:49:51
10,RadioTEDU Situation Room,/situation,configured_stream,52590,Crime Tension Investigation No Copyright Music / Criminal Intent by Soundridemusic,Soundridemusic,,,,,,,144.821,H:\RadioTEDU Songs\Situation Room\Serious Background Music No Copyright\Crime Tension Investigation No Copyright Music ⧸ Criminal Intent by Soundridemusic [Sx4s3EqAlfo].webm,2,2,289.136,2026-08-25 11:40:18,2026-08-25 21:30:57
10,RadioTEDU Situation Room,/situation,configured_stream,52660,Dark Ambient Music (No Copyright),BreakingCopyright — Royalty Free Music,,,,,,,220.021,H:\RadioTEDU Songs\Situation Room\🦍 Powerful Music (No Copyright)\Dark Ambient Music (No Copyright) [x74grrke9qE].webm,2,2,435.366,2026-08-25 07:46:09,2026-08-25 15:15:28
10,RadioTEDU Situation Room,/situation,configured_stream,52591,Dark Suspense Tense Crime No Copyright Music / Suspect by Soundridemusic,Soundridemusic,,,,,,,190.441,H:\RadioTEDU Songs\Situation Room\Serious Background Music No Copyright\Dark Suspense Tense Crime No Copyright Music ⧸ Suspect by Soundridemusic [99SSB89wxvI].webm,2,2,378.755,2026-08-25 08:59:39,2026-08-25 16:28:57
10,RadioTEDU Situation Room,/situation,configured_stream,52593,Dark Tension Cinematic NoCopyright Background Music  by soundridemusic,Soundridemusic,,,,,,,172.201,H:\RadioTEDU Songs\Situation Room\Serious Background Music No Copyright\Dark Tension Cinematic NoCopyright Background Music  by soundridemusic [Zi7K2auWBM4].webm,2,2,339.434,2026-08-25 11:26:56,2026-08-25 21:00:14
10,RadioTEDU Situation Room,/situation,configured_stream,52594,Electronic Synth Sci-Fi Tension No Copyright Music / Blindside by  @soundridemusic,Soundridemusic,,,,,,,136.861,H:\RadioTEDU Songs\Situation Room\Serious Background Music No Copyright\Electronic Synth Sci-Fi Tension No Copyright Music ⧸ Blindside by  @soundridemusic [Q4V8ubNElMY].webm,2,2,269.104,2026-08-25 08:39:18,2026-08-25 16:08:33
10,RadioTEDU Situation Room,/situation,configured_stream,52595,Epic Cinematic Military War No Copyright Music Compilation by Soundridemusic,Soundridemusic,,,,,,,444.561,H:\RadioTEDU Songs\Situation Room\Serious Background Music No Copyright\Epic Cinematic Military War No Copyright Music Compilation by Soundridemusic [3N6gHxd1A0M].webm,2,2,885.605,2026-08-25 08:49:49,2026-08-25 16:19:02
10,RadioTEDU Situation Room,/situation,configured_stream,52624,"Epic Electronic & Cinematic (Music For Videos) - ""Reloaded"" by Savfk",BreakingCopyright — Royalty Free Music,,,,,,,267.161,H:\RadioTEDU Songs\Situation Room\⚔️ Copyright Free Battle Music\Epic Electronic & Cinematic (Music For Videos) - ＂Reloaded＂ by Savfk [DQ8ZwW3Hk9k].webm,2,2,529.405,2026-08-25 07:23:28,2026-08-25 14:52:35
10,RadioTEDU Situation Room,/situation,configured_stream,52573,Epic Non Copyrighted Music ⚔️,BreakingCopyright — Royalty Free Music,,,,,,,199.041,H:\RadioTEDU Songs\Situation Room\Intense Music (No Copyright) 🧨\Epic Non Copyrighted Music ⚔️ [USBucuZiarA].webm,2,2,392.941,2026-08-25 08:29:00,2026-08-25 15:58:23
10,RadioTEDU Situation Room,/situation,configured_stream,52596,"No Copyright Background Music for News, Finance & Crypto Videos | Cyber Threat by ArcticFoxMusic",ArcticFoxMusic - No Copyright Music,,,,,,,160.541,"H:\RadioTEDU Songs\Situation Room\Serious Background Music No Copyright\No Copyright Background Music for News, Finance & Crypto Videos ｜ Cyber Threat by ArcticFoxMusic [8o_jgb6tqTs].webm",2,2,316.565,2026-08-25 07:34:09,2026-08-25 15:03:19
10,RadioTEDU Situation Room,/situation,configured_stream,52597,No Copyright Cinematic Cello Music / Wrath by Soundridemusic,Soundridemusic,,,,,,,194.021,H:\RadioTEDU Songs\Situation Room\Serious Background Music No Copyright\No Copyright Cinematic Cello Music ⧸ Wrath by Soundridemusic [PVd2o6yO4Io].webm,2,2,383.153,2026-08-25 08:37:03,2026-08-25 16:06:19
10,RadioTEDU Situation Room,/situation,configured_stream,52598,No Copyright Cinematic Dark Suspense Drums Music / Hidden Threat by ArticFoxMusic,ArcticFoxMusic - No Copyright Music,,,,,,,102.501,H:\RadioTEDU Songs\Situation Room\Serious Background Music No Copyright\No Copyright Cinematic Dark Suspense Drums Music ⧸ Hidden Threat by ArticFoxMusic [mr7t91tRf80].webm,2,2,200.421,2026-08-25 07:27:42,2026-08-25 14:56:51
10,RadioTEDU Situation Room,/situation,configured_stream,52599,No Copyright Cinematic Tension Cello Music / Trap by Soundridemusic,Soundridemusic,,,,,,,174.021,H:\RadioTEDU Songs\Situation Room\Serious Background Music No Copyright\No Copyright Cinematic Tension Cello Music ⧸ Trap by Soundridemusic [gWfvYW9Qlzk].webm,2,2,350.052,2026-08-25 11:07:59,2026-08-25 20:39:39
10,RadioTEDU Situation Room,/situation,configured_stream,52600,No Copyright Cinematic Tension Suspense Music / Silent Echo by ArticFoxMusic,ArcticFoxMusic - No Copyright Music,,,,,,,92.341,H:\RadioTEDU Songs\Situation Room\Serious Background Music No Copyright\No Copyright Cinematic Tension Suspense Music ⧸ Silent Echo by ArticFoxMusic [8-ngm1rmn4k].webm,2,2,180.918,2026-08-25 09:01:10,2026-08-25 16:30:26
10,RadioTEDU Situation Room,/situation,configured_stream,52601,No Copyright Cinematic Tension Ticking Music / Tension Time by Soundridemusic,Soundridemusic,,,,,,,178.281,H:\RadioTEDU Songs\Situation Room\Serious Background Music No Copyright\No Copyright Cinematic Tension Ticking Music ⧸ Tension Time by Soundridemusic [Cxy8bKjqNWI].webm,2,2,352.745,2026-08-25 11:13:37,2026-08-25 20:45:15
10,RadioTEDU Situation Room,/situation,configured_stream,52602,No Copyright Dramatic Tension Music / Nordic Noir by Soundridemusic,Soundridemusic,,,,,,,144.021,H:\RadioTEDU Songs\Situation Room\Serious Background Music No Copyright\No Copyright Dramatic Tension Music ⧸ Nordic Noir by Soundridemusic [DnuAiQKlRVU].webm,2,2,285.175,2026-08-25 09:53:34,2026-08-25 18:04:27
10,RadioTEDU Situation Room,/situation,configured_stream,52603,No Copyright Suspense Tense Music / Capture by #soundridemusic,Soundridemusic,,,,,,,128.041,H:\RadioTEDU Songs\Situation Room\Serious Background Music No Copyright\No Copyright Suspense Tense Music ⧸ Capture by #soundridemusic [OZXW_hRw_hI].webm,2,2,252.168,2026-08-25 10:54:06,2026-08-25 19:40:50
10,RadioTEDU Situation Room,/situation,configured_stream,52604,No Copyright True Crime Investigation Tension Suspense Music Compilation by soundridemusic,Soundridemusic,,,,,,,2052.661,H:\RadioTEDU Songs\Situation Room\Serious Background Music No Copyright\No Copyright True Crime Investigation Tension Suspense Music Compilation by soundridemusic [y5gkdmmnRls].webm,2,2,3603.787,2026-08-25 08:20:45,2026-08-25 15:50:06
10,RadioTEDU Situation Room,/situation,configured_stream,52605,NoCopyright Dark Suspense Background Music / Suspense by Soundridemusic,Soundridemusic,,,,,,,272.801,H:\RadioTEDU Songs\Situation Room\Serious Background Music No Copyright\NoCopyright Dark Suspense Background Music ⧸ Suspense by Soundridemusic [k3RsUc2GXRo].webm,2,2,540.142,2026-08-25 12:27:50,2026-08-25 22:40:29
10,RadioTEDU Situation Room,/situation,configured_stream,52606,NoCopyright Minimal Tension Background Music / The Chase by soundridemusic,Soundridemusic,,,,,,,153.441,H:\RadioTEDU Songs\Situation Room\Serious Background Music No Copyright\NoCopyright Minimal Tension Background Music ⧸ The Chase by soundridemusic [SfiB4w-oN9o].webm,2,2,301.931,2026-08-25 10:16:59,2026-08-25 18:44:03
10,RadioTEDU Situation Room,/situation,configured_stream,52607,Nordic Noir Tension Suspense  No Copyright Music / Dusk by Soundridemusic,Soundridemusic,,,,,,,155.901,H:\RadioTEDU Songs\Situation Room\Serious Background Music No Copyright\Nordic Noir Tension Suspense  No Copyright Music ⧸ Dusk by Soundridemusic [mvlj_u8_Ujg].webm,2,2,316.867,2026-08-25 10:10:35,2026-08-25 18:28:47
10,RadioTEDU Situation Room,/situation,configured_stream,52608,"Storytelling Crypto&Finance Cinematic No Copyright Music Music for Documentaries, News, Vlogs",Soundridemusic,,,,,,,189.881,"H:\RadioTEDU Songs\Situation Room\Serious Background Music No Copyright\Storytelling Crypto&Finance Cinematic No Copyright Music Music for Documentaries, News, Vlogs [q_r0THGGLy4].webm",2,2,375.935,2026-08-25 08:42:26,2026-08-25 16:11:40
10,RadioTEDU Situation Room,/situation,configured_stream,52609,Suspenseful Tense Cinematic Copyright Free Background Music/ Cold Pursuit by @soundridemusic,Soundridemusic,,,,,,,114.301,H:\RadioTEDU Songs\Situation Room\Serious Background Music No Copyright\Suspenseful Tense Cinematic Copyright Free Background Music⧸ Cold Pursuit by @soundridemusic [ejYMqBUpzB8].webm,2,2,223.031,2026-08-25 07:02:09,2026-08-25 14:31:10
10,RadioTEDU Situation Room,/situation,configured_stream,52610,Suspenseful Tension Mystery No Copyright Music by Soundridemusic,Soundridemusic,,,,,,,153.021,H:\RadioTEDU Songs\Situation Room\Serious Background Music No Copyright\Suspenseful Tension Mystery No Copyright Music by Soundridemusic [8abBSm3LZcs].webm,2,2,304.055,2026-08-25 06:32:20,2026-08-25 14:01:10
10,RadioTEDU Situation Room,/situation,configured_stream,52611,Tense & Dark Cello No Copyright Cinematic Music Background,Soundridemusic,,,,,,,129.781,H:\RadioTEDU Songs\Situation Room\Serious Background Music No Copyright\Tense & Dark Cello No Copyright Cinematic Music Background [9pdOXW_H4uo].webm,2,2,254.488,2026-08-25 11:29:03,2026-08-25 21:07:03
10,RadioTEDU Situation Room,/situation,configured_stream,52612,Tense Cinematic NoCopyright Background Music Compilation,Soundridemusic,,,,,,,3251.901,H:\RadioTEDU Songs\Situation Room\Serious Background Music No Copyright\Tense Cinematic NoCopyright Background Music Compilation [Pgbs1EQLV7w].webm,2,2,3600.419,2026-08-25 13:03:56,2026-08-25 23:29:16
10,RadioTEDU Situation Room,/situation,configured_stream,52613,Tense Crime Investigation No Copyright Music Compilation by Soundridemusic,Soundridemusic,,,,,,,370.401,H:\RadioTEDU Songs\Situation Room\Serious Background Music No Copyright\Tense Crime Investigation No Copyright Music Compilation by Soundridemusic [qRr0mViTjaI].webm,2,2,742.08,2026-08-25 09:24:35,2026-08-25 17:18:43
10,RadioTEDU Situation Room,/situation,configured_stream,52614,Tense Suspense Cinematic NoCopyright Background Music by Soundridemusic,Soundridemusic,,,,,,,118.021,H:\RadioTEDU Songs\Situation Room\Serious Background Music No Copyright\Tense Suspense Cinematic NoCopyright Background Music by Soundridemusic [wFV0u8VUkYE].webm,2,2,233.647,2026-08-25 07:00:18,2026-08-25 14:29:19
10,RadioTEDU Situation Room,/situation,configured_stream,52615,Tension Cinematic No Copyright Background Music for Video/ Blackout Zone by ArcticFoxMusic,ArcticFoxMusic - No Copyright Music,,,,,,,97.341,H:\RadioTEDU Songs\Situation Room\Serious Background Music No Copyright\Tension Cinematic No Copyright Background Music for Video⧸ Blackout Zone by ArcticFoxMusic [mF_BufQP5sc].webm,2,2,191.6,2026-08-25 11:15:12,2026-08-25 20:46:50
10,RadioTEDU Situation Room,/situation,configured_stream,52616,Tension Suspense Action Trailer No Copyright Background Music / Violation by Soundridemusic,Soundridemusic,,,,,,,109.801,H:\RadioTEDU Songs\Situation Room\Serious Background Music No Copyright\Tension Suspense Action Trailer No Copyright Background Music ⧸ Violation by Soundridemusic [tT35z4DZb3M].webm,2,2,215.808,2026-08-25 06:48:29,2026-08-25 14:17:35
10,RadioTEDU Situation Room,/situation,configured_stream,52625,"☢️ Final Boss & Cinematic (Royalty Free Music) - ""VIRUS"" by Alex Productions 🇮🇹",BreakingCopyright — Royalty Free Music,,,,,,,232.941,H:\RadioTEDU Songs\Situation Room\⚔️ Copyright Free Battle Music\☢️ Final Boss & Cinematic (Royalty Free Music) - ＂VIRUS＂ by Alex Productions 🇮🇹 [cGgfp2obkVg].webm,2,2,460.999,2026-08-25 07:31:32,2026-08-25 15:00:41
10,RadioTEDU Situation Room,/situation,configured_stream,52626,"⚔️ Epic (Free Music) - ""RITES OF PASSAGE"" by Scott Buckley 🇦🇺🇸🇪",BreakingCopyright — Royalty Free Music,,,,,,,336.221,H:\RadioTEDU Songs\Situation Room\⚔️ Copyright Free Battle Music\⚔️ Epic (Free Music) - ＂RITES OF PASSAGE＂ by Scott Buckley 🇦🇺🇸🇪 [aDZE8kLSFF4].webm,2,2,670.068,2026-08-25 10:44:42,2026-08-25 19:24:20
10,RadioTEDU Situation Room,/situation,configured_stream,52627,"⚔️ Epic (Royalty Free Music) - ""HEARTS OF IRON"" by Alex Productions 🇮🇹",BreakingCopyright — Royalty Free Music,,,,,,,184.061,H:\RadioTEDU Songs\Situation Room\⚔️ Copyright Free Battle Music\⚔️ Epic (Royalty Free Music) - ＂HEARTS OF IRON＂ by Alex Productions 🇮🇹 [EmY3G-qy0-4].webm,2,2,364.859,2026-08-25 09:18:21,2026-08-25 17:06:55
10,RadioTEDU Situation Room,/situation,configured_stream,52628,"⚔️ Epic (Royalty Free Music) - ""REBORN"" by Alex Productions",BreakingCopyright — Royalty Free Music,,,,,,,140.441,H:\RadioTEDU Songs\Situation Room\⚔️ Copyright Free Battle Music\⚔️ Epic (Royalty Free Music) - ＂REBORN＂ by Alex Productions [h3j__Eo7ygI].webm,2,2,280.131,2026-08-25 12:20:27,2026-08-25 22:28:24
10,RadioTEDU Situation Room,/situation,configured_stream,52629,"⚔️ Heroic & Epic (Royalty Free Music) - ""SENTINEL"" by Scott Buckley 🇦🇺",BreakingCopyright — Royalty Free Music,,,,,,,203.261,H:\RadioTEDU Songs\Situation Room\⚔️ Copyright Free Battle Music\⚔️ Heroic & Epic (Royalty Free Music) - ＂SENTINEL＂ by Scott Buckley 🇦🇺 [oXmhBMANDOw].webm,2,2,411.947,2026-08-25 11:37:56,2026-08-25 21:26:04
10,RadioTEDU Situation Room,/situation,configured_stream,52630,"⚔️ War & Epic (Free Music For YouTube) - ""WAR"" by @Makai-symphony 🇯🇵",BreakingCopyright — Royalty Free Music,,,,,,,156.761,H:\RadioTEDU Songs\Situation Room\⚔️ Copyright Free Battle Music\⚔️ War & Epic (Free Music For YouTube) - ＂WAR＂ by @Makai-symphony 🇯🇵 [wYGH0xdfrTo].webm,2,2,315.997,2026-08-25 08:56:29,2026-08-25 16:25:46
10,RadioTEDU Situation Room,/situation,configured_stream,52556,"⚔️ War & Military (Free Music) - ""LOCK AND LOAD"" by Hayden Folker 🇺🇸",BreakingCopyright — Royalty Free Music,,,,,,,127.761,H:\RadioTEDU Songs\Situation Room\Copyright Free Military Music 🎖️\⚔️ War & Military (Free Music) - ＂LOCK AND LOAD＂ by Hayden Folker 🇺🇸 [_DCFxKXhzbg].webm,2,2,251.93,2026-08-25 06:46:42,2026-08-25 14:15:48
10,RadioTEDU Situation Room,/situation,configured_stream,52574,"⚡ Free Epic Music (No Copyright) ""Fire And Thunder"" by @cjbeardsofficial  🇺🇸",BreakingCopyright — Royalty Free Music,,,,,,,263.221,H:\RadioTEDU Songs\Situation Room\Intense Music (No Copyright) 🧨\⚡ Free Epic Music (No Copyright) ＂Fire And Thunder＂ by @cjbeardsofficial  🇺🇸 [KkSfEQcZHy8].webm,2,2,524.433,2026-08-25 10:32:41,2026-08-25 19:02:44
10,RadioTEDU Situation Room,/situation,configured_stream,52631,"⛏️ Powerful Instrumental Rock Music (For Videos) - ""I Can't Stop"" by Punch Deck",BreakingCopyright — Royalty Free Music,,,,,,,273.521,H:\RadioTEDU Songs\Situation Room\⚔️ Copyright Free Battle Music\⛏️ Powerful Instrumental Rock Music (For Videos) - ＂I Can't Stop＂ by Punch Deck [d8dQom73-Fc].webm,2,2,542.083,2026-08-25 11:44:48,2026-08-25 21:35:28
10,RadioTEDU Situation Room,/situation,configured_stream,52557,"❄️ Inspiring Cinematic Epic Music (For Videos) - ""North Edge"" by Keys Of Moon 🇺🇸",BreakingCopyright — Royalty Free Music,,,,,,,215.121,H:\RadioTEDU Songs\Situation Room\Copyright Free Military Music 🎖️\❄️ Inspiring Cinematic Epic Music (For Videos) - ＂North Edge＂ by Keys Of Moon 🇺🇸 [smWb8dj1Jgs].webm,2,2,425.109,2026-08-25 06:42:17,2026-08-25 14:11:09
10,RadioTEDU Situation Room,/situation,configured_stream,52661,"⭐ Copyright Free Epic Music - ""Journey To The Stars"" by @SavfkMusic  🇬🇧 🇮🇹",BreakingCopyright — Royalty Free Music,,,,,,,776.461,H:\RadioTEDU Songs\Situation Room\🦍 Powerful Music (No Copyright)\⭐ Copyright Free Epic Music - ＂Journey To The Stars＂ by @SavfkMusic  🇬🇧 🇮🇹 [MCscTvpQ7po].webm,2,2,1548.129,2026-08-25 07:15:02,2026-08-25 14:44:04
10,RadioTEDU Situation Room,/situation,configured_stream,52632,"⭐ Triumph (Royalty Free Music) - ""KNIGHT OF DESTINY"" by NickOST 🇪🇸",BreakingCopyright — Royalty Free Music,,,,,,,125.541,H:\RadioTEDU Songs\Situation Room\⚔️ Copyright Free Battle Music\⭐ Triumph (Royalty Free Music) - ＂KNIGHT OF DESTINY＂ by NickOST 🇪🇸 [EmGHj9QCuds].webm,2,2,248.366,2026-08-25 11:17:15,2026-08-25 20:50:31
10,RadioTEDU Situation Room,/situation,configured_stream,52558,🇨🇦  @ContextSensitive  - Titan Striker [Free trailer Music],BreakingCopyright — Royalty Free Music,,,,,,,229.521,H:\RadioTEDU Songs\Situation Room\Copyright Free Military Music 🎖️\🇨🇦  @ContextSensitive  - Titan Striker [Free trailer Music] [K32BqlmDy9I].webm,2,2,458.413,2026-08-25 10:28:17,2026-08-25 18:55:16
10,RadioTEDU Situation Room,/situation,configured_stream,52662,🇨🇦  Evan King - From Other Suns [Free Epic Emotional Music],BreakingCopyright — Royalty Free Music,,,,,,,148.501,H:\RadioTEDU Songs\Situation Room\🦍 Powerful Music (No Copyright)\🇨🇦  Evan King - From Other Suns [Free Epic Emotional Music] [yOpyR86jY5g].webm,2,2,291.6,2026-08-25 11:24:07,2026-08-25 20:57:23
10,RadioTEDU Situation Room,/situation,configured_stream,52633,"🌆 Free cinematic Music - ""Legends"" by Alex Productions 🇮🇹",BreakingCopyright — Royalty Free Music,,,,,,,256.401,H:\RadioTEDU Songs\Situation Room\⚔️ Copyright Free Battle Music\🌆 Free cinematic Music - ＂Legends＂ by Alex Productions 🇮🇹 [xw2fA5KfrBo].webm,2,2,508.12,2026-08-25 09:36:14,2026-08-25 17:39:33
10,RadioTEDU Situation Room,/situation,configured_stream,52663,"🌌 Trailer Cinematic & Electronic Music - ""Heart Of The Wicked"" by Cjbeards 🇺🇸",BreakingCopyright — Royalty Free Music,,,,,,,227.221,H:\RadioTEDU Songs\Situation Room\🦍 Powerful Music (No Copyright)\🌌 Trailer Cinematic & Electronic Music - ＂Heart Of The Wicked＂ by Cjbeards 🇺🇸 [NDCm6LlG1Bs].webm,2,2,450.889,2026-08-25 08:33:52,2026-08-25 16:03:08
10,RadioTEDU Situation Room,/situation,configured_stream,52634,"🌏 Oriental & Epic (Royalty Free Music) - ""EMPEROR'S BATTLE"" by Kaiji 🇸🇬",BreakingCopyright — Royalty Free Music,,,,,,,164.741,H:\RadioTEDU Songs\Situation Room\⚔️ Copyright Free Battle Music\🌏 Oriental & Epic (Royalty Free Music) - ＂EMPEROR'S BATTLE＂ by Kaiji 🇸🇬 [74-lScOzIxk].webm,2,2,324.702,2026-08-25 09:27:17,2026-08-25 17:25:51
10,RadioTEDU Situation Room,/situation,configured_stream,52575,"🌙 Copyright Free Orchestral Music - ""Unexplored Moon"" by @MiguelJohnson  🇺🇸",BreakingCopyright — Royalty Free Music,,,,,,,344.861,H:\RadioTEDU Songs\Situation Room\Intense Music (No Copyright) 🧨\🌙 Copyright Free Orchestral Music - ＂Unexplored Moon＂ by @MiguelJohnson  🇺🇸 [1lmgmCmhRSc].webm,2,2,684.573,2026-08-25 09:47:59,2026-08-25 17:58:53
10,RadioTEDU Situation Room,/situation,configured_stream,52560,"🎖️ Free Battle Military Music (For Videos) - ""The Constellation"" by Hayden Folker 🇺🇸",BreakingCopyright — Royalty Free Music,,,,,,,257.081,H:\RadioTEDU Songs\Situation Room\Copyright Free Military Music 🎖️\🎖️ Free Battle Military Music (For Videos) - ＂The Constellation＂ by Hayden Folker 🇺🇸 [fSaHNiMPy7A].webm,2,2,513.558,2026-08-25 10:36:57,2026-08-25 19:07:03
10,RadioTEDU Situation Room,/situation,configured_stream,52635,"🎖️ Free Epic Heroic Music (For Videos) - ""Terminus"" by Scott Buckley 🇦🇺",BreakingCopyright — Royalty Free Music,,,,,,,263.721,H:\RadioTEDU Songs\Situation Room\⚔️ Copyright Free Battle Music\🎖️ Free Epic Heroic Music (For Videos) - ＂Terminus＂ by Scott Buckley 🇦🇺 [hIZPPlM8LsQ].webm,2,2,524.825,2026-08-25 07:42:32,2026-08-25 15:11:50
10,RadioTEDU Situation Room,/situation,configured_stream,52636,"🎞️ Trailer & Epic (Free Music) - ""ETERNALS"" by Alex Productions 🇮🇹",BreakingCopyright — Royalty Free Music,,,,,,,141.501,H:\RadioTEDU Songs\Situation Room\⚔️ Copyright Free Battle Music\🎞️ Trailer & Epic (Free Music) - ＂ETERNALS＂ by Alex Productions 🇮🇹 [CNZ6ipZDlZY].webm,2,2,281.374,2026-08-25 12:02:11,2026-08-25 21:55:52
10,RadioTEDU Situation Room,/situation,configured_stream,52576,"🎥 [Copyright Free Trailer Music] - ""Resurgence"" by @GhostrifterOfficial  🇳🇱",BreakingCopyright — Royalty Free Music,,,,,,,141.621,H:\RadioTEDU Songs\Situation Room\Intense Music (No Copyright) 🧨\🎥 [Copyright Free Trailer Music] - ＂Resurgence＂ by @GhostrifterOfficial  🇳🇱 [tSFSPZ3BcNw].webm,2,2,285.773,2026-08-25 07:38:10,2026-08-25 15:07:28
10,RadioTEDU Situation Room,/situation,configured_stream,52664,"🎮 Video game Music (No Copyright) - ""Breaking the siege"" by Arthur Vyncke 🇧🇪",BreakingCopyright — Royalty Free Music,,,,,,,246.801,H:\RadioTEDU Songs\Situation Room\🦍 Powerful Music (No Copyright)\🎮 Video game Music (No Copyright) - ＂Breaking the siege＂ by Arthur Vyncke 🇧🇪 [pLur-vK6BuQ].webm,2,2,489.072,2026-08-25 08:53:54,2026-08-25 16:23:06
10,RadioTEDU Situation Room,/situation,configured_stream,52665,"🎸 Copyright Free Rock Music - ""Grunge Instrumental"" by Wayne John Bradley 🇦🇺",BreakingCopyright — Royalty Free Music,,,,,,,204.681,H:\RadioTEDU Songs\Situation Room\🦍 Powerful Music (No Copyright)\🎸 Copyright Free Rock Music - ＂Grunge Instrumental＂ by Wayne John Bradley 🇦🇺 [wjhxTWdqZVQ].webm,2,2,410.367,2026-08-25 09:07:41,2026-08-25 16:39:39
10,RadioTEDU Situation Room,/situation,configured_stream,52666,"🏍️ Royalty Free Aggressive Rock Music (For Videos) - ""Hard Sell Hotel"" by Shane Ivers 🇬🇧",BreakingCopyright — Royalty Free Music,,,,,,,203.421,H:\RadioTEDU Songs\Situation Room\🦍 Powerful Music (No Copyright)\🏍️ Royalty Free Aggressive Rock Music (For Videos) - ＂Hard Sell Hotel＂ by Shane Ivers 🇬🇧 [nfhYJI7JhbE].webm,2,2,402.326,2026-08-25 12:31:10,2026-08-25 22:56:36
10,RadioTEDU Situation Room,/situation,configured_stream,52577,"🏎 Copyright Free Chase Music - ""Run"" by Ross Bugden 🇨🇦",BreakingCopyright — Royalty Free Music,,,,,,,122.261,H:\RadioTEDU Songs\Situation Room\Intense Music (No Copyright) 🧨\🏎 Copyright Free Chase Music - ＂Run＂ by Ross Bugden 🇨🇦 [Gsp3w9WD7-g].webm,2,2,239.961,2026-08-25 09:09:41,2026-08-25 16:53:33
10,RadioTEDU Situation Room,/situation,configured_stream,52637,"🐎 Epic & Boss Battle (Royalty Free Music) - ""GODDESS OF FATE"" by Makai Symphony 🇯🇵",BreakingCopyright — Royalty Free Music,,,,,,,181.581,H:\RadioTEDU Songs\Situation Room\⚔️ Copyright Free Battle Music\🐎 Epic & Boss Battle (Royalty Free Music) - ＂GODDESS OF FATE＂ by Makai Symphony 🇯🇵 [GnT54bz5Lsw].webm,2,2,359.639,2026-08-25 08:25:43,2026-08-25 15:55:05
10,RadioTEDU Situation Room,/situation,configured_stream,52638,"🐎 Epic Background Instrumental (Music For Videos) - ""All The King's Horses"" by Savfk 🇮🇹 🇬🇧",BreakingCopyright — Royalty Free Music,,,,,,,284.081,H:\RadioTEDU Songs\Situation Room\⚔️ Copyright Free Battle Music\🐎 Epic Background Instrumental (Music For Videos) - ＂All The King's Horses＂ by Savfk 🇮🇹 🇬🇧 [yO6EbSZXiSg].webm,2,2,563.227,2026-08-25 09:31:58,2026-08-25 17:35:19
10,RadioTEDU Situation Room,/situation,configured_stream,52639,"🐲 Evil & Epic (Royalty Free Music) - ""COLLAPSING KINGDOM"" by Makai Symphony 🇯🇵",BreakingCopyright — Royalty Free Music,,,,,,,121.561,H:\RadioTEDU Songs\Situation Room\⚔️ Copyright Free Battle Music\🐲 Evil & Epic (Royalty Free Music) - ＂COLLAPSING KINGDOM＂ by Makai Symphony 🇯🇵 [Imm4k4nloNU].webm,2,2,237.963,2026-08-25 06:24:15,2026-08-25 13:53:01
10,RadioTEDU Situation Room,/situation,configured_stream,52640,"🐲 Free orchestral Battle Music (For YouTube) - ""Dragon Slayer"" by @Makai-symphony 🇯🇵",BreakingCopyright — Royalty Free Music,,,,,,,114.681,H:\RadioTEDU Songs\Situation Room\⚔️ Copyright Free Battle Music\🐲 Free orchestral Battle Music (For YouTube) - ＂Dragon Slayer＂ by @Makai-symphony 🇯🇵 [Nl5E5vZJ2Bw].webm,2,2,225.173,2026-08-25 09:04:16,2026-08-25 16:36:15
10,RadioTEDU Situation Room,/situation,configured_stream,52642,"👹 Trailer & Epic (Royalty Free Music) - ""DANCE WITH THE DEVIL"" by Kaiji 🇸🇬",BreakingCopyright — Royalty Free Music,,,,,,,63.341,H:\RadioTEDU Songs\Situation Room\⚔️ Copyright Free Battle Music\👹 Trailer & Epic (Royalty Free Music) - ＂DANCE WITH THE DEVIL＂ by Kaiji 🇸🇬 [b8uKdqwgfsk].webm,2,2,123.227,2026-08-25 08:30:02,2026-08-25 15:59:24
10,RadioTEDU Situation Room,/situation,configured_stream,52643,"💔 Epic Dramatic (Free Music) - ""TRAGEDY"" by Alex Productions 🇮🇹",BreakingCopyright — Royalty Free Music,,,,,,,193.901,H:\RadioTEDU Songs\Situation Room\⚔️ Copyright Free Battle Music\💔 Epic Dramatic (Free Music) - ＂TRAGEDY＂ by Alex Productions 🇮🇹 [ECDoxNz8U1s].webm,2,2,384.602,2026-08-25 09:51:10,2026-08-25 18:02:05
10,RadioTEDU Situation Room,/situation,configured_stream,52667,"💪 Orchestral Trailer Piano Music (No Copyright) ""The Epic Hero"" by @KeysofMoonMusic  🇺🇸",BreakingCopyright — Royalty Free Music,,,,,,,149.061,H:\RadioTEDU Songs\Situation Room\🦍 Powerful Music (No Copyright)\💪 Orchestral Trailer Piano Music (No Copyright) ＂The Epic Hero＂ by @KeysofMoonMusic  🇺🇸 [ETbsXdqgcTM].webm,2,2,294.738,2026-08-25 11:00:35,2026-08-25 20:02:10
10,RadioTEDU Situation Room,/situation,configured_stream,52668,"📜 Copyright Free Classical Music - ""Ephemera"" by Scott Buckley 🇦🇺",BreakingCopyright — Royalty Free Music,,,,,,,338.721,H:\RadioTEDU Songs\Situation Room\🦍 Powerful Music (No Copyright)\📜 Copyright Free Classical Music - ＂Ephemera＂ by Scott Buckley 🇦🇺 [uz2S8a2r5j8].webm,2,2,675.484,2026-08-25 09:15:18,2026-08-25 17:03:53
10,RadioTEDU Situation Room,/situation,configured_stream,52561,"🔥 Epic & Cinematic (Royalty Free Music) - ""RISE OF LEGENDS"" by Alex Productions 🇮🇹",BreakingCopyright — Royalty Free Music,,,,,,,125.661,H:\RadioTEDU Songs\Situation Room\Copyright Free Military Music 🎖️\🔥 Epic & Cinematic (Royalty Free Music) - ＂RISE OF LEGENDS＂ by Alex Productions 🇮🇹 [7L4DLEswLUc].webm,2,2,247.004,2026-08-25 12:09:25,2026-08-25 22:12:47
10,RadioTEDU Situation Room,/situation,configured_stream,52579,"🔥 Epic Battle Music (No Copyright) ""Dragon Castle"" by @Makai-symphony  🇯🇵",BreakingCopyright — Royalty Free Music,,,,,,,162.601,H:\RadioTEDU Songs\Situation Room\Intense Music (No Copyright) 🧨\🔥 Epic Battle Music (No Copyright) ＂Dragon Castle＂ by @Makai-symphony  🇯🇵 [9gBTKiVqprE].webm,2,2,326.322,2026-08-25 12:33:56,2026-08-25 22:59:16
10,RadioTEDU Situation Room,/situation,configured_stream,52644,"🕕 6 Minutes of EPIC (Free Music) - ""Goliath"" by @ScottBuckley 🇦🇺",BreakingCopyright — Royalty Free Music,,,,,,,381.961,H:\RadioTEDU Songs\Situation Room\⚔️ Copyright Free Battle Music\🕕 6 Minutes of EPIC (Free Music) - ＂Goliath＂ by @ScottBuckley 🇦🇺 [zOrXW8kA-EY].webm,2,2,766.567,2026-08-25 10:05:29,2026-08-25 18:16:16
10,RadioTEDU Situation Room,/situation,configured_stream,52562,"🗡️ Chase & Action (Free Music) - ""Chasing The Killer"" by Hayden Folker 🇺🇸",BreakingCopyright — Royalty Free Music,,,,,,,102.521,H:\RadioTEDU Songs\Situation Room\Copyright Free Military Music 🎖️\🗡️ Chase & Action (Free Music) - ＂Chasing The Killer＂ by Hayden Folker 🇺🇸 [q_95rnSu-nE].webm,2,2,202.85,2026-08-25 07:35:51,2026-08-25 15:05:00
10,RadioTEDU Situation Room,/situation,configured_stream,52580,"🗡️ Free EPIC & FANTASY [No Copyright Music] - ""For Tomorrow"" by @SavfkMusic",BreakingCopyright — Royalty Free Music,,,,,,,218.861,H:\RadioTEDU Songs\Situation Room\Intense Music (No Copyright) 🧨\🗡️ Free EPIC & FANTASY [No Copyright Music] - ＂For Tomorrow＂ by @SavfkMusic [oh2u7aSxYIU].webm,2,2,436.135,2026-08-25 11:59:52,2026-08-25 21:53:30
10,RadioTEDU Situation Room,/situation,configured_stream,52645,"🗡️ Free Medieval Music - ""Battle Of The Creek"" by Alexander Nakarada 🇳🇴",BreakingCopyright — Royalty Free Music,,,,,,,166.861,H:\RadioTEDU Songs\Situation Room\⚔️ Copyright Free Battle Music\🗡️ Free Medieval Music - ＂Battle Of The Creek＂ by Alexander Nakarada 🇳🇴 [IbKAiUlhFSs].webm,2,2,335.839,2026-08-25 12:23:18,2026-08-25 22:31:09
10,RadioTEDU Situation Room,/situation,configured_stream,52669,🗼 Copyright Free Inspirational Music - 'The Travelling Symphony' by @SavfkMusic  🇮🇹,BreakingCopyright — Royalty Free Music,,,,,,,300.801,H:\RadioTEDU Songs\Situation Room\🦍 Powerful Music (No Copyright)\🗼 Copyright Free Inspirational Music - 'The Travelling Symphony' by @SavfkMusic  🇮🇹 [yIF56YN5M_Q].webm,2,2,598.408,2026-08-25 06:58:20,2026-08-25 14:27:24
10,RadioTEDU Situation Room,/situation,configured_stream,52564,"🚁 Progressive trailer (Music For Videos) - ""Infinitum"" by Broken Elegance 🇫🇮",BreakingCopyright — Royalty Free Music,,,,,,,216.481,H:\RadioTEDU Songs\Situation Room\Copyright Free Military Music 🎖️\🚁 Progressive trailer (Music For Videos) - ＂Infinitum＂ by Broken Elegance 🇫🇮 [NR-do-T_0vM].webm,2,2,437.079,2026-08-25 10:14:29,2026-08-25 18:32:22
10,RadioTEDU Situation Room,/situation,configured_stream,52670,"🛩️ Cinematic & Inspiring Music (No Copyright) - ""Flowing Energy"" by @KeysofMoonMusic",BreakingCopyright — Royalty Free Music,,,,,,,200.421,H:\RadioTEDU Songs\Situation Room\🦍 Powerful Music (No Copyright)\🛩️ Cinematic & Inspiring Music (No Copyright) - ＂Flowing Energy＂ by @KeysofMoonMusic [pBT01U9zgfQ].webm,2,2,399.963,2026-08-25 10:52:01,2026-08-25 19:38:44
10,RadioTEDU Situation Room,/situation,configured_stream,52646,"🤜 Epic & War (Royalty Free Music) - ""STROKES OF WAR"" by Teen Asty 🇵🇹",BreakingCopyright — Royalty Free Music,,,,,,,153.061,H:\RadioTEDU Songs\Situation Room\⚔️ Copyright Free Battle Music\🤜 Epic & War (Royalty Free Music) - ＂STROKES OF WAR＂ by Teen Asty 🇵🇹 [a_JY56VMYgU].webm,2,2,302.197,2026-08-25 06:51:00,2026-08-25 14:20:07
10,RadioTEDU Situation Room,/situation,configured_stream,52565,"🦂 Middle Eastern & Action (Free Music) - ""LIBERATION FORCES"" by Ghostrifter Avalon 🇳🇱",BreakingCopyright — Royalty Free Music,,,,,,,195.241,H:\RadioTEDU Songs\Situation Room\Copyright Free Military Music 🎖️\🦂 Middle Eastern & Action (Free Music) - ＂LIBERATION FORCES＂ by Ghostrifter Avalon 🇳🇱 [8GDu45tG8ww].webm,2,2,385.726,2026-08-25 06:27:27,2026-08-25 13:56:13
10,RadioTEDU Situation Room,/situation,configured_stream,52566,"🦠 Apocalypse & Action (Free Music) - ""Escalation"" by Ghostrifter Avalon 🇳🇱",BreakingCopyright — Royalty Free Music,,,,,,,134.281,H:\RadioTEDU Songs\Situation Room\Copyright Free Military Music 🎖️\🦠 Apocalypse & Action (Free Music) - ＂Escalation＂ by Ghostrifter Avalon 🇳🇱 [ggbnLqLYL58].webm,2,2,265.683,2026-08-25 06:22:16,2026-08-25 13:51:03
10,RadioTEDU Situation Room,/situation,configured_stream,52671,"🦸 Superhero (Free Music) - ""LEGACY"" by Scott Buckley 🇦🇺 🇸🇪",BreakingCopyright — Royalty Free Music,,,,,,,389.661,H:\RadioTEDU Songs\Situation Room\🦍 Powerful Music (No Copyright)\🦸 Superhero (Free Music) - ＂LEGACY＂ by Scott Buckley 🇦🇺 🇸🇪 [635tej6SFj4].webm,2,2,779.505,2026-08-25 12:15:55,2026-08-25 22:19:16
10,RadioTEDU Situation Room,/situation,configured_stream,52647,"🪖Battle & Rock (Royalty Free Music) - ""COMBAT ONE"" by Alexander Nakarada 🇳🇴",BreakingCopyright — Royalty Free Music,,,,,,,129.721,H:\RadioTEDU Songs\Situation Room\⚔️ Copyright Free Battle Music\🪖Battle & Rock (Royalty Free Music) - ＂COMBAT ONE＂ by Alexander Nakarada 🇳🇴 [EY2b_Hk0A2Q].webm,2,2,254.595,2026-08-25 10:24:27,2026-08-25 18:51:28
10,RadioTEDU Situation Room,/situation,configured_stream,52435,'Endless Storm' by @Makai-symphony  🇯🇵 ｜ War Music (No Copyright) 💥,,,,,,,,140.968,H:\RadioTEDU Songs\Situation Room\'Endless Storm' by @Makai-symphony  🇯🇵 ｜ War Music (No Copyright) 💥.m4a,1,1,138.199,2026-08-25 22:23:57,2026-08-25 22:23:57
10,RadioTEDU Situation Room,/situation,configured_stream,52436,'Freedom' by @ScottBuckley  🇦🇺 ｜ Epic Inspirational Music (No Copyright) 🍂,,,,,,,,243.81,H:\RadioTEDU Songs\Situation Room\'Freedom' by @ScottBuckley  🇦🇺 ｜ Epic Inspirational Music (No Copyright) 🍂.m4a,1,1,243.431,2026-08-25 06:08:19,2026-08-25 06:08:19
10,RadioTEDU Situation Room,/situation,configured_stream,52437,'In The Desert' by @SavfkMusic  🇮🇹 ｜ Epic Instrumental Music (No Copyright) 🎻,,,,,,,,334.437,H:\RadioTEDU Songs\Situation Room\'In The Desert' by @SavfkMusic  🇮🇹 ｜ Epic Instrumental Music (No Copyright) 🎻.m4a,1,1,331.87,2026-08-25 23:34:47,2026-08-25 23:34:47
10,RadioTEDU Situation Room,/situation,configured_stream,52438,'Light in Dark Places' by Scott Buckley 🇦🇺 ｜ Calm Epic Music (No Copyright) 💡,,,,,,,,135.419,H:\RadioTEDU Songs\Situation Room\'Light in Dark Places' by Scott Buckley 🇦🇺 ｜ Calm Epic Music (No Copyright) 💡.m4a,1,1,135.397,2026-08-25 22:48:40,2026-08-25 22:48:40
10,RadioTEDU Situation Room,/situation,configured_stream,52439,'Omega' by @ScottBuckley  🇦🇺 ｜ Epic Progressive Music (No Copyright) ⛰️,,,,,,,,245.481,H:\RadioTEDU Songs\Situation Room\'Omega' by @ScottBuckley  🇦🇺 ｜ Epic Progressive Music (No Copyright) ⛰️.m4a,1,1,243.478,2026-08-25 18:36:26,2026-08-25 18:36:26
10,RadioTEDU Situation Room,/situation,configured_stream,52440,'Overwatch' by Evan King 🇨🇦 [Free Epic Music],,,,,,,,268.585,H:\RadioTEDU Songs\Situation Room\'Overwatch' by Evan King 🇨🇦 [Free Epic Music].m4a,1,1,267.32,2026-08-25 17:23:10,2026-08-25 17:23:10
10,RadioTEDU Situation Room,/situation,configured_stream,52553,'Overwatch' by Evan King 🇨🇦 [Free Epic Music],BreakingCopyright — Royalty Free Music,,,,,,,268.601,H:\RadioTEDU Songs\Situation Room\Copyright Free Military Music 🎖️\'Overwatch' by Evan King 🇨🇦 [Free Epic Music] [sskYmayIrZ8].webm,1,1,266.663,2026-08-25 13:21:12,2026-08-25 13:21:12
10,RadioTEDU Situation Room,/situation,configured_stream,52441,'Rock Your World' by Audionautix 🇺🇸 ｜ Rock Music (No Copyright) 🎸,,,,,,,,132.145,H:\RadioTEDU Songs\Situation Room\'Rock Your World' by Audionautix 🇺🇸 ｜ Rock Music (No Copyright) 🎸.m4a,1,1,138.904,2026-08-25 21:28:29,2026-08-25 21:28:29
10,RadioTEDU Situation Room,/situation,configured_stream,52442,'Ronin' by Jantrax ｜ Japanese 🗾 Trap Music (No Copyright),,,,,,,,144.916,H:\RadioTEDU Songs\Situation Room\'Ronin' by Jantrax ｜ Japanese 🗾 Trap Music (No Copyright).m4a,1,1,143.086,2026-08-25 22:21:39,2026-08-25 22:21:39
10,RadioTEDU Situation Room,/situation,configured_stream,52443,'Six Coffin Nails' by Kerosyn ｜ Electronic Metal Music (No Copyright) 🔥,,,,,,,,330.815,H:\RadioTEDU Songs\RadioTEDU Situation Room\'Six Coffin Nails' by Kerosyn ｜ Electronic Metal Music (No Copyright) 🔥.m4a,1,1,328.634,2026-08-25 03:36:24,2026-08-25 03:36:24
10,RadioTEDU Situation Room,/situation,configured_stream,52444,'The Army of Minotaur' by @Makai-symphony  🇯🇵 ｜ Fighting Music (No Copyright) 💣,,,,,,,,161.472,H:\RadioTEDU Songs\Situation Room\'The Army of Minotaur' by @Makai-symphony  🇯🇵 ｜ Fighting Music (No Copyright) 💣.m4a,1,1,159.18,2026-08-25 05:45:07,2026-08-25 05:45:07
10,RadioTEDU Situation Room,/situation,configured_stream,52445,'The Grid' by @SavfkMusic  🇮🇹 ｜  Epic Music (No Copyright) 💪,,,,,,,,313.214,H:\RadioTEDU Songs\RadioTEDU Situation Room\'The Grid' by @SavfkMusic  🇮🇹 ｜  Epic Music (No Copyright) 💪.m4a,1,1,312.507,2026-08-25 01:00:29,2026-08-25 01:00:29
10,RadioTEDU Situation Room,/situation,configured_stream,52445,'The Grid' by @SavfkMusic  🇮🇹 ｜  Epic Music (No Copyright) 💪,,,,,,,,313.214,H:\RadioTEDU Songs\Situation Room\'The Grid' by @SavfkMusic  🇮🇹 ｜  Epic Music (No Copyright) 💪.m4a,1,1,310.928,2026-08-25 21:17:53,2026-08-25 21:17:53
10,RadioTEDU Situation Room,/situation,configured_stream,52446,'The Medieval Banquet' by Silvermansound 🇬🇧 ｜ Medieval Music (No Copyright) 🏰,,,,,,,,110.388,H:\RadioTEDU Songs\Situation Room\'The Medieval Banquet' by Silvermansound 🇬🇧 ｜ Medieval Music (No Copyright) 🏰.m4a,1,1,113.104,2026-08-25 06:18:13,2026-08-25 06:18:13
10,RadioTEDU Situation Room,/situation,configured_stream,52447,[Free Music] @ContextSensitive  - Guardians [Classical],,,,,,,,180.489,H:\RadioTEDU Songs\RadioTEDU Situation Room\[Free Music] @ContextSensitive  - Guardians [Classical].m4a,1,1,177.661,2026-08-25 00:53:37,2026-08-25 00:53:37
10,RadioTEDU Situation Room,/situation,configured_stream,52447,[Free Music] @ContextSensitive  - Guardians [Classical],,,,,,,,180.489,H:\RadioTEDU Songs\Situation Room\[Free Music] @ContextSensitive  - Guardians [Classical].m4a,1,1,181.997,2026-08-25 21:03:15,2026-08-25 21:03:15
10,RadioTEDU Situation Room,/situation,configured_stream,52448,[Free Music] @ContextSensitive  🇨🇦 - End This [Epic],,,,,,,,156.967,H:\RadioTEDU Songs\RadioTEDU Situation Room\[Free Music] @ContextSensitive  🇨🇦 - End This [Epic].m4a,1,1,154.804,2026-08-25 01:10:28,2026-08-25 01:10:28
10,RadioTEDU Situation Room,/situation,configured_stream,52448,[Free Music] @ContextSensitive  🇨🇦 - End This [Epic],,,,,,,,156.967,H:\RadioTEDU Songs\Situation Room\[Free Music] @ContextSensitive  🇨🇦 - End This [Epic].m4a,1,1,155.491,2026-08-25 21:58:28,2026-08-25 21:58:28
10,RadioTEDU Situation Room,/situation,configured_stream,52622,[Free Music] @ContextSensitive  🇨🇦 - End This [Epic],BreakingCopyright — Royalty Free Music,,,,,,,156.981,H:\RadioTEDU Songs\Situation Room\⚔️ Copyright Free Battle Music\[Free Music] @ContextSensitive  🇨🇦 - End This [Epic] [zx_466umPUM].webm,1,1,154.154,2026-08-25 13:26:16,2026-08-25 13:26:16
10,RadioTEDU Situation Room,/situation,configured_stream,52449,[No Copyright Music] @ScottBuckley  - Stars In Her Skies [Orchestral],,,,,,,,277.177,H:\RadioTEDU Songs\RadioTEDU Situation Room\[No Copyright Music] @ScottBuckley  - Stars In Her Skies [Orchestral].m4a,1,1,275.296,2026-08-25 01:32:47,2026-08-25 01:32:47
10,RadioTEDU Situation Room,/situation,configured_stream,52449,[No Copyright Music] @ScottBuckley  - Stars In Her Skies [Orchestral],,,,,,,,277.177,H:\RadioTEDU Songs\Situation Room\[No Copyright Music] @ScottBuckley  - Stars In Her Skies [Orchestral].m4a,1,1,275.356,2026-08-25 22:53:15,2026-08-25 22:53:15
10,RadioTEDU Situation Room,/situation,configured_stream,52450,[No Copyright Music] Scott Buckley - Sanctum [Epic],,,,,,,,255.187,H:\RadioTEDU Songs\RadioTEDU Situation Room\[No Copyright Music] Scott Buckley - Sanctum [Epic].m4a,1,1,253.18,2026-08-25 03:27:57,2026-08-25 03:27:57
10,RadioTEDU Situation Room,/situation,configured_stream,52451,[Non Copyrighted Music] @AHimitsu  - Two Places [Epic],,,,,,,,242.579,H:\RadioTEDU Songs\Situation Room\[Non Copyrighted Music] @AHimitsu  - Two Places [Epic].m4a,1,1,245.738,2026-08-25 17:53:08,2026-08-25 17:53:08
10,RadioTEDU Situation Room,/situation,configured_stream,52452,[Non Copyrighted Music] @MiguelJohnson - Good Day To Die [Epic],,,,,,,,365.714,H:\RadioTEDU Songs\RadioTEDU Situation Room\[Non Copyrighted Music] @MiguelJohnson - Good Day To Die [Epic].m4a,1,1,364.442,2026-08-25 04:50:52,2026-08-25 04:50:52
10,RadioTEDU Situation Room,/situation,configured_stream,52453,[Non Copyrighted Music] @ScottBuckley - Phoenix [Epic],,,,,,,,412.944,H:\RadioTEDU Songs\RadioTEDU Situation Room\[Non Copyrighted Music] @ScottBuckley - Phoenix [Epic].m4a,1,1,410.5,2026-08-25 04:19:48,2026-08-25 04:19:48
10,RadioTEDU Situation Room,/situation,configured_stream,52454,[Non Copyrighted Music] Aakash Gandhi - Eyes of Glory [Epic],,,,,,,,151.603,H:\RadioTEDU Songs\Situation Room\[Non Copyrighted Music] Aakash Gandhi - Eyes of Glory [Epic].m4a,1,1,148.766,2026-08-25 18:26:14,2026-08-25 18:26:14
10,RadioTEDU Situation Room,/situation,configured_stream,52655,[Non Copyrighted Music] Aakash Gandhi - Eyes of Glory [Epic],BreakingCopyright — Royalty Free Music,,,,,,,151.641,H:\RadioTEDU Songs\Situation Room\🦍 Powerful Music (No Copyright)\[Non Copyrighted Music] Aakash Gandhi - Eyes of Glory [Epic] [yhJ4RT2WLME].webm,1,1,149.76,2026-08-25 13:23:41,2026-08-25 13:23:41
10,RadioTEDU Situation Room,/situation,configured_stream,52455,[Non Copyrighted Music] Ethan Meixsell - In the Shadows [Rock],,,,,,,,179.351,H:\RadioTEDU Songs\Situation Room\[Non Copyrighted Music] Ethan Meixsell - In the Shadows [Rock].m4a,1,1,177.525,2026-08-25 05:57:15,2026-08-25 05:57:15
10,RadioTEDU Situation Room,/situation,configured_stream,52656,[Non Copyrighted Music] Ethan Meixsell - In the Shadows [Rock],BreakingCopyright — Royalty Free Music,,,,,,,179.361,H:\RadioTEDU Songs\Situation Room\🦍 Powerful Music (No Copyright)\[Non Copyrighted Music] Ethan Meixsell - In the Shadows [Rock] [g2mrBkxWLZE].webm,1,1,179.56,2026-08-25 13:06:55,2026-08-25 13:06:55
10,RadioTEDU Situation Room,/situation,configured_stream,52456,[Non Copyrighted Music] Ethan Meixsell - Thor's Hammer [Rock],,,,,,,,141.642,H:\RadioTEDU Songs\Situation Room\[Non Copyrighted Music] Ethan Meixsell - Thor's Hammer [Rock].m4a,1,1,141.454,2026-08-25 19:09:25,2026-08-25 19:09:25
10,RadioTEDU Situation Room,/situation,configured_stream,52457,[Non Copyrighted Music] Jingle Punks - Cataclysmic Molten Core [Epic],,,,,,,,76.556,H:\RadioTEDU Songs\RadioTEDU Situation Room\[Non Copyrighted Music] Jingle Punks - Cataclysmic Molten Core [Epic].m4a,1,1,73.973,2026-08-25 04:33:59,2026-08-25 04:33:59
10,RadioTEDU Situation Room,/situation,configured_stream,52458,[Non Copyrighted Music] Savfk - Deep [Epic],,,,,,,,156.177,H:\RadioTEDU Songs\Situation Room\[Non Copyrighted Music] Savfk - Deep [Epic].m4a,1,1,153.384,2026-08-25 17:30:38,2026-08-25 17:30:38
10,RadioTEDU Situation Room,/situation,configured_stream,52459,[Non Copyrighted Music] Scott Buckley - World of Magic [Epic],,,,,,,,97.872,H:\RadioTEDU Songs\RadioTEDU Situation Room\[Non Copyrighted Music] Scott Buckley - World of Magic [Epic].m4a,1,1,95.54,2026-08-25 00:50:40,2026-08-25 00:50:40
10,RadioTEDU Situation Room,/situation,configured_stream,52459,[Non Copyrighted Music] Scott Buckley - World of Magic [Epic],,,,,,,,97.872,H:\RadioTEDU Songs\Situation Room\[Non Copyrighted Music] Scott Buckley - World of Magic [Epic].m4a,1,1,95.21,2026-08-25 20:48:26,2026-08-25 20:48:26
10,RadioTEDU Situation Room,/situation,configured_stream,52623,[Non Copyrighted Music] Scott Buckley - World of Magic [Epic],BreakingCopyright — Royalty Free Music,,,,,,,97.881,H:\RadioTEDU Songs\Situation Room\⚔️ Copyright Free Battle Music\[Non Copyrighted Music] Scott Buckley - World of Magic [Epic] [0ArLCRFBQrI].webm,1,1,95.707,2026-08-25 13:08:30,2026-08-25 13:08:30
10,RadioTEDU Situation Room,/situation,configured_stream,52460,[Non Copyrighted Music] TheFatRat - Reminiscence [Epic],,,,,,,,141.92,H:\RadioTEDU Songs\RadioTEDU Situation Room\[Non Copyrighted Music] TheFatRat - Reminiscence [Epic].m4a,1,1,139.978,2026-08-25 00:07:57,2026-08-25 00:07:57
10,RadioTEDU Situation Room,/situation,configured_stream,52460,[Non Copyrighted Music] TheFatRat - Reminiscence [Epic],,,,,,,,141.92,H:\RadioTEDU Songs\Situation Room\[Non Copyrighted Music] TheFatRat - Reminiscence [Epic].m4a,1,1,146.164,2026-08-25 19:43:17,2026-08-25 19:43:17
10,RadioTEDU Situation Room,/situation,configured_stream,52519,Chase Tension Cinematic No Copyright Music ⧸ Tension Ticking by Soundridemusic,,,,,,,,118.515,H:\RadioTEDU Songs\RadioTEDU Situation Room\Chase Tension Cinematic No Copyright Music ⧸ Tension Ticking by Soundridemusic.m4a,1,1,116.254,2026-08-25 04:27:37,2026-08-25 04:27:37
10,RadioTEDU Situation Room,/situation,configured_stream,52520,Cinematic Guitar Tension Drama Documentary No Copyright Music ⧸ Dark Secrets by Soundridemusic,,,,,,,,135.07,H:\RadioTEDU Songs\Situation Room\Cinematic Guitar Tension Drama Documentary No Copyright Music ⧸ Dark Secrets by Soundridemusic.m4a,1,1,132.726,2026-08-25 17:28:04,2026-08-25 17:28:04
10,RadioTEDU Situation Room,/situation,configured_stream,52521,Cinematic Suspense Tension NoCopyright Music Compilation by Artic Fox Music,,,,,,,,318.09,H:\RadioTEDU Songs\RadioTEDU Situation Room\Cinematic Suspense Tension NoCopyright Music Compilation by Artic Fox Music.m4a,1,1,319.309,2026-08-25 00:39:24,2026-08-25 00:39:24
10,RadioTEDU Situation Room,/situation,configured_stream,52521,Cinematic Suspense Tension NoCopyright Music Compilation by Artic Fox Music,,,,,,,,318.09,H:\RadioTEDU Songs\Situation Room\Cinematic Suspense Tension NoCopyright Music Compilation by Artic Fox Music.m4a,1,1,331.701,2026-08-25 20:26:21,2026-08-25 20:26:21
10,RadioTEDU Situation Room,/situation,configured_stream,52522,Cinematic Suspense Trailer NoCopyright Music for Video ⧸ Anomaly by Soundridemusic,,,,,,,,141.688,H:\RadioTEDU Songs\RadioTEDU Situation Room\Cinematic Suspense Trailer NoCopyright Music for Video ⧸ Anomaly by Soundridemusic.m4a,1,1,140.874,2026-08-25 01:02:49,2026-08-25 01:02:49
10,RadioTEDU Situation Room,/situation,configured_stream,52522,Cinematic Suspense Trailer NoCopyright Music for Video ⧸ Anomaly by Soundridemusic,,,,,,,,141.688,H:\RadioTEDU Songs\Situation Room\Cinematic Suspense Trailer NoCopyright Music for Video ⧸ Anomaly by Soundridemusic.m4a,1,1,139.502,2026-08-25 21:20:13,2026-08-25 21:20:13
10,RadioTEDU Situation Room,/situation,configured_stream,52523,Cinematic Tension NoCopyright Background Music for Video ⧸ Tensions Run High by soundridemusic,,,,,,,,86.285,H:\RadioTEDU Songs\RadioTEDU Situation Room\Cinematic Tension NoCopyright Background Music for Video ⧸ Tensions Run High by soundridemusic.m4a,1,1,86.301,2026-08-25 04:29:03,2026-08-25 04:29:03
10,RadioTEDU Situation Room,/situation,configured_stream,52524,Cinematic Tension Suspense No Copyright Music 2024 ⧸ Dirty Money by soundridemusic,,,,,,,,132.098,H:\RadioTEDU Songs\RadioTEDU Situation Room\Cinematic Tension Suspense No Copyright Music 2024 ⧸ Dirty Money by soundridemusic.m4a,1,1,129.979,2026-08-25 01:19:43,2026-08-25 01:19:43
10,RadioTEDU Situation Room,/situation,configured_stream,52524,Cinematic Tension Suspense No Copyright Music 2024 ⧸ Dirty Money by soundridemusic,,,,,,,,132.098,H:\RadioTEDU Songs\Situation Room\Cinematic Tension Suspense No Copyright Music 2024 ⧸ Dirty Money by soundridemusic.m4a,1,1,129.754,2026-08-25 22:33:18,2026-08-25 22:33:18
10,RadioTEDU Situation Room,/situation,configured_stream,52525,Crime Detective Tension Suspense No Copyright Music ⧸ Criminal Investigation by Soundridemusic,,,,,,,,139.343,H:\RadioTEDU Songs\RadioTEDU Situation Room\Crime Detective Tension Suspense No Copyright Music ⧸ Criminal Investigation by Soundridemusic.m4a,1,1,136.702,2026-08-25 04:12:57,2026-08-25 04:12:57
10,RadioTEDU Situation Room,/situation,configured_stream,52526,Crime Tension Investigation No Copyright Music ⧸ Criminal Intent by Soundridemusic,,,,,,,,144.869,H:\RadioTEDU Songs\RadioTEDU Situation Room\Crime Tension Investigation No Copyright Music ⧸ Criminal Intent by Soundridemusic.m4a,1,1,143.301,2026-08-25 03:03:54,2026-08-25 03:03:54
10,RadioTEDU Situation Room,/situation,configured_stream,52461,Dark Ambient Music (No Copyright),,,,,,,,219.986,H:\RadioTEDU Songs\RadioTEDU Situation Room\Dark Ambient Music (No Copyright).m4a,1,1,220.96,2026-08-25 04:32:43,2026-08-25 04:32:43
10,RadioTEDU Situation Room,/situation,configured_stream,52527,Dark Suspense Tense Crime No Copyright Music ⧸ Suspect by Soundridemusic,,,,,,,,190.404,H:\RadioTEDU Songs\Situation Room\Dark Suspense Tense Crime No Copyright Music ⧸ Suspect by Soundridemusic.m4a,1,1,187.661,2026-08-25 16:42:48,2026-08-25 16:42:48
10,RadioTEDU Situation Room,/situation,configured_stream,52592,Dark Suspense Tense NoCopyright Background Music for Video / Stranger by Soundridemusic,Soundridemusic,,,,,,,165.941,H:\RadioTEDU Songs\Situation Room\Serious Background Music No Copyright\Dark Suspense Tense NoCopyright Background Music for Video ⧸ Stranger by Soundridemusic [DQ1AVBs8y0o].webm,1,1,163.418,2026-08-25 13:28:59,2026-08-25 13:28:59
10,RadioTEDU Situation Room,/situation,configured_stream,52528,Dark Suspense Tense NoCopyright Background Music for Video ⧸ Stranger by Soundridemusic,,,,,,,,165.976,H:\RadioTEDU Songs\Situation Room\Dark Suspense Tense NoCopyright Background Music for Video ⧸ Stranger by Soundridemusic.m4a,1,1,163.594,2026-08-25 18:39:09,2026-08-25 18:39:09
10,RadioTEDU Situation Room,/situation,configured_stream,52529,Dark Tension Cinematic NoCopyright Background Music  by soundridemusic,,,,,,,,172.222,H:\RadioTEDU Songs\RadioTEDU Situation Room\Dark Tension Cinematic NoCopyright Background Music  by soundridemusic.m4a,1,1,170.018,2026-08-25 01:07:54,2026-08-25 01:07:54
10,RadioTEDU Situation Room,/situation,configured_stream,52529,Dark Tension Cinematic NoCopyright Background Music  by soundridemusic,,,,,,,,172.222,H:\RadioTEDU Songs\Situation Room\Dark Tension Cinematic NoCopyright Background Music  by soundridemusic.m4a,1,1,170.791,2026-08-25 21:40:43,2026-08-25 21:40:43
10,RadioTEDU Situation Room,/situation,configured_stream,52530,Electronic Synth Sci-Fi Tension No Copyright Music ⧸ Blindside by  @soundridemusic,,,,,,,,136.858,H:\RadioTEDU Songs\RadioTEDU Situation Room\Electronic Synth Sci-Fi Tension No Copyright Music ⧸ Blindside by  @soundridemusic.m4a,1,1,134.794,2026-08-25 01:05:04,2026-08-25 01:05:04
10,RadioTEDU Situation Room,/situation,configured_stream,52530,Electronic Synth Sci-Fi Tension No Copyright Music ⧸ Blindside by  @soundridemusic,,,,,,,,136.858,H:\RadioTEDU Songs\Situation Room\Electronic Synth Sci-Fi Tension No Copyright Music ⧸ Blindside by  @soundridemusic.m4a,1,1,139.962,2026-08-25 21:22:33,2026-08-25 21:22:33
10,RadioTEDU Situation Room,/situation,configured_stream,52531,Epic Cinematic Military War No Copyright Music Compilation by Soundridemusic,,,,,,,,444.546,H:\RadioTEDU Songs\RadioTEDU Situation Room\Epic Cinematic Military War No Copyright Music Compilation by Soundridemusic.m4a,1,1,442.019,2026-08-25 02:47:52,2026-08-25 02:47:52
10,RadioTEDU Situation Room,/situation,configured_stream,52462,Epic Electronic & Cinematic (Music For Videos) - ＂Reloaded＂ by Savfk,,,,,,,,267.146,H:\RadioTEDU Songs\RadioTEDU Situation Room\Epic Electronic & Cinematic (Music For Videos) - ＂Reloaded＂ by Savfk.m4a,1,1,267.392,2026-08-25 01:42:37,2026-08-25 01:42:37
10,RadioTEDU Situation Room,/situation,configured_stream,52462,Epic Electronic & Cinematic (Music For Videos) - ＂Reloaded＂ by Savfk,,,,,,,,267.146,H:\RadioTEDU Songs\Situation Room\Epic Electronic & Cinematic (Music For Videos) - ＂Reloaded＂ by Savfk.m4a,1,1,264.874,2026-08-25 23:44:33,2026-08-25 23:44:33
10,RadioTEDU Situation Room,/situation,configured_stream,52463,Epic Emotional Music (No Copyright) 🔥,,,,,,,,175.984,H:\RadioTEDU Songs\RadioTEDU Situation Room\Epic Emotional Music (No Copyright) 🔥.m4a,1,1,178.833,2026-08-25 03:30:55,2026-08-25 03:30:55
10,RadioTEDU Situation Room,/situation,configured_stream,52555,Epic Emotional Music (No Copyright) 🔥,BreakingCopyright — Royalty Free Music,,,,,,,175.981,H:\RadioTEDU Songs\Situation Room\Copyright Free Military Music 🎖️\Epic Emotional Music (No Copyright) 🔥 [8mdDft5-q28].webm,1,1,174.172,2026-08-25 13:47:01,2026-08-25 13:47:01
10,RadioTEDU Situation Room,/situation,configured_stream,52464,Epic Non Copyrighted Music ⚔️,,,,,,,,199.018,H:\RadioTEDU Songs\Situation Room\Epic Non Copyrighted Music ⚔️.m4a,1,1,196.663,2026-08-25 06:00:32,2026-08-25 06:00:32
10,RadioTEDU Situation Room,/situation,configured_stream,52532,"No Copyright Background Music for News, Finance & Crypto Videos ｜ Cyber Threat by ArcticFoxMusic",,,,,,,,160.543,"H:\RadioTEDU Songs\RadioTEDU Situation Room\No Copyright Background Music for News, Finance & Crypto Videos ｜ Cyber Threat by ArcticFoxMusic.m4a",1,1,159.493,2026-08-25 04:53:31,2026-08-25 04:53:31
10,RadioTEDU Situation Room,/situation,configured_stream,52533,No Copyright Cinematic Cello Music ⧸ Wrath by Soundridemusic,,,,,,,,194.003,H:\RadioTEDU Songs\RadioTEDU Situation Room\No Copyright Cinematic Cello Music ⧸ Wrath by Soundridemusic.m4a,1,1,192.184,2026-08-25 02:16:08,2026-08-25 02:16:08
10,RadioTEDU Situation Room,/situation,configured_stream,52534,No Copyright Cinematic Dark Suspense Drums Music ⧸ Hidden Threat by ArticFoxMusic,,,,,,,,102.493,H:\RadioTEDU Songs\RadioTEDU Situation Room\No Copyright Cinematic Dark Suspense Drums Music ⧸ Hidden Threat by ArticFoxMusic.m4a,1,1,100.369,2026-08-25 01:28:12,2026-08-25 01:28:12
10,RadioTEDU Situation Room,/situation,configured_stream,52534,No Copyright Cinematic Dark Suspense Drums Music ⧸ Hidden Threat by ArticFoxMusic,,,,,,,,102.493,H:\RadioTEDU Songs\Situation Room\No Copyright Cinematic Dark Suspense Drums Music ⧸ Hidden Threat by ArticFoxMusic.m4a,1,1,101.627,2026-08-25 22:46:25,2026-08-25 22:46:25
10,RadioTEDU Situation Room,/situation,configured_stream,52535,No Copyright Cinematic Tension Cello Music ⧸ Trap by Soundridemusic,,,,,,,,174.057,H:\RadioTEDU Songs\RadioTEDU Situation Room\No Copyright Cinematic Tension Cello Music ⧸ Trap by Soundridemusic.m4a,1,1,171.435,2026-08-25 04:22:39,2026-08-25 04:22:39
10,RadioTEDU Situation Room,/situation,configured_stream,52536,No Copyright Cinematic Tension Suspense Music ⧸ Silent Echo by ArticFoxMusic,,,,,,,,92.369,H:\RadioTEDU Songs\Situation Room\No Copyright Cinematic Tension Suspense Music ⧸ Silent Echo by ArticFoxMusic.m4a,1,1,90.909,2026-08-25 18:17:49,2026-08-25 18:17:49
10,RadioTEDU Situation Room,/situation,configured_stream,52537,No Copyright Cinematic Tension Ticking Music ⧸ Tension Time by Soundridemusic,,,,,,,,178.306,H:\RadioTEDU Songs\RadioTEDU Situation Room\No Copyright Cinematic Tension Ticking Music ⧸ Tension Time by Soundridemusic.m4a,1,1,175.906,2026-08-25 02:40:29,2026-08-25 02:40:29
10,RadioTEDU Situation Room,/situation,configured_stream,52538,No Copyright Dramatic Tension Music ⧸ Nordic Noir by Soundridemusic,,,,,,,,144.01,H:\RadioTEDU Songs\RadioTEDU Situation Room\No Copyright Dramatic Tension Music ⧸ Nordic Noir by Soundridemusic.m4a,1,1,142.109,2026-08-25 02:25:02,2026-08-25 02:25:02
10,RadioTEDU Situation Room,/situation,configured_stream,52539,No Copyright Suspense Tense Music ⧸ Capture by #soundridemusic,,,,,,,,128.058,H:\RadioTEDU Songs\RadioTEDU Situation Room\No Copyright Suspense Tense Music ⧸ Capture by #soundridemusic.m4a,1,1,125.493,2026-08-25 02:59:26,2026-08-25 02:59:26
10,RadioTEDU Situation Room,/situation,configured_stream,52540,No Copyright True Crime Investigation Tension Suspense Music Compilation by soundridemusic,,,,,,,,2052.644,H:\RadioTEDU Songs\Situation Room\No Copyright True Crime Investigation Tension Suspense Music Compilation by soundridemusic.m4a,1,1,1800.75,2026-08-25 05:42:28,2026-08-25 05:42:28
10,RadioTEDU Situation Room,/situation,configured_stream,52541,NoCopyright Dark Suspense Background Music ⧸ Suspense by Soundridemusic,,,,,,,,272.788,H:\RadioTEDU Songs\RadioTEDU Situation Room\NoCopyright Dark Suspense Background Music ⧸ Suspense by Soundridemusic.m4a,1,1,270.578,2026-08-25 00:19:59,2026-08-25 00:19:59
10,RadioTEDU Situation Room,/situation,configured_stream,52541,NoCopyright Dark Suspense Background Music ⧸ Suspense by Soundridemusic,,,,,,,,272.788,H:\RadioTEDU Songs\Situation Room\NoCopyright Dark Suspense Background Music ⧸ Suspense by Soundridemusic.m4a,1,1,270.439,2026-08-25 19:59:40,2026-08-25 19:59:40
10,RadioTEDU Situation Room,/situation,configured_stream,52542,NoCopyright Minimal Tension Background Music ⧸ The Chase by soundridemusic,,,,,,,,153.414,H:\RadioTEDU Songs\Situation Room\NoCopyright Minimal Tension Background Music ⧸ The Chase by soundridemusic.m4a,1,1,151.11,2026-08-25 05:47:38,2026-08-25 05:47:38
10,RadioTEDU Situation Room,/situation,configured_stream,52543,Nordic Noir Tension Suspense  No Copyright Music ⧸ Dusk by Soundridemusic,,,,,,,,155.876,H:\RadioTEDU Songs\RadioTEDU Situation Room\Nordic Noir Tension Suspense  No Copyright Music ⧸ Dusk by Soundridemusic.m4a,1,1,154.108,2026-08-25 00:05:38,2026-08-25 00:05:38
10,RadioTEDU Situation Room,/situation,configured_stream,52543,Nordic Noir Tension Suspense  No Copyright Music ⧸ Dusk by Soundridemusic,,,,,,,,155.876,H:\RadioTEDU Songs\Situation Room\Nordic Noir Tension Suspense  No Copyright Music ⧸ Dusk by Soundridemusic.m4a,1,1,156.029,2026-08-25 19:35:23,2026-08-25 19:35:23
10,RadioTEDU Situation Room,/situation,configured_stream,52544,"Storytelling Crypto&Finance Cinematic No Copyright Music Music for Documentaries, News, Vlogs",,,,,,,,189.87,"H:\RadioTEDU Songs\Situation Room\Storytelling Crypto&Finance Cinematic No Copyright Music Music for Documentaries, News, Vlogs.m4a",1,1,187.196,2026-08-25 18:58:24,2026-08-25 18:58:24
10,RadioTEDU Situation Room,/situation,configured_stream,52545,Suspenseful Tense Cinematic Copyright Free Background Music⧸ Cold Pursuit by @soundridemusic,,,,,,,,114.335,H:\RadioTEDU Songs\RadioTEDU Situation Room\Suspenseful Tense Cinematic Copyright Free Background Music⧸ Cold Pursuit by @soundridemusic.m4a,1,1,113.452,2026-08-25 01:12:21,2026-08-25 01:12:21
10,RadioTEDU Situation Room,/situation,configured_stream,52545,Suspenseful Tense Cinematic Copyright Free Background Music⧸ Cold Pursuit by @soundridemusic,,,,,,,,114.335,H:\RadioTEDU Songs\Situation Room\Suspenseful Tense Cinematic Copyright Free Background Music⧸ Cold Pursuit by @soundridemusic.m4a,1,1,112.948,2026-08-25 22:00:20,2026-08-25 22:00:20
10,RadioTEDU Situation Room,/situation,configured_stream,52546,Suspenseful Tension Mystery No Copyright Music by Soundridemusic,,,,,,,,152.996,H:\RadioTEDU Songs\RadioTEDU Situation Room\Suspenseful Tension Mystery No Copyright Music by Soundridemusic.m4a,1,1,151.652,2026-08-25 00:22:30,2026-08-25 00:22:30
10,RadioTEDU Situation Room,/situation,configured_stream,52546,Suspenseful Tension Mystery No Copyright Music by Soundridemusic,,,,,,,,152.996,H:\RadioTEDU Songs\Situation Room\Suspenseful Tension Mystery No Copyright Music by Soundridemusic.m4a,1,1,150.68,2026-08-25 20:04:41,2026-08-25 20:04:41
10,RadioTEDU Situation Room,/situation,configured_stream,52547,Tense & Dark Cello No Copyright Cinematic Music Background,,,,,,,,129.823,H:\RadioTEDU Songs\RadioTEDU Situation Room\Tense & Dark Cello No Copyright Cinematic Music Background.m4a,1,1,127.257,2026-08-25 04:39:43,2026-08-25 04:39:43
10,RadioTEDU Situation Room,/situation,configured_stream,52548,Tense Cinematic NoCopyright Background Music Compilation,,,,,,,,3251.885,H:\RadioTEDU Songs\RadioTEDU Situation Room\Tense Cinematic NoCopyright Background Music Compilation.m4a,1,1,1818.425,2026-08-25 02:12:56,2026-08-25 02:12:56
10,RadioTEDU Situation Room,/situation,configured_stream,52549,Tense Crime Investigation No Copyright Music Compilation by Soundridemusic,,,,,,,,370.451,H:\RadioTEDU Songs\RadioTEDU Situation Room\Tense Crime Investigation No Copyright Music Compilation by Soundridemusic.m4a,1,1,369.261,2026-08-25 02:31:11,2026-08-25 02:31:11
10,RadioTEDU Situation Room,/situation,configured_stream,52550,Tense Suspense Cinematic NoCopyright Background Music by Soundridemusic,,,,,,,,118.05,H:\RadioTEDU Songs\RadioTEDU Situation Room\Tense Suspense Cinematic NoCopyright Background Music by Soundridemusic.m4a,1,1,116.999,2026-08-25 01:14:17,2026-08-25 01:14:17
10,RadioTEDU Situation Room,/situation,configured_stream,52550,Tense Suspense Cinematic NoCopyright Background Music by Soundridemusic,,,,,,,,118.05,H:\RadioTEDU Songs\Situation Room\Tense Suspense Cinematic NoCopyright Background Music by Soundridemusic.m4a,1,1,116.795,2026-08-25 22:02:17,2026-08-25 22:02:17
10,RadioTEDU Situation Room,/situation,configured_stream,52551,Tension Cinematic No Copyright Background Music for Video⧸ Blackout Zone by ArcticFoxMusic,,,,,,,,97.338,H:\RadioTEDU Songs\Situation Room\Tension Cinematic No Copyright Background Music for Video⧸ Blackout Zone by ArcticFoxMusic.m4a,1,1,94.997,2026-08-25 18:19:25,2026-08-25 18:19:25
10,RadioTEDU Situation Room,/situation,configured_stream,52552,Tension Suspense Action Trailer No Copyright Background Music ⧸ Violation by Soundridemusic,,,,,,,,109.83,H:\RadioTEDU Songs\Situation Room\Tension Suspense Action Trailer No Copyright Background Music ⧸ Violation by Soundridemusic.m4a,1,1,106.886,2026-08-25 18:23:45,2026-08-25 18:23:45
10,RadioTEDU Situation Room,/situation,configured_stream,52465,☢️ Final Boss & Cinematic (Royalty Free Music) - ＂VIRUS＂ by Alex Productions 🇮🇹,,,,,,,,232.919,H:\RadioTEDU Songs\RadioTEDU Situation Room\☢️ Final Boss & Cinematic (Royalty Free Music) - ＂VIRUS＂ by Alex Productions 🇮🇹.m4a,1,1,230.538,2026-08-25 00:45:32,2026-08-25 00:45:32
10,RadioTEDU Situation Room,/situation,configured_stream,52465,☢️ Final Boss & Cinematic (Royalty Free Music) - ＂VIRUS＂ by Alex Productions 🇮🇹,,,,,,,,232.919,H:\RadioTEDU Songs\Situation Room\☢️ Final Boss & Cinematic (Royalty Free Music) - ＂VIRUS＂ by Alex Productions 🇮🇹.m4a,1,1,238.497,2026-08-25 20:33:07,2026-08-25 20:33:07
10,RadioTEDU Situation Room,/situation,configured_stream,52466,⚔️ Epic (Free Music) - ＂RITES OF PASSAGE＂ by Scott Buckley 🇦🇺🇸🇪,,,,,,,,336.202,H:\RadioTEDU Songs\Situation Room\⚔️ Epic (Free Music) - ＂RITES OF PASSAGE＂ by Scott Buckley 🇦🇺🇸🇪.m4a,1,1,333.445,2026-08-25 06:16:20,2026-08-25 06:16:20
10,RadioTEDU Situation Room,/situation,configured_stream,52467,⚔️ Epic (Royalty Free Music) - ＂HEARTS OF IRON＂ by Alex Productions 🇮🇹,,,,,,,,184.088,H:\RadioTEDU Songs\RadioTEDU Situation Room\⚔️ Epic (Royalty Free Music) - ＂HEARTS OF IRON＂ by Alex Productions 🇮🇹.m4a,1,1,181.493,2026-08-25 00:28:30,2026-08-25 00:28:30
10,RadioTEDU Situation Room,/situation,configured_stream,52467,⚔️ Epic (Royalty Free Music) - ＂HEARTS OF IRON＂ by Alex Productions 🇮🇹,,,,,,,,184.088,H:\RadioTEDU Songs\Situation Room\⚔️ Epic (Royalty Free Music) - ＂HEARTS OF IRON＂ by Alex Productions 🇮🇹.m4a,1,1,181.678,2026-08-25 20:10:41,2026-08-25 20:10:41
10,RadioTEDU Situation Room,/situation,configured_stream,52468,⚔️ Epic (Royalty Free Music) - ＂REBORN＂ by Alex Productions,,,,,,,,140.458,H:\RadioTEDU Songs\RadioTEDU Situation Room\⚔️ Epic (Royalty Free Music) - ＂REBORN＂ by Alex Productions.m4a,1,1,138.263,2026-08-25 02:22:40,2026-08-25 02:22:40
10,RadioTEDU Situation Room,/situation,configured_stream,52469,⚔️ Heroic & Epic (Royalty Free Music) - ＂SENTINEL＂ by Scott Buckley 🇦🇺,,,,,,,,203.244,H:\RadioTEDU Songs\RadioTEDU Situation Room\⚔️ Heroic & Epic (Royalty Free Music) - ＂SENTINEL＂ by Scott Buckley 🇦🇺.m4a,1,1,200.607,2026-08-25 00:34:04,2026-08-25 00:34:04
10,RadioTEDU Situation Room,/situation,configured_stream,52469,⚔️ Heroic & Epic (Royalty Free Music) - ＂SENTINEL＂ by Scott Buckley 🇦🇺,,,,,,,,203.244,H:\RadioTEDU Songs\Situation Room\⚔️ Heroic & Epic (Royalty Free Music) - ＂SENTINEL＂ by Scott Buckley 🇦🇺.m4a,1,1,200.731,2026-08-25 20:20:50,2026-08-25 20:20:50
10,RadioTEDU Situation Room,/situation,configured_stream,52470,⚔️ War & Epic (Free Music For YouTube) - ＂WAR＂ by @Makai-symphony 🇯🇵,,,,,,,,156.735,H:\RadioTEDU Songs\Situation Room\⚔️ War & Epic (Free Music For YouTube) - ＂WAR＂ by @Makai-symphony 🇯🇵.m4a,1,1,155.584,2026-08-25 19:14:13,2026-08-25 19:14:13
10,RadioTEDU Situation Room,/situation,configured_stream,52471,⚔️ War & Military (Free Music) - ＂LOCK AND LOAD＂ by Hayden Folker 🇺🇸,,,,,,,,127.756,H:\RadioTEDU Songs\RadioTEDU Situation Room\⚔️ War & Military (Free Music) - ＂LOCK AND LOAD＂ by Hayden Folker 🇺🇸.m4a,1,1,125.603,2026-08-25 03:40:46,2026-08-25 03:40:46
10,RadioTEDU Situation Room,/situation,configured_stream,52472,⚡ Free Epic Music (No Copyright) ＂Fire And Thunder＂ by @cjbeardsofficial  🇺🇸,,,,,,,,263.221,H:\RadioTEDU Songs\RadioTEDU Situation Room\⚡ Free Epic Music (No Copyright) ＂Fire And Thunder＂ by @cjbeardsofficial  🇺🇸.m4a,1,1,261.21,2026-08-25 03:49:16,2026-08-25 03:49:16
10,RadioTEDU Situation Room,/situation,configured_stream,52473,⛏️ Powerful Instrumental Rock Music (For Videos) - ＂I Can't Stop＂ by Punch Deck,,,,,,,,273.508,H:\RadioTEDU Songs\Situation Room\⛏️ Powerful Instrumental Rock Music (For Videos) - ＂I Can't Stop＂ by Punch Deck.m4a,1,1,270.641,2026-08-25 19:18:44,2026-08-25 19:18:44
10,RadioTEDU Situation Room,/situation,configured_stream,52474,❄️ Inspiring Cinematic Epic Music (For Videos) - ＂North Edge＂ by Keys Of Moon 🇺🇸,,,,,,,,215.11,H:\RadioTEDU Songs\RadioTEDU Situation Room\❄️ Inspiring Cinematic Epic Music (For Videos) - ＂North Edge＂ by Keys Of Moon 🇺🇸.m4a,1,1,213.395,2026-08-25 03:07:27,2026-08-25 03:07:27
10,RadioTEDU Situation Room,/situation,configured_stream,52475,⭐ Copyright Free Epic Music - ＂Journey To The Stars＂ by @SavfkMusic  🇬🇧 🇮🇹,,,,,,,,776.452,H:\RadioTEDU Songs\RadioTEDU Situation Room\⭐ Copyright Free Epic Music - ＂Journey To The Stars＂ by @SavfkMusic  🇬🇧 🇮🇹.m4a,1,1,774.601,2026-08-25 04:05:35,2026-08-25 04:05:35
10,RadioTEDU Situation Room,/situation,configured_stream,52476,⭐ Triumph (Royalty Free Music) - ＂KNIGHT OF DESTINY＂ by NickOST 🇪🇸,,,,,,,,125.504,H:\RadioTEDU Songs\RadioTEDU Situation Room\⭐ Triumph (Royalty Free Music) - ＂KNIGHT OF DESTINY＂ by NickOST 🇪🇸.m4a,1,1,125.055,2026-08-25 03:01:31,2026-08-25 03:01:31
10,RadioTEDU Situation Room,/situation,configured_stream,52477,🇨🇦  @ContextSensitive  - Titan Striker [Free trailer Music],,,,,,,,229.483,H:\RadioTEDU Songs\RadioTEDU Situation Room\🇨🇦  @ContextSensitive  - Titan Striker [Free trailer Music].m4a,1,1,227.384,2026-08-25 02:51:39,2026-08-25 02:51:39
10,RadioTEDU Situation Room,/situation,configured_stream,52478,🇨🇦  Evan King - From Other Suns [Free Epic Emotional Music],,,,,,,,148.468,H:\RadioTEDU Songs\Situation Room\🇨🇦  Evan King - From Other Suns [Free Epic Emotional Music].m4a,1,1,146.621,2026-08-25 06:10:45,2026-08-25 06:10:45
10,RadioTEDU Situation Room,/situation,configured_stream,52479,🌆 Free cinematic Music - ＂Legends＂ by Alex Productions 🇮🇹,,,,,,,,256.372,H:\RadioTEDU Songs\RadioTEDU Situation Room\🌆 Free cinematic Music - ＂Legends＂ by Alex Productions 🇮🇹.m4a,1,1,254.297,2026-08-25 02:20:22,2026-08-25 02:20:22
10,RadioTEDU Situation Room,/situation,configured_stream,52559,"🌇 Movie Trailer Music (Copyright Free) - ""Silhouette of War"" by Keys Of Moon 🇺🇸",BreakingCopyright — Royalty Free Music,,,,,,,247.401,H:\RadioTEDU Songs\Situation Room\Copyright Free Military Music 🎖️\🌇 Movie Trailer Music (Copyright Free) - ＂Silhouette of War＂ by Keys Of Moon 🇺🇸 [Lzofxb1vATw].webm,1,1,244.977,2026-08-25 13:36:24,2026-08-25 13:36:24
10,RadioTEDU Situation Room,/situation,configured_stream,52480,🌇 Movie Trailer Music (Copyright Free) - ＂Silhouette of War＂ by Keys Of Moon 🇺🇸,,,,,,,,247.385,H:\RadioTEDU Songs\RadioTEDU Situation Room\🌇 Movie Trailer Music (Copyright Free) - ＂Silhouette of War＂ by Keys Of Moon 🇺🇸.m4a,1,1,249.456,2026-08-25 03:44:55,2026-08-25 03:44:55
10,RadioTEDU Situation Room,/situation,configured_stream,52481,🌌 Trailer Cinematic & Electronic Music - ＂Heart Of The Wicked＂ by Cjbeards 🇺🇸,,,,,,,,227.207,H:\RadioTEDU Songs\Situation Room\🌌 Trailer Cinematic & Electronic Music - ＂Heart Of The Wicked＂ by Cjbeards 🇺🇸.m4a,1,1,224.743,2026-08-25 06:04:16,2026-08-25 06:04:16
10,RadioTEDU Situation Room,/situation,configured_stream,52482,🌏 Oriental & Epic (Royalty Free Music) - ＂EMPEROR'S BATTLE＂ by Kaiji 🇸🇬,,,,,,,,164.722,H:\RadioTEDU Songs\Situation Room\🌏 Oriental & Epic (Royalty Free Music) - ＂EMPEROR'S BATTLE＂ by Kaiji 🇸🇬.m4a,1,1,162.452,2026-08-25 05:50:20,2026-08-25 05:50:20
10,RadioTEDU Situation Room,/situation,configured_stream,52483,🌙 Copyright Free Orchestral Music - ＂Unexplored Moon＂ by @MiguelJohnson  🇺🇸,,,,,,,,344.84,H:\RadioTEDU Songs\RadioTEDU Situation Room\🌙 Copyright Free Orchestral Music - ＂Unexplored Moon＂ by @MiguelJohnson  🇺🇸.m4a,1,1,342.008,2026-08-25 02:57:21,2026-08-25 02:57:21
10,RadioTEDU Situation Room,/situation,configured_stream,52484,🎖️ Free Battle Military Music (For Videos) - ＂The Constellation＂ by Hayden Folker 🇺🇸,,,,,,,,257.068,H:\RadioTEDU Songs\RadioTEDU Situation Room\🎖️ Free Battle Military Music (For Videos) - ＂The Constellation＂ by Hayden Folker 🇺🇸.m4a,1,1,256.052,2026-08-25 01:26:31,2026-08-25 01:26:31
10,RadioTEDU Situation Room,/situation,configured_stream,52484,🎖️ Free Battle Military Music (For Videos) - ＂The Constellation＂ by Hayden Folker 🇺🇸,,,,,,,,257.068,H:\RadioTEDU Songs\Situation Room\🎖️ Free Battle Military Music (For Videos) - ＂The Constellation＂ by Hayden Folker 🇺🇸.m4a,1,1,255.036,2026-08-25 22:44:44,2026-08-25 22:44:44
10,RadioTEDU Situation Room,/situation,configured_stream,52485,🎖️ Free Epic Heroic Music (For Videos) - ＂Terminus＂ by Scott Buckley 🇦🇺,,,,,,,,263.709,H:\RadioTEDU Songs\RadioTEDU Situation Room\🎖️ Free Epic Heroic Music (For Videos) - ＂Terminus＂ by Scott Buckley 🇦🇺.m4a,1,1,261.329,2026-08-25 00:03:02,2026-08-25 00:03:02
10,RadioTEDU Situation Room,/situation,configured_stream,52485,🎖️ Free Epic Heroic Music (For Videos) - ＂Terminus＂ by Scott Buckley 🇦🇺,,,,,,,,263.709,H:\RadioTEDU Songs\Situation Room\🎖️ Free Epic Heroic Music (For Videos) - ＂Terminus＂ by Scott Buckley 🇦🇺.m4a,1,1,265.3,2026-08-25 19:32:47,2026-08-25 19:32:47
10,RadioTEDU Situation Room,/situation,configured_stream,52486,🎞️ Trailer & Epic (Free Music) - ＂ETERNALS＂ by Alex Productions 🇮🇹,,,,,,,,141.479,H:\RadioTEDU Songs\RadioTEDU Situation Room\🎞️ Trailer & Epic (Free Music) - ＂ETERNALS＂ by Alex Productions 🇮🇹.m4a,1,1,138.677,2026-08-25 00:41:42,2026-08-25 00:41:42
10,RadioTEDU Situation Room,/situation,configured_stream,52486,🎞️ Trailer & Epic (Free Music) - ＂ETERNALS＂ by Alex Productions 🇮🇹,,,,,,,,141.479,H:\RadioTEDU Songs\Situation Room\🎞️ Trailer & Epic (Free Music) - ＂ETERNALS＂ by Alex Productions 🇮🇹.m4a,1,1,138.815,2026-08-25 20:29:08,2026-08-25 20:29:08
10,RadioTEDU Situation Room,/situation,configured_stream,52487,🎥 [Copyright Free Trailer Music] - ＂Resurgence＂ by @GhostrifterOfficial  🇳🇱,,,,,,,,141.619,H:\RadioTEDU Songs\Situation Room\🎥 [Copyright Free Trailer Music] - ＂Resurgence＂ by @GhostrifterOfficial  🇳🇱.m4a,1,1,139.77,2026-08-25 18:41:31,2026-08-25 18:41:31
10,RadioTEDU Situation Room,/situation,configured_stream,52488,🎮 Video game Music (No Copyright) - ＂Breaking the siege＂ by Arthur Vyncke 🇧🇪,,,,,,,,246.782,H:\RadioTEDU Songs\RadioTEDU Situation Room\🎮 Video game Music (No Copyright) - ＂Breaking the siege＂ by Arthur Vyncke 🇧🇪.m4a,1,1,244.761,2026-08-25 04:44:48,2026-08-25 04:44:48
10,RadioTEDU Situation Room,/situation,configured_stream,52489,🎸 Copyright Free Rock Music - ＂Grunge Instrumental＂ by Wayne John Bradley 🇦🇺,,,,,,,,204.684,H:\RadioTEDU Songs\Situation Room\🎸 Copyright Free Rock Music - ＂Grunge Instrumental＂ by Wayne John Bradley 🇦🇺.m4a,1,1,202.566,2026-08-25 16:46:10,2026-08-25 16:46:10
10,RadioTEDU Situation Room,/situation,configured_stream,52490,🏍️ Royalty Free Aggressive Rock Music (For Videos) - ＂Hard Sell Hotel＂ by Shane Ivers 🇬🇧,,,,,,,,203.407,H:\RadioTEDU Songs\Situation Room\🏍️ Royalty Free Aggressive Rock Music (For Videos) - ＂Hard Sell Hotel＂ by Shane Ivers 🇬🇧.m4a,1,1,200.696,2026-08-25 16:49:30,2026-08-25 16:49:30
10,RadioTEDU Situation Room,/situation,configured_stream,52491,🏎 Copyright Free Chase Music - ＂Run＂ by Ross Bugden 🇨🇦,,,,,,,,122.253,H:\RadioTEDU Songs\Situation Room\🏎 Copyright Free Chase Music - ＂Run＂ by Ross Bugden 🇨🇦.m4a,1,1,120.391,2026-08-25 05:52:20,2026-08-25 05:52:20
10,RadioTEDU Situation Room,/situation,configured_stream,52492,🐎 Epic & Boss Battle (Royalty Free Music) - ＂GODDESS OF FATE＂ by Makai Symphony 🇯🇵,,,,,,,,181.58,H:\RadioTEDU Songs\RadioTEDU Situation Room\🐎 Epic & Boss Battle (Royalty Free Music) - ＂GODDESS OF FATE＂ by Makai Symphony 🇯🇵.m4a,1,1,179.302,2026-08-25 00:25:29,2026-08-25 00:25:29
10,RadioTEDU Situation Room,/situation,configured_stream,52492,🐎 Epic & Boss Battle (Royalty Free Music) - ＂GODDESS OF FATE＂ by Makai Symphony 🇯🇵,,,,,,,,181.58,H:\RadioTEDU Songs\Situation Room\🐎 Epic & Boss Battle (Royalty Free Music) - ＂GODDESS OF FATE＂ by Makai Symphony 🇯🇵.m4a,1,1,178.883,2026-08-25 20:07:39,2026-08-25 20:07:39
10,RadioTEDU Situation Room,/situation,configured_stream,52493,🐎 Epic Background Instrumental (Music For Videos) - ＂All The King's Horses＂ by Savfk 🇮🇹 🇬🇧,,,,,,,,284.073,H:\RadioTEDU Songs\Situation Room\🐎 Epic Background Instrumental (Music For Videos) - ＂All The King's Horses＂ by Savfk 🇮🇹 🇬🇧.m4a,1,1,282.639,2026-08-25 16:58:15,2026-08-25 16:58:15
10,RadioTEDU Situation Room,/situation,configured_stream,52494,🐲 Evil & Epic (Royalty Free Music) - ＂COLLAPSING KINGDOM＂ by Makai Symphony 🇯🇵,,,,,,,,121.533,H:\RadioTEDU Songs\Situation Room\🐲 Evil & Epic (Royalty Free Music) - ＂COLLAPSING KINGDOM＂ by Makai Symphony 🇯🇵.m4a,1,1,118.786,2026-08-25 05:54:18,2026-08-25 05:54:18
10,RadioTEDU Situation Room,/situation,configured_stream,52495,🐲 Free orchestral Battle Music (For YouTube) - ＂Dragon Slayer＂ by @Makai-symphony 🇯🇵,,,,,,,,114.683,H:\RadioTEDU Songs\RadioTEDU Situation Room\🐲 Free orchestral Battle Music (For YouTube) - ＂Dragon Slayer＂ by @Makai-symphony 🇯🇵.m4a,1,1,111.73,2026-08-25 00:15:29,2026-08-25 00:15:29
10,RadioTEDU Situation Room,/situation,configured_stream,52495,🐲 Free orchestral Battle Music (For YouTube) - ＂Dragon Slayer＂ by @Makai-symphony 🇯🇵,,,,,,,,114.683,H:\RadioTEDU Songs\Situation Room\🐲 Free orchestral Battle Music (For YouTube) - ＂Dragon Slayer＂ by @Makai-symphony 🇯🇵.m4a,1,1,114.82,2026-08-25 19:55:09,2026-08-25 19:55:09
10,RadioTEDU Situation Room,/situation,configured_stream,52641,"👨‍🚀 Dramatic Epic & Orchestral (Music For Videos) - ""Odyssey"" by Savfk 🇮🇹 🇬🇧",BreakingCopyright — Royalty Free Music,,,,,,,324.461,H:\RadioTEDU Songs\Situation Room\⚔️ Copyright Free Battle Music\👨‍🚀 Dramatic Epic & Orchestral (Music For Videos) - ＂Odyssey＂ by Savfk 🇮🇹 🇬🇧 [XuVK1TSTt6c].webm,1,1,325.491,2026-08-25 13:41:50,2026-08-25 13:41:50
10,RadioTEDU Situation Room,/situation,configured_stream,52496,👨‍🚀 Dramatic Epic & Orchestral (Music For Videos) - ＂Odyssey＂ by Savfk 🇮🇹 🇬🇧,,,,,,,,324.452,H:\RadioTEDU Songs\RadioTEDU Situation Room\👨‍🚀 Dramatic Epic & Orchestral (Music For Videos) - ＂Odyssey＂ by Savfk 🇮🇹 🇬🇧.m4a,1,1,322.823,2026-08-25 01:38:09,2026-08-25 01:38:09
10,RadioTEDU Situation Room,/situation,configured_stream,52496,👨‍🚀 Dramatic Epic & Orchestral (Music For Videos) - ＂Odyssey＂ by Savfk 🇮🇹 🇬🇧,,,,,,,,324.452,H:\RadioTEDU Songs\Situation Room\👨‍🚀 Dramatic Epic & Orchestral (Music For Videos) - ＂Odyssey＂ by Savfk 🇮🇹 🇬🇧.m4a,1,1,322.087,2026-08-25 23:40:09,2026-08-25 23:40:09
10,RadioTEDU Situation Room,/situation,configured_stream,52497,👹 Trailer & Epic (Royalty Free Music) - ＂DANCE WITH THE DEVIL＂ by Kaiji 🇸🇬,,,,,,,,63.321,H:\RadioTEDU Songs\RadioTEDU Situation Room\👹 Trailer & Epic (Royalty Free Music) - ＂DANCE WITH THE DEVIL＂ by Kaiji 🇸🇬.m4a,1,1,61.251,2026-08-25 04:40:44,2026-08-25 04:40:44
10,RadioTEDU Situation Room,/situation,configured_stream,52498,💔 Epic Dramatic (Free Music) - ＂TRAGEDY＂ by Alex Productions 🇮🇹,,,,,,,,193.887,H:\RadioTEDU Songs\RadioTEDU Situation Room\💔 Epic Dramatic (Free Music) - ＂TRAGEDY＂ by Alex Productions 🇮🇹.m4a,1,1,191.504,2026-08-25 00:13:38,2026-08-25 00:13:38
10,RadioTEDU Situation Room,/situation,configured_stream,52498,💔 Epic Dramatic (Free Music) - ＂TRAGEDY＂ by Alex Productions 🇮🇹,,,,,,,,193.887,H:\RadioTEDU Songs\Situation Room\💔 Epic Dramatic (Free Music) - ＂TRAGEDY＂ by Alex Productions 🇮🇹.m4a,1,1,191.278,2026-08-25 19:49:11,2026-08-25 19:49:11
10,RadioTEDU Situation Room,/situation,configured_stream,52578,"💣 Copyright Free Military Music - ""Legionnaire"" by @ScottBuckley",BreakingCopyright — Royalty Free Music,,,,,,,184.461,H:\RadioTEDU Songs\Situation Room\Intense Music (No Copyright) 🧨\💣 Copyright Free Military Music - ＂Legionnaire＂ by @ScottBuckley [FrvZFjXXORk].webm,1,1,189.453,2026-08-25 13:11:40,2026-08-25 13:11:40
10,RadioTEDU Situation Room,/situation,configured_stream,52499,💣 Copyright Free Military Music - ＂Legionnaire＂ by @ScottBuckley,,,,,,,,184.436,H:\RadioTEDU Songs\RadioTEDU Situation Room\💣 Copyright Free Military Music - ＂Legionnaire＂ by @ScottBuckley.m4a,1,1,182.652,2026-08-25 04:25:41,2026-08-25 04:25:41
10,RadioTEDU Situation Room,/situation,configured_stream,52500,💪 Orchestral Trailer Piano Music (No Copyright) ＂The Epic Hero＂ by @KeysofMoonMusic  🇺🇸,,,,,,,,149.049,H:\RadioTEDU Songs\RadioTEDU Situation Room\💪 Orchestral Trailer Piano Music (No Copyright) ＂The Epic Hero＂ by @KeysofMoonMusic  🇺🇸.m4a,1,1,147.774,2026-08-25 00:10:25,2026-08-25 00:10:25
10,RadioTEDU Situation Room,/situation,configured_stream,52500,💪 Orchestral Trailer Piano Music (No Copyright) ＂The Epic Hero＂ by @KeysofMoonMusic  🇺🇸,,,,,,,,149.049,H:\RadioTEDU Songs\Situation Room\💪 Orchestral Trailer Piano Music (No Copyright) ＂The Epic Hero＂ by @KeysofMoonMusic  🇺🇸.m4a,1,1,146.529,2026-08-25 19:45:48,2026-08-25 19:45:48
10,RadioTEDU Situation Room,/situation,configured_stream,52501,📜 Copyright Free Classical Music - ＂Ephemera＂ by Scott Buckley 🇦🇺,,,,,,,,338.709,H:\RadioTEDU Songs\Situation Room\📜 Copyright Free Classical Music - ＂Ephemera＂ by Scott Buckley 🇦🇺.m4a,1,1,340.135,2026-08-25 17:12:35,2026-08-25 17:12:35
10,RadioTEDU Situation Room,/situation,configured_stream,52502,🔥 Epic & Cinematic (Royalty Free Music) - ＂RISE OF LEGENDS＂ by Alex Productions 🇮🇹,,,,,,,,125.666,H:\RadioTEDU Songs\Situation Room\🔥 Epic & Cinematic (Royalty Free Music) - ＂RISE OF LEGENDS＂ by Alex Productions 🇮🇹.m4a,1,1,123.35,2026-08-25 16:51:33,2026-08-25 16:51:33
10,RadioTEDU Situation Room,/situation,configured_stream,52503,🔥 Epic Battle Music (No Copyright) ＂Dragon Castle＂ by @Makai-symphony  🇯🇵,,,,,,,,162.586,H:\RadioTEDU Songs\RadioTEDU Situation Room\🔥 Epic Battle Music (No Copyright) ＂Dragon Castle＂ by @Makai-symphony  🇯🇵.m4a,1,1,160.692,2026-08-25 03:15:07,2026-08-25 03:15:07
10,RadioTEDU Situation Room,/situation,configured_stream,52504,🕕 6 Minutes of EPIC (Free Music) - ＂Goliath＂ by @ScottBuckley 🇦🇺,,,,,,,,381.945,H:\RadioTEDU Songs\RadioTEDU Situation Room\🕕 6 Minutes of EPIC (Free Music) - ＂Goliath＂ by @ScottBuckley 🇦🇺.m4a,1,1,379.518,2026-08-25 02:37:34,2026-08-25 02:37:34
10,RadioTEDU Situation Room,/situation,configured_stream,52505,🗡️ Chase & Action (Free Music) - ＂Chasing The Killer＂ by Hayden Folker 🇺🇸,,,,,,,,102.516,H:\RadioTEDU Songs\RadioTEDU Situation Room\🗡️ Chase & Action (Free Music) - ＂Chasing The Killer＂ by Hayden Folker 🇺🇸.m4a,1,1,100.347,2026-08-25 00:55:17,2026-08-25 00:55:17
10,RadioTEDU Situation Room,/situation,configured_stream,52505,🗡️ Chase & Action (Free Music) - ＂Chasing The Killer＂ by Hayden Folker 🇺🇸,,,,,,,,102.516,H:\RadioTEDU Songs\Situation Room\🗡️ Chase & Action (Free Music) - ＂Chasing The Killer＂ by Hayden Folker 🇺🇸.m4a,1,1,100.444,2026-08-25 21:04:56,2026-08-25 21:04:56
10,RadioTEDU Situation Room,/situation,configured_stream,52506,🗡️ Free EPIC & FANTASY [No Copyright Music] - ＂For Tomorrow＂ by @SavfkMusic,,,,,,,,218.848,H:\RadioTEDU Songs\RadioTEDU Situation Room\🗡️ Free EPIC & FANTASY [No Copyright Music] - ＂For Tomorrow＂ by @SavfkMusic.m4a,1,1,216.896,2026-08-25 04:37:36,2026-08-25 04:37:36
10,RadioTEDU Situation Room,/situation,configured_stream,52507,🗡️ Free Medieval Music - ＂Battle Of The Creek＂ by Alexander Nakarada 🇳🇴,,,,,,,,166.835,H:\RadioTEDU Songs\Situation Room\🗡️ Free Medieval Music - ＂Battle Of The Creek＂ by Alexander Nakarada 🇳🇴.m4a,1,1,164.278,2026-08-25 16:33:10,2026-08-25 16:33:10
10,RadioTEDU Situation Room,/situation,configured_stream,52508,🗼 Copyright Free Inspirational Music - 'The Travelling Symphony' by @SavfkMusic  🇮🇹,,,,,,,,300.768,H:\RadioTEDU Songs\RadioTEDU Situation Room\🗼 Copyright Free Inspirational Music - 'The Travelling Symphony' by @SavfkMusic  🇮🇹.m4a,1,1,300.167,2026-08-25 03:12:27,2026-08-25 03:12:27
10,RadioTEDU Situation Room,/situation,configured_stream,52563,"🙁 Sad & Orchestral (Free Music) - ""FOR THE KING"" by @SolasComposer 🇦🇺",BreakingCopyright — Royalty Free Music,,,,,,,203.781,H:\RadioTEDU Songs\Situation Room\Copyright Free Military Music 🎖️\🙁 Sad & Orchestral (Free Music) - ＂FOR THE KING＂ by @SolasComposer 🇦🇺 [vc7IEGLq2HM].webm,1,1,201.488,2026-08-25 13:32:20,2026-08-25 13:32:20
10,RadioTEDU Situation Room,/situation,configured_stream,52509,🙁 Sad & Orchestral (Free Music) - ＂FOR THE KING＂ by @SolasComposer 🇦🇺,,,,,,,,203.778,H:\RadioTEDU Songs\RadioTEDU Situation Room\🙁 Sad & Orchestral (Free Music) - ＂FOR THE KING＂ by @SolasComposer 🇦🇺.m4a,1,1,203.053,2026-08-25 03:52:39,2026-08-25 03:52:39
10,RadioTEDU Situation Room,/situation,configured_stream,52510,🚁 Progressive trailer (Music For Videos) - ＂Infinitum＂ by Broken Elegance 🇫🇮,,,,,,,,216.48,H:\RadioTEDU Songs\RadioTEDU Situation Room\🚁 Progressive trailer (Music For Videos) - ＂Infinitum＂ by Broken Elegance 🇫🇮.m4a,1,1,213.781,2026-08-25 00:49:05,2026-08-25 00:49:05
10,RadioTEDU Situation Room,/situation,configured_stream,52510,🚁 Progressive trailer (Music For Videos) - ＂Infinitum＂ by Broken Elegance 🇫🇮,,,,,,,,216.48,H:\RadioTEDU Songs\Situation Room\🚁 Progressive trailer (Music For Videos) - ＂Infinitum＂ by Broken Elegance 🇫🇮.m4a,1,1,214.492,2026-08-25 20:36:41,2026-08-25 20:36:41
10,RadioTEDU Situation Room,/situation,configured_stream,52581,"🚔 Copyright Free Fast Music - ""Guitar Man"" by Glitch 🇵🇱",BreakingCopyright — Royalty Free Music,,,,,,,307.881,H:\RadioTEDU Songs\Situation Room\Intense Music (No Copyright) 🧨\🚔 Copyright Free Fast Music - ＂Guitar Man＂ by Glitch 🇵🇱 [c_5AHAG_pOk].webm,1,1,305.988,2026-08-25 13:16:45,2026-08-25 13:16:45
10,RadioTEDU Situation Room,/situation,configured_stream,52511,🚔 Copyright Free Fast Music - ＂Guitar Man＂ by Glitch 🇵🇱,,,,,,,,307.873,H:\RadioTEDU Songs\RadioTEDU Situation Room\🚔 Copyright Free Fast Music - ＂Guitar Man＂ by Glitch 🇵🇱.m4a,1,1,305.871,2026-08-25 04:10:41,2026-08-25 04:10:41
10,RadioTEDU Situation Room,/situation,configured_stream,52512,🛩️ Cinematic & Inspiring Music (No Copyright) - ＂Flowing Energy＂ by @KeysofMoonMusic,,,,,,,,200.411,H:\RadioTEDU Songs\Situation Room\🛩️ Cinematic & Inspiring Music (No Copyright) - ＂Flowing Energy＂ by @KeysofMoonMusic.m4a,1,1,199.822,2026-08-25 17:49:02,2026-08-25 17:49:02
10,RadioTEDU Situation Room,/situation,configured_stream,52513,🤜 Epic & War (Royalty Free Music) - ＂STROKES OF WAR＂ by Teen Asty 🇵🇹,,,,,,,,153.043,H:\RadioTEDU Songs\RadioTEDU Situation Room\🤜 Epic & War (Royalty Free Music) - ＂STROKES OF WAR＂ by Teen Asty 🇵🇹.m4a,1,1,151.201,2026-08-25 01:22:15,2026-08-25 01:22:15
10,RadioTEDU Situation Room,/situation,configured_stream,52513,🤜 Epic & War (Royalty Free Music) - ＂STROKES OF WAR＂ by Teen Asty 🇵🇹,,,,,,,,153.043,H:\RadioTEDU Songs\Situation Room\🤜 Epic & War (Royalty Free Music) - ＂STROKES OF WAR＂ by Teen Asty 🇵🇹.m4a,1,1,155.313,2026-08-25 22:35:53,2026-08-25 22:35:53
10,RadioTEDU Situation Room,/situation,configured_stream,52514,🦂 Middle Eastern & Action (Free Music) - ＂LIBERATION FORCES＂ by Ghostrifter Avalon 🇳🇱,,,,,,,,195.233,H:\RadioTEDU Songs\RadioTEDU Situation Room\🦂 Middle Eastern & Action (Free Music) - ＂LIBERATION FORCES＂ by Ghostrifter Avalon 🇳🇱.m4a,1,1,196.713,2026-08-25 01:17:34,2026-08-25 01:17:34
10,RadioTEDU Situation Room,/situation,configured_stream,52514,🦂 Middle Eastern & Action (Free Music) - ＂LIBERATION FORCES＂ by Ghostrifter Avalon 🇳🇱,,,,,,,,195.233,H:\RadioTEDU Songs\Situation Room\🦂 Middle Eastern & Action (Free Music) - ＂LIBERATION FORCES＂ by Ghostrifter Avalon 🇳🇱.m4a,1,1,195.488,2026-08-25 22:10:42,2026-08-25 22:10:42
10,RadioTEDU Situation Room,/situation,configured_stream,52515,🦠 Apocalypse & Action (Free Music) - ＂Escalation＂ by Ghostrifter Avalon 🇳🇱,,,,,,,,134.281,H:\RadioTEDU Songs\RadioTEDU Situation Room\🦠 Apocalypse & Action (Free Music) - ＂Escalation＂ by Ghostrifter Avalon 🇳🇱.m4a,1,1,133.38,2026-08-25 00:30:43,2026-08-25 00:30:43
10,RadioTEDU Situation Room,/situation,configured_stream,52515,🦠 Apocalypse & Action (Free Music) - ＂Escalation＂ by Ghostrifter Avalon 🇳🇱,,,,,,,,134.281,H:\RadioTEDU Songs\Situation Room\🦠 Apocalypse & Action (Free Music) - ＂Escalation＂ by Ghostrifter Avalon 🇳🇱.m4a,1,1,134.238,2026-08-25 20:15:10,2026-08-25 20:15:10
10,RadioTEDU Situation Room,/situation,configured_stream,52582,"🦸 Heroic Music (No Copyright) - ""Dark Ages"" by MaxKoMusic 🇺🇸",BreakingCopyright — Royalty Free Music,,,,,,,139.541,H:\RadioTEDU Songs\Situation Room\Intense Music (No Copyright) 🧨\🦸 Heroic Music (No Copyright) - ＂Dark Ages＂ by MaxKoMusic 🇺🇸 [nXnO7SWi6uo].webm,1,1,137.347,2026-08-25 13:44:07,2026-08-25 13:44:07
10,RadioTEDU Situation Room,/situation,configured_stream,52516,🦸 Heroic Music (No Copyright) - ＂Dark Ages＂ by MaxKoMusic 🇺🇸,,,,,,,,139.505,H:\RadioTEDU Songs\RadioTEDU Situation Room\🦸 Heroic Music (No Copyright) - ＂Dark Ages＂ by MaxKoMusic 🇺🇸.m4a,1,1,137.24,2026-08-25 03:38:41,2026-08-25 03:38:41
10,RadioTEDU Situation Room,/situation,configured_stream,52517,🦸 Superhero (Free Music) - ＂LEGACY＂ by Scott Buckley 🇦🇺 🇸🇪,,,,,,,,389.654,H:\RadioTEDU Songs\RadioTEDU Situation Room\🦸 Superhero (Free Music) - ＂LEGACY＂ by Scott Buckley 🇦🇺 🇸🇪.m4a,1,1,388.589,2026-08-25 03:21:36,2026-08-25 03:21:36
10,RadioTEDU Situation Room,/situation,configured_stream,52518,🪖Battle & Rock (Royalty Free Music) - ＂COMBAT ONE＂ by Alexander Nakarada 🇳🇴,,,,,,,,129.707,H:\RadioTEDU Songs\RadioTEDU Situation Room\🪖Battle & Rock (Royalty Free Music) - ＂COMBAT ONE＂ by Alexander Nakarada 🇳🇴.m4a,1,1,127.459,2026-08-25 03:23:44,2026-08-25 03:23:44
